actual,predicted
52.437799930573,57.807144408896
56.475785017014,55.01798584716106
56.950460374355,56.57700885810172
54.381998598576,56.13656467294847
55.971713781357,55.67213897456358
59.784965276718,53.409208061377626
52.527619123459,56.49074083874816
57.503316164017,54.24848485464635
50.611257314682,52.66855952088783
52.118688106537,52.80446547804905
47.231527090073,47.42084158575136
42.01513504982,51.45603076622672
46.340681791306,48.89751234430984
53.810961008072,50.325216370317165
45.585504055023,50.059391890938116
50.653496146202,52.85412308976814
50.840743899345,49.23620334879506
49.492911338806,48.97093861082465
50.353012919426,52.6082075818732
51.188448309898,50.16753711959479
43.521050333977,50.472931373053164
54.997642636299,49.129695301867734
53.354719758034,50.74723070671333
61.34826934337601,53.0126944699458
57.853255867958,71.80866403751335
55.347059726715,58.24270309536131
60.496689081192,56.70925136666943
58.917834877968,56.39919766213157
55.682443022728,57.490300311392545
62.408570408821,59.88784558971785
60.284045934677,65.81432209306269
61.802314043045,64.78640984814413
58.229309082031,61.52484663358037
59.295619487762,70.90545282345231
60.900693178177,67.5720801516547
58.0773832798,68.00609152176416
58.963788986206,71.2773580259291
65.588897228241,69.42130922274556
60.613484382629,68.52423784195096
62.54313278198201,71.78381771983575
62.40886759757999,73.66309313540445
87.889366149902,69.40112246851095
95.664710283279,70.03461359835734
91.392216205597,69.96537434068021
90.636432409286,70.29536871026527
87.425171375275,69.44349527490266
89.462396860123,69.47135327268563
98.177279233932,69.97788815051442
96.866863489151,71.1768619463446
94.425634384155,72.06492927178074
91.984391450882,70.18044844586665
95.871074438095,70.60958052711112
99.714080810547,87.40870111155195
91.619535446167,92.47019697325524
0.41879153251648,107.43286849928234
123.98870736361,108.99547141128829
89.436544179916,96.73712316658572
122.68113327026,102.02263022867236
85.526050567627,99.17204131998155
90.891607761383,104.44897792050553
86.738872885704,102.87040907356337
101.76855230331,94.35872079156859
88.064037322998,99.43338651662437
46.072144389153,96.2117664089541
116.68049967289,101.33731239831818
74.635656833649,96.23224256825812
83.284052610397,115.30128361381891
56.474899291992,87.24508743439405
111.83578300476,93.18354748234796
72.229365587234,91.23479094022443
78.564841151237,85.43805628695893
72.922702789307,72.217169055112
26.643227219582,63.89112245208363
100.3975353241,66.4465633477216
65.713916301727,70.70905711145554
72.533323526382,141.8904220231353
67.821350097656,89.08053636783715
65.257970333099,68.35960565081936
53.260030269623,72.4307870404712
56.650853872299,75.74514688441533
50.863169670105,65.09111952495437
51.992632627487,52.436183380920916
58.768474340439,66.3969016732467
58.67923283577,64.81520031370067
51.83691239357,56.18224921160225
58.986986875534,52.78515381774582
61.881788730621,58.89754141409066
64.795588731766,52.289625831121946
65.025837898254,52.73160224061491
67.69935721159,53.376139017821544
66.795583248138,55.30365126240071
67.150344252586,54.47438366605087
62.18272757530201,56.940897101635706
69.785642623901,60.664143698273264
58.585574030876,60.446116719045314
59.385159254074,64.0945653756392
60.840756177902,58.88185800642942
59.687180161476,59.87035922072016
56.518514811993,60.80715279564123
60.022383332253,54.97271102956047
60.003133773804,55.30181721219674
58.593949973583,54.89740628461995
57.930079102516,54.92730416680274
56.269451141357,55.10928639170418
58.595574259758,55.14032028864453
58.559524714947,55.06586624676002
58.445936203003,57.73081835598296
57.306680798531,57.57758744776669
57.196795344353,57.295212810514016
61.228165268898,57.45719394389126
60.61825466156,57.97690694083915
59.297312557697,58.247071931320825
61.39808118343401,57.70938978636672
62.135227441788,57.17452203424026
58.0944865942,57.40818131658291
59.357528328896,58.084396417087376
57.661951303482,58.060963773374155
60.696325182915,58.01794682970748
57.510986566544,58.28747788211859
56.335380554199,58.70384248143554
58.148327469826,57.09576433773843
59.012302279472,57.655088301813905
60.699016153812,57.740832158744524
62.497965395451004,57.924897567241715
64.292968153954,56.96587714013949
57.174178540707,57.139466409187726
56.873930096626,56.826387530629326
52.891373932362,56.898462208858554
55.681623697281,57.14950394423032
55.785848498344,57.15621982938362
57.041938304901,56.490368976418864
55.76113396883,56.68983858369459
55.33168387413,53.878495324031675
54.966717839241,56.71305444671419
55.091502428055,56.56234057028573
55.029691040516,56.35051794714749
53.624041557312,56.24260632846109
55.168718695641,56.10000711324086
56.226709365845,56.15505855857945
58.687003970146,56.21725586701625
53.158259630203,54.01806160052482
51.889087796211,51.783467987057804
54.737675249577,53.83728632933473
53.460318922997,53.8138729925719
49.965529918671,53.91458260476012
55.298389196396,54.163651117333025
54.916874647141,53.777457005884955
51.853567540646,53.806496940054245
56.014065802097,53.43665111856139
53.627984881401,51.81132274735535
59.413442149758,53.83576474141827
52.346159517765,52.25622929487544
50.641607999802,52.853861996103134
53.471482276917,50.62767465580701
49.707783102989,52.70228423732976
53.383938729763,52.23313641985192
50.089968681335,52.508380882826046
55.41913998127,53.04925952367152
48.960270047188,52.82854089460915
55.196331977844,55.33310087091631
51.639570355415,52.13993622677853
53.582600951195,51.82948033821293
49.27322602272,53.00483099734741
50.245086789131,54.19436508731931
53.51075053215,51.93690543823396
54.014458656311,48.24805084557704
62.213078975677,47.825525756666266
60.072525024414,50.828138006221366
54.530731201172,48.45982236503372
54.239266872406,47.558766186517424
56.207344293594,50.02403964222485
57.160788536072,50.46264635661612
55.637845277786,59.78264368844562
57.813111066818,60.82172074115608
59.430780768394,66.88435299843948
59.230877876282,63.33720488105939
59.558091759682,73.84642050815413
62.056887865067004,70.40966807665042
61.44802129268599,68.58620282997974
58.601017951965,71.2306148395671
59.12777864933,74.72463228552188
59.613872051239,71.01349164457459
56.075614452362,70.24685713765811
61.154811859130994,68.92020992664357
61.55525660514801,72.19631068634243
61.399514198303,68.80617083097093
60.129014968872,70.0542341062293
59.985581159592,71.81467790093325
60.777258157729996,70.17405036608325
75.924146652222,70.3574060356757
72.899330854416,70.5058542587948
74.53280878067,68.67087710497128
75.546775102615,68.82378676610408
74.400272130966,69.29617085127745
71.778862118721,77.51065370653181
69.237978696823,75.37180493481672
68.611539363861,75.64906499516135
79.019960999489,70.83459702398953
77.07078397274,71.88071937826378
61.210115075111005,74.6585754231206
52.91933131218,68.3357948331014
46.01339662075,79.52335992587187
43.98968321085,92.14155549675729
57.051108598709,89.03541413115215
57.729835033417,64.64283469325706
91.503282427788,61.67631396609982
92.14586186409,59.83426159940805
96.290402293205,64.9236324946893
92.319839894772,60.86790769138974
95.341812729836,65.58661611802772
91.980488777161,66.46146380327083
95.099167823792,62.9767101917303
81.383332967758,57.01004248515423
76.120733976364,57.36214829295952
81.745743751526,58.355940284995484
70.109977722168,51.76341220938797
63.490163207054,58.356328636942806
65.032185316086,53.349014896148766
64.206003665924,56.830097551395625
67.547247648239,55.16646906491479
73.024544596672,61.75878205873837
73.158338546753,60.73061186847197
74.520838320255,61.07699627738506
60.060506701469,61.66972929121905
64.469830155373,61.58992940653592
61.586548447609,62.333679106054184
64.212713062763,66.15258006404943
59.774698793888,65.39637570292635
58.318675994873,64.50021232782966
58.483079075813,61.733816348895886
57.982358157635,58.82883949881578
61.606148600578,59.59362275683855
72.356881141663,58.092273771263585
70.216394066811,57.12221146246036
67.37230360508,57.20537646289131
69.553988695145,58.08310995286897
67.481065869331,59.120924442295745
67.011966228485,61.62215351869285
64.622354030609,61.182347246717406
58.269473791122,61.8031099102988
58.365146040916,61.07536425433687
56.728434324265,61.248152114812115
56.976286053658,61.34119875915461
57.602362453938,58.89087494665463
56.904796600342,57.44825593477931
57.040737271309,57.18142713877739
58.819932878017,56.94103547375192
56.986254572868,56.93069296884608
57.419116377831,56.88525980289
56.025359272957,55.987143679034794
59.007437586784,56.10042310538228
58.31334489584,55.85305717877762
56.083747982979,55.784956920862854
58.498639822006,55.83483582886896
56.774812579155,56.192430704732914
55.930469453335,55.583683050591354
57.829063534737,55.677671787783304
57.954695284367,55.96469927600217
57.696755707264,56.24626716171319
59.302555084229,55.971570307751286
58.449168562889,55.61532717793133
56.279469847679,56.03817428725769
51.848458528519,55.68311883773831
55.521041154861,56.02132433580391
52.855857729912,55.94757230991727
56.909084498882,56.17381168979748
57.613637924194,56.180779363819916
52.559891819954,55.813782824619445
56.549601137638,57.92047882673062
56.230961799622,51.858633048662114
56.680717408657,54.7380048669054
54.906690716743,54.11183289566676
50.651789009571,53.95799298527249
52.604984819889,54.094150042895755
50.150542259216,54.08602678452806
53.148857295513,53.963517454707144
55.187199085951,53.76529827237611
50.903049647808,51.454711859397804
54.553184568882,53.911612525322724
55.052359640598,53.7544541717047
52.858997941017,52.52675460581544
56.269566655159,54.62192606596935
52.766788363457,51.66701053112204
54.139094114304,53.071528021842724
57.041303396225,53.74583797206184
57.180776238441,53.737236860233196
58.678960204124,53.38799473524019
68.010125637054,69.08154650698683
94.278692603111,94.81282248257126
105.75472038984,97.13069807606307
109.86423736811,94.88429641164397
116.83444714546,99.70317611570597
113.98683953285,125.00799730315512
153.74695539474,129.59885672018908
148.63753819466,129.8724030327726
154.71839761734,126.74681372690715
162.40736031532,126.63447541658795
178.68601059914,124.58025342743521
235.82959794998,200.09749190167477
245.05792140961,208.79931970198703
268.37639379501,217.06403795706768
307.10684013367,205.8698446556022
235.41884350777,185.54168616697666
252.13652348517996,249.22442438413194
316.88085865974,260.7549044738963
247.56752228737002,266.94285121085204
237.51054787636,268.45330429621674
231.47841787338,247.65758769055003
285.81502604485,257.5163998876643
288.58417272568,267.83846348099837
264.37431550026,310.5028356414259
274.00263953209,275.00638106331894
266.17199897766,299.4242987881257
267.11023426056,302.156516500993
267.06979727745,279.80007032336556
269.66974210739,274.3579028866025
288.00858640671,283.87512963386087
273.76207351685,290.3301229039563
292.75711131096,282.0173243830529
294.42907500267,283.6626150886224
287.01077389717,288.44202312790304
293.92399215698,290.59160999925615
257.58172059059,291.7270372337316
274.8733124733,297.35759586926
283.76731228828,293.6565358268238
282.56476593018,296.62831847886713
285.13624811172,290.00414547178053
315.08604931831,284.2717798555221
252.45882225036996,283.61009605435595
289.48295521736,258.0776394636979
259.15114951134,258.60829013771524
268.54824733734,264.9733508975282
258.76496267319,256.41229004373156
305.58377385139,256.8407823563426
172.07479000092,231.54183334687357
191.45840740204,224.81806518498502
246.25522542,230.79166934395832
193.42459535599,229.4347029880716
210.8728249073,225.55301783805714
184.64062523842,224.29862392089782
189.25604820251,140.75934365601262
186.83795619011,163.64659473213834
175.95607924461,154.0502699044988
136.94371771812,134.0001998025317
152.44302964211,144.5899932202035
148.14136648178,125.06565707621057
139.37545394897,117.96081691202795
101.80628728867,78.3236094968625
105.3815433383,73.47148831871456
102.23293828964,74.54076080581967
101.68075174093,70.93867872261765
100.41902196407,72.92630025420186
102.82821589708,75.51476027073521
100.97487938404,76.62442493107007
96.873436570168,73.88596167291983
95.813366413116,74.5709895318779
93.71967446804,75.38502908497823
53.136744737625,76.98728923345845
61.538803696632,61.78007404643498
53.055450320244,55.94040356303889
57.188492894173,54.20054270804247
54.653171896935,56.646235434112626
54.857398271561,52.13364564320924
55.080403983593,56.2386472721033
50.875839471817,53.524805010171846
53.221565425396,55.30586002641259
52.831159591675,53.92205342547646
55.313826441765,52.61681415981012
50.985027909279,53.743576726679585
52.590090334415,53.66383287581923
50.83679151535,51.69804344954195
53.706796050072,52.503294550394415
56.026891589165,53.42379899987181
52.584368944168,52.012899613607296
53.883762419224,51.536075295024226
51.413967251778,52.46095174852006
50.848642647266,50.8067944426173
47.78864979744,52.186470118327975
51.905841827393,50.15732089608643
49.182828426361,50.76778110649031
53.846274793148,50.141934303562024
48.598667740822,50.608067902801395
48.845290601254,49.78749793520824
47.693329811096,50.154298738678285
47.729485630989,50.828828112465615
47.660352051258,50.25492573998115
50.904234468937,51.72229829996264
45.503000736237,50.92799118963657
46.845425605774,48.547989980275105
49.122331917286,49.19692544982871
57.256222724915,83.86441064635159
87.28284573555,87.45932652493198
99.466227710247,93.05607132011113
97.815413236618,139.01253694851533
93.264806032181,143.07438290093918
103.39367437363,158.48759619277968
118.30652213097,131.56124926978683
161.14442896843,170.07215898031345
172.45426940918,180.0654892527862
187.05183362961,185.78983389874634
188.02189421654,175.39803053794185
192.22339320183,169.133274549116
169.51780962944,189.6449014768617
173.59248352051,221.0731677752091
214.99682569504,232.65065695510216
194.84015774727,229.48419641289135
203.68411922455,231.73476009152452
203.94864034653,219.8998060895036
164.15055131912,180.11016470934428
222.16073894501,227.4650208299204
202.68593025208,221.68835428785093
214.50326871872,231.16558664613498
224.5324716568,198.82443665674654
214.25826644897,231.43792612519914
173.79087591171,195.01392623304145
249.60868167877,242.91914952384033
215.8945183754,250.16986023339294
224.11329650879,245.39177951852102
216.96732473373,232.15625522751455
227.52323913574,232.66238066857272
225.20063114166,238.74503369468152
195.78993459605,230.86338574114424
227.04398414493,210.7425799906624
230.02329602838,225.26063471897524
272.34963567555,237.07109544752723
245.64908055960998,236.77069725020007
253.26363016665002,228.09092397826694
250.34485703707003,236.96973560733423
270.08613538742,231.78777349347473
249.50172495842,229.98348114691234
257.9372587204,249.50732182771634
262.3343603611,254.04416538960447
234.73892533779,262.49364198693013
252.16664159297997,264.3799122055291
256.68249344826,249.1515567884629
227.6167011261,251.86521443175553
262.2391295433,255.70137803047865
243.40053772926,253.8511901121745
226.90216445923,233.30680987237673
234.82247030735,236.9518826906769
218.38919949532,218.0543089031207
263.82803368568,240.2254339185642
261.61318874359,237.58237862165973
229.72052311897,239.61927493029063
261.94620811939,179.67507160493383
276.76964235306,204.852302017202
190.66735172272,185.66401406600116
195.92394375801,185.56939731735935
267.70081865788,180.05217317086297
201.58860290051,184.7803763003144
205.3083190918,182.75874803491982
204.80449402332,158.42269630113663
180.42043173313,155.29937245891114
95.863245487213,146.5960368029757
92.249854207039,135.22136154316286
97.446029186249,134.17573102823752
91.598199605942,124.77784405930258
56.739721894264,71.67031738730108
56.95353603363,75.46136542194142
52.062868595123,60.420310770556746
52.918997228146,63.63207051495635
56.612563252449,57.95829935810932
59.458752810955,57.69775692374076
58.655009925365,57.58265781783148
58.181368470192,57.79623450232004
55.686698794365,51.915562461290726
56.443604588509,52.629543571565186
59.773579061031,53.28663759576436
53.051403820515,53.292222736322586
53.50272834301,53.50613157615547
51.128901898861,53.34534716608705
49.218683958054,53.3954163660977
55.395211160183,55.66261008979409
51.352549672127,53.53914120125526
49.707535862923,51.77283094404598
52.731516242027,52.007740198024294
50.361873626709,53.29396465560833
51.325573027134,52.18414540542341
51.199683070183,51.16288211168185
49.476340532303,50.80933177509496
54.571499764919,51.6055206966313
52.202817201614,52.699943572007676
52.480906605721,51.08889910985338
51.469268083572,51.11018106795615
50.991298019886,51.11475148807453
47.581883311272,49.77712187532431
50.413246572018,49.94142595158158
46.876287817955,50.386847986629164
50.836509823799,49.64972833522097
47.925196170807,49.514862487082254
48.264893770218,47.91410672137884
52.456001400948,48.42159097063026
51.322168946266,47.91965781763915
48.922152161598,49.15854896335492
48.148336052895,49.68423486232423
47.998210906982,50.07384104766902
49.27623796463,50.91498189440668
47.223302304745,48.297220007524444
54.079399347305,60.9129157764513
55.851564049721,57.90717346428897
55.738979816437,65.16401230816793
150.55363440514,91.30023346594311
139.72676205635,92.96731056472335
139.43137454987,123.93454577073206
155.3210041523,154.16450641518534
132.06946849823,161.44402187404117
133.96382498741,167.1400219348801
153.7054464817,166.50982580874157
217.31743550301,177.50518496043463
206.55825674534,174.6137433231165
172.75876903534,198.79407388539437
178.97202241421,196.82973662210588
189.45308160782,177.36708633475521
205.78909039497,197.29574142937003
201.96818089485,226.81655394345623
199.70623481274,202.86937696021442
254.42836070061,192.3483861164221
251.07771015167003,191.48745228566713
230.79949462414,209.5566299540082
220.08132064342,222.72055520146597
259.80755972862,226.26690476850882
234.16497516632,241.87663627887505
240.43639802933,241.4776767957285
247.62733364105003,246.2296323460256
271.0310280323,269.0088663553274
263.02962815762,259.61140726657106
265.78443789482,261.35631829565057
260.40083551407,263.11532887744363
288.07977068424,247.43473218077838
277.07181239128,238.94763491232132
286.82023799419,250.9990231270854
306.44387531281,270.64443492526215
345.45045733452,257.57419860568564
358.40260577202,280.0983572248688
321.88060212135,281.3429295594291
295.38534832001,282.72505923544156
302.68601775169,268.21774498309964
346.13159584999,274.017618359949
315.05046653748,276.9535250976948
388.52285456657,303.28820669018035
307.90694475174,302.10801791632434
351.72438526154,309.32588520536103
219.53585648537,275.66822647614265
306.59130167961,283.5269358367952
345.64897978306,297.8069887450246
251.08537817001,271.58149860348476
265.73926126957,285.8334164993409
271.37114143372,270.3130457718763
283.53971970081,257.271809656589
309.08910489082,275.0817195370394
281.32298529148,255.11356631877547
265.28138017654,251.8078797115748
244.19719922542998,229.267854952676
213.45802021027,249.4964873365156
198.62617194653,218.17914338818107
162.47251904011,243.22591861773395
154.47673308849,228.9183717908507
153.6649531126,218.90149650790167
158.45915102959,191.27996295197866
156.07355904579,206.08950237478382
155.94640874863,221.14259740258476
146.07661283016,157.92379851801547
142.49603939056,157.2428345901809
127.13928627968001,125.88078808559764
110.14480018616,125.701985510141
97.788121461868,126.06529264741849
101.11413455009,113.13080812212588
88.25412940979,78.32729484907452
86.659674882889,85.23444356651595
81.102110624313,104.3819942063449
56.191366434097,96.34333803736625
65.627974033356,63.06809328948654
67.029910087585,59.95700939864462
62.24044227600099,62.21801299461131
58.820126056671,67.00677462849139
59.426541030407,57.68540880194527
57.846661806107,63.78035864583648
57.063530743122,63.81368712307584
59.278816342354,63.96316564884032
59.166598081589,61.54151335809499
60.57429587841,60.784390255499595
59.092778325081,57.465680628066565
56.945499181747,56.57540890794669
59.605377495289,56.97809309087023
57.745047092438,55.829477435475184
56.281543076038,56.225115131506286
54.657200694084,56.40363797657947
51.252042889595,56.3391248940257
56.754689335823,55.47554093568454
55.5920535326,55.591765393321666
58.481831669807,54.76754859654834
57.420273005962,51.82232503834141
52.354454874992,53.8827201817296
55.510492384434,54.0776979207709
51.118009328842,53.852431562816896
57.728853583336,53.707260697265134
50.676447033882,54.087130585958406
53.996810913086,55.42844225650458
56.886622786522,52.006521879659125
59.418397068977,55.780340583090165
53.283359766006,55.37942376999404
49.916275024414,51.79798237278017
54.171591639519,53.604435614054985
53.581563234329,52.954958971457245
56.662856459618,53.84850328306546
56.068242073059,54.03261907043641
53.030538797379,51.38980634223936
53.082034766674,52.56296044081868
53.840822279453,52.557039031449946
55.426870107651,51.79880384872163
50.671215295792,53.15404334206853
54.113237202168,53.36604074339632
52.930305659771,50.73730876030535
51.142291903496,52.486830193919594
54.664435207844,50.88786246496297
55.457060337067,53.10652760195473
51.110624790192,53.33238641533564
53.026021957397,51.76190132610181
49.090041637421,52.67652577567481
57.01938188076,51.80795448035787
56.605913519859,52.57688347176202
55.192470669746,50.99441182981897
50.027699708939,53.058870933063844
51.264662504196,52.290681638530245
51.329356431961,51.507941762558104
54.547552168369,53.17206887844609
55.548488676548,53.041563577755085
58.827338993549,52.80192912370712
54.641681969166,51.91715344038688
55.682904243469,52.702229141902286
50.322176218033,50.709352547333495
63.795017361641,72.75069996588168
106.43339335918,71.58960465583284
107.71698200703,72.16098861574962
97.253711462021,71.31356235823685
113.47243779898,72.3868599475118
184.09394669533,138.50015555674892
183.66285061836,130.38614009482208
200.19134306908,137.07995452477272
187.07294368744,131.2601826271112
178.55828642845,147.08159790048015
173.43556880951,171.72729911713174
173.17118990421,177.46361878361077
238.39344918728,226.57400328578697
250.07815527916,217.7305570232078
281.22577571869,200.05867219835798
270.47078955173,209.39891463458056
259.71262061596,196.00095994737518
280.64861631393,207.02335481687518
280.68335783482,207.46501135108363
283.75333368778,247.0260987747949
326.17930281162,255.2127631081622
271.29066002369,296.65500074481
292.02214932442,279.2074400983713
329.39193296432,299.2239808413914
291.19375252724,286.1782458119971
289.93166601658,289.78914374392406
301.42137432098,300.15896658245913
349.28754687309,291.93090979221876
362.33330178261,302.06568527292444
333.48708510399,309.1844290853479
314.24845051765,321.1779053076417
309.82267594337,324.00944292852824
332.77961802483,296.5573601360794
279.08278632164,327.6914434032066
334.83759355545,310.64695147398055
334.39512693882,302.8259034099565
332.72559261322,302.02220229555763
347.53835129738,343.64261384471183
339.25915193558,319.4912897176248
263.08562517166,268.93852089190295
184.20205926895,306.7723019366544
274.84799337387,295.3474050392703
251.68621015549,282.3497829945571
227.74436306953,248.0949774251244
240.22496056557,246.9676026576011
0.0,204.99781562340328
0.0,194.95671284996337
188.45650482178,192.38976594156642
173.76302242279,169.67483881348826
161.35419082642,170.65420808292373
159.06715393066,171.0453549272313
139.63883304596,147.36176921061724
133.3910150528,196.98315941943846
131.07633495331,187.48857452190094
135.6781206131,190.12257359898976
140.95211362839,182.63510692083815
129.88088798523,124.34535256257762
108.58631134033,100.51766566850007
107.46025943756,94.87611992075225
107.88154125214,100.63372295736659
85.171537876129,74.2872466772948
90.266048908234,72.48317460666668
82.307163238525,73.86564985676428
58.867973804474,66.90418131510589
55.873898148537,64.83774836993211
57.43785905838,62.63732324984377
63.86257630586599,66.30519891896468
66.344756007195,76.73729466034091
68.396396577358,75.24165093196318
70.237317562103,58.01456751968775
66.883479475975,53.52929187502816
69.599875986576,56.4262630551066
70.625525355339,56.58934882229909
70.042219698429,61.85653634808901
67.888619184494,60.94068910132396
68.282852232456,59.86817732204002
66.657899975777,59.46801971003417
62.01731169223801,61.55127238577862
49.415581703186,61.80733236705615
52.248252093792,62.68561428286712
50.494944691658,61.55905307995115
49.896212697029,61.87275440723272
51.072313249111,50.749053879691346
52.298076987267,50.672280588314294
52.452896118164,51.887768002319476
55.536575078964,52.072655812637116
53.384880781174,51.41746952764219
50.245892941952,50.742275327128155
53.412570357323,50.66702456241085
52.270405948162,50.39399008082373
51.712980628014,50.751378641800336
50.874758839607,51.16139823642416
54.309114933014,51.10597536407741
53.439493060112,50.51204485256587
52.929853498936,51.20311032545803
49.856281518936,51.04902934747765
47.892485916615,51.365712505558086
48.998104095459,51.01503035216565
50.912743508816,51.632594488859084
53.38060605526,51.93377588067685
48.978554606438,50.876571934234406
49.225713729858,51.33253578529424
50.457151532173,50.82521709525839
46.995524525642,51.02653089016859
49.495293974876,50.2778839706699
50.549248278141,50.60412671347431
49.461643815041,51.072608252208965
51.482412099838,50.19910985780298
50.165108799934,50.09212555852058
50.373680472374,50.42942363234585
49.442480027676,49.61529474734137
45.230174183846,50.02934350252957
49.902305960655,50.40049087602488
43.591340124607,50.47025679670062
49.303322076797,50.16766431605575
50.802518963814,49.95239719471292
52.903446793556,50.29821283550527
49.138398885727,50.463687533822764
50.460358262062,47.50310978103904
50.430498838425,49.94564867569298
47.272193968296,49.90759066858165
47.16967445612,49.234149761913606
49.303588747978,50.151290344113164
46.539811015129,50.38785739277707
51.669867873192,49.59317809999193
46.821287989616,50.09619584530488
50.666208446026,48.967767867991626
51.510857462883,51.06074883718512
50.032835841179,48.895294725913786
49.068962931633,50.75759748502744
48.683404147625,49.226586106481314
47.116251051426,48.992554804948774
59.534459114075,57.60703963275634
59.38968873024,66.54679409606594
54.360817074776,79.99762557125909
58.853762924671,87.28878778472576
58.473295450211,88.58304349145517
77.286287844181,97.65206065898845
89.761664420366,114.48424544463738
99.110412240028,118.15313230347996
167.17411375046,114.76433523573007
189.42221927643,124.64293908926503
179.66284179688,133.25717478033758
192.50911712646,136.21389660555175
159.32934379578,141.09048350086522
183.23844146729,148.57910715465658
176.68663787842,156.31519077446694
184.43243026733,154.52624434198603
224.2205657959,245.47914443283653
202.54189682007,207.33431638089596
214.39325332642,219.8157631975012
246.5636844635,220.81439240150823
243.85325622559,232.93941331171447
210.56463241577,263.55488085338015
222.19300460815,262.75240485721827
236.42190551758,241.70463113330183
235.08847808838,238.54237688894068
227.14907073975,257.12335713555063
228.0777053833,231.463627528269
227.13312530518,232.97069458264508
217.24716949463,225.53103751733178
213.65266418457,247.30723667152722
214.48990631104,220.90418802964487
214.7551651001,227.4459486202389
247.81995391846,243.05246568515875
296.64059448242,262.60991315974377
265.27736663818,262.2800962139594
281.88681793213,265.83769860285804
231.44596099854,263.7931849888465
223.13202285767,217.93194737153541
232.06365203857,253.3310027613453
240.95046234131,268.1290323167201
235.13696289062,270.23327021533055
249.46823120117,247.13355710434604
256.09462738037,270.1045962489917
249.15195846557998,198.05632917177175
240.64789581299,251.08855555964163
221.69282698631,248.026025262769
223.42083239555,258.8686429978317
238.57074379921,246.17507900615962
215.30597758293,250.06163060028737
218.73429954052,254.07060921113506
218.79331946373,240.5319768245866
212.15463209152,233.35509955796385
203.0168902874,237.97053071040375
182.62799453735,236.39996970380227
182.09136486053,240.9806520575111
185.56216239929,237.6054032046141
186.24663925171,233.6794469880548
176.46871757507,211.36419730340637
186.77727890015,226.21669403781618
205.42694282532,225.97059881363842
208.22835922241,202.30325981593407
200.30048942566,197.93013883117823
173.02891540527,156.77989004844707
183.76609897614,158.84171772776153
187.36273574829,155.52280808753332
185.25426673889,175.6120054054547
179.06864738464,170.07682350246148
193.5821018219,169.3846187337867
164.54414749146,155.09804412829828
157.24071311951,155.5596531819596
157.61010360718,138.4103528230501
150.1906452179,97.46772344683937
122.40967369079999,94.8273762526106
113.99640655518,94.48918243677251
120.99164009094,95.90728990078905
121.77118492126,111.58079384332156
117.2188577652,103.55723068331281
118.07843780518,103.47286812400442
102.29907369614,88.44631935347743
92.88292247057,68.52090470191122
106.87336194515,70.88239414540651
111.15024614334,70.35901609580479
104.07266879082,72.24530898115859
112.88067507744,84.16531620719545
112.49020063877,84.95227449554137
100.39256685972,84.81145746161785
98.750985085964,87.27667067028028
106.17472225428,84.87909823672786
92.614101886749,81.6090943524488
104.28164219856,86.23759807665934
96.581369876862,79.98125107886435
84.329108953476,77.84793679005013
87.252826213837,80.42604035950902
82.877657711506,78.41068400197005
79.121377229691,78.80571492017184
76.385733604431,77.7366329436604
50.714630484581,78.3920277334112
53.834221184254,77.25254789171602
50.438049852848,75.67467924265111
49.240044116974,75.16953019962463
47.679804563522,53.59174683101436
48.125664234161,53.70769173002127
52.618779540062,52.042495303171286
50.150912165642,52.51961287488597
50.432350635529,51.78402048621096
50.877482056618,51.22731418620442
51.528861641884,50.110497447140325
50.173221290112,51.67432309056696
49.369900047779,51.3238872592058
50.906908810139,50.83245008077985
45.877703547478,50.582943167640614
49.760949075222,51.08190293131577
47.53426527977,51.071530273571234
46.431745767593,50.23734075547314
51.536179065704,50.818497152682184
46.180110752583,50.53465565617213
49.02297359705,50.74875641862794
47.303681492805,50.45999584619112
51.215859651566,49.3621146179471
47.674225091934,50.85034550823378
48.121471166611,50.824558156021105
45.149340510368,50.84396908591006
53.85892945528,48.98669479225573
46.101949095726,50.56921477851676
47.994548559189,49.0547860657995
51.987799167633,47.53366697287181
46.333556950092,50.86297237479998
43.720884501934,50.478335088761305
44.530112147331,49.49157999792329
47.117583751678,50.58834981165332
50.613645851612,47.58190180831253
47.813044428825,48.37496657627117
44.767558395863,48.300863956102134
49.431789875031,47.44076481517105
49.446241974831,47.4047621349944
48.716717541218,48.25903625255422
47.569644749165,47.69523375753245
50.794443905354,48.139783990614546
48.422287166119,47.96791134769111
45.437793135643,48.225825881980946
50.989577889442,47.40957707248921
49.97741484642,47.96928840668863
44.231367349625,48.207806010433494
51.479365766048,47.49474900075612
47.62155944109,47.43339268552
47.019265890121,47.65440163518086
51.620187759399,48.17913975011509
45.480325698853,48.49241415881085
50.261251747608,48.133930106820095
47.347997426987,47.91035503571977
50.036442399025,48.69832791449245
44.211584448814,49.05271775941983
46.542545557022,48.36636134443362
49.677652418613,48.90252844376738
30.419437617064,46.09983710198971
69.402438640594,46.80606249467611
62.153098583221,45.533100612823674
61.668393135071,45.911414435699626
58.720113754272,42.86319145677349
58.173558235168,44.54645235966699
53.107467651367,54.16283686837672
52.853960990906,57.31394964228894
59.616698265076,50.2136099920173
52.772174835205,56.03384321638482
57.520807266235,56.79775183759278
60.457275390625,54.141206137943506
66.445278167725,53.380898494553044
54.004163742065,54.13043539440324
21.401908874512,52.871220113982204
63.492284774779996,51.84467353758235
61.523394584656,49.73814263172603
73.213645935059,48.87692988258767
73.393783569336,54.55125106029325
78.991760253906,57.08283285483171
81.274833679199,49.25465880989659
77.561037063599,61.4775023884144
82.482732772827,63.795237441957454
65.864471435547,72.85549404039072
70.664901733398,71.43255198963574
81.098888397217,72.60638295872674
92.641101837158,74.56861041888227
87.862766265869,72.92812843285573
86.940322875977,84.49525245729444
73.647352218628,71.71090914647863
69.211114883423,70.28679809032012
74.319757461548,71.79855072601778
75.966547012329,69.28448388693677
77.547265052795,73.40329571342401
75.260643005371,79.18091904270995
75.718817710876,82.42343035243799
71.816390991211,69.66278577555843
74.271224975586,71.11611648173955
82.103956222534,70.25348301943944
73.739423751831,72.20871389004579
80.815359115601,71.15971377193446
86.273014068604,70.09527203553485
77.90070438385,68.1811414948091
81.767000198364,66.1562385979302
86.794797897339,63.44892204187937
82.666999816895,62.872518974595074
79.074476242065,69.84764603756336
79.296051979065,67.99061133740474
83.945709228516,66.0905820515452
76.252203941345,65.32111090299092
71.809320449829,71.98336721356524
82.928579330444,70.42171145945646
79.718049049377,69.59524287158251
75.099349021912,76.6002057911514
85.297934532166,74.00097310212357
84.399140357971,74.52303792418142
92.130352258682,72.24995450023764
86.601523935795,71.21578598366024
84.306894540787,71.08680201508083
88.740398168564,70.04676318761713
92.502507209778,82.51361906043995
98.703339755535,77.44572788622487
94.613991141319,76.62181528099137
96.474328637123,75.21949077603132
93.673924565315,82.51020556483859
97.908008098602,83.6331398208478
92.601905226707,83.21438043153267
96.717246413231,82.33911069661518
92.677076220512,84.89163344232688
90.508234739304,84.0249245260261
85.707348942757,84.1485571209783
80.048215150833,83.97897667929048
73.28126513958,83.57265181371355
76.545078337193,82.59367370958671
48.453518748283,82.30140569174964
47.905764222145,66.17541301691978
48.528064489365,67.86025588439608
43.897308349609,53.19160445243975
45.694077074528,50.4221252111209
50.970591902733,50.560529153187204
49.195072948933,49.832331267598576
51.34044110775,50.903216968756475
47.965754151344,49.17668130828429
50.503078579903,49.38669281681697
43.444425821304,49.28042430711055
50.120372593403,47.50213448810193
43.766488075256,47.62673841025285
47.245000481606,47.94292165826386
47.510810494423,47.29783915766133
42.834184646606,47.29218695971654
45.317589104176,47.6850770862976
51.04215914011,50.5790118353823
49.016487717628,47.849488757909654
43.427496194839,46.81856264258551
43.921178936958,47.011102765092325
47.869266629219,47.635259349851836
44.585916519165,47.28169126899667
44.763694882393,47.3113436828436
44.676444172859,47.150520637255184
46.31389772892,47.47232600049753
48.134086191654,47.95168358614704
43.205597758293,46.910576377524436
44.644140481949,46.91506875064325
45.127019524574,47.025643933757834
46.116014838219,46.37285071545991
46.116014838219,44.99302403759675
46.236791789532,45.16654276737256
44.91665828228,45.148778384349626
43.867923021317,46.069495867742546
43.984212994576,45.942273962347045
46.035282611847,45.18937331734158
43.706212759018,45.826641575069786
45.965920567513,45.34226152383462
44.171780705452,45.385772697315964
45.589145064354,50.076950688845606
42.472890377045,53.353989811308615
44.452937066555,51.37001721398774
43.532185852528,49.07329283020371
38.928279161453,44.36079585968289
31.568658828735,42.01627013459912
33.394541740417,39.718817626636316
30.236064910889,43.046944461396855
26.367406845093,45.81340746622743
41.609169006348,44.21315716516468
42.953012466431,44.40434470385219
42.947466850281,41.733900741692985
44.609441757202,41.558391981256555
47.463216781616,40.60184564407505
39.828164100647,36.19927391739119
29.35795211792,50.481941863324714
26.361340522766,47.755682152053176
57.145997047424,43.260839271711575
20.750076293945,52.59797037523027
30.88960647583,47.21532958468228
29.964328765869,42.3587559270452
43.226188659668,47.469812450929666
3.2660369873047,41.04575869633081
47.224212646484,42.35150626543643
26.052848815918,49.541410318703065
28.2097864151,48.97928040376388
22.289546966553,34.59757551841961
16.741157531738,30.926921613099765
39.12073135376,33.06023478986406
13.755500793457,31.965147033600093
38.173977851868,46.54689363550964
9.3967475891113,32.472327350998086
67.869083404541,40.77028422582158
49.645042419434,40.28624908791418
25.854968547821,45.30633203823731
34.240778923035,35.02584804003712
27.95970672369,26.35201511054467
33.636006712914,43.208063544709674
40.3979845047,53.18534259228191
10.602685928345,29.51841583519222
18.660690546036,43.413290736376105
38.245120048523,31.403565523948483
40.948883056641,37.73042695001024
30.417639255524,33.64273465716598
23.671147346497,30.740804102780945
34.709163665771,29.67895089295995
37.485041618347,30.072900576436737
26.826599121094,27.59319708974776
29.098787307739,38.52646794961536
28.850161790848,30.569757573623406
28.93484711647,31.19721030555211
30.933599710464005,42.30885273644219
42.034648060799,46.5958127632707
41.583036780357,46.5871998728566
42.186247944832,49.739739933707014
40.934878766537,46.92848746450575
45.699112832546,49.43070899709232
42.874315857887,49.37872320605249
44.401779234409,46.09211804098968
43.078050911427,47.00091489933953
42.754371881485,46.9210336357206
43.741439461708,47.142814815503705
45.029706120491,45.55443829850085
43.483107924461,46.02534710348897
44.259134531021,45.605530202195645
46.402109265327,46.047405060034
47.90152490139,45.780785160472696
46.544354200363,45.92307588117075
44.474352240562,45.508003567810384
42.595133304596,45.75523340173276
43.634553790092,46.175442023265255
45.168317377567,46.15634367162412
46.100198924541,45.3656377178204
42.898998260498,46.06748791689696
43.502487301826,47.06649578874701
42.642751932144,46.647547880285394
41.358967900276,45.69762718271482
41.794053673744,45.85945951555145
43.152173161507,46.52544176658037
44.532875657082,46.12114027200702
43.688284516335,47.066271768569905
43.407091617584,46.507755202086045
43.033996582031,45.6292067113012
41.2632817626,47.29039253431408
44.041528105736,45.083495563712574
42.308974862099,45.494860063926815
41.9940097332,45.83522833547367
41.050020337105,46.204916859947936
42.683034598827,45.24588219012964
41.583806991577,45.827831773982034
42.452340841293,46.10915908155125
40.14050668478,45.99417692864384
43.838371992111,45.13716215771575
41.937269806862,45.889345697156294
42.29528927803,45.968708855887236
42.060158908367,44.719911005119194
42.424067974091,44.77539175759533
41.664983391762,49.09734332234184
43.937303900719,45.13716215771575
42.336666464806,45.86172521692792
44.223133683205,45.95110659203485
43.539883852005,45.995276108531655
42.519430041313,46.91662871075374
42.892329096794,46.76011872952436
46.918074727058,48.17522118315003
79.712178170681,73.42304456060673
80.153898239136,70.28950116529809
88.50749206543,74.70093464483642
78.683277785778,81.62193063651873
79.793875098228,95.11016949864428
113.72543090582,97.75902270765916
132.21635389328,109.59400089503305
137.33871531487,127.87285804800683
146.13044714928,128.61887818566387
122.12128925323,115.94147800938217
117.60041999817,148.15485750870005
124.88972806931,103.88352652222244
139.49577999115,149.1667481413933
147.96263170242,173.78657624307894
163.87639069557,136.62923800485632
152.86651325226,139.69356847964372
152.8378868103,140.73552302421973
150.80083179474,196.35827081808995
152.62350845337,127.18072432423361
138.95926856995,120.01465365543254
139.52040672302,125.98743707537054
158.72604942322,127.4886084842109
164.20014286041,118.65193277059922
127.72080612183001,123.28033487654373
154.13537120819,119.58707167147735
153.02274894714,118.6637007260819
148.78152751923,122.4481989701298
159.72406101227,125.08623710594289
148.32086753845,118.27460588732453
152.71666145325,122.01693130354406
144.24406719208,127.66382637612631
144.20931911469,122.3242914802756
140.98445129395,125.69077268342978
153.98711490631,121.79701930358786
158.16344547272,122.7111643847651
160.79174900055,122.51146830917695
137.67553138733,124.04360899062354
162.78625583649,122.72453878192857
136.87171649933,125.99488396962211
140.87741756439,126.36757810251889
166.9438085556,124.01189781573093
150.65333271027,109.96840809333163
128.45791912079,118.22495723659384
151.91286468506,104.057930822366
120.11131763458,118.28440426529772
126.31796646118,121.37130497788755
132.19463443756,123.49274089165411
132.11827659607,120.48373031588207
117.39608669281,107.80879621934344
112.10890102386,108.56902239704887
124.98490428925,118.99748804857373
94.898892402649,114.96435437491029
115.02279281616,98.84654221733874
134.126329422,96.99088138292618
61.94869709014899,85.89145047217227
74.374111175537,92.13397225455442
82.207579135895,65.79298076935548
102.03502082825,58.19593949538464
88.71753692627,65.8410610454105
86.346475601196,69.96788660489001
84.880164146423,55.51277220107457
68.250975131989,40.33312992893911
53.920065879822,39.73607360297105
47.325894117355,40.42686731593102
53.421956777573,48.7194117745235
45.225521087646,49.73181570593421
54.96210616827,50.06520662412976
45.622081577778,49.28143651527905
51.899865090847,46.86107420286574
50.220689594746,50.7195816538621
47.938577532768,49.948069057745215
51.995965123177,48.65637566016439
42.3160597682,50.330186547363425
46.867364048958,48.56313691342841
52.381313204765,47.67458898526355
43.316918611526,46.63568086304703
52.964328289032,47.717503492615585
45.757778048515,46.800867419123
51.879295766354,47.443182123061376
52.649428844452,47.896550719397865
44.854394197464,46.74100710238464
49.584598898888,48.541414111670115
50.643019318581,48.96639156418206
50.173012733459,47.959149931507994
52.916868567467,49.814229542876504
47.020040154457,48.979667223840806
46.854497432709,49.658866204969236
51.961981356144,49.45801749811169
52.536750733852,47.7950047841531
50.140319228172,49.841841718121
50.052019715309,48.0683789690507
48.692890644073,49.042044389867165
50.313857972622,50.13328499459456
51.126225352287,49.1488104086533
48.305188894272,49.71637672934076
49.478151798248,48.45818976436253
48.262055695057,49.96846189314431
65.79050463438,54.033929737908
77.780310690403,92.67558212587278
67.167717695236,98.85273140023592
98.193544387817,103.2023307774713
130.87427806854,98.66166573370212
124.73149204253998,113.66952461440749
123.17577648163,106.76038590682909
133.16780662537,106.58086029761543
137.44531726837,106.91410157845714
137.20135402679,137.3850224463814
148.52235603333,120.15790182668609
159.9975233078,157.28037806519706
170.65719413757,145.64818187978406
140.87567520142,149.48821131198292
105.29363632202,172.2044843717146
148.26334571838,171.1361115154508
180.49035453796,148.2271776372411
183.60811710358,167.2964817214304
101.1934299469,159.70366170212029
159.12248706818,157.72615934466847
194.19711494446,127.73026102152144
101.43297767639,126.8282378030543
153.06259441376,176.10232288811054
240.82197284698,203.3406822829569
179.83819484711,121.20847078547087
169.04232597351,115.00400612995107
225.75127601624,173.0764156035206
214.89806175232,155.82787158337376
147.08400917053,134.1526065921759
189.42480754852,158.11575532767532
208.99635314941,152.16337788696464
205.72691726685,174.13098096554046
156.4450969696,173.10593446470622
308.47531604767,193.74339000463047
248.12884616852,188.24761266317998
232.022315979,170.6684436997249
196.73797130585,190.8573120141436
162.33059120178,203.54477180867954
213.15821456909,195.27344112373865
176.58499622345,156.14646826739252
221.6554889679,196.68787742634342
150.74669647217,193.43191763687682
268.30125331879,183.14291526104552
167.32485294342,188.90913511129943
203.61515617371,178.37293331799148
196.13193511963,184.73216664890083
123.14831161498999,161.59256542834464
182.06151103973,170.3365465890571
188.41975784302,138.61726828429576
202.45968222618,165.42358922629555
269.28792715073,177.94132139338066
157.78937673569,165.47019156510675
125.93117320538,147.80216201487067
132.31223058701,159.36546395449392
195.16115784645,160.51354998995848
133.38094997406,154.32467071612024
140.78017246723,135.22711642226483
158.27307164669,140.97614855904752
156.03445959091,80.14593570687978
157.90622925758,119.73749711927867
122.85905230045,87.25972823169795
108.43159484863,71.1027598208651
79.377286434174,73.51590739334351
75.759846448898,73.3890109846121
48.756962060928,70.94002147239298
46.776171445847,54.14311895050266
47.222774982452,61.97767075160271
50.821538090706,56.6414360894821
45.537905454636,51.61793183586302
46.476744651794,52.02959922393433
53.111686766148,53.05504361342367
48.065075159073,47.37634415941352
55.571174681187,48.12345541058748
54.913881897926,48.29001377421254
50.23001396656,50.35114644797891
48.65113902092,51.304222458281735
47.417970299721,50.04363447064291
51.646944761276,49.62140730439958
48.850207984447,49.737596383523496
44.776382446289,49.91245302301204
49.962338685989,47.093938030165425
46.083426356316,50.61753367526369
47.731584310532,48.58370586612603
45.824301242828,47.89379778430124
46.323488354683,49.70438042707387
47.083160459995,47.862825410160866
49.324463248253,49.854835577448554
45.921350359917,47.4286466072519
49.38710808754,46.947197697355996
46.135162591934,47.90087297045754
50.045001089573,47.71584593395674
49.332573413849,47.44383861002864
45.246206998825,48.033527562172665
47.041664123535,47.13635570257346
50.886402249336,47.735056379615486
47.674632191658,47.388866216213756
50.487901210785,47.6139838748885
49.228210330009,48.069602070710424
46.498573005199,47.66211028753702
48.840256690979,47.969371109376425
59.176428079605,54.65337894294893
58.352742373943,56.991080300017195
61.10645425319701,56.26764646963726
102.90409100056,73.33752170084176
136.90401661396,92.91404246645364
133.89817103744,124.83497444784334
127.81377482414001,100.41980309321103
136.54211139679,115.05563318319676
121.9218184948,118.46049551368266
132.19167900085,153.70469805435297
152.41720938683,141.11763569547756
157.97958517075,125.25342956467358
155.28013777733,147.2584330467709
163.45627403259,158.82260362031323
149.48971945047,144.5445338329056
161.38663986325,163.6232679606478
194.47678351402,175.7715372100732
162.41910779476,129.8364165663248
177.21034097672,157.26466900695644
165.86365798116,151.76244859589258
155.73036822677,172.02183243797253
153.49018859863,134.76532352034974
174.12596893311,116.66197472838336
157.47314023972,157.243724609504
175.81017494202,158.82050090343714
194.7710814476,181.03552070716893
154.15268993378,174.48212050170747
169.18675661087,148.49084237236605
130.67536497116,158.03845914068268
171.09732723236,161.62983663084927
141.60051679611,161.0863767596133
190.33062314987,156.8638499057563
178.76680803299,156.94781321011325
170.66814613342,142.20421584320408
149.10713672638,135.39968026991855
152.67070198059,159.4461361073105
142.7522521019,156.80539746630774
174.34008026123,152.59538800660638
176.47917604446,153.85626699157612
135.83104562759,144.69683475673338
156.08243942261,131.1799345438506
161.38428354263,137.26523268563042
155.0007390976,144.7124133621821
120.7260351181,145.0618700836876
129.3346452713,139.47397695730928
118.08946704865,121.04874494873967
98.72329044342,123.04214251261806
107.09803700447,123.93907945127194
101.87524747849,93.84077064753427
81.719425201416,96.52481601946164
95.954247951508,92.30037157804
115.85142374039,89.46635467513875
84.008344173431,81.62620818850539
85.711110115051,65.45938503567051
70.276535511017,78.46300746053956
80.750292778015,60.461883271658515
83.924483299255,57.73523007303072
77.886827349663,45.46624043093453
52.496555149555,42.3673303792417
58.143356323242,55.39901259824422
54.680677652359,49.18027246308663
52.099303126335,47.187564856441576
48.888290286064,54.25009053498317
51.580867052078,55.740496208092225
51.244004070759,57.16059057520069
50.370406329632,55.64598108614236
52.252122372389,54.251420197046734
54.023974657059,53.37899763888644
50.413682758808,50.10519052015608
50.66656857729,51.440632282173745
49.331890687346,51.469283437825915
47.469949156046,50.8860345620076
45.713948309422,50.91950844431854
46.78483787179,48.84806645392091
45.26869443059,48.70882525914444
43.940103471279,48.30683801324664
50.51958501339,47.92490272872896
45.209530442953,47.138038116011174
45.759741783142,48.37277958136378
43.974735200405,47.69587560939944
47.152355790138,47.46240482029836
45.70709913969,47.3090439257903
48.281061351299,47.872683817376036
45.980820775032,47.18618064236132
45.611589133739,46.85334022272012
43.328316181898,47.15491289184786
46.001776367426,47.228713904396216
44.034917414188,47.000684832592576
44.59681391716,47.016972962218496
50.520770609379,46.920383682816436
45.60721206665,47.04476373359333
43.511608034372,47.08719429632184
46.187947779894,46.866494891650454
44.647056341171,46.10560256266363
46.02026283741,45.46351042817708
46.174620211124,47.13864622181729
44.17105358839,47.0359716910973
44.383871942759,47.37751846195853
45.394293010235,47.28057778441404
45.699150294065,45.40364274302502
45.490831106901,45.35453186874688
44.803260058165,46.06309776964995
44.088412046432,45.382041909467084
45.564801216125,45.40547708276969
45.243019521236,45.27740225104628
43.851006239653,45.39504858013333
47.28577029705,46.94655340626498
44.775770187378,45.76411294000816
48.110671401024,46.28138842617201
46.857541620731,45.272439564796215
44.972591727972,45.73123872264301
43.632220864296,46.202596311320136
52.201768308878,54.87778851714078
71.534098863602,59.142805928242936
74.433590948582,76.64788314723333
76.597290635109,75.77465880290616
80.823563933372,99.48184803945908
103.09390449524,113.57513441590255
92.938575774431,106.61890029321543
102.313557446,108.38548974673523
123.23174798489002,109.26290309625571
110.2368991375,112.81852885926493
118.72731852531,123.83478541777372
123.92908859253,143.04747500910025
100.94518065453,122.6104757482747
112.80220675468,162.3232082327193
134.45260763168,150.06759940298738
105.24390554428,142.63682430643937
126.13849449158002,152.57111235393808
132.53526496887,187.85477731294915
135.59097886086,135.5845029701777
161.07663619518,166.09045484371057
165.98383176327,112.1141814368762
129.71125650406,155.31514278653287
162.06571948528,151.13593524206925
151.84485733509,159.4981153628292
140.02112197876,152.99107395255675
142.94249606133,136.2724689772773
117.75386762619,148.20230414430517
132.53255462646,158.39786045875215
114.73829114437,117.00598751881773
111.76753282547,112.80612295646398
113.01978886127,115.85133580400182
144.04938018322,111.94862664996404
115.84252619743,115.19784969141618
56.373205065727,106.3917595702338
119.80336380005,90.73950376245939
128.19230127335,87.1216868939944
109.0951449126,113.77764006354523
79.311393067241,90.9282101857635
94.131589502096,81.2901220211682
103.69187545776,87.75455710943262
87.377580702305,63.967161924602046
95.337349370122,64.82780990890026
82.959096550941,62.90496561365388
75.588581323624,59.47051772646107
60.267447948456,58.19139452508063
63.30933403968799,60.32525718791793
64.105807065964,62.15162598927936
61.96339058875999,61.56612669131966
60.81870913505599,58.80008733836459
50.101793766022,56.95603654101145
42.743551492691,46.61055069456393
45.66124227643,52.8167051356967
50.490510106087,53.89080053055134
51.148660302162,52.328241012312
55.002677440643,61.32401678187796
52.291806697845,58.86052764433937
51.908109784126,54.69097383049554
46.763802021742,50.8903557853407
45.017212122679,50.95861768806236
45.733284711838,50.24026227313996
46.877010077238,49.527850486939435
44.100158214569,47.32156611909584
44.91860768199,47.060885886761874
44.827353477478,47.12131091883387
46.226009011269,47.5020473913044
43.733738422394,47.005609095743786
46.105171442032,47.00431339327762
44.496940016747,47.36376780487777
44.396926343441,45.94018828802306
46.50393807888,47.02220049583176
48.298917889595,45.899329299324364
44.054506450891,45.79687955428282
45.274306088686,46.07094821441377
44.699779510498,45.46699815968003
45.725059807301,46.857207432414434
46.480825603008,45.42714521509683
44.973528862,45.29691028632896
46.621721088886,47.10302866530734
43.9873739779,47.09622843104828
48.849551290274,45.78384163761378
49.846283167601,46.02758713242882
45.103886365891,47.3672916916331
46.137598335743,45.454028076459984
50.702026039362,45.3393869927746
44.281024217606,45.65313745617447
43.771898180246,46.17266702452709
46.694465786219,47.42525405306709
46.217920690775,46.217281512647205
46.789249271154,45.69196345840886
44.876673489809,46.688568410419904
43.753633975983,46.669188208407064
43.574048340321,47.286567914571926
46.294045031071,45.662305461004614
46.134622573853,45.199526765552044
45.63394600153,49.84905736677855
56.966348230839,60.3584476688698
59.141023278236,67.58152227440178
60.020169556141,70.40680115787426
57.982670664787,70.51402191089238
69.435894489288,93.1722724093011
74.652869462967,91.9002377396469
118.98528218269,116.30256428709795
107.55866241455,94.58313101554342
86.344329357147,89.85167189205559
122.52631950378,121.40200557477235
140.59873199463,107.4344847658718
119.77276825905,124.3055249771359
123.66581201553,125.52227376464515
146.39517426491,132.3847402924837
147.06073951721,118.40920118604105
136.6901884079,132.6530332482405
136.10729074478,123.8430684522818
152.57370352745,131.126910597844
151.84731340408,159.1891155076968
153.60687405616,139.47244543376613
169.89260692894,144.85699901812848
181.68280500174,135.38745047533774
178.90927815437,143.83844138157352
177.11541557312,141.21761866929836
159.3554161787,148.2071697594222
160.35536527634,143.75178138921595
161.73490023613,136.57147969849555
154.28733503819,144.88550711840244
155.30632400513,155.13566425635216
172.07371497154,162.92438454795618
174.60788166523,158.156512410423
170.04064786434,155.80626521502404
164.71333229542,152.12199613206613
147.05837702751,148.6386980811277
169.56286203861,143.9434565437676
159.40211880207,158.30125141501387
163.07987904549,155.73795786106606
115.47358930111,151.55083699263818
127.32217746973,150.19157278174177
137.15242898464,144.61523099385238
120.28534853458,136.26421690180123
123.17513620853,136.24144665046677
117.07216119766,94.53711260330991
122.06072115898,94.20210892507434
99.797057747841,85.84506340143479
73.567893028259,85.01533932168108
82.602916240692,72.57580777898986
37.242048025131,66.84828833990748
49.929192572832,62.580447448592025
57.546796321869,61.927778211326945
56.949835062027,59.82466263125153
71.09610080719,64.10230911036408
55.337248086929,58.84332140635298
48.559597611427,56.868314436541866
44.0340269804,60.68132494476917
47.90345621109,54.10158204464211
50.39263856411,51.67053826328734
45.16420686245,51.43028820478851
50.35444611311,49.80376641975035
45.656528830528,46.838343812498536
51.463309049606,46.31764032997861
50.72040116787,45.749721085054546
44.954622626305,48.170171352959535
47.373582005501,48.902343769328944
49.152670264244,49.00628647006443
46.284321188927,50.87809975997294
48.740925133228,51.02124076399119
43.092013716698,49.941873588662936
43.26781976223,49.1351780631228
46.03574860096,49.65994804091378
48.130523473024,47.8460575231372
44.775317251682,46.66667956936342
44.141780912876,45.84620376209476
43.456721156836,45.319297646699475
43.194874405861,45.31329613588249
46.106213241816,45.17758731841742
44.323630779982,45.27952751177459
44.052814632654,44.665588311290065
44.979241132736,45.27445623813351
46.173556536436,46.570450203473754
44.494367331266,45.19343502589008
44.165490418673,45.173311022618115
44.235001146793,45.16758562552945
45.797926306725,47.028761033319064
44.489086270332,46.606289514966555
45.897733330727,45.180672908865475
45.506662368774,45.347877981786674
43.238389253616,45.26684067847662
46.904450535774,45.26733528527189
49.499511897564,45.363667751028075
44.127376198769,45.16933114147359
42.981439083815,46.82340850799082
45.21301227808,46.941033619182654
46.560237407684,47.0075824001373
46.257780075073,46.68674722208148
44.38815677166,45.7586109199424
44.604983761907,45.74647318503166
43.916668891907,45.25950212791957
33.329428434372,43.95619327347176
33.631958007812,43.27769651759809
36.305608987808,48.501687137003174
38.94243812561,45.94032182362489
30.040646314621,46.58537976984616
33.013147115707,39.876232240470166
30.656747102737,39.83925852920494
28.112675905228,39.51480750869278
48.765000104904,39.88628683445159
29.495522022247,37.321322819284674
44.777576446533,35.81693082358292
22.909173905849,40.91023414692579
35.938863635063,35.462400418811086
40.711270809174,35.392194551150155
2.3394609093666,32.999868697260354
35.082688808441,48.4260356789704
58.519814491272,50.08775159712773
25.210959434509,38.35127542750385
35.215980231762,37.59450757673011
55.50554728508,48.67572998212489
72.595469117165,34.62939447925518
49.882915243506,28.819332145185847
46.15637087822,54.71301386628726
77.066963195801,29.428794186398036
57.536034107208,67.08169391915946
74.227344036102,77.73382145567336
12.572019577026,44.714707167609475
9.7769289016724,46.15001326381925
17.696933351457,50.909697381041106
19.945504665375,35.129597519190625
26.346277594566,36.36352582228896
40.462701916695,31.842148220799796
102.19308662415,38.14676754674075
95.666187047958,43.52182564794157
24.156479120255,30.439801303494043
35.471020340919,41.04201171392997
39.933431386948,32.7089145548389
29.548171877861,45.95142453617921
31.570594787598,46.06761983620041
30.833148479462,45.79336928972281
33.957123041153,36.702741009581935
29.387226700783,34.935721675975735
28.91860306263,35.19541641886168
37.033757686615,43.05885574511225
42.866134598851,41.38070773418339
44.329923510551,43.26254914704889
45.670984745026,47.87518617783653
47.51362490654,45.27518275635405
46.56812107563,45.14649669616389
49.114867568016,45.06222364006163
43.724388122559,48.11939959985745
47.304058074951,47.38681873701335
50.744401812553,47.88851329127201
46.163419485092,46.251262922338654
45.851115524769,47.602365581759145
49.698102772236,47.447583398098075
46.080719709396,48.22041216662123
45.605243265629,47.9882581830914
48.689045846462,47.7971644575781
45.591200232506,47.14171352390547
50.54650837183,47.74779082049814
48.943190097809,46.03360336170913
48.548584699631,47.37984466976791
46.511126577854,47.25905704770238
47.113909721375,48.2378512263814
50.683892846107,49.28534302171298
45.326652407646,49.051995903345976
47.452780723572,47.95025460837387
44.427443146706,47.561908293839295
48.277661859989,47.16740638741812
48.249294400215,47.50753840983719
46.768136560917,47.721249926414686
44.49266576767,47.74690334725397
46.291373550892,47.05060276380396
43.334028840065,47.649108474308726
45.294459402561,46.95679200898919
43.753989934921,46.76624664713342
47.743515014648,45.70772134194869
45.520800352097,46.83163590456458
46.111819267273,45.18512009239638
46.185102462769,45.17750726994817
44.967960238457,45.131513480515736
44.970310688019,46.873882146990255
43.519225001335,47.255175880646625
46.432899355888,46.85989344424964
51.504651665688,45.703995361731025
43.692326128483,45.456532571763134
43.340342879295,45.188455294271186
44.753269076347,45.31065301288898
42.382349491119,46.99344974696559
49.58979165554,47.044241698688104
49.51247048378,47.407225269459026
49.191255509853,47.59432020678753
41.577463626862,46.45739736560182
42.891493201256,44.887111753436564
38.592754364014,40.58644872265527
28.769992351532,38.72409583598079
33.156926691532,37.101954837358946
35.895134150982,36.36996388725302
32.750127702951,34.72728462337211
42.685956627131,35.66799002962213
41.08585870266,36.918324405162416
49.946984171867,37.221779359896566
49.402627229691,40.10445382142756
69.835714101791,45.67633256267903
45.697661280632,42.18890170424685
35.200509428978,43.20921311753261
33.814543604851,52.51416157725142
32.3210927248,40.62284446270634
22.280647873878,37.78869842592716
26.183851122856,42.433481049933974
38.552216529846,37.520075141314386
38.249502778053,46.31496664022295
83.877635002136,56.880984849956775
40.248919487,52.91569495613103
65.79750585556,65.14085509452184
28.057498693466,57.187863434119514
40.763607740402,35.100084779002174
43.931024432182,40.81084437646629
65.992423057556,50.98301770583167
45.744438052177,52.53870161972727
49.540553212166,52.377614609465134
35.595241308212,51.93345924731664
27.942661583424,56.666806456499735
44.658001422882,48.446345244119684
22.689741432667,38.27409533958928
72.062972664833,42.22472025629764
40.604065060616,38.73934823723799
16.328120112419,42.301517585162856
9.4998627603054,38.87673780398892
26.998978853226,32.65063246753162
31.900654792785996,28.255113870209755
33.478402614594,30.765555751096475
30.204772830009,29.682761353501338
31.480703353881996,28.969604964762237
35.013460189104,30.06356884225382
46.108481884003,36.44279104739814
44.117119014263,41.97207969470501
42.960082650185,40.57179674052317
42.520612597466,41.142884022867
42.785772442818,48.456250881641935
47.301430463791,44.59053075873296
43.983605623245,44.98420216856871
45.249792814255,45.1550415070244
50.289415001869,46.684578341500846
43.502214252949,45.39991896524571
45.223052501678,45.16186159084949
43.488617539406,45.159472720409724
46.783456623554,46.661866020171956
47.909476995468,46.80716743913561
44.038820266724,45.19635672123333
44.415613651276,45.267313844251824
43.900122702122,45.31572705539894
47.358697235584,45.70236812097974
46.746286273003,48.31898047653525
48.504359006882,46.42384386000654
42.902374505997,47.107563176417145
42.593678355217,46.80495999790122
47.256820857525,46.68128837451097
44.11937379837,46.5220721333356
43.400291085243,47.22231266205337
45.836523771286,47.040734614063574
43.908834934235,45.18605947080711
42.905869722366,45.15119942688518
47.172522187233,46.92042757215054
43.361937463284,45.00743471195497
45.639771103859,45.173869648221235
45.501032948494,46.358947610542884
43.764453172684,46.77397222743858
45.82136952877,45.17554371356348
49.327088117599,45.13347490870951
42.932458460331,45.205352952768685
47.539860963821,45.28272348041655
44.498407483101,46.92702284255228
44.343549847603,47.13116672487384
44.448291242123,46.08208027491572
43.745540618896,48.33318547837993
46.462595522404,45.18009511498548
43.029254734516,46.86409393205739
44.872883200645,45.216235787166426
60.79684126377101,61.17123968688587
69.260675549507,68.6938839145569
93.954362511635,91.47702370541205
118.24105447531,82.92341581992643
114.16107662022,104.0770816736213
117.85352809727,98.30449254188143
114.74450398982,102.99540102516579
122.55849876999999,114.60960673723879
120.0390252322,106.03012279429109
125.00082054734,130.06508507726707
140.16319715977,131.87554849111882
139.39843928814,130.49930114102284
149.15376698971,135.2975517912474
141.99675345421,158.23545538749192
129.92044091225,159.28810573664225
133.89130020142,174.75074436923975
129.16680145264,175.72940541435395
135.79286003113,112.62299396227556
131.00993537903,115.7689653734589
143.33416748047,114.68458885395552
137.45241689682,122.55201474643818
119.59118366241,117.56206809477506
132.22900247574,117.44186946057427
136.54487323761,116.02288427379801
128.10889387131,115.54542686995173
143.9745054245,119.30518150824109
138.51463079453,116.22671720037157
148.32130599022,116.00812361008555
129.72493577003,115.60545125262446
133.03345155716,115.86734800236097
134.83814048767,118.4237380240744
134.22193026543,114.89679336124307
123.52817773819,115.16154649457842
126.83735394478,117.64874849179769
121.98002839088,118.89943844577193
122.67187213898,115.00270688127617
122.04172730446001,116.00909507524393
118.43204641342,116.07285363522693
118.01298236847,115.13384717541305
141.0376560688,117.66125658685029
109.88542747498,115.80570336096233
127.26605463027998,115.8621820691899
123.07377195357999,110.31569037273655
109.56711530685,111.1473492718189
110.87095713615,103.46153874719064
112.15538167953,111.90245190327893
106.06719660759,115.36161149724583
109.94034004211,109.7429507994049
102.91585230827,106.51823603339459
94.566138744354,104.77811559247111
100.2802760601,101.65420445548766
107.99623203278,102.4618324031945
123.37349700928002,98.44067054728775
81.374404191971,105.43144640096459
82.598077297211,101.86950200313257
89.916076183319,85.81947986453827
99.616744756699,79.5752714235981
93.126226902008,80.2296695992315
92.391554355621,79.2727708175039
88.196716785431,80.63283896460186
89.398747682571,50.99757052926085
82.420670747757,65.47306918170639
72.619240701199,53.933007980268336
73.883609473705,53.59089331939104
63.230601370334995,42.65682063198186
60.247104406357,42.68207813104419
56.169919610023,43.16220719831729
60.087851047516,48.19618303356779
60.46636891365101,48.34980210755896
54.528726696968,48.92187181666461
42.980105042458,48.866393308912976
47.509300619364,56.02434718177497
44.032052338123,57.349482154115485
45.471153855324,55.59105979991519
43.237957328558,45.338733135964084
43.239734083414,45.170247528476345
43.832368582487,46.512652319290694
43.734013050795,45.13821324847586
44.298709303141,45.14694524619953
43.985130012035,45.1560122922761
45.6103040874,45.0311547253511
43.947672009468,45.01744636894488
43.391976594925,44.96953164580704
42.381490021944,44.99961075493933
40.167519509792,44.994819372520205
42.08234423399,45.02928713412924
43.560326516628,44.987467434012565
39.88350045681,44.80032253079607
42.207836717367,44.94344190035125
43.993262290955,44.78212155688688
44.476627707481,44.99478324313375
43.947451233864,44.86525902152353
39.344976782799,44.99478324313375
42.915402770042,44.78263691852755
42.326177418232,44.57337903694505
44.547990828753,44.992764055072826
43.815544307232,44.64127390381329
42.586822748184,44.715192507122744
46.433132588863,44.65039984029792
42.679817318916,44.98041421641014
43.159285575151,45.095424666757395
43.258790701628,45.0409273838062
45.744150608778,46.167032307577024
44.295582771301,45.03840126151146
43.057708919048,55.982370156894824
45.015888690948,55.46349616520812
46.63989418745,55.56562284587795
45.638868719339,54.64531522391364
50.039255142212,55.281215438812076
50.382851600647,55.195453512798935
49.40887182951,56.34305585669702
48.166246533394,67.63242297828323
53.4989182055,77.92886221691116
54.575267523527,77.12706996449127
72.004829347134,75.23499977534892
86.414264082909,84.84751324695834
86.81946593523,99.86707116315175
81.656278282404,92.93539703052919
62.837051868439,94.26009049789685
92.450533866882,99.96257315447929
102.50475555658,105.9193241090266
93.396971076727,106.96537191005736
101.61754798889,107.49565204178674
116.81275129318,113.95917073822953
126.58804249763,117.45170225871416
121.03659057617,111.36941224985189
122.04578351974,123.8495919557609
124.06372833251999,149.99088292888945
129.36912631989,136.6524685300337
135.50869035721,114.40272677330057
132.50481152534,111.46981967988764
114.40356016159,114.30697342891861
114.08540463448,130.06287400236093
115.33150196075,122.21369355424183
127.37105083466,133.05230580630743
134.9916510582,121.11653692666027
118.71205401421,112.66111110245203
126.41564750671,116.68808056971774
129.15207099915,113.8284394546566
120.4981906414,114.08367044334955
130.13416075706,116.1399496898331
136.26619148254,119.28045271537185
125.77389740944001,105.56493581898896
149.67972779274,115.1045624713756
118.46235632896,122.45462766841425
127.62461042404,118.336083898418
112.45077228546,107.00846792668256
128.80675673485,116.25392792361932
136.8853559494,116.01916600678499
134.00717067719,119.90639605707709
139.94457602501,116.24875135808058
133.69323730469,114.735099759282
132.89293813705,104.35343823533597
145.02382516861,116.69817448832208
145.65860676765,114.41949363567683
144.94962716103,115.45712101092289
135.57890915871,116.43057170241383
108.72871112823,106.5728461002579
125.95137763023001,104.90236380249493
124.2071647644,115.31819097247902
146.47112870216,119.47502448606292
147.83259606361,126.50917221599451
91.674372196198,118.51508758828957
111.27819871902,111.76405320816448
112.72022533417,111.77693392971209
140.85838675499,123.80956874090747
126.13878059387,99.51065475947388
93.376066446304,106.59413220616382
103.21585035324,107.69999129972977
109.05487418175,94.2280863220329
97.249409914017,92.37265643747172
95.567445755005,85.35883253814049
88.746574640274,75.62254364640792
83.932074308395,71.92365485494543
80.837971687317,74.20290478675076
79.291866540909,66.98872981221484
75.033590078354,66.31960821980823
59.617786511779,67.2507376595551
47.413805246353,62.11727724470803
46.591861248016,55.77730647927079
45.133142113686,57.84137900843779
52.997104108334,54.104358679542656
45.214835882187,51.16430218587745
45.39694494009,55.473496303324715
44.736127972603,51.159124939250006
44.687104701996,50.87230812221164
45.744363516569,49.36403643282969
44.256085574627,46.82827800715464
46.630460083485,46.63673268322778
46.419906556606,45.15252365461617
46.069869995117,45.2050518558904
43.258634030819,45.13350226125086
45.758403301239,45.07460833764277
46.852962702513,45.26393404940816
43.508112937212,45.16390989372563
44.982672095299,45.23766490868886
45.378282278776,45.17718379582685
47.449977517128,46.478572330352144
44.74482178688,46.33281317650282
43.808928787708,45.24610847815065
46.257232278585,45.209573780472454
48.03491127491,45.22592589819608
47.492664277554,45.18601643531774
47.224126130342,45.23265716618574
44.949347943068,45.200594941472026
44.908587038517,45.14727705713999
45.603278040886,45.01522260341645
44.361689895391,45.037914600775224
45.72103074193,46.55107616443051
46.727258205414,45.20789663203511
44.111443549395,45.71269242598823
44.497491776943,45.20149669407696
45.874446332455,45.22150406609715
45.782724618912,46.49448448233781
45.211023300886,46.56593922441463
45.855422705412,45.49569863257461
45.778649717569,45.34251053217482
46.139935195446,45.32190622221121
45.086625427008,45.567899222420756
45.799011200666,46.37625611568657
48.308881044388,45.65215150738628
44.521583586931,45.403923789707505
45.876580834389,45.20898766214109
48.563444942236,45.62463650454238
45.959243267775,45.221804896182675
46.273216992617,46.646504624137314
43.843741983175,46.44219941470618
51.504983007908,45.40906366091484
47.063725322485,45.15823222345122
49.057488560677,45.2139581741689
45.602646887302,45.353687811607195
49.459930449724,51.453757038230975
48.631059765816,52.3875278629217
50.084738194942,51.74580160429696
46.551315426826,53.96052213484139
49.066438794136,54.13576326665464
48.997035384178,54.79468640227607
47.175885915756,75.67341434334503
49.188056349754,79.06258333341803
69.818968474865,81.49075874230304
61.517651677132,76.0310812884761
64.39214849472,89.60295808700057
58.584982633591,85.22470855919728
87.635776281357,84.44507642571396
119.67711472511,113.61597012497036
136.00841760635,104.47624678824904
118.76104354858,107.75492863513654
124.52732634544,132.5436591295513
121.46925354003999,120.6209089210025
139.88437247276,117.5049940061834
134.14977359772,141.7283757363098
111.32891082764,114.79184935603307
143.14678931236,115.95625042835277
108.34781074524,117.6797438688362
72.362435340881,114.8863274854604
101.87646076083,106.65055535490082
126.03621780871998,106.0989784110625
160.89312642813,115.38470726773495
60.354141235352,114.33029311715123
128.76800012589,116.11930355614376
85.017416954041,116.46336863311421
125.54042243958,101.5337489227241
119.28282928467,103.02659816802795
124.11071495712,102.26468972804547
156.80713954568,113.31341547070318
173.37679624557,113.65044760564226
75.754470586777,106.8153834676987
118.88437148929,104.43208336472469
136.40718001127,106.36031741997827
195.90371459723,116.11282650253675
87.019638240337,112.70002174012345
123.1237859726,109.52873963513453
126.79262399672999,107.27615173566315
102.61912018061,119.61857224623408
199.21207431704,148.85900845981465
109.25358057022,122.20403652613965
112.96374130249,103.7568377838469
104.96495079994,122.16753704533085
116.32946586609,121.87617958539133
112.75737285614,96.04060982189092
86.690524578094,90.5449401192428
93.744463920593,109.81601065717653
90.031770706177,84.77122018254921
103.72852802277,89.50467373623258
77.953418254852,73.00152269426033
76.976202964783,68.07348923552644
60.663076877594,65.84878454561003
54.748782157898,69.42649313431009
67.4607886374,70.23170366891016
49.113270521164,49.24017562064477
52.589914798737,51.84624381269312
48.909964680672,53.10921607772974
41.629660844803,55.533146961593125
44.295791178942,51.38278355912485
47.872572302818,50.39649753922451
45.365188986063,49.17144746439458
46.690675646067,46.251337649682476
50.936275720596,46.703326357394864
49.777258336544,46.65150779610858
49.785428524017,46.68022521543159
43.682280927896,46.6828233259186
43.069093555212,44.99795942131153
43.456685453653,46.62740461652658
43.931806117296,46.72230225429267
45.901697933674,45.080159089878634
47.587144434452,45.07181661114855
45.641354948282,46.36102288211331
41.710506945848,46.83936368564256
42.619317650795,47.17695701513602
46.945391893387,46.612906242546195
46.764336585999,46.6427736628201
47.579477697611,46.396865476766955
41.975920855999,46.71835672691718
42.809802234173,45.62708036569828
41.74783796072,46.36755468046117
42.189475208521,44.636156854801584
44.750713229179,46.48408370121964
44.592598617077,46.4976310826059
42.649522304535,45.07960755165545
42.939982324839,45.03455784663018
41.847905397415,44.66193398205412
45.089142233133,45.00991240099244
42.664773136377,45.04515819304614
44.029257982969,44.99281686371523
43.225950449705,44.937054947677225
43.932868778706,44.97663153121916
41.719364821911,44.973819127996826
42.212505102158,44.960260894557564
43.261800080538,44.97663153121916
42.893521368504,44.94614672925806
43.964832276106,44.97663153121916
41.776393085718,44.980852854777424
43.630106300116,44.97180401941359
42.627185702324,45.056116095283414
40.799442946911,44.99987540896888
41.946244090796,44.97461234315824
41.119912922382,44.68530671401843
42.347867637873,44.97663153121916
43.632349431515,44.553398018216086
41.263250797987,44.61804785846607
43.09224152565,44.94163338468168
44.548848688602,44.378182092718674
41.148724019527,44.97180401941359
43.842136085033,44.82784701033836
43.004143357277,44.96978483135266
40.050769150257,44.97422214334005
41.958463907242,44.72542563066524
42.430078655481,44.573603124514456
41.601845949888,44.97180401941359
41.006834387779,44.94333461954635
45.049317717552,46.16190170936041
43.127112060785,44.97180401941359
43.147377729416,46.78745406979293
51.762115776539,52.83360914703812
47.58410847187,52.11965302672805
43.42466366291,52.81910523967981
55.029992461205,57.68371393981295
58.342747926712,59.19521226822613
81.247153282166,65.09732954175263
62.981801271439004,77.90127112030301
94.297496795654,84.67820876798189
94.462815999985,93.89256620682124
104.05485796928,104.22527701889804
116.36080098152,94.46847755947368
118.20513105392,103.11538644045852
122.15273559092999,116.3625609230529
124.74574947357002,111.06083459571863
140.82896780968,110.75121095255639
129.10500955582,120.51041019894139
159.82724642754,148.6979217984862
158.58433508873,131.88124722814183
143.62538504601,126.58117292492972
146.68116235733,132.127302601184
155.64893949032,156.13694368480512
170.90430259705,149.11853580978166
156.54881334305,155.26075952250608
166.85540890694,144.74316341267166
163.71682929993,145.19401050166198
170.62711191177,145.76152212936378
150.58824419975,132.96148324363935
142.57873702049,162.79073154271097
146.45219290257,138.92920641981135
114.42682933807,149.4215858886566
134.5294585228,137.83694159369315
128.59010136127,136.45260069305118
113.05737066269,139.72869460318606
133.74436950684,129.1895586676766
124.03203189373,118.79124696629448
121.58496749401002,113.49002347570877
97.008113861084,117.15303694561757
95.416799426079,115.77939093443344
59.214564442635,101.58209391565296
121.73202955722999,94.94943236995427
73.227217555046,83.39964832087978
81.014503002167,71.67099305415525
62.604656815529,72.3126735409837
63.006083726883,66.92697910391992
72.714210510254,55.82964805635342
57.874517679214,69.39244908330522
43.501816034317,58.54330776392969
49.227870225906,50.114019338471245
49.75847492367,43.59957124578401
48.688889503479,47.501195970748896
52.910004973412,44.76538755073329
53.401545524597,54.32133638840833
46.61924302578,48.1620772642614
45.382862091064,52.02178660437842
44.551181912422,51.29096290431145
46.401263356209,51.740382538740334
44.379430055618,51.17388287419032
44.93822824955,51.58030960574986
45.630888462067,49.44251470757248
43.015324771404,47.57293982742341
41.641358733177,46.64931809383317
43.579663813114,47.233772591719664
42.728445500135,46.69441784607757
42.999832749367,45.204825490606225
41.779218316078,45.165131342247086
45.280695557594,44.46553789814893
44.934981673956,44.998965395966955
43.345376133919,45.0457649735899
43.159272819757,44.54756163601824
44.321267992258,44.940570316788154
42.243942737579,44.96535361796733
43.276178330183,44.64131161195471
42.704099059105,45.0406053575039
44.533045500517,44.97180401941359
42.360042333603,44.98054604301234
44.860924601555,44.637177212393084
44.816617548466,44.98528406816275
48.377214550972,44.949222853731726
43.31078144908,45.00214579184606
42.621761143208,44.97663153121916
46.836228191853,44.99633115615886
46.267696917057,44.99805308221753
40.627148866653,45.03383310786239
43.843365490437,44.91268826290757
43.493771314621,45.00375399873011
44.709306299686,46.48023789586132
44.224644690752,44.529407043412306
44.431179821491,45.05889605508314
43.017001539469,45.03383310786239
41.742489427328,44.724680232718484
42.937513709068,45.037453897559196
42.583497613668,46.04336852326962
43.716050714254,45.005056838700405
43.284240990877,44.97128415849092
42.446152806282,44.73202326415175
45.94594168663,44.978968918731574
41.952637702227,44.95899209769094
46.394933730364,44.75715335667958
43.711096256971,44.810262870638866
44.991369515657,44.945358919551296
43.039154797792,44.830105897314525
48.895505428314,46.16907333045149
43.823575913906,45.00134197340571
50.032325863838,53.86546428655406
52.138597369194,52.619531838580585
57.558908581734,48.018798531061385
98.601333379745,86.61417461055782
95.147909164429,80.37099043364606
96.775218486786,79.2774001363878
100.39474773407,87.89995775751687
110.17651110888,109.23522462399731
120.19713914394,112.88934508966152
109.92923760414,113.20036333789882
117.95675981045,113.06256971827732
112.14658915997,115.50883209538728
113.30733776093,111.39447666044211
118.22542190552,115.48143314571134
113.33923244476,114.65944733950984
110.76148557663,120.6464976811057
127.17992448807,133.39360493452287
123.41952061653001,132.28741476511053
120.98770284653,120.52125327032458
133.34308004379,117.71109368018874
128.19297933578,133.10079909759747
133.54048085213,124.09583373357032
137.6007502079,123.41109929989948
118.81245541573,133.41722551839763
130.79549312592,127.98566122814167
144.62010264397,134.90706488024216
132.57327961922,136.32949667809964
126.78788995743,137.8342860071124
130.71852517128,137.73464047326647
116.46367144585,125.8879554990509
133.42018055916,139.00303715614643
139.83454537392,138.45522815837873
135.89939856529,140.60937357806367
133.0462474823,137.54963207226476
138.39295864105,138.8938715624164
142.40773582458,138.59010486896045
124.13812661171,127.13837251352938
115.57532215118,130.49309753858134
127.11926937103,126.4228343613049
122.02499961853,120.34839059554433
98.239657640457,120.12353792954212
107.04330730438,115.72153541665031
102.71912062168,115.92387634958902
111.59723484516,115.52004194267819
110.12965035439,119.09899006204475
113.59495925903,118.53832218166451
102.44763362408,111.31120442572669
106.61029648781,107.47462000665024
102.82903718948,93.29028453721187
95.769478559494,94.46216574373899
99.526192903519,89.90832576563147
81.658681869507,88.52129676326115
73.948392868042,79.93071113120838
84.418282389641,79.9811115687414
80.80660545826,79.36779598627115
76.02153635025,67.69880915507282
73.098379731178,64.59229183466651
74.267477154732,74.79082831029498
54.997562170029,54.08540975122839
58.177665114403,63.84855089092343
48.148498535156,60.20866844265404
49.120130777359,55.73353126750126
36.716590166092,44.74644113577139
46.315414637327,46.949463272731634
45.210117101669,48.02189962564648
45.134326934814,51.42951720775885
45.962381124496,50.91726134714612
46.862867116928,50.14229830172567
47.038572967052,50.38585515932038
51.832369029522,46.870008384874716
48.89780151844,45.25038430560835
51.192792832851,47.05347750569885
54.585326194763,47.15964152533793
54.214151859283,47.23146401457305
53.089397668839,47.41907157968566
52.157775402069,47.29263386760622
47.24208176136,47.79149899087451
45.005750358105,47.73115692176794
46.999136209488,51.178122388659006
47.496568500996,50.90985175409065
48.374196588993,50.841106840981205
48.429273098707,49.45324705904472
48.214609205723,47.603463496356106
46.581388622522,47.44371872605716
50.3692740798,46.67629103613223
47.832920610905,46.98456758833445
46.425329327583,47.21434536824531
45.936681598425,47.20606421254658
50.282392710447,47.18607675112631
50.919276297092,47.21448999120581
45.202183157206,47.472160290876
47.228119730949,47.42719248277953
49.213440656662,47.696076692688784
47.397784918547,46.77403897236224
50.234759122133,48.662406604493896
50.891795665026,49.24911114706517
48.383579313755,47.77935673665379
47.013142079115,47.638787065760575
48.79822948575,47.73230813979811
50.942347556353,47.596820019293475
52.66883251071,47.7590985718036
48.632199853659,46.609023373096576
49.577782273293,47.49488857545412
47.243777096272,47.61760911318124
53.597376048565,47.60303405935866
49.695071011782,47.39168766084752
49.702734231949,47.785798160888056
50.026259571314,47.794012752212744
45.695761919022,49.585588955427426
49.90344068408,48.09478340783795
51.447625994682,48.93168184730904
53.559861831367,48.14845024181685
47.714443862438,49.09868719825802
50.054168462753,49.438461045783825
49.950369611382,50.004850044000165
52.760056376457,48.840080163134196
53.553348779678,50.424681651431726
50.29413318634,49.463132827057116
42.93558216095,47.1234048781442
37.610663890839,48.804960754244796
39.938317656517,49.40238939821786
40.445302009583,39.38851453109467
39.465196251869,38.99521076983872
40.300943613052,43.582997919814574
39.862533569336,39.03182157693784
38.332633733749,42.33051153765677
40.48047888279,41.0295386416487
41.67745745182,40.73933625000785
40.781118750572,40.44335178157592
38.209733247757,41.11549513249278
41.596834659576,44.24414515831663
41.920550346375,43.189275812234484
41.11814391613,41.21201023364524
41.336185455322,41.653064896323784
42.603535413742,41.358054529784404
40.541457414627,45.67490239757102
42.322777032852,40.77946674194885
40.479781389236,37.091559214062165
42.224341154099,45.92175159206433
43.360341072083,47.79883520056137
37.917556762695,50.257500452308925
39.665653705597,43.83692231424487
38.099166154861,47.12095676362409
41.197432994843,43.59759470982477
40.73787355423,40.79229426606808
38.999058246613,37.45647727109865
38.821375846863,43.33923713657023
42.293637752533,41.331561243865046
40.109908819199,41.902310994936194
44.399683237076,38.633901562870136
45.253880500793,38.53663895317608
43.114181518555,37.119451953245964
38.92749786377,45.108389501322364
37.955491065979,49.67871695619297
39.591015338898,39.40006978581074
40.615561962128,43.95084324303123
40.246828556061,45.344365990791
41.309543848038,42.355647165554814
35.231023550034,38.24189424114974
40.903528690338,39.362638081898794
39.25018286705,38.40581308766562
42.779659748077,48.16467200346435
39.270024061203,39.76244761788078
37.895095348358,41.715564241616455
31.382207632065004,38.085020564822415
33.937583684921,37.97749936127053
28.171021223068,41.16015532686745
35.127884030342,36.33535192264172
27.822267413139,34.88376483633872
47.48649585247,42.98690616759636
43.400680541992,43.08323803144254
47.472678244114,45.99788930253903
45.425808787346,48.904425278298234
47.940569639206,48.87842231083229
43.544491767883,48.941575331754834
47.261318385601,49.72644965879443
48.204006791115,45.15588116749605
49.155087530613,46.62684518850489
48.476117938757,46.64097621453016
47.120410472155,46.52843880239209
50.46840685606,47.467969042198696
45.240266829729,47.574863074473484
46.598411232233,46.7340343047913
44.790056288242,46.88105325838078
46.416557788849,47.57760245818064
48.228255927563,47.649915323793174
46.479086637497,47.78721630464913
47.959575265646,47.111101384219076
44.277947485447,46.71264829486188
44.539715260267,47.38731211867238
48.25345492363,46.724921060707295
46.624787420034,46.66045536379308
49.768504679203,47.141896078639384
49.962349236012,47.53413904280834
48.391945451498,47.34049278709159
46.274360537529,47.53532840908493
47.645560324192,46.66151716044795
45.54416051507,47.527892531075146
49.319132506847,47.70925334166082
46.105117291212,47.228515197165315
49.057232201099,46.80250094580687
49.146459490061,47.68244708244115
47.745722025633,47.25841644346665
47.536919265985,47.429822131297385
49.26624044776,47.72948271984758
45.830986529589,47.6327751592055
42.059720754623,47.87459391088423
45.310439825058,47.574435152139515
45.034000217915,45.05893941614382
44.747058033943,46.535028657216365
43.954057097435,46.49057604702685
42.578760176897,44.22557361379831
44.682060301304,44.99399065345273
43.339550554752,44.97147810571399
44.91543456912,44.98660118344828
41.559949338436,44.96427965331814
43.012783169746,45.01281596123648
44.883002638817,44.958253901066634
40.333152830601,44.96951544394671
41.230196297169,44.59563847246326
45.448551058769,44.97488832013384
49.891459077597,44.54884390409483
42.758896708488,44.92245350454451
43.026140570641,44.944336065867006
42.592419803143,42.99994830317772
43.29084867239,44.273289326337164
45.504566431046,44.571065837892334
43.710648238659,46.13604653779519
43.65652602911,44.877159273437236
44.333350658417,45.50497224443065
41.208637207747,44.74045647171771
42.532355874777,48.40225152782448
40.81514018774,43.49961605621833
44.536490678787,40.99406878804007
35.084707975388,38.625119293264056
29.419388532639,40.202456828369144
32.897688448429,38.44637255481019
34.427877664566,38.242575433538065
35.887339115143,42.27119090719229
35.246465682983,41.27622627771966
38.845417976379,34.55883349713519
50.653704404831,38.111974596334164
64.641340970993,37.70779572841358
43.23172724247,69.77425737610257
39.294217705727,44.90777119043205
42.593440055847,40.88249182621352
43.722702026367,40.30130565803411
38.63218832016,58.562386389777956
37.904095649719,68.92281439625879
47.823868989944,42.54159896567921
39.001792907715,39.21854926091939
43.635785341263,42.4939774574051
38.395268201828,38.205051808288694
40.777332305908,44.224619262388835
47.516046285629,44.18947995635608
43.928914070129,62.99455442083649
34.50048160553,52.44620834139637
39.778441667557,36.32214766279718
43.715788125992,52.821919692429134
41.414513349533,71.83080568068041
35.741411447525,55.42605798081662
38.220481872559,49.57178898452802
41.21923995018,48.37791859234436
38.408958435059,53.10854723093585
40.062809467316,53.4437116863738
39.044750928879,39.91212548451022
34.455127954483,50.78630536157135
38.213311910629,39.356915875867685
37.364322185516,37.262644150728185
36.037715911865,41.84765118335668
37.42312836647,40.88052169507252
38.009058237076,38.16654931687322
38.104774475098,33.97586773115546
34.083951473236,34.08100820843345
33.325893640518,34.75939193350772
32.893073916435,32.757808987456045
31.929172992706,29.07473548647639
32.944326162338,30.484541165967606
33.937574386597,34.36401295196698
30.184373378754,32.738777849161835
34.262178421021,32.99517643731941
46.28880906105,41.866184746833035
42.342470824718,41.98403331168613
44.702899932861,42.32337236659574
46.345552921295,40.342188886806895
46.264313817024,40.503024452843874
41.057131826878,41.27054305698174
46.569061875343,41.15755259592927
43.904294371605,48.183040528852814
44.700037181377,48.09461653241502
42.217128992081,48.54793682629409
46.385545730591,48.692516228171954
42.412775099277,48.4712621816341
46.223972201347,43.400108683208906
47.504687190056,44.972378126462395
46.4147336483,44.17479911716706
44.030594110489,45.59132878954211
46.24274033308,46.437845308443016
46.051074504852,46.41553326755678
45.047689676285,44.98989007463646
43.659958004951,44.972378126462395
46.18119764328,44.98043888745925
45.980265676975,45.791112660465245
45.113452166319,44.16109186060233
43.580021202564,44.97680933984772
46.441335499287,45.237664037614934
43.238535910845,46.456747986081076
42.592446357012,46.19751530780943
42.49026954174,44.25549548152352
42.988563597202,44.98979860794912
42.742730408907,44.86927691010089
45.930656701326,46.158723662620936
44.287181586027,44.97409809208398
45.017271369696,44.96953164580704
41.448425024748,45.1090520788368
41.858721703291,44.988183782103185
45.051023811102,44.64207127301493
40.926164031029,44.97726892141954
44.024811297655,44.97147581000405
44.456971913576,46.43159874624772
46.498081207275,44.35010507909852
46.035339415073,45.02117186348981
43.149625331163,44.988183782103185
42.261712312698,44.969141445988846
42.532805532217,44.71655154548591
41.735817223787,45.43325907743507
41.728568822145,44.983374200147104
43.235901981592,44.992878723960324
43.981093734503,44.97894298676178
42.163560986519,44.678250057575895
42.468088269234,44.150966048352764
41.816421926022,44.971550833867965
41.517532706261,44.61972779094662
43.591358274221,44.61124241727365
42.937392562628,44.77551044473347
42.872702300549,44.6266678590976
44.91576436162,44.966723322062386
44.953038066626,44.95575445458737
42.505628854036,44.962292108677055
43.223465710878,44.92317094723605
44.235438674688,44.97257428787077
57.35659134388,61.403731840529396
64.564718842506,60.598033444258384
62.17499625682801,60.40552113737267
56.557332277298,60.96677059541829
56.809088945389,61.7965368665085
91.151677280664,111.97882987404428
94.128757297993,107.67102082003181
83.315790563822,102.87269893913724
75.587966054678,97.16940099175322
87.231439650059,100.74614522708472
106.23424714804,100.09200028640112
99.711899518967,95.76537360940719
106.23675847054,95.07169898104591
108.31755411625,104.40313691891141
116.01591694355,127.98290826214769
104.15807247162,115.31581582531929
115.51895332336,112.6687881392767
122.57520914078,112.66657734191493
112.99956882,123.81456187982853
116.97802489996,114.85131866855411
130.41103768349,114.83876055067586
115.94107675552,117.77480583632705
120.86332058907,117.57765058685712
135.51942980289,125.54465414367677
146.32042396069,116.68513489293963
145.74267673492,118.90562691526169
136.28809249401,116.1302361377332
143.37815928459,118.02034391815421
142.56239199638,120.54696077118446
150.66200053692,122.1348974303983
158.73911130428,146.3782990045132
149.02577280998,143.99972426219924
167.85708498955,157.83342461324926
181.51531910896,148.90675055443893
190.32903921604,153.9160640897863
177.71367049217,155.9452980278549
164.33919548988,155.8460081333717
168.7893640995,154.77886054875108
176.77889204025,156.31996585725418
181.63724303246,157.1510648663652
172.97331261635,161.82867031079175
169.51945900917,167.26635745605387
192.5524687767,169.00174431865406
196.47510781884,166.5447097552574
187.55947470665,169.04563555492484
173.63427591324,167.58959066917112
166.3611536026,166.9356987170269
189.22836148739,167.6366236932108
191.22820317745,162.02195530537495
180.69895792007,161.60012170001207
160.48776531219,158.39154901574503
155.78649115562,147.58203771382955
160.5399491787,152.34645916009455
168.22373211384,141.63393382737075
163.22613334656,151.0553986262291
158.95428204536,157.73368728320506
140.37125372887,158.55291654292907
145.38020777702,157.70088081411163
152.05140042305,152.45541460089075
187.70274603367,130.3181035449498
164.99038088322,132.0972270778721
173.08081614971,138.199789493614
150.48120307922,131.2422380285192
154.96909582615,127.00538675591517
161.88137257099,122.09617227820864
147.18316555023,126.78310710300606
124.41985487937998,148.6315498875598
110.12352991104,134.70853573517147
117.99094772339,125.7367177087279
117.70694446564,80.01739248561178
101.08771944046,83.35542230150236
83.018028736115,86.42309134410246
74.287662506104,78.4416467227662
73.739040374756,68.75668501375927
81.500907421112,68.31337138474153
85.683145523071,67.96683553120104
77.222947120667,68.20057641725245
67.22084236145,67.39648018169794
64.256994247437,67.9323963643144
51.154829025269,43.927783866013534
57.711766719818,42.062427915296176
43.325120121241,42.1545067175673
53.477045953274,51.04016829969728
51.463111579418,50.461607441680066
49.95111811161,51.099526314147006
47.117839753628,51.17470690109247
45.120824694633,43.52208650840043
45.952688694,59.17779486159
46.013522207737,51.20288978858537
43.69018882513,55.93373214508011
47.641769230366,50.57682693907547
46.255477786064,52.31246750599555
45.855063378811,51.68326134397197
47.551513791084,54.142868110841576
43.209825992584,51.160374971722554
49.224042594433,51.662263965487234
43.373806297779,50.190246989431316
44.228399813175,48.50995428185666
45.051950454712,46.680639327914015
46.749767303467,47.843815915002075
45.502558588982,46.64903212583717
43.352144658566,47.4532149378821
47.597635984421,46.9986956060676
42.865389227867,46.908969572503445
46.668502092361,45.783847575022726
44.568036735058,45.24700464728654
43.797562837601,45.30420643017052
42.250884890556,45.17857275295983
41.649527490139,45.16655626899259
43.59962451458,46.29402904297949
41.996879756451,44.98771886509387
47.234281122684,44.983287651708544
43.23454117775,44.596490345650864
42.625859975815,44.983452967883636
39.801120966673,44.979998760520374
43.247963398695,44.98771886509387
43.014133214951,44.58411850669067
46.634308338165,44.93361112176088
44.321430414915,44.979326942455536
43.856140911579,44.91078316980811
41.289608299732,44.9751891785643
44.749197632074,44.518303728520294
43.937773734331,46.24366232915619
42.306702405214,46.131625812385074
43.667057052255,44.903541015183755
44.99775159359,44.45301155143471
42.946923613548,44.99010020074084
43.256785690784,44.979998760520374
44.505275160074,44.94444033214983
41.335714370012,44.838187590047355
43.861443310976,44.58654396191729
42.428465902805,44.189659532377824
47.049290448427,44.78609566248743
44.630112320185,44.82607408173199
42.65335008502,44.98161921502132
44.819966584444,44.94680542899175
44.581178545952,44.46097946952778
41.78064763546,44.20866161608496
44.421041071415,44.01005469767717
43.406731933355,44.68716894145155
40.740204006433,44.84235775050354
41.615524053574,46.40776379599088
43.442628741264,44.74162289848048
41.58309045434,44.993034650132856
41.998895853758,44.591435253625214
43.03176933527,44.2803477423837
42.556499302387,44.93809849320002
43.073531746864,44.33303470142431
43.443595319986,44.83071120206146
43.424061268568,44.86511390731583
42.488506793976,44.98129445729187
41.516466736794,44.596079586254646
42.527726411819,44.6194372061406
43.92261120677,44.78944430964207
43.863147944212,44.13592532069638
42.680459231138,44.610879682424084
42.431406795979,44.82311386857707
41.959781587124,44.82183872727264
42.76592206955,44.96464357920715
42.586421519518,44.76566245274459
41.49103859067,44.96464357920715
44.488454788923,44.96021236582182
42.615889877081,44.607879122083254
40.665598452091,44.236740424769856
47.676508516073,44.94233797865841
44.127654671669,44.97137347415203
43.483438611031,44.5357994312581
41.486301660538,44.9953555621586
42.200290113688,44.95794385262861
49.078027397394,57.805442145440466
52.211421102285,53.1487478495465
50.709054470062,53.45325262373434
49.855119466782,52.58945827372835
49.807821631432,52.523720741464516
48.059228003025,51.33634858661622
49.063994169235,52.15874184447001
47.23385129869,48.17642751862198
49.415452241898,53.39613318334385
73.922444581985,75.9888880170418
96.102866649628,85.55951310642259
90.0855717659,86.30040230324096
89.962281703949,76.8547482127069
73.998563766479,69.50605466380374
70.95795917511,96.31605479372075
65.892382860184,98.2319587755331
60.180574893951,95.16904775285211
64.435520648956,90.84872964450302
83.690701246262,91.46406758324625
104.88525342941,95.81151449339987
109.49633574486,104.87031096338421
116.22795724869,103.75752639079853
109.99587893486,95.58013260203153
110.93940591812,100.46757087295815
114.88001441956,99.24224427649524
120.65915775299,102.0617739516732
117.29615902901,101.68655670756435
107.9009706378,99.3252770443606
104.57028591633,105.88595653076126
112.57943201065,110.89037593925151
118.48196232319,113.99591794127149
112.14425909519,110.98809296006682
112.23173701763,115.94055981566855
115.14918673038,118.16376692735301
120.87599110603,115.60767527726429
125.99254345894,116.31095482217641
111.71419930458,114.75969210625594
130.0298743248,114.60902863481736
128.52917361259,119.75383340597561
127.04290056229,124.41086167332529
128.31666398048,127.61761496622736
134.47615027428,132.83273140276978
137.11320281029,133.73153312444444
151.85509395599,123.4662139028485
148.18037343025,130.6370383769596
152.54957222939,132.48047141115543
156.96288132668,131.90539838881125
145.00916600227,127.72013312851715
142.37555980682,130.7968621682359
163.77838230133,150.90425063079016
155.01419043541,153.57169806167934
149.68606090546,151.03773928727844
167.08394575119,153.19874236051584
171.24604511261,150.87169110630754
171.99702191353,151.93870782832886
173.09988474846,154.16526890492875
178.15825676918,155.52923758174836
173.57545995712,154.51372006036084
170.51640582085,157.88333217200943
167.80603933334,158.51073728081255
162.46973466873,160.4751578838141
166.74426865578,163.24366662434795
165.52469015121,165.65201046538942
160.90690159798,170.04808809257918
174.96869373322,169.02759411256324
183.48471474648,168.9363578152549
191.52012878656,165.24006655968753
180.80845808983,163.55113185642733
169.08942723274,168.26662286327695
169.46420192719,160.2375416153556
168.98936915398,161.29508151993008
190.273912251,151.4803233552114
177.14518284798,156.1049640376693
181.09627604485,158.2306970290591
171.85095047951,159.40756588631538
159.7489259243,158.87624198321495
165.83364915848,160.48025689791223
159.77681446075,146.95973641774444
146.32290768623,139.57514005521142
144.49770092964,145.93297999191802
152.2197458744,146.229195455375
136.2260787487,151.01638903686703
124.51420223712998,147.28584323801624
131.50954544544,139.00000358675592
136.01439917088,140.73795679666662
152.82908689976,141.59845275767262
143.32832324505,138.42127467338656
137.57980942726,129.18652431826672
119.11010789871,128.65210539659742
126.26929044723998,130.18539203802956
115.43421661854,113.90356378319761
130.12962079048,116.87668311168902
120.88726723194,108.432006561753
126.20771634579002,108.30522556452401
116.52193617821,108.91565169322699
100.01968634129,111.27815386029518
106.00640416145,110.16225155408404
100.14080572128,93.31825284877124
99.128623843193,95.91865335633354
107.04482984543,85.65768294141819
103.84836018085,79.25640667707532
85.898854255676,81.23917414837943
73.783194303513,80.87385468445764
72.372339487076,78.94475545895976
63.803630352019994,83.74332019943557
57.474479675293,81.2214962531264
60.164861917496,75.2704358078455
70.16798043251,75.26631143131192
71.870065689087,74.5798920972664
67.299996614456,66.31170975719864
57.49808883667,53.78898082570411
41.484634041786,44.16350555497544
46.340707987547,41.48384945999218
49.544269740582,53.95818950960783
55.625409960747,48.873695537851475
55.039658427238,51.01168861740957
51.318242967129,47.02794284422007
52.160798788071,45.3204234277797
44.6887357831,63.22694493724202
54.656236469746,62.93433882151943
49.400154709816,50.3647693501652
48.398746609688,55.455291466246145
47.168026387691,55.1174843251379
47.231180548668,52.4225644094189
48.727629542351,52.25569930103493
48.33193641901,49.20030360116403
48.538325667381,51.074336022834444
47.377838969231,50.020600870281775
47.819876432419,50.16307339458412
48.438917994499,50.38889206502197
45.546678841114,50.110230250398764
48.388139605522,50.87702918917832
44.473019242287,48.75206095724074
46.459880709648,49.39257122932101
52.98649173975,49.309985430930105
48.975766777992,49.26443390294883
48.398256123066,48.996818847207436
46.130734920502,49.32486738675008
45.475717097521,47.711349191035666
47.529014766216,47.691271267048414
45.648387849331,47.768061634996975
43.6267786026,47.75637455600618
44.389043331146,46.81663361564411
47.274780809879,47.58445996624134
45.644029021263,46.72303200708197
46.106389194727,47.311570648602824
48.045714795589,48.35805872489507
45.394210487604,47.55755496851664
44.871589332819,47.57103632802165
45.127389997244,46.76887364013914
47.777500212193,47.45326371343339
43.639693498611,46.7409312101115
45.269472390413,46.598678531910544
44.855489194393,46.63277774022058
45.172587126493,46.73096239306338
48.642061293125,46.662049681011425
42.969725608826,46.81865935402743
46.869493603706,45.78968054180612
46.124472856522,45.29957368879161
43.232369422913,46.51703574100631
45.533152192831,45.17680031866659
44.609265118837,45.18896575680813
43.889103800058,45.317880791693085
43.487311959267,45.24041773794932
43.329599410295,46.5524399524564
45.185268193483,45.156653934701986
44.358245253563,45.02788250166811
44.641342043877,46.50387302085438
44.866274058819,46.48538304991463
43.946983218193,45.859186246881116
44.763418346643,45.27946751154399
46.038993597031,45.12351609669535
45.645399689674,45.24454774759097
44.91624134779,45.13780365900913
44.798632264137,45.010667122516764
45.046988248825,45.004220800548204
45.113867521286,45.023563036110076
44.369927972555,45.00865201393353
44.477397948503,45.023563036110076
44.005923360586,45.06177488222563
43.933197617531,46.310064617899194
43.48943144083,45.023563036110076
44.068727016449,45.01913182272476
44.646340161562,45.01107013785999
44.677385419607,45.050972787171375
46.004935324192,45.055059971434055
46.88726106286,45.02764242023088
43.994510471821,45.061917471708824
44.816570013762,45.00865201393353
45.901480734348,45.00709654652457
43.825625598431,45.00865201393353
43.644567877054,45.00865201393353
43.131729900837,45.05343240349554
45.257998228073,45.023563036110076
44.531170427799,45.29302397052133
44.16240260005,46.45358528112536
41.969233572483,46.48408370121964
42.786352813244,45.00865201393353
46.813258647919,45.030133625592995
45.980813771486,45.244908662634366
45.733853161335,45.12944819380894
45.825753092766,45.119253958089125
43.836568117142,45.0179055962939
44.036030769348,44.69516581037628
45.398657292128,45.05140171446519
45.698527485132,45.01107013785999
46.488441228867,45.05343240349554
45.335508584976,45.24124427447091
45.613420814276,44.971325811626755
44.218595713377,46.46159344336153
43.780972987413,45.2481828243677
44.939283251762,45.022869488860444
45.412234783173,45.08538622815829
44.604215949774,45.00865201393353
43.219642519951,45.05343240349554
43.740674257278,46.14757182617688
44.324035406113,45.070572468146814
44.796224594116,45.22097181070332
45.809441059828,45.253796791580996
45.499178141356,45.13260116132978
47.687292397022,45.03864193919595
48.349195152521,45.1017122656146
44.979036033154,45.031526403634345
44.678041011095,45.164379414434315
46.032442718744,45.046143283629256
44.234316468239,45.17320501482375
46.23568791151,45.00865201393353
53.379464685917,52.80747192302433
55.821565628052,52.815594893717304
56.287180602551,53.49876420534942
53.790814220905,52.96592790794916
52.523970007896,53.725209006584656
51.733024895191,53.82822013547116
50.109197437763,52.50518458915049
49.963183820248,53.29130305411021
50.640420913696,54.226577402311364
51.659645915031,53.735249965556505
50.374404847622,51.07228038837777
53.373078361154,52.12760644853001
54.455554366112,59.381899943746355
70.873315572739,70.6015957504639
78.257611751556,63.39332410659593
80.869617462158,65.97754145261128
81.36990237236,74.30663703366356
69.648959875107,68.13512004009061
79.669770956039,59.13398168742856
98.902470111847,79.94296942092677
101.52524495125,91.99933508841296
103.02464222908,103.03179571107249
108.22250127792,105.57036859342254
106.87093639374,104.60576834352787
104.86150074005,101.85527174952381
111.78121399879,100.41665710056391
110.6313765049,101.13655683620541
118.48026204109,110.2124225439356
107.96014022827,104.30839540444128
103.46329516172,103.21169371823872
101.0573734045,110.42045725586138
107.54385662079,111.03764034007992
120.84074175358,110.94505887860056
118.28423559666,113.01483800563932
104.41844236851,112.64085392350304
104.20299649239,113.18957323707772
112.92816090584,113.55122473919941
111.18182086945,113.49431756489498
109.14347839355,115.63334029497895
114.54499959946,116.70526412471818
137.07208037376,117.06785383956361
125.54151523113002,106.6183388440188
121.88165903091001,109.20521865913449
111.19711446762,115.00682752955551
125.27369213104,111.1485884857609
145.96145486832,110.38151890604459
159.55459904671,114.48920934787921
144.87553048134,115.25091692747662
145.44570994377,114.4647712116338
145.36581254005,117.09220612384156
146.90291428566,125.52673285271506
149.89660143852,123.05557903231976
157.10831880569,125.93537586848542
159.51530694962,129.4579959064757
165.88811600208,150.2468049372207
187.90343773365,151.97585003776203
198.64648914337,151.6548937523956
190.16267460585,151.2076510114607
176.16163408756,152.10139679615423
175.05006980896,153.61296380570474
185.42580103874,153.8582563559585
186.67402422428,158.10425908539722
194.64075028896,158.26549244254252
176.63777852058,181.88629273692754
181.1605963707,146.38103134897827
183.91422092915,175.3332290891292
193.94573867321,165.97848634721748
186.95118355751,169.2340760387003
172.28042769432,177.33267185772308
179.84255123138,153.73927785915333
191.59694564342,167.494114558995
185.25179553032,142.79643555379232
182.99864578247,152.56577844050983
163.4058380127,155.48780100266117
166.54433107376,159.1564585987496
147.18736684322,139.0804836118124
156.50005340576,147.3163285495549
152.38065564632,141.70701786377316
140.64980447292,154.66148063292786
138.3581032753,124.49655014632802
145.44240498543,123.00241647776643
137.53810691833,129.37976994458
121.25260901451001,131.45304838471833
109.53687131405,129.567117237364
116.65283679962,102.9906711857558
118.80000782013,99.91146556775792
108.30717277527,103.48328302086196
90.296283245087,87.08750627868972
78.249319553375,70.90705870583318
80.276371002197,68.01568483092294
65.554077148438,71.48201116309353
61.839908838272,63.25558768179412
53.943365931511,48.488246949940894
51.814944028854,58.21590001792531
52.327049612999,53.766960270228104
52.688032388687,57.915708891914804
50.680088579655,62.09471880430782
52.198500156403,48.928335507333095
49.638800621033,51.26172841684069
56.080897212029,51.511069991439236
51.215401053429,52.52569677682232
52.369527757168,53.82428154045189
50.435764014721,51.727689935682406
58.758656978607,52.44795745899275
52.125935316086,50.70497334933203
52.219819545746,50.398586153630404
52.723777294159,52.094238758122806
55.521062135696,52.282070552674476
54.795529961586,51.598854171185074
52.886268854141,51.484232993341806
52.94792842865,51.10543989992082
47.891617715359,50.92153223080028
49.760268449783,53.07735464564475
49.371999382973,51.731283364843925
47.829684734344,51.34030781492486
48.289806008339,52.8101560229171
53.139789521694,52.33326188101966
50.626206576824,52.09918922228151
46.86046731472,52.35610345708402
47.137802958488,49.73920917782447
45.394900619984,50.72506023437766
51.438320040703,50.2890816770965
48.772228956223,49.84113956614181
47.677099764347,50.661501518797195
50.175195604563,49.79206981071083
47.193374186754,49.432032564139924
47.766146838665,46.82618954038203
47.175088465214,49.507955966195276
49.372316300869,47.66475152084458
48.777578413486,49.81211771060683
47.435700297356,49.86565670291168
46.848017424345,47.52183120316354
47.845871210098,47.56366315223207
49.437987416983,49.16780164564123
48.611992388964,47.71035268173083
51.622703462839,49.703106242754814
45.359359622002,47.716709480701184
47.536996245384,47.799592664833334
47.199874281883,47.75747167881851
50.786368668079,49.711732827581535
48.558177918196,49.42512090029377
45.974448293447,49.21752861601622
46.146234929562,46.95104718963525
48.119477659464,47.6865662992884
47.212663590908,47.388760645679874
46.243362396955,47.43893139847776
46.827242702246,47.44518312558792
47.496728122234,47.47055486852479
47.449084073305,47.59756918476862
47.423562735319,46.17273577595799
46.376784205437,47.35390558722759
46.878121137619,46.75593044682646
44.533814996481,46.821151124120306
47.349162399769,47.280621185560456
47.521273285151,47.272951280240704
46.328807592392,47.07035751008141
46.326932579279,46.788505052690525
45.941428482533,46.18209111242089
51.276135414839,47.00176213430579
47.023553103209,46.762568511730166
48.447839200497,46.583064505605606
48.336395174265,46.7801198101014
50.258291035891,54.44791911162831
50.553174704313,53.678695199254605
54.995971798897,53.45332441355205
60.333948969841,47.9977451726356
91.718142032623,90.85596797350514
93.329155445099,89.57004388102827
95.716014146805,77.65764872283168
85.459808111191,78.58921024851675
67.16091632843,92.86935798131847
97.667077064514,100.66852394958185
111.29000163078,99.46561657276699
107.11805486679,105.18912439855217
111.85719537735,106.13399354466169
134.23273348808,101.13139903522158
110.34126138687,101.86698697236847
111.70377638936,106.9244949221153
121.85298264027,135.1446766813597
123.93951845168999,152.41321942307644
133.90737116337,115.04700452418913
130.02964282036,120.89908399145064
129.64192998409,127.36513728904407
143.6978225708,117.62853771311254
146.01660513878,118.41618935858259
147.09506821632,131.45023403077292
156.95755565166,136.6220736235566
157.34515953064,134.96568286007624
144.59833312035,133.61487125144146
153.42974448204,125.6179497527992
169.9671189785,156.74913283230165
165.10279405117,156.37160509939073
170.60667920113,152.88417115703442
174.83005309105,157.11411053665475
171.62684488297,162.84142066946214
182.63803434372,156.36669973388348
198.07531785965,168.57940458563445
187.85740435123,173.13740423691672
182.6343588829,176.1904774919435
175.740483284,166.92091936648916
198.0064368248,183.8674020465633
200.34445571899,175.96270769289646
207.17053318024,179.90147851000123
194.31462438405,186.23566076226396
202.45699596405,187.0462898955719
183.98338145018,164.81190742072414
197.01768922806,150.5904116180047
190.20318984985,165.62474458651363
185.65852975845,166.68116110544202
178.192715168,159.40851928357839
169.16248106956,157.7348693222735
169.88602828979,157.71080273561304
190.7436208725,156.81111647675954
159.61212778091,152.70624919968554
157.99033355713,157.62000163504638
159.33497810364,149.53961434425966
145.46730327606,136.79971527086755
150.01632261276,133.01241540714636
154.13191556931,136.05676912734396
133.38332557678,97.66775674082679
101.0797495842,65.26889176379554
111.15271520615,65.29749762352358
105.40001487732,66.91695377563465
93.18173456192,56.71899837075994
86.622495889664,68.38872416435363
77.844550609589,65.19216273800895
84.213247179985,60.45987199177214
75.861042797565,60.7589240652652
67.859573721886,60.157798905781725
62.82691359519999,65.50731838659787
64.242145061493,61.60977933747304
63.02862775325799,62.10899105897983
61.497239172459,63.76633016176726
63.976761519909,59.65944908367234
62.64145809411999,63.201168680220476
64.851582109928,62.03073993309879
59.243424028158,61.08730761004818
65.428589314222,60.69254884121316
58.26418158412,58.532236602447576
63.188868880272004,59.62529717978953
60.39709508419,59.35778397413412
58.176160335541,57.211910839329256
62.53774809837301,57.454785787156894
62.81360447406801,57.16795459735597
57.232015490532,59.110701955655514
53.976858139038,58.37224421402442
55.474120497704,57.39931635255978
51.661737322807,56.339212163109536
54.369830489159,58.775785944719395
51.439338326454,56.9177549415244
55.776466965675,56.30192977719421
57.558971107006,51.55712528477015
52.143635749817,55.77878006279389
52.308784097433,51.7837144444931
49.732038140297,51.78226150546535
52.640570342541,53.64351193622146
53.915001571178,52.4556438916986
55.507142931223,51.82564491097452
55.480194449425,51.900393908918986
54.019721180201,52.62988443403604
52.528225928545,52.69013487411679
52.222775101662,52.12220184987234
52.694466888905,52.34725410219423
52.445356458426,53.416606547105374
51.550096124411,53.51422478648705
51.986412197351,52.39879693047277
57.016329109669,52.64873372985135
59.858258217573,51.88141219888813
52.990862846375,52.172896578873896
51.156463891268,51.80081156881319
53.965600520372,51.10357538484169
58.601446568966,52.1194381457334
57.453764766455,51.511924944448275
60.39933282136899,52.47298228878442
57.615393728018,53.31217420621898
55.931423634291,54.48467041075512
59.257522344589,56.745675223869796
57.49233135581,58.6743758031108
62.083816707134,57.69161976769499
56.64412009716,58.24408845461424
61.678047776221995,57.2410035892352
68.064988017082,58.280363500909125
74.578833848238,59.97715335585206
75.921386152506,71.3444242875049
69.639384388924,64.36829621464595
70.848097324371,70.58402072237925
76.129548847675,71.11797953419597
76.18248680234,78.84408702428361
123.94560170174002,93.87769069316175
112.29121541977,100.41455018657975
98.79718375206,97.31331018708457
103.14337778091,90.54952320605234
91.219674110413,88.08239739031445
94.159959793091,90.09138702501852
99.487867355347,97.85232500028363
123.15704441071001,112.29635618255584
116.73423171043,110.09812752088618
120.82833814621,112.38558717058477
123.74978637695,112.2440620108559
111.95512723923,109.8218272633349
112.72842386365,110.92264465757584
118.59075081348,112.71813953462237
113.9036179781,118.18762438834011
135.04610443115,161.0280293369357
121.77885961532999,158.37572482765944
125.38285267353,118.10868276760161
135.3863799572,126.36218067410948
129.69443798065,112.94109987217934
135.55196928978,113.54806679599618
142.77633571625,121.27951315328718
131.0732922554,120.64960813167356
144.88236916065,116.40465528803696
141.40043735504,121.88096146494517
154.22924923897,134.44050585401268
146.0311293602,129.72902922553308
129.88065719604,125.06835426728102
147.67577505112,119.17868366296945
157.17279243469,142.9010743428128
152.05364489555,134.93553301739436
158.38699126244,151.3448216584688
158.47613453865,147.16193938516344
168.64987134933,148.18750844976367
165.60558819771,145.11613874066043
169.21996617317,161.84075694128967
177.61078476906,154.72071574229042
179.25540804863,155.7979895932784
167.19662618637,152.86347120082735
172.88383102417,171.2213662243774
167.33913254738,171.80639560981058
154.96549034119,189.0131532319521
76.900367259979,148.23649165009235
185.52906775475,151.06219408413386
172.87819856405,148.30401481750985
177.06665802002,144.67906399075747
53.112855434418,134.71613331662442
188.44735956192,144.91441279703085
115.83857864141,112.54179651921743
128.76659393311,136.71457153223488
105.94091463089,107.923862071959
127.40719223021999,71.5692977909935
106.22412872314,121.27670691054045
96.142609596252,88.0359340505159
104.20987606049,82.54781345914229
74.215812206268,78.75648682492042
77.580820560455,72.4923008727107
54.235091567039,59.68839617551184
58.871447563171,53.850346401391185
52.784970462322,55.17616420172467
57.703905463219,55.842265815544565
55.485824942589,52.5150524440251
54.140968441963,57.90924061187273
53.558153152466,58.296437607527125
48.946412503719,55.098464478488424
51.290919542313,58.41716789069401
48.906678855419,55.420259701898644
52.074204802513,55.09575784014721
52.946904301643,53.56607073961345
55.533892273903,52.58938105507662
53.362009048462,49.82811188342975
54.107094168663,52.78420195685163
53.952876627445,50.997372759956114
51.704241037369,50.844920703803346
55.916432738304,51.06695345731388
53.215673863888,51.03884590623687
58.473167181015,51.20886843511594
48.651486515999,51.73733954950098
47.715611934662,52.57070854669141
50.662761509418,50.61338610995661
47.498017191887,50.11607537267901
49.984424054623,50.16722446472592
47.548520207405,50.029030029199234
47.690771698952,49.84954708624577
49.576130390167,50.75415186837105
47.382155548781,48.00928423373462
47.685550242662,48.22984570676879
50.290140450001,48.01194702775327
45.237533032894,47.96389297301634
46.911342561245,47.992326042509724
45.224318683147,47.948300530032924
48.696655154228,47.98868868401616
47.004823535681,48.125568161170364
47.178229928017,48.207161738915815
46.758186161518,49.75012750691002
47.335680186749,47.96619475902535
46.360014885664,47.96302816459859
45.507917970419,47.674279612982026
45.05594804883,47.44753793961059
45.683257251978,46.9499789532822
46.03807720542,47.06692781056709
46.128473341465,46.429696473197
47.6468950212,46.42549413313627
47.186479121447,46.63961550499578
44.159689366817,46.72279158130329
45.238999217749,47.8741664266136
47.080704450607,48.817399849079834
48.861091673374,47.3522135718843
48.150973796844,47.381353480740174
47.133053898811,48.710654354013684
46.696482658386,45.60058587251014
47.815846681595,46.398996520705055
46.579847574234,46.59884003324407
44.630692005157,46.97058569440157
35.356698036194,46.09396914891831
36.42369389534,46.17664665597976
38.03993499279,46.90948868820857
37.81730890274,43.12928758898356
38.418218016624,45.19831439530763
39.139443039894,37.59280831133313
40.179606318474,38.062411767596956
38.314656376839,38.33414443494123
43.855140566826,40.029257308816234
40.867402672768,38.85410180753038
37.449631929398,39.00195924508955
37.48768901825,39.58933016760016
39.655396580696,39.46253601814965
41.37945151329,40.68590602439683
44.205587506294,41.16180254488676
39.881655931473,38.962177675326444
39.256153941154,43.60560259537025
41.733320236206,40.32237375711237
45.456854820251,40.048877298131856
39.777705907822,41.68825212261057
44.025656461716,43.06048974012826
44.202548265457,44.061795162183536
41.435324430466,41.26266437725047
45.893741607666,43.22897495650301
43.594630718231,44.01123555808256
46.043620347977,54.23154994393411
43.688693761826,40.60056091729254
44.906234264374,45.45680740030774
43.404930114746,44.45876600098488
43.625919342041,41.12783311728582
39.892528533936,46.202851699355094
82.063754558563,42.55172079670429
70.335143327713,53.91682837029562
57.498982787132,49.63324712319349
49.874751210213,45.76021506832498
57.492957949638,43.62097393027772
57.900827646255,42.36904326618243
37.674942731857,68.54333403572126
125.89978826046,66.09725501346868
55.943144798279,51.89318263054774
58.23525261879,64.32487986352811
53.780106306076,66.04747487552387
54.164904356003,83.55749212829274
6.9483871459961,52.448693676268924
13.710544109344,40.89334416632158
131.03472393751,63.05934616491824
41.549045562744,66.09236330686636
11.93154001236,42.763095374151014
60.930582046508995,49.138809068507086
56.05274772644,46.98552729532105
13.982002258301,64.6367364796862
19.114929676056,52.31614806285033
35.211879968643,35.23862854454361
34.234544754028,45.63403079032405
36.157201766968,35.64800182154703
33.205047607422,35.347793925938454
36.278850317001,40.289675254138
33.551006138325,39.10364095650534
39.978250235319,38.97959644526266
52.062929272652,46.882698198050775
47.900626599789,46.34263815976629
50.020258307457,45.833789261289105
45.482492208481,46.78906607696896
49.476022601128,48.967647182165436
49.399345636368,49.24805518045112
48.833777666092,49.88191631591394
48.625379800797,49.189272352405425
51.395872116089,48.245355372445076
51.496241211891,47.956536919591976
48.53216791153,47.98718445221293
49.580115616322,47.79478282886475
46.451334893703,50.22489983890666
44.961132764816,50.69888527672506
44.418340682983,49.147500016106044
49.312544465065,49.36675387725824
45.448199748993,49.38354297135962
47.446876168251,49.48282347514611
47.137784361839,49.55200284580088
46.114697694778,46.788502959385006
48.48857998848,47.411318120961255
46.044482529163,47.3802153813938
47.486476540565,46.60408952952989
46.451192229986,46.63787395178705
47.091629087925,47.094670128961866
46.126669466496,47.07327679384692
47.649868011475,46.949352548753126
47.307802766562,47.507530823718575
46.619396269321,47.50975982011094
48.155604690313,47.747974530156334
45.084133625031,47.76539945576292
45.232217401266,47.20240322277143
44.797542095184,47.74353781765582
43.75801551342,47.814389598640645
44.135834366083,46.87183384116071
44.702084839344,46.78410063923698
43.613733351231,47.058481579913476
45.947051078081,46.67516864728618
46.678086429834,45.012504475171056
43.436051547527,44.77888816899764
43.709890693426,45.088741319466266
45.37691155076,44.81380942721372
45.151707053185,44.54467055233641
44.436426728964,45.066334489020015
41.541235178709,44.93516519463556
45.073000013828,46.50418769362883
45.800592929125,44.310188516044
45.668778806925,48.36974515769122
44.707447946072,46.2523945209951
42.357419684529,48.601076655143366
43.876248180866,41.27798101572892
39.774443626404,43.43008853407933
30.702311754226997,36.81324734199054
33.454274654388,36.06570474847472
36.394205331802,36.669972975927585
35.972896575928,37.169191243448395
32.667215943336,39.41898146042319
35.113443374634,37.70729084959268
37.413530349731,34.30596579073553
35.32096862793,35.81884507057475
35.038053393364,39.77011484967337
38.831324338913,35.51456762207629
43.394068956375,37.425005387622136
43.988951563835,41.061809631451
45.972456932068,36.22674376136845
46.148229718208,40.62450611875515
41.667679786682,42.751672733346346
42.085160732269,44.20117728533032
42.406660079956,56.482525648131286
51.523987054825,52.219719265422015
37.718737602234,50.16309835987645
41.504080295563,45.23516097413759
46.458158016205,53.781201699656215
37.361286640167,36.74540142732025
40.004637956619,71.5269120100932
124.01144734025,38.968755137285264
45.144824743271,59.346758381738084
40.327141284943,59.642111658574834
39.989894866943,65.42703853828868
42.348662137985,61.44652192080394
57.420776605606,52.16950805653253
28.818693637848,53.11963921904214
137.47725319862,38.68138395142025
37.475281238556,59.7595729685585
79.619782209396,38.26263809456042
60.425392150879006,33.15585347132778
28.576966762543,35.56454964014204
62.68893170356801,36.72567493425049
34.35563826561,33.033124765986436
80.543841600418,43.94497613955386
37.315957069397,43.89602439155097
29.741398572922,36.74665996800795
29.032815814018,37.87390547819946
34.250672578812,34.5160360381954
35.809939146042,34.2809120646951
45.889703392982,45.69725441575734
45.935740470886,45.734344834392424
47.544902384281,43.85773169022007
43.358664393425,45.88661966061698
49.381911575794,43.828777113728684
44.224875807762,44.92883604979852
43.473568916321,48.74363947551699
46.145799279213,48.94350137294722
48.704356431961,47.383584428712
48.405902802944,47.280618938301686
44.220577955246,46.05672852125252
48.206398904324,47.1768554104364
45.112881720066,46.544002696055955
44.711379051208,46.57993070056627
46.881862401962,46.5918880455061
45.907287180424,47.13491888637549
45.532665491104,46.56588981110588
46.590176224709,46.07063079109694
48.763224005699,46.56084012010635
44.450350165367,46.91286480314602
48.693477272987,46.714501206830306
43.486070692539,46.070623952806095
43.704481363297,46.49595278645482
46.321610331535,45.48155462311643
44.30439889431,45.98246050215642
43.940537631512,46.734099141362194
45.148094296455,45.49762972133118
45.662578463554,46.72412366881757
49.451802879572,46.63358035448822
47.448767125607,45.19560646733357
53.281341642141,45.00782730363043
52.059616535902,45.21509374170047
46.897117823362,46.76124428461051
45.478445231915,45.2102360432468
44.023078411818,45.233406348902406
45.227206945419,46.53151296953624
44.192304730415,46.62021845602351
45.21184939146,46.5374393574645
43.660839498043,47.8298221897955
44.818167150021,47.322252122088685
50.116650640965,46.30869984103295
46.691389411688,47.33671229675505
43.84271645546,46.58126923933013
43.796862214804,44.84325499485466
44.087334305048,46.29151696138548
42.600755184889,45.5014419647985
47.716862946749,45.131812830856774
47.780390679836,44.981036854094114
44.37050306797,45.01779694783601
43.874801784754,44.80868560547124
41.375000447035,44.78820020402204
45.95376521349,44.886850411196264
43.94467535615,46.25851986400341
43.543178647757,46.44652037010529
46.17191901803,46.439965559121895
45.479373782873,44.841009161288646
43.285825312138,44.82262335437343
43.350952059031,44.59319129683715
43.642997652292,44.944088149301166
43.760076463223,44.9973115463868
42.886000663042,44.88184735020012
44.560688018799,45.14047653191363
45.274020850658,44.88184735020012
43.76226863265,45.00383064592502
54.968605071306,57.96815625226731
54.680157393217,58.227361058372054
55.271417051554,56.83481894893455
53.027618408203,56.24369961676554
76.074256002903,47.25180537083414
76.438632056117,70.93854873304255
74.642300128937,80.69294801792545
65.261664390564,90.64349618916799
68.144445896149,97.72435642383635
61.31259679794301,96.14811642926763
62.829565048217994,95.95639685916368
115.63785600662,92.47238340261477
117.56477820873,115.67125969396457
122.17667886615001,115.98751441988776
147.3879660368,108.31509262870489
159.56888973713,116.33337369644869
157.33846187592,121.96397350894914
157.71846079826,118.02942351113388
167.56969153881,145.36273561220096
168.22283697128,137.49700568878555
177.5198340416,151.7419276707374
134.75588035583,130.78509605692935
203.34903335571,121.7319622007771
156.97389912605,120.6613373554212
66.634325027466,125.14085028951973
189.42637443542,162.58840249692176
132.46692228317,155.60019400341096
230.85298633575,151.78403507083704
271.95265626907,163.974030485134
139.6287419796,156.0365354361197
158.74396896362,125.32197808477997
196.08319818974,208.5577097153548
58.593734741211,179.17826967710005
152.54856014252,164.79311347353052
45.398589134216,173.33990003466604
156.49264335632,162.85359289011305
137.98577976227,142.90861816325437
131.85459852219,142.57665539070652
133.00392770767,125.51679341768718
133.13847255707,93.49044566059469
157.43401384354,104.31421617531666
189.60884428024,116.73555216710601
103.81716632843,120.43209880260761
115.2616713047,160.30210296522085
159.62184286118,124.95720122538125
154.9478430748,112.6271975350676
77.970971107483,136.38828295753726
101.93080568314,82.47058204314895
108.84999132156,85.5732580424579
102.43706703186,59.15796682295746
63.697206020355,70.60635543950188
63.251914024353,56.21536174985084
64.883667469025,45.61524743955016
49.127840816975,39.99690955958149
48.095448851585,44.782200424999274
52.596428513527,47.790840748468874
48.471869528294,62.80704258686863
42.976077377796,56.22273110896739
50.199845612049,47.0972851861262
49.166741013527,50.96848768251539
47.633743405342,55.66059689307548
49.433117628098,50.73026329170375
45.595181763172,46.62562827682522
46.250270962715,48.89149828713413
49.544488489628,49.17271831533457
44.534366130829,47.58031729727968
48.411575675011,46.8146570577153
49.542009413242,47.842090575848694
46.301848351955,46.82678703665534
49.345959603786,47.776096786473005
46.197694897652,46.54519670255758
48.520740509033,47.38182008551171
46.353486537933,46.58642818062457
45.286008954048,47.285810339136724
46.952202260494,47.2669602248826
48.110738873482,47.53335252538234
46.088218986988,47.212825752295224
48.351962804794,47.0592915445513
51.367700219154,47.36971994606787
46.391597092152,46.902584485191376
45.766583442688,47.07546468991429
44.744796991348,46.99074345036222
46.80749052763,46.64456807002365
46.414104640484,46.8753029044039
44.329304486513,46.97623596290963
53.007804781199,47.22385541911193
49.792522832751,46.654135345578226
45.482348978519,46.36061625709329
48.298601448536,46.953722621480296
47.068652629852,46.23550512289
46.247431397438,46.607887720734574
47.443233907223,46.97958130443827
48.484562039375,46.96500822228059
46.524041891098,46.39638415404224
46.768766343594,46.89603696297278
46.523275434971,47.984563843600235
45.484271407127,46.988324931795084
45.002200424671,46.7209067899283
43.478697896004,47.193131305383694
50.502625882626,47.44156694311968
43.977186709642,46.77530240491137
45.791571319103,47.486396635538334
44.303107202053,47.54324921211566
43.749667406082,46.675329459863384
46.186441272497,45.717125135916035
45.155153900385,46.51606745016595
45.548271477222,46.8257136584702
43.441897928715,46.5880166199668
43.817836433649,44.97652656880893
44.910965055227,45.081604374934614
45.465077340603,44.99945092248439
44.562414228916,44.811391243340445
43.251999676228,45.418431125205785
46.897393941879,44.90964748580255
43.677543848753,44.99972967031326
44.448290586472,44.96291115038137
44.352997452021,44.980834002763814
48.291663914919,44.82546355661521
47.047100365162,44.886411562023795
43.836212038994,46.31634915389511
44.614936023951,44.83231015831845
44.730328083038,44.9973115463868
45.499572604895,44.889984888912075
45.199480444193,45.5552856249151
49.56760981679,46.5430342024064
46.262742549181,46.51551884816597
46.191095858812,45.01431346290787
43.658190131187,53.78624021390571
44.972139269114,56.02395853851468
46.516847640276,54.931637441737095
55.044197320938,55.29077511990214
72.362853050232,55.03359081224635
70.551409170032,52.37113619850745
58.019029855728,51.873856089807894
62.45978069305399,76.4852252502009
67.734359025955,70.99127584597416
77.764316320419,71.33560691792519
62.76227903366101,75.35471542029276
145.91723561287,109.69600756267072
80.045434713364,96.70087744918887
130.02246880531,99.5968122116583
103.69946432114,104.39497413728702
143.20065593719,100.14653217779538
136.8988366127,97.09482734890287
135.66305279732,103.27221753639778
134.89013147354,125.27169969044843
142.69183182716,112.18835031744769
136.97326564789,114.22565103584918
128.27419114113,120.8932908282634
145.14112436771,168.20870085428535
169.3589174822,134.71380118043217
175.42579442263,135.82251800268764
154.72580468655,142.0015040108416
162.00351047516,145.71204505162885
154.67778992653,154.2997972260023
177.47328615189,145.67102853752695
188.05146837234,138.9363769864886
183.64449644089,132.54263869110088
194.21748256683,151.04770282352135
167.85228312016,153.76453119064507
184.5626718998,151.67221727107128
189.0101031661,167.60917083348005
195.94428525865,164.8842704246988
203.8402505368,186.45232290498816
200.18240855634,170.10302655708287
179.81247711182,178.44659475498733
213.42320364714,179.7841240220558
191.8101940155,207.08660191774402
184.10390168428,154.29639815583107
189.77275288105,215.25742368980923
220.21541199088,204.9263570492506
201.99928236008,210.2348127219596
199.26937204599,228.5754871230486
221.46220204234,197.9996670799012
199.59682428837,199.9671241060535
202.16670367122,213.81011108503088
175.24557352066,215.03053223088293
152.37117862701,174.01793664185033
40.657049059868,153.05652956858688
135.59399414062,138.01990170910358
204.56569719315,184.8349227768688
163.45600605011,195.16606596544958
65.937782526016,150.88992899113265
198.89385175705,153.25668159988746
146.9621989429,151.7371634268293
98.176180124283,136.83126854306744
121.28830862045,133.40658790181516
146.01540780067,143.30915877810983
115.70497739315,109.68588162477886
115.93441471457,140.59938903330035
121.15018224716,131.08805107995386
104.48856925964,104.0639662319139
114.38058064878,103.11665936682252
117.88404169679,92.38132254873943
106.71118678153,92.69022224374352
92.109282582998,91.2835713050487
74.899572134018,69.63886457801073
65.203237771988,75.68832094037867
65.027159035206,69.58678805973084
44.602229356766,39.100580655700185
55.335457324982,57.29016301598084
51.59929984808,54.40030786821376
53.539946198463,63.08741565745781
45.640181541443,62.86058504484444
48.603111565113,51.59006124735826
46.816084265709,56.00696682686198
51.375831663609,53.78375919689333
44.577302575111,56.00546081858131
49.865281403065,52.298749172038576
48.049715876579,54.04436164121471
48.329170107841,49.15000471386291
49.154718160629,49.66293214358783
45.670409440994,49.4486924103592
48.428536057472,48.69413854663983
46.057745695114,49.816540922140014
48.498853504658,49.34970944714797
47.88571703434,46.932181242695926
49.296244800091,46.8627233063027
45.590247154236,47.45320341604553
46.430878400803,47.599360338542475
48.581016302109,47.535240167013136
46.799525022507,47.52270250101637
46.084826469421,46.916518629858096
48.408897042274,47.255203199625264
45.461268782616,46.659846360864485
45.159876644611,47.127452771618444
44.228249907494,47.210879320141686
45.502309083939,47.30745338899045
47.450098633766,47.49156012680355
47.554873913527,46.92948306031827
46.620430588722,46.727465207303574
48.705455601215,46.6627563782341
46.6216596663,46.65152573479927
43.891646027565,46.66344943485838
49.23913705349,46.81107803430336
51.17584002018,47.061171270374146
47.022878140211,46.61832898032778
45.588904291391,46.871788494740485
44.055678576231,46.858741540879876
45.941598594189,47.15391219436425
46.809291362762,46.62978914289409
44.860502719879,47.366407424490326
45.02102637291,46.71124760884676
45.870671451092,46.70668232613931
43.746165841818,47.03885853711178
45.901977032423,46.755095958700075
45.702682167292,45.47719132103198
45.214614927769,46.5000377925471
44.264968574047,45.14253167527982
44.443435102701,45.3135322512597
45.271273553371,45.0079356658429
45.498118877411,45.05140171446519
47.315227210522,46.32921076543554
44.677105009556,45.02522429630442
44.441111505032,45.00865201393353
45.346776038408,45.05140171446519
46.01329138875,45.05343240349554
47.731927543879,45.05343240349554
49.607628941536,46.47373967982571
44.635043829679,45.023563036110076
45.825420558453,46.912385183004545
44.092790305614,46.71071897357856
44.288837015629,46.753195386585816
46.01618334651,47.13019101879685
44.35967066884,46.84036598744827
47.202276080847,51.47453893533028
48.89220315218,50.433851416927276
48.377424567938,49.91556844447952
48.01042085886,50.53534325077407
55.033880233765,53.29464802354987
57.566414535046,48.067088634183285
83.430660843849,66.03410829654518
102.93974280357,83.37251187717673
97.333961963654,82.04163971794753
97.061132907867,65.49651040551414
97.534820318222,67.6286367710059
104.90628790855,67.01624313803818
98.555727958679,69.19490201804042
94.609193325043,70.24809841318925
76.895889520645,73.54140648912114
100.20576405525,118.02940328119467
89.671876907349,102.10818911131193
90.258147001266,104.86472341336857
96.121629953384,102.14015041113231
91.183868169785,100.71879089751468
101.3049929142,109.53547959663103
108.96726441383,110.39217093122522
101.7760951519,124.78500056906702
100.81880015135,112.29402032001605
100.44453781843,128.4187735399078
107.06374776363,123.77972133175639
109.06226211786,143.74636896547807
115.83569228649,113.25159833513251
131.84017518163,113.19147029959375
117.58017587662,125.79957369028769
135.29372918606,122.85008873091559
161.3735730052,134.36683385266673
157.78000998497,135.66266577112074
161.67470693588,157.52348593623313
183.95558875799,175.38295795665303
172.49791002274,170.50984107998556
181.42774200439,154.72580114746467
170.81043791771,163.02759678857882
161.84746597707,171.4829208899835
106.32135176659,170.13566985634182
121.80874824523998,157.62617451398143
249.83726167679,157.51751359834827
173.13610696793,176.57194044065912
158.14374804497,180.19315901270966
244.38128685951,134.9901317157817
160.79297232628,174.48144093149233
167.49629044533,225.59421690716397
30.138561487198,154.47218740980375
186.16037273407,163.91434036361272
170.33013439178,176.85055655303168
126.32528710365001,166.5676149333339
111.1059473753,148.06848153392045
51.472901105881,163.89847494411597
137.54227924347,149.68868343073612
146.64605498314,173.78631943047714
169.21290636063,152.79348619878266
141.11062180996,130.57683138333783
124.67843031883,123.37894004516899
131.40384244919,123.01769751729607
153.96746969223,129.56215144169568
117.02151060104,111.2898408766828
74.401054143906,112.44879743049846
136.75535655022,106.08191574263232
109.19643342495,100.88227965910667
104.96133327484,98.3869700468066
94.545862436295,81.8193535359785
107.43002080917,83.17786644059025
93.288339614868,82.19520979163566
76.465869426727,79.8469767539876
80.190431594849,77.21856917899157
64.859447956085,65.03412792281104
55.826249599457,64.22225583832365
46.750113427639,63.259835357795716
47.439773082733,66.09807432910299
40.885383367538,43.502140571990175
49.153464853764,55.37013370306286
47.255558311939,58.36665098001441
47.645887851715,50.733658149424784
42.110702693462,47.56170451537967
43.027839183807,51.68513829847618
45.895354449749,50.60755516140981
43.350025296211,50.35309900259658
44.383826851845,50.81937003919826
47.569496631622,49.70836292542247
42.348981499672,45.719151065180284
42.134832143784,45.0901113655503
46.758161187172,46.67666963086695
41.878946661949,46.86608471672388
44.916785120964,45.219153346760564
45.907935261726,46.66849697357716
42.111626297235,44.717042309753495
42.793849647045,44.66918452148518
46.924701690674,44.581021563177096
46.462384223938,44.60036545813447
42.784795194864,45.040295936422204
43.809325009584,45.12760582212484
42.975854367018,44.58751221037904
44.189717918634,46.48408370121964
42.046027779579,46.18926842859705
41.958943128586,46.649109242923466
45.947608679533,45.185348277417795
42.595277667046,45.00902749470146
41.993368119001,44.70020985871502
44.101961493492,44.72407131294818
46.482814520597,45.139957266850445
46.749553442001,46.47636359664614
43.804483741522,45.07828137528386
42.650913864374,45.01220467978132
43.008643984795,46.3454053667543
43.463684439659,44.996122327403945
40.888278067112,44.84443270994415
44.292634088546,45.064705173916835
44.171311382204,45.022846688019456
44.958715640008,44.9838337350207
43.846518669277,45.04347065163026
43.684699080884,44.98080991762711
42.519343525171,45.007395097825246
42.96976262331,44.95588498001883
41.674563884735,44.979471449319234
42.423641741276,44.988399266283785
41.383162617683,44.988399266283785
42.205697596073,44.84168835881159
42.197688400745,44.800348893863784
41.776231229305,44.745767978810484
42.719974040985,44.75989778785357
44.5119535923,44.81615028820957
41.548341155052,44.97079614644681
43.80860170722,44.795142910362415
43.838511377573,45.807278066933705
42.965229332447,45.002109920658675
42.923598885536,45.0115605066834
52.15682849288,54.93702394627049
54.127841860056,53.452185405839245
45.208689808846,54.58448950946376
46.308799743652,54.90672704812107
52.657559931278,54.06557388211277
103.96322369576,90.31873361181734
100.97393703461,93.19003199500997
104.65116000175,82.79384325053587
85.392416357994,92.92385130236549
77.764578938484,93.92444303873329
75.57576417923,83.22748227502072
69.297073245049,70.18386431621964
71.815811157227,80.3972441636913
88.234107971191,118.78730438738505
94.02656185627,103.23446012476646
77.97793763876,101.81554742040012
79.757275938988,101.5015828903742
95.260936975479,99.55513909239315
100.66317236423,117.67633553840378
108.12729597092,101.38688864461929
113.76426029205,100.63097315091885
98.901197433472,101.99670249302308
88.613008737564,104.71480726803142
98.256918907166,102.3382091261141
106.43111109734,117.96737584964198
97.422332048416,113.39275470242812
115.86287713051,107.87621130823076
123.54304814338998,120.6653289426769
120.94469428061998,113.05616649565077
122.38840436935001,117.05873938543319
118.45385146141,119.70162189828605
150.32346272469,123.90780530502393
142.85388469696,134.49487539738107
126.15411996841,128.5180476520845
123.43792796135,123.52425821143181
150.76070809364,124.73466009144143
129.62960338593,117.62857358641998
125.93847823142998,120.1071107720701
147.6919271946,146.4868817574402
152.20778393745,133.94015210148248
152.81486558914,133.0446519439418
127.84479403496,138.94221074312497
150.18825745583,152.84636743150423
156.40837264061,133.29470433965014
139.92834067345,142.27566104219937
151.58314394951,157.7293325366928
141.14111161232,151.49890440431045
138.24226951599,149.69579164891582
127.50091361999999,132.44867006237976
124.18336582184,144.2396464354046
120.50531673431,118.916927177295
123.30927515030001,136.73304775732205
110.73395586014,130.37879544755427
106.1384062767,112.94016733793292
68.997800827026,107.13576493205764
116.86050098389,106.61670864587603
111.90603625774,107.99867068578136
100.57547700405,95.0671886240015
95.273027300835,76.80470289837066
87.078532099724,84.87200277766765
83.440578699112,76.47044742707708
97.769071221352,75.297573574753
84.772614479065,75.74798077479475
51.055274486542,63.298863749288365
61.966178894043,68.08374233414708
47.579374790192,47.88662644152118
43.510600745678,48.79115259484083
42.082364082336,45.87134302774279
48.405620157719,55.59430233495226
47.159802854061,45.89060016020533
50.379910230637,54.614667404621365
45.887292444706,54.2301411324906
43.692253649235,53.915375947584955
44.81637108326,54.36669190432493
44.706981539726,53.886357559407365
42.191306233406,53.86036275826068
43.006521105766,48.01858915999866
44.008281826973,47.282673549236996
43.755619287491,47.366463445536624
41.092095196247,46.81337843573813
46.349103212357,47.16300522033556
45.324895679951,46.45096727101011
44.224077939987,45.90855566502842
42.279611855745,45.64295465808206
41.134250462055,46.665307567946776
43.665849030018,46.045469754945444
41.780512303114,45.26266295888753
41.090339839458,46.50169509884094
41.803341299295,45.08036057194645
40.025580585003,45.075342182828884
41.716318458319,45.1916879477031
41.775837481022,44.71850562629947
42.995930314064,45.270625095635445
43.116475909948,45.076320337252874
41.475501716137,46.11417768237078
41.802878171206,44.75406301469258
43.210928440094,45.464752440832186
42.12173858285,44.7924190482422
41.876458883286,44.98608270612554
43.32013040781,45.02759649996815
41.72497099638,45.10799560951035
42.836199879646,44.89800727364638
44.164106100798,45.672444969727806
42.92513859272,45.23366986595145
44.661377489567,48.12342901003346
43.479013234377,45.03017298606451
43.004157572985,45.59655908176804
42.822785139084,45.019216271946725
43.552912175655,45.024149963420186
43.044172555208,45.024149963420186
45.889658361673,45.05723844681662
46.040608584881,45.33746826178604
41.326893180609,46.48626515280422
40.5445137918,45.024149963420186
41.071001410484,45.03500049787009
43.966799974442,45.026958287164845
41.615975946188,45.041633846752745
43.35460421443,47.19889816559798
41.164310693741,46.60159622084743
41.085340589285,45.561136381557375
41.866342425346,46.16938715411349
41.523279517889,47.25878508262256
44.650487601757,46.21248705588971
41.775647848845,47.165418060770726
41.130081564188,46.12768148473452
41.124539107084,45.746360867277915
43.015513926744,48.943323201317604
44.9289688766,51.54921439834897
43.017969250679,55.27983562685651
43.337284360081,54.933285404931965
42.792540192604,53.958359107228866
43.930336756632,53.223982259497795
43.484444763511,50.72816760880968
43.84174917452,61.14121145732233
51.167184472084,52.65140140031894
62.995090723038004,65.35275559331122
99.359378576279,74.27316109075961
93.049984693527,84.27346036032033
60.89218211173999,68.81708800864753
52.579504966736,78.22268149399082
52.97513794899,75.23090299603868
63.65942931175199,74.54611947523945
54.378851264715,80.94374116765877
59.785539150238,112.46126977140335
73.558159351349,85.64403859178063
64.565247774124,90.73236944864838
66.81218457222,88.12185031104289
72.267463684082,82.30182197183522
70.313452959061,93.22574977692146
79.690625905991,82.24611326316656
64.711606502533,76.76541607500364
77.490700006485,94.69932643162052
73.446351051331,100.36044320776931
62.367730617523,102.89041814581877
80.084099292755,102.8027071943463
115.49312639236,108.35756702660994
80.689380407333,85.92406688127525
96.48265838623,113.01842221606476
81.897126674652,88.73342849215626
96.98292016983,98.93091102830728
66.541990116239,108.37947991153003
168.30632543564,121.02040142929629
88.956284046173,121.23384191690876
112.32752108574,118.31689801732281
112.87432360649,90.76337797238911
111.23454630375,98.89405183487422
98.975096583366,102.9518473682131
94.529497027397,125.72835625236583
98.887522220612,106.18150930938752
89.913730859756,86.04123952655412
80.004493355751,88.65605081879082
77.075546979904,79.71913661598958
79.68422627449,89.84435866663593
97.325316905975,87.05288146808093
90.685505628586,68.51326014064338
97.314243674278,112.29782154424716
113.03603672981,70.28240636565047
82.106034517288,67.0123598179759
82.747833132744,68.06719773003417
77.720845222473,72.894980225592
74.577542185783,72.90183374896898
59.589055418968,65.04834369714091
50.929081320763,60.92036444365296
60.129094600677,62.99932333368284
58.243560552597,54.978858078254504
48.864817798138,45.22643339786513
40.120028138161,43.498011263855254
47.500538110733,53.93389232712856
50.239318847656,50.92771140071482
44.931379377842,50.91896677543339
47.179804325104,53.11352192193212
46.630284428596,50.05480248833928
46.853967964649,57.89610514382836
48.37050062418,52.36063810006887
52.523449540138,51.49400288005948
48.020542025566,50.3065840564291
47.124496102333,50.764766382396054
48.379476308823,46.88186084726613
44.933124184608,47.51128599550528
50.350116491318,47.76870431152127
44.708400428295,47.670128935368886
45.258377790451,47.66656468362243
44.448375225067,47.49992711607253
50.011564850807,46.721356126737106
44.683696746826,47.24905773750339
47.85272526741,46.68378633197809
49.64057725668,46.64616574982217
49.572031378746,46.596435101948074
44.77987241745,46.942971387415255
46.885496377945,46.97333337656113
49.684060811996,47.27483525218515
47.388798773289,47.261728063756365
45.765170395374,46.66517353426625
49.109147667885,47.291789046440286
46.219643890858,47.24698534738453
48.473770141602,47.27260168503426
44.759514987469,47.21545505155588
47.694488167763,46.64511965031832
49.804961383343,47.44574946778334
50.739520728588,46.70473761016644
47.225602269173,47.243840523043296
45.521105647087,47.18161146552023
48.327073454857,46.67967889531836
45.54212975502,46.7334068425448
46.803304076195,47.447090870444896
46.15213394165,47.39710469827883
45.662084937096,47.550916041028856
47.300877451897,47.42282512239289
44.191359043121,46.71053175094339
47.287896752357,46.89504306744976
47.866505749524,46.947452351137265
50.904594525695,46.75639143380714
45.540753372014,46.479654425720916
46.594549439847,46.46381014398529
45.683234512806,46.650521264371996
45.378460347652,46.99389632820563
44.900049030781,47.257805158899515
49.791735112667,46.653097631103904
43.635082840919,47.00754335586381
47.64374423027,47.08753992312594
47.744727253914,46.363945017786186
46.979908764362,46.8409573619412
47.165155053139,45.44188628199166
45.724949836731,45.54384426113559
47.541984558105,45.77186297962015
48.942407011986,48.27596721592505
46.07001376152,45.9402612574774
38.588692545891,45.61331890309341
34.324056506157,44.83198211420331
39.978004336357,40.97154675917926
40.972559105605,41.13298001801937
39.012925386429,38.751442347462294
38.668086290359,37.930751245212775
42.838256120682,39.03832321757517
46.567896127701,40.06784509356123
24.155651807785,39.57397896493376
27.836176156998,41.13057934841464
44.498770236969,37.850618019204006
80.94688129425,50.81777501064907
62.609800338744996,38.43421832860792
43.614334106445,39.62717989804531
49.693520069122,52.71906117551197
45.910716533661,66.30100863933308
121.07257342338998,57.37514513048192
49.060431480408,80.21346911839562
51.779751300812,65.38377762469848
32.434627532959,52.838992016593245
49.72583770752,50.671717903299225
30.586371421813997,44.05573614977332
69.369781017303,64.78275835615051
47.061263561249,68.70429677759255
86.917082071304,78.09242862948439
46.850727319717,44.36005578335247
75.729707300663,60.421324743671214
107.32289385796,70.4693332796368
44.100023984909,51.748882580077485
65.813170909882,35.67882623140425
0.78121721744537,21.59737081752128
64.374757647514,39.878720684205554
55.869675159454,50.92701055585627
9.9848738908768,33.277597595770565
18.951262354851,46.793859970397136
40.724853873253,34.984517565696386
40.231494784355,41.66043609816896
39.978814661503,43.79012197183749
51.496659755707,45.460736456543266
47.140590429306,46.89624088931499
50.475636184216,46.339562337735344
49.940513253212,45.53321849413897
45.621795713902,45.4894261908818
50.180338740349,45.47201113983445
49.93818962574,45.86473728564835
48.568721413612,49.01664051191011
45.713157653809,45.58489450570328
47.721204519272,46.93772489809943
47.274852871895,47.63733215521706
46.346831440926,47.393642730842
49.235538959503,48.708922689125004
49.689396381378,46.8997892162832
45.943316817284,47.746100292956946
45.942492127419,47.76272040349435
50.980689883232,47.59421410638948
46.636749207973,47.83228571703966
50.747638463974,46.66982301197881
44.735230028629,47.76170348394405
45.971043348312,47.48108819694532
48.156945466995,46.715834506107925
44.869115173817,47.244995321834736
49.395156741142,47.30207492695203
48.259624838829,47.543321194445696
48.98985773325,46.77460433699575
49.090375781059,47.2344220079109
51.757319450378,47.60186972320234
49.467234253883,47.53580975742869
48.318801343441,46.685562632373255
49.02432602644,47.536066525124276
46.459615170956,47.3929611904252
45.678815245628,49.79549299619459
48.790308237076,49.57479218921338
42.693311095238,49.66034841085191
44.521551012993,49.412135986879456
43.695827722549,49.48907047432057
46.155839204788,50.79152007871204
42.224999427795,49.14202653987863
44.600391924381,49.52085049652178
44.098994553089,46.85864717947029
41.993804574013,47.65357249843164
40.742879331112,45.90174541107142
45.603053092957,44.506278484935976
43.269933402538,44.98913928593296
45.362510144711,44.49852980509789
44.701715648174,44.9986002249199
42.946516752243,44.9996894182311
42.782483160496,44.96427965331814
41.560382664204,44.68425341845454
43.171524405479,44.995232348351045
40.797919392586,44.94189742450119
42.121791362762,46.13092094013509
42.730733156204,45.00354074770568
40.718343734741,44.97386244051943
43.90879803896,44.87963493905224
42.893181741238,44.45370546338006
43.640600085258,43.990717793784434
42.956193447113,42.66712290399752
41.306739211082,43.267078726192175
41.306422472,43.51061539896623
30.760999247432,36.13438566516192
32.348694965243,37.50963898888738
33.260363101959,38.58869362969986
35.511184930801,34.89195734365255
36.735817670822,35.21791579166097
37.985229492188,35.25266725978562
39.653738498688,51.04936368897094
37.006851673126,54.427945422471424
10.952231645584,43.4845255060484
51.047749996185,45.321613925080776
56.121386528015,41.690990024524304
35.608321666718,39.002441923840635
35.075983524323,50.84279087415703
35.562326431274,40.690383103497446
31.756689310074,41.23452951778142
31.886347532271998,35.824155977318796
38.455647945404,40.26369274180237
36.295878171921,34.886642809358904
33.446161746979,33.586374832372876
30.366439342498996,40.50035489184087
32.610385894775,34.11129184391102
31.106613397598004,31.58223871007789
29.774939775467,32.561310389613936
33.422620773315,31.66165008081837
32.13581609726,29.36682920058659
35.665064096451,30.379671451651276
27.959585905075,28.32915847574576
28.754996061325,31.875669104846015
31.273998022078995,42.75518960297891
28.470285415649,29.91389512464174
27.993418693542,28.33178677221742
26.824559807777,28.346080055997966
25.795338630676,29.52557584463558
31.083445549011,29.704532952638157
31.266241669655,30.496028999605244
31.571123480797,33.108118336986635
34.843663752079,38.27720407390187
48.90624165535,41.901891284670796
44.375362277031,42.70210640871264
40.713246107101,41.483426025268784
42.620194196701,43.5787375709868
41.245174765587,48.178899760711865
44.295982837677,42.8580550285453
42.859646737576,45.0106622691834
40.088413536549,44.47524306779854
42.725824952126,44.98127221701069
42.137595117092,42.761122126132655
41.782857894897,44.90730186967662
42.939527273178,42.68538551028611
42.447482466698,41.8610116798312
40.667049646378,44.96373896998158
43.396383881569,42.72476327672698
43.863561868668,44.86978396148004
40.658777564764,43.561085036056674
43.434334546328,44.43317308781994
42.15049469471,42.48621165782943
41.167164355516,44.93851092472842
42.900895863771,44.3206050352868
44.910528570414,44.79690546903821
43.524783343077,44.73468923017089
44.053104668856,44.730918930358065
41.862970918417,44.61996889355684
42.929230183363,44.97169608649832
43.618513703346,44.73275566600932
43.989164382219,44.27353511641286
42.57224470377,44.968130981772504
41.353328436613,44.61964000562224
42.19418373704,44.579350018248704
41.529879659414,44.48728518103146
40.668329238892,44.41653960690551
41.646189957857,44.64643788694365
41.054518580437,44.416651286351346
41.817842543125,44.65734070663586
42.578126162291,45.04408497587164
43.556774020195,44.95692290717836
42.538257211447,45.29522996330467
42.203066140413,45.074168249183515
43.303788125515,45.00379352082952
53.817528516054,58.65127289803405
47.368690907955,58.70108318092733
49.05980437994,56.20908970392242
49.88362801075,58.121029006821885
81.769177913666,42.19858162385127
71.357183456421,48.13529775222707
60.91888666153,44.545192664362645
57.563094556332,65.06110416590644
81.43395280838,94.5663896526898
78.440949052572,95.09171914208166
67.615976810455,94.01278479569412
70.697036504745,95.10059492901885
64.230147361755,99.16204180826062
63.045276641845994,88.14152416696763
64.857745170593,96.35460499936886
76.148604393005,92.49942072564377
68.849543571472,77.61938079201907
80.547105789185,69.5249270556783
68.224758625031,64.0051622058934
69.182918071747,87.55500920378482
84.707080841064,84.34111151132355
66.258025169373,59.59098634354613
70.227044582367,67.11206423104866
65.933355331421,93.4990729405052
80.121506214142,90.73027789909915
68.353132247925,61.63692667001801
89.679893493652,95.45441182093106
64.522041320801,87.41348781562546
80.106287002563,64.95829762100912
91.152239322662,66.48754433435217
80.294568538666,99.2280110474298
80.214431405067,77.23375635471942
73.165555477142,90.58400567229498
79.581088423729,88.41562750655038
79.477883577347,82.61129320183322
70.837152242661,81.95726779568426
69.185240745544,81.8550526791886
66.983412504196,82.25944424614805
81.8619120121,81.26647703651726
76.382548809052,81.74148783271959
61.332666158676,85.64762574555044
75.388985395432,56.48472936603481
76.110635280609,75.62326714049074
62.613128662109,70.9091885616151
61.568301677704,56.713672039542494
66.241580724716,54.60356447828164
70.567235469818,64.9243121888003
64.851717472076,51.423098286025315
60.682458877563,52.280436119593666
44.272440552711,44.037584372721355
40.680434286594,38.64312409695269
39.119370698929,51.785663307869086
41.558987140656,48.07592375164237
38.615285336971,49.55601551130411
41.346515268087,48.321745341636245
41.231308788061,42.84000935818173
40.468844413757,45.33390222423892
40.958880037069,44.92757790657078
40.684343695641,43.689707293317035
41.074912190437,44.3528460884007
41.28702801466,44.264939183927616
40.925861239433,44.31902918699415
44.689625203609,44.118278643605905
46.107884705067,44.3560810400294
44.913922309875,43.943696701405564
39.732891440392,44.32794404231378
41.942358255386,44.454183854503945
39.946796953678,44.27130840122094
41.249082833529,44.509452331670225
41.563083559275,44.38598218789463
44.45779684186,44.984722093077416
41.209256350994,43.813266329838605
40.308765947819,44.34415851108636
41.614483743906,44.956236897436426
39.46578463912,44.946055814755795
41.442025601864,44.07403568034089
41.342919796705,44.155789968802345
42.468633294106,44.575377855808654
40.728921532631,44.045223723829416
44.703906774521,44.46707473625057
46.575529158115,44.435045304811716
40.729709029198,44.45860776377654
43.649644166231,44.98358564977351
43.254476845264,44.95853830047957
44.860392510891,44.95651911241865
39.736955493689,44.77943934998054
41.151900976896,44.56856780084483
40.566036999226,44.97498583386086
42.292647957802,44.530576871983754
46.855010032654,43.87463201154179
40.731408596039,44.55902763228243
43.422780901194,45.01239145340128
48.516049027443,44.422403062229776
43.332311242819,44.95853830047957
43.900361865759,44.83829975750306
43.862974613905,45.00012502852133
43.512697845697,46.49942298538981
43.676689654589,44.95853830047957
40.578775972128,44.93958915249153
41.514055609703,44.869316601387744
42.413201570511,44.28747298667278
44.030160218477,44.81679592669098
40.945483416319,44.63078738030308
44.585909575224,44.87209998553558
40.875433266163,44.96464357920715
44.860785543919,44.97958012436455
53.626660048962,61.60549548235254
60.74589335918401,62.080206304753
60.62458842992799,63.10842202803705
59.552277028561,57.43606384309563
54.740055941045,69.73496398765637
111.85938882828,85.56211912585752
114.09257364273,77.32297502479098
105.56051301956,82.03315515943727
98.736533641815,70.66324390078111
81.167343139648,64.21495824512517
138.65796687175,112.21547183365516
123.97405387647,109.10475985585113
119.08702732483,112.47775656735027
134.13269683346,110.77350416256627
134.87294313312,117.73789862250128
130.7867041342,113.11850769822149
134.36544255912,113.02037495845991
118.19960618019,116.27270081518473
119.82987451553,117.20958230428269
115.10940814018,150.25794666250354
119.02837967873,123.63387441782018
95.252683639526,113.50438060944725
94.338747024536,106.66991134058513
103.01398921013,146.66045650991214
114.29165101051,141.9322630506537
89.257012367249,106.81094028980654
88.578400611877,118.90082895580206
87.326898097992,123.97454373694704
90.436272621155,118.15170442399115
93.543792724609,104.43403831322529
96.481291294098,103.94394520935468
84.941797733307,116.52946796927476
93.323165893555,118.3979147982496
88.697726249695,105.3372150104403
80.068429470062,102.97197362016648
92.234452724457,103.43600802115927
82.119571447372,105.67844835068881
84.482017278671,109.55879640776577
88.884727716446,106.45902023200921
106.21158647537,106.05446620509204
105.86685633659,100.70667072462106
86.553978681564,95.18966419465852
91.392992854118,99.07374550841637
83.221420168877,94.67889600160026
79.436689376831,108.87100859461488
81.197767496109,98.70750939393504
82.288204908371,96.90110961242736
97.383166313171,95.82741569028514
75.837266206741,91.63914797835267
66.404910802841,110.11909212374228
91.816361188889,72.49295654230905
81.075217485428,75.44586332602961
69.985283613205,71.88242809775383
77.671615123749,69.21486608519284
75.285215854645,69.22441874511168
61.409421443939,71.1335704348176
70.28190112114,60.2348479570754
58.050307154655,60.07432561649896
53.297714710236,58.00776650245164
57.78897023201,53.21820157064668
45.346346735954,49.384352319075745
46.066096544266,47.653676756465764
48.87455034256,50.21550482539834
39.889926940203,44.56420677442072
37.458607196808,41.95511528859196
45.064277172089,51.207034104785365
41.85848659277,48.34648129828491
41.518728941679,50.38685560589884
44.331663131714,47.99111080782086
45.595959812403,41.96938067391377
42.489394366741,46.07543397285978
42.118195265532,44.39221190633156
44.510903656483,45.02473343806789
42.350610107183,44.69809517451065
40.967748641968,44.78112843724387
40.984283715487,44.4795201560384
41.16349118948,44.969079278343706
41.533593147993,44.99494078516294
41.47248083353,44.623673625538004
40.464358299971,44.884209675167625
40.500868082047,42.47790273238959
39.662905663252,44.968130981772504
40.477207392454,44.51328087565503
42.315886378288,44.64191976730768
42.827044934034,44.72724939336351
41.444246768951,45.45440181197272
41.778819680214,44.619285022196486
40.116972535849,42.54394120819451
44.199428409338,44.475896977054404
42.515795767307,44.74294115654387
42.324262946844,44.97479366315574
43.454122424126,44.9472871947309
44.836093574762,44.602920880705874
45.00919225812,44.94142615482843
42.334729760885,44.91058676984247
48.628391802311,44.43020739267314
45.461685776711,44.97108767132296
44.641980797052,44.994104511594585
46.033250778913,44.98020951130091
48.994151413441,45.00284653519334
45.467714816332,46.42158436662817
42.830369234085,45.05074756680526
43.884168982506,44.97587542766687
47.423385113478,44.3961181657053
43.390385806561,44.82180764072547
43.528188318014,45.00098458402788
46.388570010662,44.959091399585944
46.184072703123,44.313216373482554
42.772416710854,44.97663153121916
47.380303263664,44.99623196408651
48.542795926332,44.99124529139346
46.863897621632,44.99326447945438
42.429782956839,44.95168450386305
46.404803991318,46.52953137678582
44.424408972263,46.5068231862391
46.209262758493,46.609158498496285
45.981299906969,46.815715128240775
41.982672631741,45.0548727608686
44.51204252243,46.67838251238132
46.226824790239,46.70544794617315
49.126196980476,45.17499787703986
46.013798385859,45.575237410996515
47.567248791456,45.06767699959119
47.610743671656,45.06025474850868
44.972596585751,61.7309337843689
45.296726793051,53.58996055546777
47.909111052752,53.319912649178896
58.810198307037,62.9459905911699
93.483778238297,96.25174015347443
100.27017498016,99.58199835390205
116.62217187881,110.85795169528018
118.52834653854,91.5253183011
132.91373849101,121.73462147262133
126.41361784562001,112.48918914478334
145.7812035121,117.93043021214119
151.64077787101,116.22962291463227
139.19174191356,118.05860901605031
133.22466289997,114.55004127671307
124.4975386858,116.73500977468049
114.03240823746,118.43311374488657
108.32573342323,129.16196348037371
102.67629718781,116.89226198732307
109.34485268593,113.7247201527856
112.99708795547,105.46147184902908
98.369892597198,107.14411863041312
117.5269780159,112.18719303162341
115.70871376991,106.38919602229134
112.03502249718,108.26535142746931
110.30601501465,108.1745759869027
103.45303249359,102.11275512171325
89.943274497986,121.41635997423766
75.799483299255,113.90535421116918
80.598345279694,123.63815927865187
90.952896118164,115.47792378797944
100.01366567612,112.5402914158267
98.044115066528,106.12191824665273
99.2961602211,107.59896084182246
96.367850065231,123.06952951465911
89.997303962708,111.03890207165684
91.184964239597,104.4471648859723
84.354830741882,113.02912620502308
106.3307197094,102.89154574692905
113.51826310158,102.25335793660541
92.426216840744,102.17604534106513
82.197986125946,96.01582005094083
83.322702407837,93.58063705143456
87.909310817719,90.45300561524532
85.915026903152,96.1464845288626
87.121124267578,85.69253033935352
79.08350944519,79.88397481317271
69.979053020477,84.07393880048674
71.473296880722,76.5382424333498
70.730197548866,78.05111106914939
69.260871529579,77.54026723496598
82.989809036255,67.67964416761498
73.511058330536,64.68808752280822
55.946578860283,59.428683086358696
49.480681657791,52.80437077982628
60.930231809616,49.86562501221031
58.08704328537,48.6928838192204
64.795180797577,46.78309263088446
49.44484102726,46.128917599110345
44.401943087578,51.316485868657715
45.72266754508,48.102783562470194
42.360996693373,48.121143735354906
42.56257596612,47.26444012231907
42.460835635662,46.13488031669381
44.516116797924,45.53958370247594
48.786676168442,44.17074232030467
50.320004045963,44.48984240335216
43.894097536802,44.59612181853199
46.281426876783,44.68760025151085
45.654109805822,44.68235350538918
46.180391997099,45.07058029103043
47.636718094349,46.8845070671611
45.65445831418,45.81698037184125
40.099110811949,45.44880265508688
46.984046190977,45.16405183330332
42.493404507637,44.40059370866437
41.524232715368,44.543152592549745
46.229049175978,45.06303526928455
45.091641038656,44.31469144235994
44.138872057199,46.47426356250934
51.135955274105,44.83626876823817
45.738258510828,46.48861873522771
45.836832344532,44.241979691142475
44.810599565506,45.02677338464465
48.008269429207,45.075712703958885
47.703027129173,44.59047207029263
48.12260940671,45.740712147164686
45.449539870024,45.18827642330992
52.674950867891,46.52420633596495
47.213244646788,45.023255213803964
48.736710399389,47.1512134425864
47.717212259769,47.709153630264545
48.322449982166,50.01937923637202
50.907372325659,47.798861408178105
51.727824926376,47.57455762716018
46.118401437998,49.815316832550366
52.222346454859,50.196857255672825
49.264053553343,50.280956639681214
50.902620136738,50.05177151128891
47.322276651859,49.264545815922574
50.779498964548,50.011510298370936
49.038067907095,50.047290312098596
52.783241182566,48.89548184736465
57.271575450897,70.37059627570731
59.52453827858,56.19148834365806
72.011867702007,73.45033265657187
109.81005525589,94.72811179927311
113.89381559193,108.20662963799411
127.52696107328,107.89072981194582
117.62518395483,105.08680741083097
102.7544695586,80.19508328148306
139.80392110348,106.50799071160861
129.34094178677,139.75742347942597
130.41321063042,144.7992811572779
137.16681420803,135.51832337722058
138.07093405724,118.44805483783166
124.36239349841999,122.24424744536655
103.94430375099,119.62887026607
112.65480542183,113.25069740343282
113.3006029129,113.69830877434921
100.34461712837,114.98344079127982
107.70415592194,113.87345684638288
101.6414706707,108.2863219719615
114.77511119843,108.12506082926359
105.45967650414,107.29963817155155
109.39402532578,112.48667136238143
97.718580007553,108.5151946410917
107.91365861893,109.00919461551169
104.12061834335,105.81143537932086
117.80171012878,107.93444953624793
99.540585279465,104.59173449242701
107.17468118668,106.05192698916069
115.71418213844,106.68127760435986
121.08118724822998,110.27436510458544
105.30813026428,107.90700798116563
118.17821979523,107.43361255031121
97.88883638382,107.53108069751825
88.383965015411,106.57306833108112
104.53246593475,127.29814484430413
88.318061828613,108.39434466800718
97.566339731216,116.36860633319593
117.71483182907,119.39384016925327
111.92858409882,117.23416268378082
96.276924133301,106.65787055854885
93.242970347404,109.36996772157237
95.305097937584,107.64327723610909
101.48223674297,106.65391751643484
107.07027089596,106.23820963366968
93.618186235428,104.52047037623953
94.765940666199,96.19785474764792
90.741356611252,95.357939965735
100.47156429291,91.20645710470811
101.18025445938,96.99401569692621
97.415932059288,95.56893310435434
86.793238162994,87.74238005206642
95.196185112,88.31070763202204
81.721015453339,89.54933981020652
81.799995183945,80.49041387859995
103.9264330864,96.08961830927173
102.83809733391,76.79908306626949
101.77110373974,69.89254470682519
68.932297945023,64.21899786229268
61.984663009644,57.835205928911165
53.384096264839,44.982021110745386
51.593307137489,46.149788439119064
49.435865879059,42.64516267078261
49.221475243568,61.837444412054744
49.966986894608,51.18126349286591
50.794710159302,53.98875521410581
51.056863933802,51.746270774929044
59.509969502687,49.77419486555513
64.586023926735,50.29897778088561
58.714622735977,50.26066513486272
60.341940015554,50.249246058607085
57.843439549208,50.2540332424966
60.961069107056,49.956227213791465
59.174227625132,51.74542373207482
60.335368156433,53.59821974557027
59.325596213341,52.616712979777944
60.154422461987,51.90315085256023
60.040981948376,53.297410569826894
62.392212033272,54.099436680351666
63.64607948064799,54.79621475812045
59.801221162081,55.0133211450345
61.809081077576,56.233398973899874
59.495583713055,56.63367019379842
59.269584059715,58.450411978144494
54.4019523561,57.879539414171376
58.545435667038,57.637338084499824
57.950555831194,57.27226775690997
58.499231398106,57.388035213712115
57.031005382538,57.850294417340244
58.589531630278,57.874511118234025
55.336263090372,57.55793618652681
61.10637998580899,56.859236387851496
63.507769048214,56.626916253817996
59.018949389458,56.51657830910177
61.499948501587,56.272144861337985
62.582771539688,54.29279380545835
59.534069597721,58.958412343254736
63.16338685154901,57.81165187433968
65.884857714176,58.43606285303727
56.560678243637,62.54899603532191
61.58623442053799,59.319370909455685
60.608827263117,60.142810563936166
60.204000383615,59.971323850503026
67.756829172373,59.031256047862946
62.676581025123994,59.36657065810859
60.718887984752996,60.69688161769498
62.753533869982,61.78885167341511
61.179001748562,62.11795590031273
60.925096491352,68.25548781572687
61.608337529004,70.72097119567233
62.57876390218699,69.94047051525358
65.330848753452,67.11936935622973
75.786826536059,75.67620941297338
108.56185340881,103.08452209182639
101.86656069756,102.8722569643219
78.328930020332,88.00516854659988
81.273923039436,71.75901032791293
77.183214306831,70.79229969690029
80.733283519745,108.28789288185118
70.617054462433,132.73492066442924
74.777930855751,111.12787593102485
77.529314398766,101.66910467214419
79.713808298111,100.34101028042352
72.979827404022,84.69903234036673
96.431823730469,91.25854476000143
133.56065368652,89.66624541727958
133.56065368652,96.35394233010892
133.56065368652,90.66930904620929
133.56065368652,81.17318483523474
0.0,85.52604296773676
0.0,88.06052258719497
63.759757995605,110.56600237645709
64.896331787109,112.8975015726344
64.849784851074,111.0142807758162
63.07884979248,97.37385918346597
70.996307373047,110.4048598736914
64.27906036377,97.65599610303896
69.369842529297,95.26788171982653
76.339660644531,105.16255998232045
86.896423339844,75.71887098008465
87.959510803223,84.7734426426276
69.312812805176,75.86278726008932
71.468231201172,84.83874250698076
90.878135681152,93.23317226605792
78.035774230957,71.48819950546462
86.104858398438,101.32631468254259
95.065246582031,89.76642772628284
94.079521179199,88.28171175969545
104.04521179199,73.10681586447124
110.87071228027,89.4228061139191
94.508567810059,96.3171796822781
103.51824188232,101.52634156081484
117.10075759888,89.55089635030126
114.33919143677,102.6064844678324
110.84735870361,106.26203561663165
109.39128494263,105.6806051029784
104.07287597656,102.82272457802694
97.520210266113,118.49461406963289
99.16153717041,106.15301182636955
104.08712768555,104.79903478944321
115.84328842163,107.36328847421497
99.967735290527,104.87972702549668
110.20496368408,103.82778350278026
112.34882164001,101.23328072287552
92.887542724609,99.58893187564128
95.615617752075,102.38957350895598
103.12271595001,89.27081364342926
95.138562440872,78.99897676474926
112.4315700531,78.1996976839658
111.65781021118,77.63957257435803
96.170387268066,80.26439505361476
87.297275543213,70.10858602197251
84.983533859253,66.6576525568584
79.851852416992,70.65137866522288
69.522847175598,67.60246489226468
64.742595672607,68.66079679472084
80.78274846077,73.35867399283364
52.611011773348,40.72904190981087
54.645921766758,40.9405481882774
54.840885192156,53.18543238326912
56.610206544399,48.84401381213123
59.118303418159,47.701831347450906
57.868343651295,47.12360706126059
57.188115656376,60.051122394997314
54.635091781616,54.95460941953284
60.003765106201,58.522289081603276
57.60579097271,58.8426138275499
58.526380240917,58.048443699112816
55.576588749886,58.71790758977384
59.74544095993,57.74447114689618
57.20684158802,56.262247019732975
56.034388303757,55.71866425199871
56.023905873299,56.275997197496736
60.95532542467101,56.02628016086209
53.65372595191,57.02207986020268
52.958622932434,56.21686964388904
47.944872945547,56.724655263647776
54.017844229937,56.867186251065064
51.591377645731,56.371412195651644
52.343643933535,56.12775171823112
52.377930253744,55.77545733764546
52.162627846003,49.909877690933776
50.792164027691,50.52240947602182
49.461973756552,51.74533087921967
50.570742279291,51.86570742050455
54.246256887913,50.920471587071745
49.911271780729,50.73533457442036
52.055787593126,50.350609738352574
50.301624536514,50.693185434845304
51.44251281023,50.282432095272995
47.254667103291,50.7006616216107
49.284747511148,51.056624945045215
52.159536242485,50.77498823403
51.201181203127,50.33411967870875
50.626918524504,50.61561481177692
61.00333648920099,50.38697331556886
57.745363265276,49.92204490493231
56.821204483509,50.37924947330494
58.495189845562,51.689906534811506
56.941884964705,53.22697460638115
58.285975664854,55.49956850474641
54.609903603792,56.88068675267564
57.835005164146,57.64796278059756
56.591231524944,57.8419826875591
55.853073477745,57.623349292307715
55.114903450012,57.999752924666616
58.683196604252,57.28436288931247
60.063864529133,57.260212670146124
59.52075496316,56.438492968371804
61.34595343470599,56.16592506263451
58.662837266922,56.00169742249773
61.475591123104,56.7143163714356
61.346333801746,56.81938938324945
61.770762979984,56.827581567366884
59.521695882082,56.773094459411475
57.615623891354,56.57060897185064
59.973362773657,58.11125251676845
63.712783455849,58.524377058389945
63.28020131588001,57.60458739810848
64.543059587479,58.389744641503604
54.835203170776,58.2466937990863
62.33392333984399,55.274038366769524
52.265128135681,52.00867872786029
55.342061042786,52.43298736758384
50.602888584137,51.36690492104865
51.084617614746,55.28680235940279
53.178783416748,51.581100639699436
48.746101379395,48.326703227017255
45.460914611816,52.82255650186413
48.53450012207,55.494604145066575
48.891395568848,59.00175663513479
36.951995849609,49.06302187829839
48.361778259277,51.80768718610724
49.67211151123,54.90858155094773
47.263870239258,50.66013953455956
47.533485412598,43.49658942305049
41.884399414062,59.86178751856114
73.717132568359,48.72303817360607
15.848724365234002,32.141752577838936
69.902053833008,49.19939480780583
61.833358764648,52.07774500044005
56.338623046875,43.39712775358703
40.456680297852,65.70899062701784
45.92951965332,80.73098226501617
44.078765869141,66.63361822815742
46.456604003906,60.62779112725727
42.192108154297,40.63780583517232
42.951797485352,51.64110194106233
43.583740234375,55.94301274144955
46.603286743164,50.26836270564975
49.044067382812,50.9372327707119
47.213333129883,50.57865347404834
46.63232421875,54.622179459631795
28.748138427734,48.21331268531705
35.061904907227,51.31563131889892
34.137619018555,36.84057700605774
30.564155578613,30.553779189346315
36.72102355957,31.313265126358758
31.141708374023004,32.70773660580971
28.106952667236,28.42235655754875
28.270561218262,31.8530815009003
29.121858596802,31.756224720501635
29.111267089844,31.88985489264431
31.073353290558003,32.43779831751428
32.306303143501,39.21786446452268
40.478228032589,43.36610915750055
47.730973899364,44.90041818692432
46.25327694416,44.73025398829483
55.233699321747,45.95826459327859
59.482966661453,44.49600148237669
51.545823007822,45.5675777054545
49.980304718018,48.194737943816904
50.910939395428,49.7769144212713
52.120351999998,50.057591897290216
51.443086862564,50.64137333761802
54.501345425844,50.36769623472388
53.424785584211,49.95778851634829
50.078165799379,50.65450525235158
55.026599049568,51.57571101852977
51.465704470873,51.68689461072558
53.719531625509,53.6855922939674
53.385785877705,52.60722683544194
50.375996679068,52.63169759389417
45.48947635293,53.247547638935266
44.948063105345,51.69088359362424
46.58972209692,52.283650085691306
44.058000743389,50.084750953037364
44.288072675467,51.011281843692956
45.994744211435,49.899352114603936
44.301052898169,50.00236962180107
46.284639418125,50.28761251350818
48.564291208982,49.1669126235221
44.804389417171,46.91360587138656
49.365182489157,47.73358898257294
45.857200324535,46.67976979220466
46.64626160264,45.184960980643524
45.798888474703,46.845821258205085
44.534328728914,46.803485153920484
48.902290433645,45.29332233396246
46.829760074615,46.945629615178035
50.784112930298,46.64501265724702
45.318177461624,47.24673585497701
50.146348208189,47.169226243079436
46.920897752047,47.2418763051855
47.045981824398,46.6898801827223
47.406488150358,46.607877287528304
50.219489306211,46.687506404070625
44.465998589993,47.96631310033618
42.998129159212,47.62934645240396
41.354665756226,47.75124349987613
43.064710825682,46.199913424103094
39.036004245281,44.958479786861936
43.57135990262,44.162888516617
44.101510345936,45.56214477681137
43.620091855526,45.05850933084138
40.870904028416,44.095674884462696
43.165546506643,45.060764153033816
42.036855071783,42.47895451159501
42.40344902873,45.290783940316516
42.512406408787,44.99398925328566
39.561101973057,45.002057007774816
45.841141819954,41.99676048669587
42.364839911461,44.202776113469604
43.574336588383,45.320790554762105
43.988433688879,43.64667840836452
40.055846750736,44.455285345018865
67.386336803436,42.08450096525699
55.482759714127,45.34255569363054
57.482933759689,56.67182991505444
60.62270832061801,57.03576678346225
46.596759796143,47.6653856658541
44.272563934326,47.6486542619144
46.650617599487,47.492749424495294
42.977976560593,47.85486397222365
36.898586273193,52.333069399679204
34.295391082764,47.25695102067196
38.260540008545,46.95446949494162
38.786308288574,47.00851480435225
34.730964660645,38.183827438728905
36.128150939941,38.22471252390657
37.827903747559,45.86277916892002
36.233543395996,38.51238121616714
36.05086517334,37.81181917366107
36.307548522949,36.417682589369335
34.978729248047,36.278096823054724
35.958992004395,36.38212086973067
39.428451538086,36.48757725193457
36.585784912109,38.549843980669415
38.422805786133,37.216943862133185
37.435119628906,37.28473088998378
31.86979675293,37.30867761073286
34.650939941406,41.66869513420171
30.354904174805004,29.97175144181812
31.074295043945,29.776632941192204
32.145202636719,33.54742683516998
29.787979125977,51.67272463773196
31.613311767578,32.198288548655015
28.463973999023,30.306982040136035
33.311050415039,33.45911736403287
31.715759277344,38.02478253096063
29.400924682617,32.558954515614616
28.918899536133,31.2267316645447
30.559265136718995,30.68721494032411
26.589981079102,30.67544160574694
28.057952880859,31.095053650670142
27.221290588379,32.17191579618722
32.802047729492,28.892987685008737
30.693756103515998,29.89455710306379
28.436126708984,29.847839280202063
27.411514282227,28.022957017364
28.53812789917,28.545885762085806
31.404602050780998,29.484623216296544
40.272274017334,28.627916973701033
39.678726196289,28.2320819858933
32.890989303589,28.76138189159778
37.274824619293,32.401799652833375
38.333391845226,33.96769673113188
39.151324927807,36.87224926810491
48.31456553936,39.28163731426816
48.742552936077,41.82311577971648
48.286964654922,46.7965978920786
46.760157942772,44.7232740892784
47.433196634054,49.53006134439919
45.728389441967,49.47784966776262
47.61311635375,47.334735805480555
43.82074368,47.228470894365636
42.795955508947,44.56856750177072
42.325857013464,47.029080324986836
42.273043125868,44.79094609122575
44.521305412054,45.29236300379
41.418788403273,46.46867786274671
42.17643097043,45.09734724764534
41.533473223448,44.87253777496708
42.855670392513,43.94163682637847
43.306619614363,41.93547181307364
42.092831194401,44.28864502402547
41.648678958416,44.98182838977169
39.185235887766,43.89749942560837
41.902297437191,42.03495183284184
43.915852755308,44.005852743675355
42.179732888937,44.23169741853679
40.785643488169,41.71709771902733
40.507554680109,44.46819808497655
39.898918241262,44.27547410470675
38.578472942114,45.1518312485038
40.706901758909,44.58036339544111
39.314181357622,45.170565799963974
41.025281637907,44.19067234730885
40.544386655092,44.83436483605054
39.951490461826,44.62735597507944
40.805987596512,43.82708549544181
41.443909436464,44.50697424285068
41.916474848986,44.4678040717747
40.178320497274,44.579408252181544
45.693674057722,43.9128196801858
43.390767097473,44.5720424303966
39.784997969866,44.76636682454169
40.966963350773,43.91387674441028
39.944864749908,43.82911103013472
41.107890963554,43.96057872427075
42.906372219324,43.43985830293314
42.621084719896,46.12628880834048
44.59248444438,44.012431372752374
40.644883155823,44.484688086093975
43.103505700827,44.22775485823311
41.459811359644,42.771302063231836
41.118847459555,43.982774040274336
42.22621139884,44.93966158190527
42.448171436787,45.047558218240106
42.071379959583,44.81591404969573
44.306759357452,44.96211471343466
45.105297774076,43.85930002495804
41.724529057741,45.419626710443936
40.485779464245,59.13566879296421
45.128807216883,54.749116051014795
47.596717596054,60.089201063133366
45.927822113037,60.28588107398625
44.912597477436,46.19455865856554
44.610219031572,52.30861562516272
90.100340604782,61.27953408684426
102.7999048233,79.386739901415
92.101243972778,65.52465417840057
92.439645767212,78.74844474978362
96.269721984863,59.9207176592845
118.92307853699,95.47608861433929
123.73075675964,121.97935316892932
119.58036994934,99.75805690992321
120.52673530579,113.74595220947701
106.40077877045,116.45141707098495
115.62265706062,121.19739246406823
106.01504611969,107.51909384189128
121.90887904167,105.45165957226423
137.80215156078,110.49974459139781
127.43987798690999,105.38946975634906
119.53098917007,104.78970311562641
119.73085093498,104.7113053431473
121.32865309715,110.64154211464034
121.64008450508,130.64536506546716
117.40384864807,114.90418494303452
114.34064674377,110.63674481971279
111.50671195984,116.00652621221029
122.58997869492,115.83218671542394
125.43245601654,116.59901902020152
132.75492858887,113.3831755682624
121.40911436081,118.67828012523853
120.54860019684,113.20484852871031
111.81804513931,118.27611579981303
131.1918463707,134.96829452293682
120.74112439156,121.4689169450118
112.75787353516,117.1351424280923
105.37277507782,108.43446604550431
106.91437625885,110.65644055621232
92.469512939453,107.2206435405765
93.297203540802,105.6899694032701
97.770918488503,104.2040140928396
91.571642041206,95.41823504516435
78.109316706657,89.16106964010017
85.908474802971,79.56805773160313
80.178500652313,76.21974627386453
80.050657987595,75.53082765602633
71.177902579308,75.12394882507301
57.979133486748,52.2491613706353
56.177383303642,51.44129454184699
60.278579354286,43.59361328058596
63.788528323174006,55.23624625213032
47.436312556267,44.268076740879266
48.894324660301,43.40756766081189
49.257463574409,39.175108803770144
53.345692753792,39.25779545530906
38.901144146919,43.95431452857083
40.176119565964,40.82954281803731
44.740944266319,49.581056240091755
45.874952971935,48.49268209470132
45.255910634995,51.59178722681972
39.1281478405,50.44502758911825
42.376590132713,53.764454214742585
42.858375072479,45.96978666263131
40.289146840572,45.88653412625695
39.40557718277,50.220868394445475
42.210243582726,49.9866700266735
39.546536266804,47.80264409812264
41.886400401592,45.51190189220167
40.940221071243,44.60891788441553
42.26494243741,44.240772245772
41.345604985952,43.59379111717903
42.029374718666,43.60702935377043
39.833733856678,44.16129771167086
42.131594091654,44.25908179777832
41.153730362654,44.07672619411783
40.024516135454,43.94217697736757
42.599857240915,44.315361619117844
42.523915201426,43.781666395415925
40.525736749172,44.73964643113024
41.476808845997,44.17711797231733
43.596013456583,43.76468824068816
42.922537893057,40.76268381159815
42.17430049181,45.29421974143186
42.146370559931,44.5154863593128
45.425544589758,44.94794109156155
45.462367147207,44.15869879362426
41.482696652412,45.89334434311496
41.030405849218,44.67611704319639
45.158790439367,44.66215641668596
40.549658626318,44.37247993217122
45.29587072134,44.17375749549897
45.676996171474,44.96541511902626
49.232760101557,44.55793757436127
43.570832163095,43.38119629866575
43.77776697278,46.140043698501856
42.728985965252,45.052214230649255
43.396605283022,44.97927526923094
43.828744113445,45.01096539072958
45.468902587891,45.05425562930683
42.721535742283,45.03840609943571
46.140594363213,44.825060642831225
49.433800637722,51.474366278265705
45.789780974388,50.49128622338434
52.994318425655,54.556543783064086
56.786615222692,58.796375705940264
58.835612297058,57.0874985414713
56.092772126198,61.91445282457239
52.988789200783,62.22376730131773
46.474632322788,61.7915484961134
96.65553855896,98.90099677605414
116.02067565918,105.96086602023259
107.07203662395,95.18176364060119
73.495467856526,90.48052621541365
132.16591465473,115.05810517923256
125.94852828978999,115.01312662626353
115.61050546169,107.81610847448628
135.5481454134,110.04509883220172
107.00844788551,111.23683805108038
118.47546672821,114.37336762030664
103.28022623062,117.05253811814053
111.84890651703,112.34678427620031
111.97066855431,110.69925243737765
120.66472005844,112.90187267842556
122.37297558784002,107.84838019515769
115.91638612747,106.15569932964473
105.7318418026,106.4664931832135
116.61676383018,110.70344757320953
117.79117155075,108.69867302602097
115.43151855469,109.0825413069967
115.49366831779,106.25891422146508
107.61396121979,116.76616978341984
119.57230019569,131.43727972027483
109.66886663437,128.01025960571755
119.72944450378,111.3626161593352
144.52424669266,117.80026341748497
126.17126131058,118.04292977763498
104.96586441994,129.68435455125038
111.55560588837,108.48175791437873
105.28404092789,115.1372579505748
117.22469449043,124.1753472441052
96.26223897934,110.71472270817141
105.78014326096,111.79482237629566
87.43471634388,119.15967064233607
100.32626390457,115.33475154904495
107.70773410797,103.9753186617047
102.10836434364,104.48342404129292
96.768661618233,97.11989391907285
83.235492348671,96.18785088105369
95.861150979996,97.68705773098434
80.282329201698,98.07525952325567
85.590045213699,88.0787087880037
86.142322182655,87.34584203200582
92.877405285835,86.89392463847723
90.074017763138,86.7520924306581
90.361834526062,82.3741737087056
76.692886829376,77.58311492611685
78.017881736159,77.41976132100022
81.195754051208,74.98475091598556
74.625442743301,74.45598444521497
62.405774593353,65.42666315813399
78.96783721447,67.01885402130404
64.928736209869,70.1781944220973
64.109505414963,62.511001522256876
53.916690349579,67.24986587183801
49.70658159256,54.624651063497204
50.710853338242,52.65002862548316
54.05971455574,45.5842520754841
56.831897735596,44.40532189030357
47.510952830315,45.53054701090488
42.319026708603,41.74202385804646
47.253177165985,45.14839979942617
52.339762568474,51.18064427284282
52.087777495384,51.029766568906965
46.313038855791,47.38032110958795
45.539376497269,46.76189416609985
46.591481626034,49.79922768426207
47.159746468067,47.61293538631045
48.180593281984,49.00232326502073
51.905317604542,47.49164890705616
47.333798497915,46.01252607987384
46.659998834133,46.5411867882054
46.898433715105,45.993589616692006
44.646825432777,46.79027302993685
45.634854018688,47.12422298028781
44.277639448643,46.9922056374355
46.189465016127,46.48655205150017
49.129967540503,44.81644757257166
46.52210304141,45.09788863539103
47.192865252495,44.7936621278835
46.043122947216,46.039787809393
45.656274318695,45.69900691571977
48.024072408676,46.09767356537582
45.517147600651,46.877589287221404
50.605974048376,46.79225672089772
47.954040139914,47.04295548303782
45.618906646967,46.67061505633761
46.783455967903,47.09231870790021
46.019731581211,46.74077086981651
47.986681878567,47.22491928853739
45.156674951315,46.998832087318725
49.977518677711,47.03628058578863
47.409969806671,46.527250022007145
47.933161318302,47.00708994809842
48.050538063049,47.7925853999464
48.220541238785,47.986840594941214
49.289153248072,49.494000363285465
46.760168373585,47.683849513118346
49.278407335281,47.74416711620878
54.41172337532,47.608660607747915
48.575027316809,46.838934616901554
50.940186053514,46.713943290343096
49.513336718082,47.42267738856698
47.246334642172,47.3003122927661
49.990271866322,47.355865998936316
46.508015185595,47.38418945037846
48.00394269824,51.542925749137964
48.154197633266,47.839907491062775
53.24808999896,50.38752254609578
50.823750764132,49.25417246857358
62.49903652072,56.56077365302811
63.509588390589,51.82287721932653
55.701297044754,55.72321654838421
55.536713309586,68.213537184217
112.77711248398,113.60919965644662
114.52222307771,105.06868423996112
105.58787322044,102.45262762114086
103.40721261501,101.03286048455757
115.75811934471,86.35694497867898
111.85221207142,90.23175146423371
136.14401805401,114.02848112295155
133.76569020748,118.48863173085682
134.07097101212,113.1386058012809
139.95409524441,112.53198864536131
133.49148094654,115.64692840038204
110.45957899094,128.19708465052335
120.56638026237,120.57698791877536
119.10764050484,116.81538176123965
121.04713129996999,113.57839424759929
108.02943181992,114.27335908826377
99.881713867188,116.62858184204352
123.43214678763998,142.21805717911099
113.26446509361,114.32367725740633
115.28196430206,111.24152147799441
113.79894256592,115.54131475020128
121.66127562523002,121.60021445474638
112.4335603714,107.0746635537019
118.80047607422,129.5353992857447
118.04463887215,115.24766827094766
108.95000219345,110.28604765197366
109.64636516571,115.611297539881
119.80910968781,107.26612449052911
110.62032580376,106.84789864616401
104.53668570518,117.96496099973527
99.900568962097,113.80806256286785
124.17652797698999,107.82704936998695
110.32346892357,114.0406156681022
107.34647655487,115.76950957375486
114.89196562767,109.8177869350902
115.31403231621,106.88692294432522
102.23775076866,105.78351084027219
128.19195103645,113.8919922170849
116.36295962334,112.6834821277225
114.72613739967,109.19030199461835
131.74788892269,108.18511288941099
116.7553126812,104.79772885237183
105.49767029285,104.69267546725128
117.85830497742,107.32633113539578
88.697828054428,106.69300081711246
98.383049488068,103.55691770062026
124.12863016128999,104.11728732338177
89.57456099987,93.97529674091801
97.68837416172,86.59253974255324
87.387313246727,90.40381969967629
88.49137622118,79.76335142818128
87.633096575737,79.27733002131194
82.41672039032,83.69540512902333
74.727976918221,67.91225015562065
55.582574367523,46.65899223924195
55.144582748413,59.16975881865693
48.492087006569,47.93271829794677
48.392517775297,43.5440855130862
48.828761935234,49.790403945473095
49.202035903931,47.75865546097694
50.052523702383,50.307019867811135
44.101775407791,47.282848456378666
44.436706453562,47.830434175751975
43.436398625374,46.81976965545744
45.635317981243,45.22938829496751
43.534462630749,46.30542475449937
44.520609676838,45.01048910784111
43.318746447563,44.723851729430294
45.338782548904,44.797841288988444
43.538139820099,44.99326447945438
43.83831730485,44.53879365109694
43.556006014347,45.00098458402788
47.251686036587,44.99568260338084
44.759789854288,44.99326447945438
45.122670859098,44.85564604882545
44.59497526288,44.99326447945438
47.736286520958,44.9884548974983
44.824629873037,45.01589560620444
45.219596028328,45.023285076208886
46.140187948942,46.47373967982571
45.270959168673,45.02540013001765
46.081009894609,45.0327896000221
47.643049478531,47.36097630728562
44.045541197062,46.73744635099307
46.0700519979,46.65613755892277
42.352535307407,46.70186189631723
45.399105638266,46.91480229932433
44.509222775698,46.51864759405606
43.121796786785,46.82010731159195
44.630442619324,45.65706753229504
43.981260478497,46.66402839166361
45.390294313431,46.57685325697753
44.80061852932,45.54448562515266
46.429957002401,46.33181257532784
47.912960410118,46.79017343408624
43.808228492737,45.57293598466469
48.633801430464,46.37805094298521
47.149922341108,47.021594509096246
45.12398904562,46.74972004235106
45.498279958963,46.82112868832504
46.492774695158,47.272583869855865
47.379674375057,55.08876889071974
64.182746171951,54.70065293505356
60.473431348801,54.900055252452844
62.860821962357,54.32623084403524
99.274560257792,96.28595976522726
117.13880707324,112.42110685589041
110.78777632117,113.0497787824303
107.12708485126,104.70519848891283
103.72011697292,97.30236341733368
110.81731164455,131.86768689613092
107.86867904663,121.48189488465871
107.25462591648,120.34406022644767
112.08059954643,121.10096745205098
136.03524971008,116.96647275393306
116.76267337799,116.41213272409453
103.77127242088,118.3405154038171
104.43782144785,119.53670560596845
102.87168216705,113.10630899572375
107.73342084885,115.09010633518571
93.312225937843,121.94115742974483
104.25714159012,106.9565257832754
104.61850881577,104.87390204770954
103.84669804573,110.42993989533699
127.81432414055,105.64047410111813
119.22194337845,102.43645612929024
110.77578806877,110.14837523224121
123.35497689246999,104.04189245763465
109.96601247787,107.33465148290789
100.97226119041,113.72017181292465
102.90367603302,107.12444923575896
88.274687767029,128.50014306091603
98.220910787582,121.45097731041264
97.812487840652,117.08289706126418
101.07372522354,103.6811918055187
109.92605781555,101.98884224882184
90.598959922791,103.28400416939361
112.47599625587,105.07807223942223
91.689346313477,115.02208203433511
97.795023918152,100.69674365116407
99.876001596451,104.00367982753673
97.300959825516,100.53849380187609
95.489241361618,112.46632799903894
90.852898478508,106.95049974835649
85.191137194633,93.98482068604002
86.68197119236,95.70636083584738
76.419453263283,92.31760106914386
77.143666744232,91.8408111371019
77.168144345284,93.5828082249684
84.564153194427,84.30655235103492
80.670082092285,82.98571909510524
73.095653891563,78.15661091702222
67.605313062668,74.77252230887522
71.670816302299,73.5508810521942
71.061563491821,68.90015552494614
87.643173217773,69.8225100079383
56.60550403595,49.488915838674004
47.533595085144,56.32212340658812
45.281019926071,57.32457767179165
47.233798652887,49.125610294469766
45.65274053812,51.39937718059595
43.054094731808,43.465844184044634
40.18681371212,43.12506250517402
45.130445241928,51.90930813482337
45.940678179264,51.58461093617419
45.33170992136,51.86412746386946
46.719310611486,50.61571383035053
43.434646993876,49.979304141723034
46.101891875267,45.30454250727214
46.682741731405,45.89966332365783
45.626140654087,46.714640248487235
45.018971025944,47.12722771962059
45.581341326237,46.85073291616652
45.854860723019,46.93191865808298
46.406834542751,46.740463577756856
45.728407740593,46.47863239479877
47.630163013935,46.54872634093043
52.290300786495,46.90677765091792
47.024045616388,46.773556235037475
49.087298750877,46.92790941752605
47.576239615679,47.054620217630664
47.554029017687,47.14217960120503
49.389944702387,47.30019097186329
51.607468694448,47.492732186122886
48.467103809118,47.47167815171037
54.931689381599,47.7195850895558
52.16051402688,47.9385430800428
50.413428992033,47.756542117362564
52.942034423351,49.55113377003226
48.700089126825,50.37872623406846
54.249150216579,50.8041411459092
55.336292088032,51.24168270739159
48.695942789316,51.836377651357765
49.669854849577,49.736025265940064
48.782726287842,51.399658770500444
50.507505893707,51.43948083097529
50.368981659412,52.132694591139824
50.285000175238,50.362036302388205
48.879400372505,50.906250907044836
49.981106817722,50.88778675310272
46.961698889732,48.645295704008284
53.049648016691,54.22339850942751
51.011993288994,54.10762354136822
50.861939311028,53.80214724250514
50.217518985271,54.478100659687456
48.294254899025,57.61008408307814
51.657152175903,53.57586422840825
54.304363459349,53.517560440148564
66.146622359753,73.67709378204005
63.66485160589199,69.93640877368422
66.216345608234,57.23544698058403
66.14237511158,57.96736398815637
66.400922209024,92.45699649998183
67.695256352425,95.54151830521886
68.890594482422,96.72082364520026
71.525709152222,118.04387480145844
73.86208152771,119.12260426103768
110.71777200699,81.43843921463672
111.73532342911,95.42498345717715
107.21096277237,107.13558290459538
130.5973418951,101.84524716949478
123.76463830471,101.91972108615406
122.62247180939,105.90377920103774
125.27862787246998,141.24072490549082
122.94884490966999,104.99866098356162
97.99255490303,105.15487903872409
104.05513238907,105.18561345860222
102.86767411232,111.69600732115349
114.38545417786,113.98102767240398
108.37797236443,117.72624064483755
98.735231161118,117.42447193783524
107.94593143463,111.08285610777513
110.29557800293,120.32433521662273
107.82576203346,123.33022058395727
108.21459972858,106.8075776915055
141.48803210258,108.04249517037823
81.23837518692,111.20743605615895
62.94236969947799,102.01843895990802
94.141650915146,102.28422201307433
69.126607775688,99.57561214390907
138.16150760651,107.04106505757063
97.139697194099,90.69719290505158
121.65585279464999,108.9515053873759
77.714695930481,110.67077797493806
96.617786169052,94.51081493508568
98.552370786667,101.67804799081922
86.287147760391,103.88874065011579
113.82521271706,100.56546989552338
89.768966913223,106.48107504975222
98.249512672424,106.61265250736008
70.434759378433,91.47038229732479
80.260277986526,103.15561861311309
48.025970935822,82.40256143470123
76.417750358582,71.62890155945344
71.777923107147,71.66939740788166
62.595514535903995,72.8738816133421
70.789915859699,67.16420399478521
76.666257500648,58.644677715548525
59.869184732437,58.693049321420354
52.591670751572,53.757341800088234
50.903596162796,47.86622708007023
51.701775968075,48.625407853506715
56.641915053129,48.468589529379926
51.42871338129,52.344668813537574
40.142883777618,43.947039347606086
47.11844420433,53.2949780495195
45.900361537933,52.487996094952834
47.896697461605,53.02107027760718
48.118140757084,54.476935296740784
49.000715196133,55.23628401081242
46.815466761589,52.379157752849636
46.211076825857,51.104985248177854
49.515724182129,51.61189593821323
50.274536699057,50.94391595507469
45.162027418613,51.64341230687071
47.091247826815,47.35283151638132
49.488516896963,46.786004417481536
49.689643740654,47.14205591140362
51.001468241215,47.06822937995939
55.079632788897,46.98101427123
59.396576881409,47.48243909707038
59.437593609095,47.66209083367194
54.324365258217,48.0516533766314
50.63963830471,51.479262307198795
53.19267386198,54.40298246245939
53.186857640743,54.747986543299525
54.254923284054,51.52994162148606
54.349028378725,50.891237890457965
54.872720271349,52.63963919857136
53.240705102682,52.306738785836544
54.011032402515,50.47574035109643
51.862381875515,52.453802941047165
52.242127239704,53.19844561999055
51.889627873898,53.74444718392494
55.271758109331,53.41355692455327
56.685326963663,53.096922519560344
50.423033386469,52.073908332286486
53.90207901597,51.854808202737
52.432328909636,52.54055717267014
48.925687462091,54.092627219788554
51.772259831429,54.10304130531102
57.385627537966,54.343017981544286
58.667629629374,54.02098578242892
56.875201314688,53.815819937317
54.324794501066,54.4735183952778
54.275463610888,50.86216002169162
53.734261453152,53.56268998786622
54.152652263641,54.67772426117105
54.274431705475,53.22655083707547
58.72138094902,53.96853032318297
51.242980599403,55.93941157626191
55.852903068066,55.66924186416978
56.332500815392,55.9082395102174
60.406038403511,56.65088821532934
59.520484417677,55.988072363241855
53.956399440765,55.29253058993207
49.58795529604,56.64134963027227
60.846479326487,55.333887488063695
60.915164083242,58.512301249661974
55.198861561716,57.92352211235662
56.362300090492,55.81701218195798
60.273010268807,57.2434957579304
54.19887547195,57.74845123431721
53.971328854561,56.81565978043124
51.489831805229,56.35377185170628
43.871797442436,53.881788985994696
40.201638102531,51.1726112887286
44.021302223206,49.81949550140189
47.633848905563,48.92934274717254
41.58521938324,41.37647214089728
42.895314216614,43.09741838764645
41.137753009796,47.681957348928265
40.584361553192,42.318888020723094
43.35133266449,44.032196433442074
41.809342861176,42.046937833054606
39.856277942657,54.445326433805654
41.441508769989,42.605468023426184
42.227580547333,43.27488625428317
37.609328746796,39.06969424597424
44.838969707489,39.31909222123992
36.73166847229,44.03754497501893
40.446802139282,44.856569387560505
34.99720287323,44.17411363388597
35.600991725922,39.08871538231091
32.841180801392,43.8718371858067
32.692052960396,37.30924113112096
34.618396639824,37.46558228045254
36.068299770355,39.03671974325225
31.472084164619005,38.95080462468493
33.297886133194,37.99027973791507
33.506799697876,37.72743644622663
33.748838543892,36.56395077794062
33.187994837761,52.98496815265091
31.410333037375995,34.10555180803255
35.319678783417,34.402400737408705
32.853939652443,32.99466271909294
31.050099134445,32.66855004198646
35.275639891624,33.04627687224218
34.0159034729,60.208189333511314
35.121080160141,32.3386889109473
30.866101264954,35.025812290165874
28.425366401672,32.52426569178611
33.243434906006,32.259177735112125
30.754051446914996,32.01412780779068
30.142874717712,32.02139148195804
31.942465543746998,31.980438905988997
25.627372741699,32.20800718122885
28.907494306564,31.45724645199058
28.88416415453,31.672315637827364
28.645892977715,31.39090418072349
29.382461905479,30.948733559613952
33.28450512886,32.40743726745251
32.239344358444,38.44554313097478
38.879928350449,41.30251802231659
32.519605755806,38.96430381403137
37.566482663155,38.42196751879117
45.318448662758,41.28508669410152
44.567608952522,41.65779297472365
44.308198094368,40.9603286702566
44.238879203796,44.185503104565726
46.390834152699,42.246474289792964
47.280105829239,42.55776114513906
45.365936636925,48.84330100241277
46.276800423861,49.27337094332442
46.772093862295,49.781407629793335
47.619773626328,45.238964354326164
50.443781226873,46.954818533188245
49.796365112066,45.02609605883428
46.527670562267,46.22998273922282
47.174424469471,45.51182079878316
47.462056130171,47.24127821824258
47.322571545839,47.2467459628918
45.805453360081,47.25521833266198
49.404101639986,47.332397166002664
46.124566793442,47.75624834796884
46.119056224823,46.726016375261935
47.120817780495,47.79017336837858
48.06990468502,47.78694895709939
53.502613008022,47.448816541868794
53.301036268473,46.933032030039996
56.682859301567,47.58858672852689
48.393018335104,47.12828551307752
50.65229293704,47.73214225074457
48.945129215717,47.670694503048736
53.922386944294,48.93736819547683
50.154362678528,50.05918246498628
49.331207901239,50.810408967281525
47.642536878586,49.781249437286924
51.60878393054,51.40965914644697
54.240061193705,51.16070921722645
50.794901788235,50.87830876508445
51.492204010487,50.42070202978972
48.918572932482,51.078181464448335
47.410471588373,50.78333281567899
45.573976486921,51.030806270756074
50.202287226915,51.05170727516757
51.167319983244,50.771639884463745
47.512020647526,50.55399575741821
47.010078430176,50.62563210024921
44.337503254414,50.75519305442807
50.468942254782,49.99352320513922
49.037826240063,49.29539185641695
44.709795355797,49.95671918056665
46.976059019566,49.01170108612921
45.198906987906,50.22125438882442
45.878657996655,45.36773287260404
46.783122390509,45.44743097154838
45.226092070341,46.1969760734829
52.192853569984,47.62641782625496
49.763226509094,46.24490012609302
45.495803058147,45.909266769529424
48.035930752754,45.33387231239327
47.611993908882,47.12220022888781
49.28569662571,47.2200682458227
44.723217964172,44.9211130468171
38.048552036285,44.1273353999864
38.385655879974,42.19346723712168
33.448522880673,44.333306388732396
36.179779484868,43.91585989014538
37.676372438669,44.945517743198494
36.71487224102,40.57044301108194
42.369579553604,36.825608082001324
29.043551206589,35.97477181535513
34.281069755554,36.16720306048721
56.058471441269,35.94111703934586
40.200733423233,37.42847174117053
36.349988698959,36.68653231295403
38.26632475853,37.03290492476549
38.725893259048,35.94378909465534
40.362966060638,35.79935236050851
38.5631108284,35.75007324958605
38.592713356018,40.65827376216939
38.869030475616,40.29497061325113
37.50953578949,40.4810441337921
42.742874145508,39.870821509575414
39.914358139038,41.2702802570279
37.075529098511,40.55426106199994
35.040153026581,40.844671833784226
39.748260498047,43.08410870943952
37.482069015503,43.97535113123754
37.19912815094,36.7850349654724
33.899160861969,38.57924753877907
37.321164608002,35.88748077086215
37.467000484467,51.06548620270721
31.988759994507,35.56053128044422
29.419187664986,38.78203119362371
35.03366458416,38.457443238199104
34.912199139595,37.2578275664542
33.950907230377,47.76671123166078
33.345905542374,52.33086591757624
29.832942485809,41.4127575575622
28.969249248505,35.9703944410048
29.545708060265,33.18669623234012
35.506683588028,33.92285751809102
32.231745958328,34.44116701606698
32.654559969902,36.161798280591036
30.330508828163005,29.863858324225596
30.17453110218,31.8086841259923
29.245736956596,30.463890572326576
31.897884726524,31.09200722505699
31.54729282856,32.397161250298005
27.849435806274,32.14187556237754
26.797273039818,30.137469159506082
29.650168895721,33.36810452391122
29.112065434456,29.082978370820637
29.965830206871,32.86947409452001
28.614150643349,29.223495218668475
32.365838170052,29.53616283784926
23.854696273804,30.243618076336585
30.202513456344995,29.504277359206167
29.450864911079,29.323422309924723
27.444462776184,29.320561085517525
27.152829885483,29.18680378477775
27.873474359512,30.15501647216009
30.887342751026004,29.06014784286262
28.028782129288,28.66864736810619
26.309279084206,28.133846614499664
31.453245520591995,31.634711817040724
32.895593702793,32.971473543569395
33.613171815872,31.91644674244527
33.494203209877,33.12888901429956
41.40148127079,40.38947203548623
39.679975271225,42.27380786936429
40.612480044365,42.849374488746086
43.372190892696,42.231901552252076
43.616264641285,46.70637496191604
41.454094290733,48.507865750173245
40.77997598052,48.64284982674411
41.601160913706,48.69879688301596
42.540669262409,48.72911661433042
42.978882759809,45.29416285470604
43.669896245003,43.232865308941314
43.419761359692,42.791139782971875
42.964231848717,43.64516441574238
43.550757884979,43.032405533492394
46.923233419657,44.091860693032075
43.541687816381,44.127187922197514
43.169764667749,44.57835390269355
41.301050543785,44.82703268061441
45.036060214043,46.37434882767681
42.824119985104,44.67161806307753
44.456707417965,44.866257049171274
44.371727913618,43.616459097470994
44.733447879553,43.88635028187782
43.376585751772,43.62704684330248
44.016179889441,44.2858041220865
44.236633628607,44.71529976677263
48.828917324543,44.99326170284335
51.03965523839,44.78339711454099
44.614802628756,44.35432059014798
46.760077029467,44.570511014015246
44.718915790319,46.757168621224025
43.097556680441,47.065367031446776
46.881036937237,44.87993573757878
45.561336219311,47.45529649637588
45.34933206439,46.02066367149212
46.802019894123,46.14952333237816
44.746364176273,46.823372174534235
45.844313114882,45.152710399757844
45.592093676329,45.07721019671103
49.652124464512,46.45791554257225
51.808217287064,46.7132649772679
43.745073348284,44.9364199456622
47.685970455408,46.75631799819598
46.938384234905,47.254568503085416
50.366438657045,46.403168663634005
47.275213479996,45.67292844785113
47.66213208437,47.40740900258701
46.469799160957,46.340810518942746
47.036255031824,47.244994477707245
48.324801057577,47.01430845512059
48.142157316208,47.47784874280535
43.310811847448,58.74278928263253
45.423717111349,56.65039454485629
46.350314199924,57.50314873858981
55.443865537643,60.95243005129535
64.229116618633,60.08434829036531
63.525408029556,60.139224173128106
60.529113173485,63.59539501674848
58.019629955292,46.61203110037739
118.83307170868,99.1238479763134
112.01811552048,101.57555461713956
105.59196090698,108.1162867244592
105.90892553329,98.67716204656188
85.569269180298,120.98538937072735
79.619255542755,114.31014730374167
66.516601324081,104.03685212576706
73.889754533768,105.52954526030082
73.193987369537,103.11742390168801
76.801415681839,100.31965957175115
67.368237257004,85.79314362055253
73.711482524872,78.58065042910876
70.272493362427,83.7759513155653
68.890249729156,85.91787525079796
70.434375286102,86.94558705611341
66.730662345886,67.60654432172939
64.7809009552,95.19744380703278
71.297789812088,71.68139985763588
70.648993015289,59.283015490687404
68.682382583618,89.96608569302246
75.242789268494,65.26616999352377
70.618865966797,59.986899240761005
64.090312957764,58.849162576345925
72.227995872498,58.83191358901324
67.960083007812,61.91011704454238
77.403712511063,63.22479981871995
80.755435466766,90.04324580407562
65.763844013214,58.30805908549593
63.55799758434299,58.273049978917534
64.212208986282,62.33872392823218
86.170789837837,90.47880435166424
76.614393115044,78.64034047029871
79.142093539238,60.889466156185854
68.448848843575,59.03783462821249
82.885160565376,88.55372962181481
84.39210152626,85.8604792269119
74.34790956974,84.4704756313173
62.115838885307,67.54383404489165
65.715209007263,59.2937154230178
64.320296525955,67.42001099215977
73.736928224564,72.99200520108616
87.589348912239,72.36023046720366
63.86185967922199,54.11699874619504
79.943804383278,59.733303213653706
69.27765250206,59.05797865948609
55.12343621254,48.61873110139821
55.667384624481,50.912156513925474
44.448016643524,53.123396512115725
44.610994458199,37.36280453246265
51.59416615963,45.50347639462472
44.405786991119,45.61130560941744
49.317876398563,45.08248510712108
41.711381673813,50.0013562413242
41.598660826683,44.9247409056781
43.305325388908,51.65930192405334
45.249270200729,51.52946753570824
46.195941567421,51.40210511617399
46.274652957916,51.12719140913044
41.514938473701,44.82746828750014
42.307205140591,49.593605987257156
41.952442169189,45.85422470076509
41.440809607506,47.03749497019272
42.491867601871,45.74135399639464
43.606888532639,43.93718424339289
42.116493046284,44.32921208037422
42.34309092164,44.84219519520194
42.075407624245,44.83447509062844
43.452459216118,44.365206638597755
43.010914862156,44.25726586032797
43.591358542442,44.025593225122684
42.582164287567,44.46371689874487
43.70587387681,44.84770498793475
43.263586968184,44.63492391491663
44.618528395891,44.7697643509785
43.162196069956,44.70314832131315
44.677469730377,45.016140480297764
43.695589691401,44.98430564044975
43.508772999048,44.578766426252024
44.666943401098,45.48543070074223
48.752205640078,44.53207680760011
44.70531001687,45.60022389673192
46.488223493099,44.83205294381493
46.9155420959,45.046310658398475
45.44744604826,44.94931810518124
50.629650354385,46.492239668743196
43.784400999546,44.58863222429509
44.941790103912,45.03089851957514
47.12739610672,45.238993323838024
48.602258890867,46.61151041553745
44.196037232876,46.40201250760076
47.497675567865,46.644758128451954
47.467009305954,46.714250073487484
49.817599058151,46.89032796561064
49.284780025482,46.693716259748314
46.314415097237,46.44102187405542
47.750378727913,52.08985414426719
48.362827599049,58.133959413551494
47.999167561531,57.53801117220282
52.12069195509,57.97462578744847
52.363768458366,58.09582728107667
57.657103657722,57.653115554130196
56.841061532497,55.29023170114464
77.002849161625,56.155079591226496
104.17245410383,100.47245750289672
110.77736966312,102.65500392805804
111.65888643265,105.54264775089587
95.179517716169,95.90742366734015
128.47462487221,106.32661549926013
133.0902364254,113.13589334286603
137.68019688129,115.90224260624296
129.28775942326,123.77700601434815
133.997371912,115.11765466295684
125.32156634331,116.94275367433299
128.91723227501,114.97806762549347
113.33403563499,124.35875070862515
111.72283244133,116.4134755803831
123.00463032722001,145.34488452029845
133.99624180794,117.13967232594594
121.31992483139,111.32311120709056
131.82333660126,118.27470940803651
125.17537426949002,120.75008488098355
154.91328048706,127.52813807886886
128.99877762794,117.28892206890988
127.26425671576999,121.1099018356781
118.66451478004,140.53637816453158
108.34879231453,126.96454462157126
156.39996385574,121.51131016832842
119.77591609955,132.3348715760438
130.96062421799,130.85879784084952
141.10742640495,147.86680200942038
138.91912841797,120.5152654383048
156.85059785843,116.38993832279276
132.63222670555,124.09491271789372
121.36699533462999,118.35523183769637
124.45225548744,125.58068364456042
103.62711715698,114.08784730964433
100.48635172844,114.18101580048011
107.28379845619,115.3353023050733
113.5704972744,115.32083679564644
133.56754481792,110.43557094633348
108.09052371979,107.43760445942351
96.358260393143,111.75573700140366
89.492254257202,111.42786625432305
104.08736145496,103.14531652243637
98.291133165359,100.12856799380506
93.075544953346,100.36976257138986
95.736042737961,103.19625111527989
84.769644141197,79.11148632224867
106.82923197746,76.87502242530333
108.25175213814,76.63992420282312
75.707962751389,72.10587810073311
71.595069169998,70.84640641151428
55.015600919724,58.037087765967705
75.613188028336,48.7399260495194
54.28160071373,53.99295454093899
49.058354377747,46.10564521976169
47.385869622231,44.56113477668448
48.546209394932,54.48747807425119
46.407287359238,51.14513943773715
46.026250481606,52.3328417713734
47.554852068424,49.335827489382375
44.495253622532,50.87987829057237
47.811057269573,46.52657122702369
45.289267063141,47.568895229928216
51.48748344183,48.09100616418431
43.102442443371,47.121627379667856
46.15552842617,47.75205490798413
52.780937671661,46.80920311684545
45.391716063023,46.600553050098625
47.26867416501,46.46420687894042
45.75755611062,46.40170600633175
43.902069747448,46.628035318675515
46.954448401928,46.59918496964179
45.918465673923,46.41436863931926
44.285070478916,47.07389066614614
50.662688136101,46.61001115588523
45.616522401571,46.566137536102644
47.316655218601,46.530682743242615
50.359178245068,46.83513312615003
45.437702089548,46.644221084499456
56.673480391502,46.606294352057695
50.617608845234,47.07760056332077
44.903131753206,46.86932119809921
49.428690701723,49.985508012701494
46.74221432209,46.90663553665406
49.632649242878,49.87199296353438
48.593260347843,48.73731066985909
46.394504100084,50.080537712345425
49.44531160593,47.91010028773589
47.376326829195,49.1544522469408
47.170520603657,47.710957911578745
49.523696303368,47.62822728652687
46.893568873405,45.46686966529769
48.001119613647,47.66964475182815
52.551956504583,47.69133372539545
52.522217541933,47.80288296223377
48.160039663315,50.14522435885558
48.966542959213,50.17136275191985
49.815661519766,48.82462153577406
50.277037352324,49.21166273403877
52.00791208446,50.653282527490845
48.832162410021,50.77944431209981
51.170463487506,49.954796829070695
51.002999052405,50.717664371527654
50.759783729911,50.33583909684179
51.454847157001,50.45205545380799
51.946222543716,50.38078630951905
55.63247475028,50.766476608440975
51.464459329844,50.52179694595748
52.78430134058,50.993477160882705
51.281375110149,51.106384816122045
51.792655289173,53.479086797203244
54.078850835562,54.13494709165076
50.830996245146,53.076382591870626
56.012162923813,72.32259937955695
51.06514659524,60.556112886896706
54.513004690409,65.34622364541887
53.629998803139,61.4445088905201
60.550785779953,71.96408531840339
122.10741722584,107.20614660342684
133.9950158596,131.69421247717344
135.20474219322,124.20813254082975
143.27016615868,158.62289668797436
143.83490085602,158.8028443138784
148.2144973278,128.4306271407871
146.26967597008,121.96045167073223
143.47852921486,126.38941308465274
147.43624782562,133.59547925763718
136.27819705009,118.26017332784225
154.36586380005,119.75281237042552
144.21238207817,117.81891215391285
163.70218941569,119.39059088444665
130.63497209549,121.24948204277851
136.59361076355,119.28857496930043
140.97664475441,121.81529547041262
141.14277517796,123.0401121009085
143.71679830551,124.69761297341763
135.74292755127,121.88873969824822
148.73152768612,121.58608901806237
154.44451141357,119.21947851352576
148.46753621101,136.0932211614029
157.04103708267,131.06972939687577
154.41378068924,124.47169902590886
175.28036224842,128.72415259069152
156.89306211472,136.23595141906233
111.50867772102,119.30017319542793
127.36383938788998,118.29688273694796
158.1934273243,124.33272277430368
152.31129932404,147.0183724006259
150.13460373878,136.89721871218143
148.46479797363,151.4926539391418
143.42789626122,131.61413187860057
144.19821250439,126.11196823340832
162.26018548012,133.60904657887485
123.28714513779,131.68237824065747
136.28066515923,126.46899620454252
116.92236876488,119.56724751025872
128.56564378738,120.94967286280017
116.22114229202,124.75906038302121
118.58188152313,113.48410484181167
115.07229685783,112.35186975089681
102.15555787086,112.35237274088519
100.71316790581,112.11909774936143
97.871861338615,99.62415929905447
80.165077626705,91.41887354389284
83.768072366714,82.1883827522692
53.150424599648,45.52593697346475
41.662073850632,45.12272689147959
49.06740874052,47.86582011075322
45.41976749897,50.99255767141396
45.277874588966,50.224652840125394
44.103627443314,51.629213527169576
45.918150186539,51.355385509723284
43.275950431824,46.56198120800259
44.12637591362,46.656717334967034
46.599367856979,44.994754971844365
45.751201629639,46.57796485327505
46.17735055089,45.05230905352179
44.009538054466,46.30950727742083
47.74363437295,45.05230905352179
45.591111123562,44.994754971844365
44.68182861805,45.539194431666225
44.085471093655,46.96204796510526
49.619272232056,46.60350962897788
47.879205167294,46.57934949102208
44.413442522287,47.134193991975806
45.507357984781,46.680588928942846
47.746834099293,45.21181293972518
46.615822285414,45.00671898078217
45.945567071438,47.000777596260924
45.266243040562,46.91567525825923
43.22887763381,46.56530188239879
47.090739697218,46.492507516638675
45.024219512939,47.13372307472694
45.038392007351,47.12514434234555
47.343623876572,46.62283951226444
45.345276623964,46.007807071634275
46.942231625319,46.76619940814498
46.054059863091,45.18837801823842
48.79447042942,45.138042634654354
44.488471776247,45.18522348659198
43.272595882416,46.71402982143239
43.695165552199,45.45602265847517
44.945035390556,45.798149121171406
51.040729671717,45.43176892741854
46.478553980589,45.1916528661462
46.439592838287,46.8193916150081
47.456946641207,46.888429679890415
46.386118590832,46.94026146788163
46.934792369604,46.65906366997765
47.375021189451,47.10057050431126
48.658042192459,46.836993635225895
43.961650818586,46.97784724104825
52.892790704966,46.73160424882501
49.158079266548,47.22705941370785
52.02523496747,47.238304554602784
45.754796117544,47.26029978935814
64.628148347139,67.8396036268817
98.59550845623,106.83963225836317
103.477470994,113.27733482737426
102.80181884766,109.24168041273596
83.70422077179,98.55716578525802
117.10084879398,126.10069121967244
129.36359655857,118.89459187124146
127.51381516457,135.08152275052367
120.77601540089,105.99644727529977
116.81240713596,132.27781104504825
122.75689911842001,129.03436464721295
133.83896028996,125.16911141964091
119.83560526371,123.25080729019805
121.70770025253,116.48142233188199
127.09747552872001,146.57649543007653
125.90671777725,154.9811401585608
138.178997159,109.84120837256556
129.85303664207,127.1972778458519
122.43215727806,118.62315025704116
123.88360691070999,114.67867092412297
106.50747060776,130.6451955310525
126.72818636894002,111.94676039263119
118.976957798,151.13830880036755
112.64525938034,127.46542676156947
126.92601156234998,115.72741104507209
119.48983430862,134.51877881083655
134.79654431343,111.58041853683233
132.33001208305,117.31884509870706
112.46809840202,118.52480658117801
116.8123281002,130.69579571725296
121.98391127586,116.94938603889248
109.21388459206,121.00290302878724
131.19707083702,118.96728938752302
118.05551457405,117.8998012431319
115.85577559471,116.2564227938801
127.24250197411,150.25752516179423
131.88707900047,118.35850158654065
137.19613528252,114.96906811833655
144.54133194685,113.16983028111163
119.81836438179,124.29230971380714
120.65673947334,119.95051331554328
114.63890457153,119.41603916973058
126.91588950156999,117.45851512702427
105.42403960228,114.71215445410667
107.98642110825,118.6357005777955
109.50640845299,114.74164126194374
102.92939603329,106.20936017544405
112.92376232147,105.02517561507446
123.61020064353998,110.28861849633769
81.355024576187,100.86068772818287
91.036493778229,96.98403744535315
81.545092582703,70.76259039678288
71.608467698097,62.704741701769
57.482223272324,54.27735508832186
49.997083067894,52.80144210546368
51.394772410393,53.012878205102155
43.40387570858,47.250442562684675
49.28636610508,45.71462384681988
48.428360700607,51.43839160918645
47.461236834526,50.153763246456386
46.098031997681,51.416552182249816
49.410560488701,52.385058019104925
46.756340414286,50.714055393366365
45.778724610806,50.70156539835353
44.154328614473,47.84613335329764
45.335595160723,47.83636709753629
46.079460114241,47.3200373777295
45.317040383816,46.6052866543065
46.123811215162,45.13193325751679
44.957044303417,45.643953113972714
44.993360966444,45.397669067707604
45.898946911097,46.53702886788496
44.636931121349,46.64548675311806
47.129136413336,45.63361793104955
45.400353908539,46.78139645027221
45.60382398963,46.34847102053378
44.520302683115,45.203523778701644
48.999101489782,45.21446620140472
48.061362564564,45.64823740875033
46.717275589705,46.768399314859984
46.340250402689,46.933020374294394
45.552848577499,46.677892172985146
47.785547882318,46.638697043858194
46.925966411829,46.6336943524622
47.424149543047,47.02019808304968
47.916774481535,47.1842702216475
46.710789859295,46.97591070480536
46.914903432131,46.70227907062389
48.738903313875,47.212228473030585
46.515886425972,47.35098805138965
51.622445136309,47.331548916208234
48.822125352919,47.062273824431415
45.509260900319,47.37111933049594
48.9681686759,46.99233332544033
50.735356226563,47.269902008946254
46.315391302109,47.278679757885165
50.008515924215,47.1473407499623
45.387552261353,47.506181705393814
47.855289787054,47.70090282641717
49.394451886415,48.065144994564555
46.547641992569,47.02185173904359
46.699209302664,48.075890056864026
47.765568733215,47.81612748071873
52.35471150279,55.96025036365622
62.44335502386101,56.16806224225476
62.387252449989,56.68851714879935
75.90851674974,64.20031208044581
114.56922578812,94.89978569559513
100.08214211464,112.86466979910162
108.42874288559,139.80991921293153
107.03874480724,114.7489372583018
120.84912395476998,116.18624605294649
125.18738174438002,115.7958494007397
117.86976230145,116.28530835121269
105.90995883942,115.39814402270672
116.56777954102,123.76032495304653
122.05093669891,104.6860202127096
115.51380968094,121.37049309556139
116.02943122387,110.36457568081852
119.15624070168,106.6272166998023
109.85591244698,126.35708359349348
113.63112187386,113.43734617180506
120.21031546593,111.06213469299351
109.47753405571,114.33307916853805
120.10762667656,110.99944455071973
122.20138454436999,114.85137794360493
124.36180782318002,114.69374431036589
119.13575291634,114.54467864318622
110.09195923805,115.58954895127222
107.24394178391,110.77386762546017
117.84661388397,112.95832733943705
102.71524047852,116.30870988070244
116.81920647621,122.39752236653186
77.239950716496,106.05298574985257
123.09315872192,110.18914063623441
117.54704856873,122.50711440985037
107.45601630211,117.09105673202123
114.92717123032,117.55604774456307
130.78782647848,109.81507400345976
158.23712074757,99.18346838593808
115.54099941254,110.19823865948091
108.59462928772,84.4461806296724
30.01393020153,76.83630672573486
64.218578577042,56.82566656386651
65.707762956619,65.33004713207616
60.909569740295005,56.85232653957413
51.693368196487,49.780768618148855
56.432096481323,45.46487119716094
52.048566520214,55.36533374046513
53.669161975384,52.34584127962747
53.316937208176,51.8035940429787
53.567413449287,51.15226469602128
53.818780779839,52.6335072050492
52.977594017982,52.29673029171726
53.996017634869,51.30240311683256
50.120147228241,50.73909714246405
54.850065588951,50.58259608665379
55.370076775551,51.01720792625588
54.380889058113,52.23593826316953
54.149104237556,50.96559647576847
57.234038561583,52.929256236701285
55.190526068211,52.27760944359091
57.031156539917,53.663563399332034
52.45063278079,52.681238555074465
51.920535564423,53.3443192111166
51.094120115042,54.18265521739523
45.967067629099,53.95318571013049
45.713592737913,53.938178933984695
46.744948387146,50.03032703231572
48.814820259809,51.013732161785235
51.116611838341,47.669118648973225
53.356481909752,47.78519065507428
49.766715615988,47.66079018152912
52.447595119476,47.30563782545893
50.902002751827,47.78658957796787
51.186612457037,47.7573461969797
51.200800895691,47.79178663949893
46.654847711325,49.84753373180881
53.771113008261,49.469893995211706
50.825294017792,50.6551693258212
52.130041122437,50.44628026987838
50.426444292068,49.81918025430862
48.889223396778,51.026524408938705
50.167971611023,51.17994151575772
55.089176744223,49.861726561167615
49.434150934219,50.404575178584174
54.204761922359,49.80410313026285
48.580862909555,51.32264528642582
53.991210848093,50.1758896094635
51.417558372021,51.43565834289533
54.462848812342,50.744562061435566
47.302843093872,51.54601571840018
54.982408881187,52.88171323121806
51.588694483042,52.83515985327284
48.829612970352,49.98529425286879
54.384004056454,52.685612492317226
56.07528758049,51.927247794860534
48.3659760952,51.30355919821753
56.293695837259,53.49709835861931
54.769035935402,51.900997677220865
55.11824119091,50.74752934119633
50.098593950272,52.55923950709795
53.634737849236,52.89020100174328
54.615568041801,52.92000024909942
52.21278065443,53.61758797437373
49.445153325796,52.828285601755674
49.38775986433,52.135901417921524
52.247641086578,52.33306139038333
47.495246767998,49.68450238728289
42.143642067909,51.253992753692124
42.821506857872,50.12168625707068
43.4026876688,48.22343136148455
41.393102645874,47.89414914996537
38.972417831421,40.23036819528271
37.398931980133,38.992579079892984
42.776795864105,44.71239966432418
38.665466308594,39.13148454995051
38.42830657959,39.43100119704077
35.738881111145,42.730982351782146
41.538247108459,38.99915319002075
37.270912647247,41.81814389143758
40.24693775177,38.374108088583284
39.751208305359,38.625524510762574
38.910381317139,40.173931654651774
37.329662799835,50.06769824259979
48.498456954956,38.42021296759864
46.075289726257,41.26725351154528
45.808005809784,38.4019124778185
39.552724838257,38.96554366542035
50.071979999542,44.61432696443427
48.788862228394,39.91599226347625
37.271647453308,38.18424947350035
42.013537883759,38.07313199595888
45.53977060318,47.71088497749713
36.343542098999,48.92571062669704
36.911954641342,39.36126305502271
38.259062767029,49.64513835941114
38.006752729416,38.88785946428038
36.624464035034,40.84155805904832
37.866614460945,35.70102163613581
32.469437718391,48.46241013638913
35.510411381721,38.92458005238236
34.096661567688,38.11866951791228
36.832382440567,37.820440216879575
33.622077465057,38.57339429420145
38.421237230301,37.719484275651055
36.401877641678,51.37768876973252
40.622802972794,36.69740095607354
35.457030653954,34.128307653318636
37.253309607506,34.85198130777896
33.37651515007,50.474769461686726
37.017925143242,35.46133507242545
37.856771349907,36.77244236021756
34.383303403854,46.707203147252244
45.285630941391,38.10648340008401
40.406360864639,36.085240875543
38.889527320862,35.685400225138025
42.218199491501,41.589268340454
43.923008918762,47.120868556944394
37.342488527298,35.69787621918915
34.182478427887,39.39495212688512
38.986036896706,42.00201217161704
42.029726028442,38.285287015397
34.34711098671,36.43245842219244
35.920943796635,35.40020247228681
36.728375792503,37.4915522005299
30.975443959236,36.94630673706318
31.74476993084,39.56847156640252
31.616124153136997,35.83089468382907
35.300249576569,40.45645881191073
35.768122911453,42.13876914879396
38.346936225891,40.14466939496467
45.703235447407,42.40426215886583
48.352150499821,45.420827334972955
42.957435190678,46.2606357534624
47.664643794298,45.68974776700969
44.758459895849,46.80263794296987
47.03672170639,48.272172637335785
44.605518758297,49.6524029541926
46.247856169939,50.148214489160914
46.153239071369,45.18494726875967
46.543169349432,47.902447457101864
46.2493095994,45.08290586665822
51.750230878592,47.03950979785267
52.179517716169,47.44058373648735
45.938659667969,47.53083129191896
52.665515244007,48.889281524443305
48.943941503763,47.13867991902256
49.601116508245,49.55490920870541
53.730653762817,48.00993662349407
50.019995063543,49.32282311436015
49.307553678751,50.194567555912414
51.642153352499,49.75378206552501
53.9075127244,49.67384007650523
55.010591328144,50.915701610221674
52.020525574684,49.79702949231652
53.132043093443,50.5050208810003
53.278923273087,51.24281613112446
52.872769504786,49.833663383880065
49.183800011873,51.411274852762155
47.181395083666,50.985607443625724
48.684725493193,50.851547632515626
52.704535543919,50.88517860269017
45.143367886543,51.601887539190066
49.621508389711,51.34320229513877
46.639575839043,52.25159563410216
46.261707723141,49.80240198306685
50.059990108013,51.448053724909514
52.654130518436,49.27771045697141
49.309782713652,49.20099650001883
44.450140446424,49.31784748920955
45.922092050314,48.94301737481919
48.163917183876,47.998581726052414
43.019838869572,47.3348816786678
49.702288091183,49.68282887218712
43.495115101337,47.71025579744498
48.153868883848,47.289260310343145
45.888428777456,46.74021443725744
48.118292450905,46.933438918985615
48.859026014805,47.17734460358094
43.953814834356,47.191268026254775
49.547332376242,46.79338607899938
48.280784547329,46.63945077797896
47.129970252514,47.37304779241401
44.819854915142,45.469645166238095
49.427688717842,45.84889445230935
43.482881784439,45.22642484670136
46.736190438271,46.59929150368691
46.919261515141,46.43964944083966
39.134180724621,41.05108033233348
36.595611095428,41.7278957194225
37.468730196357,39.36630727710705
39.542340263724,40.02714379933927
36.274074584246,43.05623405647111
42.956539571285,41.49229604281475
37.959001064301,40.8621825637211
38.88592171669,36.05183189908188
35.18471622467,35.26837987902334
41.411015987396,36.364488478775
35.956190347672,40.098532482913406
40.210463523865,36.7114787746128
41.293060302734,41.56836429339563
40.634707450867,35.965606738614035
39.746475696564,36.759925634489875
40.616106748581,36.76613264655374
40.539788246155,36.62746512572011
36.787902355194,37.36856819026727
36.643841266632,41.67430713200669
37.19735622406,37.59302192168553
37.28975725174,38.31832239552201
34.562937736511,40.3034415847593
37.961557388306,40.57725889411445
36.166749000549,50.24423784822147
35.776356697083,38.69008713334737
36.126206874847,38.58435428615469
36.909857749939,38.73647539468738
37.211686134338,36.150438819406325
37.310126781464,38.338044358469894
35.9388256073,37.68530050589001
31.875221252440998,34.303844435636115
31.160821437836,33.65306516364041
31.977771401404997,46.88158484475997
28.819360494614,33.84279877858666
32.16477560997,48.44331946689109
10.636657357216,32.845592633581894
41.687264800072,32.53200673313941
42.681366324425,34.59950003199118
31.548180103302,35.70345025502544
29.713891863823,31.99808190002349
28.551253080368,32.168337755366416
36.950571656227,34.66654811621765
24.154349803925,44.262068224844555
40.376717329025,73.40358310423332
4.8583134412766,32.69301588856428
30.302681803703003,34.032558542546035
16.246910095215,30.634775411947157
122.85944366455,37.18521624423812
98.141837596893,32.09528518836392
18.319041252136,35.33509628161438
29.162357568741,53.23366117146449
33.221852302551,34.691180210998375
25.426614165306,37.68229932837362
26.878364086151,28.393895886319356
27.000544428825,29.17044256921893
29.901841312647,34.85439054375714
32.256682097912,36.74765562857731
29.440507352352,33.56655971412784
36.537334918976,33.87519264926811
42.055165529251,41.588269726770264
42.644814252853,42.99105971558537
42.743116497993,46.68305886807288
38.185442566872,44.62869211865784
40.954965233803,45.384885781109894
43.381464362144,41.0212910192681
43.964292138815,43.756866341224885
41.088213115931,44.94875103055203
41.592067182064,44.841341523524655
42.350303143263,44.9413991630499
43.253055095673,44.50186146496316
43.393856227398,43.67391056401837
42.864582180977,44.60566440303368
42.351369768381,43.95121618308473
42.239259600639,44.669465447806644
43.502838432789,44.77532296824001
42.268550187349,44.301049046772754
47.208068460226,44.88061408044791
45.230373352766,44.21786026924749
49.480998635292,44.94686782287815
44.779134333134,44.12070810948299
44.120581835508,44.993051924576804
43.229698807001,44.95188687280212
45.739030539989,46.74575417182953
50.506939053535,46.89876310326813
46.803371220827,45.0271656000147
44.358323395252,45.15013853559689
44.99245980382,45.109343786305836
46.604745835066,44.92721551922498
43.403225421906,45.01042416976515
47.274929910898,46.61591924683092
46.690369307995,46.319176281805426
49.221784114838,46.519193567212334
45.137272834778,46.87987019029457
46.972476959229,45.00531255674161
45.923613250256,46.30154198141717
44.487658858299,46.763430122875384
46.026469916105,44.845808581327816
44.51477470994,46.594072259308405
46.91202288866,45.177445937966134
49.480462878942,46.76071518590827
44.258602261543,45.185979877517156
44.498033046722,45.11825567428427
49.487085312605,45.57323917055214
44.948494702578,45.184587501105874
44.69612595439,45.262711249347134
46.920988380909,46.696270718457306
47.769153743982,45.85034810299306
46.725227743387,46.46436579522682
55.853318691254,60.126724881228114
58.097286343575,58.84615503852809
56.281261056662,60.93247155617974
50.273780316114,63.091381806692446
48.514868855476,63.62408785664515
53.283375680447,66.60401030724177
60.017602443695,69.74039131739114
60.746522188187,87.50092972722331
70.846995353699,70.62086635372377
112.03931546211,100.47958609114698
110.41370105743,110.26236146578793
111.3949637413,113.72066852553496
114.78586149216,100.43690460227798
88.696327239275,94.84022924609141
90.566532298923,108.56528651365154
120.87389607728,111.49153919240969
125.22217339277002,149.77906421831247
41.361967086792,98.06116532840167
107.51666069031,91.84390536800288
122.63437938690001,100.87863103837034
115.8053188324,69.2674099480156
91.461329221725,104.98924361551234
123.24565744399999,99.71495192256207
99.855519294739,100.25503326831081
92.205968379974,109.58619490993308
93.330983877182,107.90922247535634
115.05227136612,117.2316661274887
116.03671145439,114.59027314571631
68.550849914551,100.1353509619035
121.19319319725,107.54114430763876
197.67216253281,140.7732226974143
98.052609682083,125.17407639193235
113.7099981308,131.1991330580891
145.15885466337,118.10495325561057
175.17179870605,89.25499078114136
110.15637278557,127.44760158780122
93.161726117134,101.34460350832661
71.649056911469,112.29297119065959
35.543027639389,95.87345825704381
118.46489858627,101.99782030544633
100.99446249008,101.811757981173
93.875760555267,91.76887894957201
102.95757806301,83.14475388794065
49.432390213013,67.7121324579128
77.072088360786,68.79188104746424
56.402733206749,39.070993118997485
52.954624772072,44.32392282663272
58.149276077747,44.49650917868222
57.965153813362,43.62449583633958
50.631627082825,56.299938855139914
48.782835662365,55.40019709910395
49.442854702473,53.322551101200204
46.46811568737,53.339514213219324
45.407607674599,51.497913778739296
45.200401604176,50.691760496391424
47.472743809223,50.19974839641033
44.630847990513,49.55975392072824
46.371023714542,51.13482536936053
45.100765764713,49.81280595683883
47.238149881363,50.01345841455071
44.893497049809,49.826344376591564
45.995219260454,46.66969149078527
45.382526755333,46.362143317053906
45.776390641928,46.09224047062923
45.362140744925,46.78366901225722
44.734766483307,46.78320326658152
44.96193125844,46.5792007969654
43.762068450451,46.1004140976917
44.505850106478,45.869524843363315
45.332994163036,45.62111986883783
47.0680565238,45.43055151232812
45.464280456305,44.98800020915092
44.773084044456,46.09294225215556
52.311914622784,45.145287233309816
47.238913476467,45.22777672295837
44.233688771725,45.20209031000962
44.441359370947,46.24529098575765
43.923834711313,47.2181326352898
47.518075793982,47.4192865944462
45.731061667204,47.50690340046359
49.477006994188,47.12878904848084
44.785214021802,46.61087753593774
47.181904390454,47.07985581928334
46.246389985085,46.82051446462724
44.101431816816,46.82013878712914
46.987093776464,46.574037723020524
46.264387667179,46.92621424357095
47.068515211344,46.68477931769241
45.997368633747,47.27997844033449
48.411918669939,46.67540218829733
47.247218638659,46.82882151986482
46.290870815516,46.45259110598158
48.880178868771,45.179079664646395
48.952597588301,46.87470559487877
45.54303380847,46.46155927845298
45.546436160803,46.47124516526771
50.39429923892,46.57358235251954
45.818750619888,46.78149434257015
46.577075332403,46.80895623597445
47.679843455553,46.625358026051785
48.080020993948,47.1040413515472
45.031125068665,46.74650688043963
51.529289603233,46.86098904207134
47.452643871307,46.7816087546728
47.900258213282,47.076796247096
47.377283424139,47.27119830024165
50.894364744425,46.85650299010798
49.612099230289,47.21923526302082
52.614301413298,47.26848226129569
47.20197302103,47.2662597849833
46.051104396582,54.50955329500951
49.291024655104,55.88382396170893
49.195342332125,55.394326468143746
61.191867232323,55.64095986556981
64.092258810997,64.02077384469673
61.783773541451,56.73499355915808
51.485137820244,52.61480481987575
62.919196665287,64.6633052207392
128.91284680367,111.25451587919247
132.86492156982,110.83484378047702
126.64044141769,101.58351628107442
108.26617527008,106.55534005586598
106.88472211361,108.05823082774958
84.895179629326,104.5452666056461
79.493794202805,108.99715842483003
124.50472915172999,111.14119328164367
120.99848341942,118.55541352898334
122.55959022045,122.45821171384648
133.48432075977,113.74362576635298
121.04665589333001,117.00375937025763
118.66081118584,120.69541202613293
114.85305345058,117.0390526022961
138.15157324076,118.15183811462119
143.35496363044,106.94587017135869
116.05325174332,108.66381836853456
116.21191525459,113.35380145734271
111.35630941391,116.09890799646385
109.70631217957,112.305458803188
107.41865253448,113.22199785514958
99.732074260712,115.7151388929711
103.56860756874,116.52732995968556
116.99302649498,114.40757919256248
102.705930233,139.72115712522051
109.2848470211,112.07883418399277
106.31906557083,109.63271379518945
124.58640146255001,109.57034810920582
114.05249524117,108.49912235166383
131.98142290115,105.58573197214203
115.17769575119,115.89300664282017
114.5959815979,113.06997081480434
127.31781029700998,113.48383799434622
122.76491498947,130.4416784201212
128.70249009132,114.75887151190457
124.28047275543,112.14202111570845
124.76326942444,122.7305397979042
107.74972653389,112.0219250065642
119.21137046814,137.73523675753074
130.40112614632,117.22369769823933
104.23835706711,105.07099672391968
90.155313968658,104.16625000040845
101.83630871773,106.56679954165674
108.48275589943,104.40363613371957
98.635951280594,104.17080382553145
99.1441655159,98.89456844313058
87.211261510849,100.90805858350767
80.305777311325,66.33666777935231
76.2566614151,77.72419257018717
63.800604820251,71.9851641502059
59.710437059402,65.14882258259799
47.999342799187,65.73880234421024
46.83544754982,59.85204096009906
49.358085274696,54.20475876793402
52.324490785599,51.9319132896271
51.376794457436,50.742452557935955
55.390316724777,50.668658005143314
53.140229642391,53.19310247517262
51.796792209148,50.071333861617696
50.365348428488,51.66143324346084
48.461910098791,51.64509492650521
47.309135913849,51.97603108685659
47.853792786598,52.438859493470936
49.12657853961,51.45291579272781
48.071044802666,52.07318783070606
45.503170877695,51.728924920248836
43.097844272852,49.59293990934856
42.748639136553,49.39074964299337
42.416116654873,49.54626492675671
44.303543180227,49.30621465272175
44.17815387249,46.639440074968725
44.685228794813,46.50399227421941
46.644179880619,45.4448976668967
44.757652848959,44.68920359503081
45.010123670101,44.9877930430151
47.154624670744,44.98298346105902
43.55868178606,44.98298346105902
44.589091330767,44.982267112968394
42.197035372257,46.29107937485329
43.750272393227,45.01781363976961
49.114945352077,44.9955131475886
45.738211154938,46.57496060376361
45.841406911612,45.39386670104568
46.821451753378,46.650687965718625
44.700930595398,46.69058625651869
44.973898261786,46.72609621158975
49.049301594496,47.02890689232721
43.112163543701,46.71614979568545
46.087274193764,46.121784490118586
47.104834079742,46.70978744880433
45.44443961978,46.558172779941
51.390597909689,46.84825791008699
45.236883759499,45.77111636956998
43.118579059839,46.77915260797516
46.371722668409,46.626242175172656
46.093602478504,45.54938372999979
44.626787364483,46.717909601392776
49.668331086636,46.90214021770988
45.336961776018,46.784925120097085
48.21896058321,46.85181165296991
44.130635499954,46.809662255625206
50.665001571178,46.642099365132204
47.796877473593,46.98803668611662
46.60784304142,47.00455040275982
49.189723461866,47.78246099880399
45.390324473381,47.616729064395855
50.546016633511,47.94611831108438
46.323817819357,47.65359134570774
50.038756854832,48.41412707419962
49.779759377241,47.376124718102275
48.035378903151,47.43601636873829
46.387721836567,53.302859995563125
70.419577479362,65.11424485306927
139.7609667778,101.07337296418457
142.10353434086,102.27066580323512
135.2633305788,104.96075632223437
148.74349832535,121.95093247145614
142.97491812706,143.00478561981703
146.62390065193,138.99831186380567
153.87030529976,137.1399635549713
154.94875299931,130.68915583880568
134.58298289776,127.34252867600698
128.19787669182,133.40007160426796
184.05596101284,128.05655811572547
140.20747065544,130.36435601480372
130.16317212582,120.65743065477416
134.53494346142,122.11650038512504
141.85554289818,121.95904386932182
136.89837217331,120.35381140366891
130.79925823212,146.6252384680692
130.92817115784,119.52040993633396
131.72309374809,118.94949731184575
113.88682174683,119.31470744732329
207.92361021042,121.28658121145014
99.886929094791,149.76853785119692
136.26223397255,124.59704771950256
139.55272531509,119.02589551695192
137.42157053947,117.5976744862017
144.00160193443,135.5328632097669
132.64262795448,143.21240824969755
135.35846829414,113.48925831915295
130.9140651226,119.15626513133431
145.14815425873,123.93886088934899
165.15103912354,125.60398672841147
155.50049114227,150.6720647290726
143.80470180511,122.1101482358335
138.46578502655,120.85809069492109
136.81116175652,122.78933249306601
130.60923361778,115.18485354063068
45.838764190674,117.25006771152357
146.27834050357,105.25611289397999
125.29542779921998,115.97476396860256
109.93406701088,114.32457088138378
62.94028544426,105.41489440781851
95.767660975456,97.61982755312263
102.59985303879,110.98624595054221
84.207771897316,81.98788536458792
70.292441964149,91.17545979652105
72.273342132568,69.83731221476128
70.127143502235,64.87633298409656
63.140734672546,61.05215653541109
51.851173222065,49.468739305442675
64.783142328262,63.4804301749426
56.024404287338,58.637044349253166
50.868072092533,48.1422365340988
48.795281410217,48.14977718462463
50.67347496748,48.54299122824004
49.624024629593,52.32766803615527
47.102023363113,52.118869569402456
48.795373409986,50.9571306121217
47.484638184309,52.13547094742036
46.137333929539,50.83311550735435
48.206736654043,48.89941337805472
47.764055460691,47.19765597452203
48.985093951225,47.24627295830691
48.600595474243,47.25606690524114
45.67842644453,47.24159656376916
46.933251291513,47.51345473580768
50.293426841497,47.76605013214821
49.329295933247,47.6816197686164
45.819139510393,47.72620166151467
45.104058653116,46.91150670123352
45.697406977415,46.87294978771376
45.961600989103,46.764816798245725
46.21073320508,46.609553699977766
48.365578621626,46.57979542140713
46.906822055578,46.85104226118214
45.50020852685,46.63586571300966
46.528914213181,46.64043076324831
49.585720479488,46.928502419281834
45.351775199175,46.74446050251862
45.298956811428,46.340965798933084
48.008401811123,46.83237953727159
48.924477726221,46.60358071858444
47.326802253723,46.7789965115569
49.583164155483,47.08571901930912
47.559644281864,46.69625279839267
47.445987969637,47.14462666149676
46.927724033594,47.216589682755234
46.899081587791,46.70284314828183
51.547147423029,46.695539917834466
45.068716436625,47.13227067365298
50.459193527699,47.2617186719764
49.721183717251,47.436996631413294
44.826431065798,47.469890900180076
44.232052177191,49.005886606661875
49.829657167196,46.93840456918907
47.731903880835,47.888072138885036
45.570407509804,47.77421185651019
47.001944601536,47.640594422061746
46.185470193624,47.882415879562316
48.842768594623,47.446710155384196
46.811695329845,46.87829776255306
50.689453132451,47.402887187169284
48.768724739552,46.955785626723
50.138853490353,48.159276173596275
47.655755013227,47.473501243131146
47.378017514944,47.78699462249238
47.233131676912,47.57404027201851
50.773148298264,47.76562198311813
49.549257040024,47.833259767532766
48.700598359108,47.840380782230284
47.335432499647,47.8699155321541
47.368159562349,47.81250564873385
49.487046658993,47.82819124927141
60.910328835249,54.469781472964975
64.207756459713,64.31833114375098
56.919341266155,79.00890037221072
52.978173017502,73.40673893418077
54.809931278229,58.19341721375918
118.93441641331,119.92679675166124
132.91560602188,124.80067526937665
129.65174078941,125.44288967240433
125.65269112587,124.90208568976031
123.44290196896,121.96387300807555
131.24400258064,124.20245632925788
137.45095252991,123.94596225212348
137.86871027946,129.51702252718286
132.36245989799,129.1769645056112
134.79709720612,135.36658209147336
146.66818320751,160.0095655440197
144.39093780518,136.21886526357193
136.00394892693,135.83983447502376
149.996789217,130.98918563724024
145.82679533958,134.24303789428316
142.86322546005,134.34009601442554
133.60469961166,119.10749268931025
140.18585324287,123.95770681988927
133.22570896149,134.1231477423973
134.4385342598,118.04914583887464
142.14192175865,118.93084816538621
132.50057077408,118.82595062564391
128.21703290939,143.05548226368927
136.98505187035,118.84372461074105
123.22860407829002,118.26323529749973
135.70971727371,132.31568282421603
133.01439857483,118.86086981790947
135.11710262299,120.4504516496359
131.15810537338,119.71210045066248
124.11155486106999,117.6379633832242
121.85737514496,118.07351610593402
128.37385463715,117.89901083950241
126.27070808411,117.63735855411984
120.09718418121,116.11306739486781
107.89028859138,118.61181983452606
122.58097267151001,117.86874666503273
129.18961262703,119.87525609548993
111.0208132267,113.75834771090223
111.14140248299,128.40142526015035
96.838786840439,130.97576298965942
87.883079528809,110.31857900357458
130.67542904615,104.3224243129809
96.016666054726,101.01161063184851
81.97992503643,100.82453784825834
88.787600874901,93.7892604859497
73.297108650208,85.70537550361392
60.943600416183,73.78965056088315
63.730310440063,74.01827233473158
80.489593744278,66.7938056767371
70.878880023956,69.0585069844935
52.121705532074,69.63398011457626
56.02690911293,67.92915048653023
49.797398805618,63.062066311748346
57.029107987881,48.96969645735874
48.231122612953,54.245744703455095
48.98856151104,45.43847489801122
51.78768068552,52.61675311675434
49.879933089018,53.05073486664462
48.063598811626,51.24366859710744
47.918674647808,50.85523441864324
45.579293489456,50.95774610388385
44.073308795691,51.12181136512724
44.856986910105,50.925173620035594
44.504804730415,48.04504123971882
45.941443890333,46.64391038892997
43.205927193165,45.42460990494605
43.740124046803,46.37097886250377
43.505063414574,45.59600750728759
44.41350376606,45.009271739061795
47.673249572515,44.94880151579647
44.133033394814,45.00155163448829
48.568976134062,45.144354860104166
46.26967087388,45.00685361513533
45.564414292574,45.00863803437505
45.675438165665,45.10643070685464
43.829738765955,45.009271739061795
45.141494184732,46.49647916484518
43.901273339987,45.02176463731188
46.312455385923,45.049603315667
45.442948043346,46.52953137678582
48.964578688145,45.46193410517631
48.884940415621,46.278645452885414
49.861290842295,45.59454773046219
48.522352337837,45.249307076558736
45.021858483553,46.51853889694522
48.933622121811,46.67263479229789
44.931773066521,46.9166096866298
48.291481256485,47.48157537068578
46.69285017252,46.86173363711104
48.816390186548,47.53181468082646
47.7279330194,47.38088298002304
44.788653701544,47.774717381036936
47.580309957266,46.90174359174206
46.172512799501,47.39099670425743
48.821098089218,47.59069006941755
46.978677392006,47.64744120887865
47.496102392673,46.76863233589852
47.899711847305,47.14920506038676
47.737777262926,47.03080072817717
49.460245251656,46.694694219578736
49.834838747978,47.18147827490036
46.524901747704,47.16072562049988
48.34181368351,47.276005160218006
46.075807631016,47.5051844070832
47.511748939753,47.96437441782915
51.75705756247,47.99817070171496
47.301601007581,47.72676039451189
47.871869146824,47.530837608564404
49.775567144156,47.65073202443946
56.006719857454,47.52550708316917
72.958413779736,65.88320654107046
79.169279888272,91.06575167212706
107.33736121655,114.50276996282935
111.29012107849,113.7089904636459
134.66179358959,127.58191166891237
141.81719362736,120.6462402586851
149.89417016506,122.48057415798309
141.89456892014,132.12148255285067
140.83145868778,131.72006751487004
144.88377475739,125.19373887769189
138.00904870033,143.80433843210366
141.14899432659,140.38253280147504
124.05267661810001,138.74265979887466
137.49116337299,129.55069181345755
137.59051513672,140.3385384875499
130.26390349865,129.27649958482817
130.50720930099,147.45885420281155
129.90185785294,124.00332448575124
134.11626982689,122.85580451270093
125.67423415183998,117.83303384850974
119.47239661217,133.47873163465061
134.10984587669,118.15379264600831
125.11658549309,117.61203399192745
118.57828021049,117.35169905194864
121.17028856277,137.27791024256553
116.62214803696,119.15636899439359
124.5046145916,116.63411955207758
130.92157196999,116.80528807144968
120.59930229187,115.28566674520616
112.72131967545,115.0075008724216
124.13258528709,115.73438416490457
119.90260124207,115.42115251517887
108.06797552109,115.37576444504336
115.46768856049,114.88705996013762
135.11671710014,116.10867831252548
118.47636389732,114.6080536532655
101.5414481163,114.3206334278198
93.454657554626,105.55980613504423
119.48814678192,109.83109105928143
102.14156222343,105.21367772284448
115.08588862419,109.7271170940899
108.33763217926,109.32299871529133
105.46290826797,103.04035235161125
67.563993453979,104.98945145468682
72.043825387955,104.0945271143723
67.183152675629,98.05042373886343
87.205096960068,105.16581212020814
76.718746900558,90.78713465122345
71.267933607101,87.16546188148469
89.001069307327,93.47063293138504
88.428208827972,90.72266411239077
84.357666134834,62.25566448273592
60.731816291809,71.6550550664361
60.51886200904799,72.83655281909398
72.090867757797,60.472178022769164
72.405263781548,63.877724323037945
75.507063150406,62.99811590308242
44.845730066299,50.933015976330175
48.321761608124,50.35410652541164
46.334019184113,54.90365105153332
49.361876249313,49.10217113517481
39.868791460991,51.56402788407406
42.520851969719,52.66103107559604
47.188618719578,52.15790119805148
49.719922959805,55.71115742429401
44.90148344636,53.23534027779057
48.939558714628,51.05422031830781
49.318407833576,50.832279692123016
52.932935416698,46.95850865579251
54.404007047415,47.272822479368436
57.806408315897,47.79755340904363
55.705643743277,48.821162422830106
53.679046005011,50.316677827955
46.14667236805,51.65780015759039
53.858385801315,51.481136295792986
49.122620075941,54.611623421396054
48.756499618292,57.03451513867461
48.449439823627,56.66306728337766
54.654056698084,49.775844628513
50.869314312935,51.573339746007335
50.467166632414,50.10775312702381
55.661170005798,50.42742429693499
55.598267108202,51.05596279096693
55.021971702576,50.55326343412587
54.615950167179,51.20966850832246
56.61766564846,52.744294682207006
54.296710938215,54.0339273016537
54.526083499193,51.28473772619557
59.676335036755,53.32419952769171
48.079095482826,53.69785796911749
56.570099085569,52.10184033834952
54.917209088802,55.09857405612192
56.780377477407,52.57435845171746
56.780377477407,54.74868846267411
58.283932030201,53.60261737969363
56.176365911961,55.12909427233139
57.42000028491,53.75561313072011
55.938210606575,53.86453037140258
57.154259562492,55.960164563494764
58.721747159958,56.07827436606894
57.98673298955,56.21978089220876
59.411480754614,57.0205072291872
58.28967154026,57.25157424068094
58.632414907217,57.56841079529397
60.111505895853,57.543563511473
58.038915157318,56.643168680566404
55.694670408964,57.07289853388868
53.046599388123,57.132312208839274
54.234583616257,55.92890196506119
60.416878163815,58.013640888700365
61.840293429792,57.28224632478188
54.141893774271,54.24952301062639
61.32925679534699,53.22155951704303
44.406330794096,55.005915925417234
53.132611066103,49.76494793333478
50.45710593462,49.376992942789116
45.258134245872,49.613512322244134
44.246154427528,48.670473418895206
49.221969008446,48.79763756791878
47.958686470985,49.19129066652738
49.104127645493,47.69940036955283
46.188094854355,48.238575099934764
47.311624288559,53.529187733728136
43.733010530472,47.57825373378828
45.653599739075,48.18746878908816
47.700899362564,46.00488324884914
41.744390249252,43.336307198719446
47.195964574814,42.25850308223574
42.887536048889,45.19318952816238
41.643973827362,41.993792155589894
36.905514717102,46.10325793954802
39.638015985489,42.22243756065391
45.133333206177,42.517181775835915
42.644520044327,42.718258559286184
41.208544492722,47.452648598900886
39.360455513,40.93385971109313
39.386300563812,42.74355508899532
40.472524642944,40.90644056136568
40.982565879822,47.35397481535503
38.247108459473,44.0179112859649
42.821041107178,42.89799249186681
39.003180980682,46.66912069424517
40.947075843811,43.29470864167934
42.246623039246,40.37865230383597
42.453871250153,41.70334732515042
32.734896659851,39.26881346949259
40.924564361572,39.78381044696872
37.340126037598,38.5277513573067
35.363826274872,38.95114057043433
35.515920996666,58.091799367960945
36.21891272068,40.25062099257731
33.440107107162,40.85833672874314
33.581864953041,51.15374600465296
34.598524570465,37.256168421608116
28.161021947861,37.24187166191842
34.728834033012,37.43123751266523
30.942518949509004,36.66518197095404
29.090802431107,32.9689626552269
32.296339154243,32.58192491865397
34.79564511776,32.44767177693743
30.998404979705995,32.58176148832592
30.343635082244997,32.27757622994398
30.841003656387,32.11430030359226
32.596373796463,32.27396165802848
31.163103580475003,33.12620017312574
37.227962493896,31.9064582627856
32.28778553009,32.0496500880075
29.560177087784,31.89022211580283
31.047998547553995,34.79832121368991
27.275202155113,41.30644159997281
26.541582465172,31.9857687149935
23.318529367447,31.808942368268692
27.957732081413,32.87137707513523
26.731281161308,30.611412898921436
28.846355080605,30.866388866318694
28.337182760239,31.20561668043241
34.048601448536,40.6173827444433
33.369327068329,36.999496724972765
36.451580643654,35.638302959333586
44.817446112633,35.472170671585125
49.04582887888,43.35130850402685
46.13509619236,46.3026484736261
47.974993824959,44.65799164684806
48.78513237834,48.544361189180734
46.328232258558,47.734599095400135
52.358105391264,45.16255553693199
47.153466075659,46.881586060894136
49.964336842299,45.8842720779726
48.406993359327,47.41108774713087
47.982891857624,47.82734137011389
50.217100679874,48.474970744882036
50.752924382687,48.104132252708695
47.616610199213,48.39552368821055
53.624937981367,47.63284400758213
51.741631954908,49.672232922843136
53.356381893158,50.187106008146095
51.052764773369,49.329813015707764
52.399805098772,49.53342651692071
48.567014992237,50.237952440033084
53.019809603691,50.34151399130346
49.67171639204,50.34910031992968
52.52357545495,50.93178125360502
52.367122471333,50.72008576158365
53.483619987965,50.452277059104375
48.313270717859,50.69047619641207
57.679270088673,50.962801871778574
51.243586033583,50.64721718987111
56.303822994232,51.221115567998254
56.16712397337,52.44058046724095
52.721699357033,52.67612956330758
52.768950939178,52.93551510106852
48.911153227091,50.29114277955223
54.093070834875,52.10507888093654
57.945874780416,53.747588010668395
52.792388319969,54.350864885825644
54.630359143019,50.430947409645995
57.219822615385,55.02556010246306
52.405487030745,53.54705205586411
53.163974016905,55.17320914082195
49.447631090879,52.53677080941152
47.734387785196,52.63867175100599
47.113869637251,50.08571095238391
49.262597858906,50.06132939456644
48.761430054903,50.18009349805097
47.612149506807,50.58158697349285
45.764732629061,49.422659224141746
51.562956780195,49.889542717121586
50.337253510952,47.97101387426468
48.86991506815,47.952876438206154
44.221404910088,47.997355217077406
44.254529923201,48.01642752215724
46.479426532984,48.004157956355186
47.815464943647,46.90711305489465
48.52247685194,47.96228301344382
51.12437710166,47.89291106951286
45.126118719578,46.89304743940069
49.720359116793,46.18901618852108
46.893212795258,46.883127219179975
48.73952704668,46.748182388721304
45.274940311909,47.32110487945631
44.749296545982,47.29809668919702
51.5943120718,46.62176950276503
44.35736188665,47.339345023393605
46.565559066832,46.893247996040394
36.469609066844,39.97064911806886
33.405138731003,40.7924420661983
35.135730028152,43.115110216886066
40.566591501236,39.71238922468338
39.815318346024,41.250603816906704
44.47340118885,37.6540367708683
36.913089752197,39.92984889905535
38.996162176132,42.95628081661221
37.884289741516,36.48989849734584
37.963251113892,41.4408690742739
39.47864151001,37.73797950981607
38.845108747482,43.32555775878663
39.824887514114,37.1843309342499
40.14605307579,37.55990665623085
39.409450054169,38.10137193796189
39.593345403671,38.9949430119968
42.312869548798,37.82942528524998
42.207328081131,39.36593783737467
39.045704364777,36.9901601936661
43.984390258789,46.62153224049558
37.727033615112,37.323362851761765
41.306881427765,38.4004683520605
41.469346523285,39.95869304431139
40.167465686798,39.91954997345095
41.059180736542,38.95897760075697
34.295313835144,37.77333600154154
34.24385881424,68.52081895814149
36.591817617416,49.375590685884454
35.124733924866,35.96987556058171
34.281195044518,54.89046085116668
32.358377456665,34.862725770419935
33.874747276306,36.7825550672294
34.252744197845,34.43339922214171
34.141954660416,52.05600276513523
31.474067211150995,30.465175939994293
28.540831327438,41.359878750394174
28.052438735962,29.808927746447644
28.280527591705,28.20642175751691
27.627338171005,29.4119504907154
27.568238019943,28.8119150795243
28.274816274643,29.93803852615821
23.189491033554,28.350500110856952
29.993368983269,30.313208672069614
24.950346589088,27.29798096623073
24.019058585167,28.210096832766002
22.399439334869,28.215604985499546
25.733848333359,26.916174895818678
25.889626145363,28.563445972840306
29.598650872707,30.00953419409506
30.764224410057,30.02041715849584
29.109119296074,32.898044664629744
30.123815000057,32.509957267772926
33.007495760918,32.426908280922596
39.549194216728,37.641599423694785
41.463711977005,42.15675284727191
43.133711725473,47.89391610540212
40.457874268293,45.8314406361445
45.872169047594,42.2094361245548
42.275485694408,44.60856913483193
43.381686389446,44.83353451496041
44.872851490974,43.8490649035535
45.724111765623,44.75100476928028
44.354159802198,44.802060758736204
43.494629949331,44.958911111223955
42.41157835722,42.568483057865066
47.075770288706,44.78338543914828
43.996438264847,44.262236687419474
46.403876960278,44.93754912950035
44.197388231754,44.21572012741792
46.029305517673,44.75336798823572
50.938085347414,46.70814056167948
44.861492067575,46.354696685899064
45.963348954916,44.97604838749245
43.145535379648,44.75514303935592
45.495418518782,44.86013615860957
45.356643885374,47.25899782183558
45.900506168604,47.108655106757226
47.804180324078,46.65366045850771
49.138905763626,47.036952518754845
45.912292122841,47.1819703228109
47.174159109592,46.58340727710079
47.900547623634,47.06553848031336
45.464226394892,46.59266456044606
47.948909133673,47.38278445887508
49.076247602701,47.70548676137363
47.341643244028,47.78305952342681
46.038385480642,47.57087666465407
49.331631273031,47.51028206137957
48.112914800644,47.74213161172533
47.612342238426,47.78168902400978
45.318547666073,47.84325545877194
52.039473950863,47.88957257284117
47.044036507607,47.79359155000438
49.104348570108,47.762053108365166
45.585256516933,46.744961128689894
46.873445630074,47.559805393952345
46.347829252481,47.80795061288507
50.639601826668,47.8523426374718
52.674028366804,47.78098023638348
51.204049348831,47.47772707733986
48.00503462553,46.88378248610313
49.478361159563,49.706231228499256
50.311500638723,49.7074235218277
48.676525563002,50.29300815189753
49.182550549507,49.48809736339046
49.647492021322,49.25099596882882
47.503855019808,48.36450684743459
49.836055159569,50.19047664166063
50.468791306019,49.057045149776236
83.99267411232,72.3895305365095
87.880702763796,73.93839877014287
85.414120346308,64.37172471331121
82.598263919353,72.34087474289088
115.61243510246,87.38645971025723
122.58464944363001,128.39557935673722
162.66386699677,110.41022715474764
173.04308652878,113.28398750628996
176.09531188011,112.48580161629688
174.30744236708,120.61036667220738
186.59388455749,126.31094977199946
180.34421744943,133.85671335194735
202.99611884356,189.44051450486114
198.43742190301,191.40965638960165
192.30023424327,165.58794555398535
203.61434936523,167.93097324862052
200.01786667109,180.91339006602811
176.29245901108,155.1960825598957
183.28762185574,187.48860517982754
182.88967633247,182.8814052986406
198.5167927742,180.97845358887525
196.73095595837,179.03629216035816
175.7662935257,162.30624222355692
172.94502544403,164.5795640921927
145.41229486465,166.94956326243482
178.32520881295,147.92881081980914
166.88053810596,146.6210107802242
156.01232600212,157.2055893142893
160.18567931652,152.66570111871872
171.08296537399,185.61222727645742
164.36187601089,179.61353004627492
156.07525420189,181.7336030252776
146.61586070061,157.56908298150393
141.3631606102,135.08676552986907
138.24588537216,134.82824235593955
136.48333334923,141.4462124819207
134.28609681129,130.5437258712141
150.69892883301,128.91952423816107
166.64760613441,121.7440252865383
135.92265224457,122.10868247861907
128.32184696198,144.94756478667617
118.44861698151,122.83137523479924
102.24074459076,118.90466620018799
98.898180484772,112.89306585150725
103.58254027367,112.52939267761828
105.00919997692,120.43934588609281
95.63153553009,102.3115268063539
86.9140188694,111.24791653025682
96.944664359093,102.3176339262734
92.428455352783,103.68334874670045
97.130547881126,102.7223031491411
86.570013284683,97.28243599731468
71.864000797272,103.40497471627359
73.950967907906,76.29580510881489
76.270154476166,61.4741428772107
74.125176906586,61.161719377697864
57.233075857162,56.99159433565575
72.276318490505,45.93303654104571
70.483593523502,44.91891939765964
64.79821574688,40.55016182969698
44.507237553596,47.179071108619304
54.338183581829,46.642652072106735
49.032456338406,46.85744324830967
50.973025351763,46.526193314817036
49.68082138896,58.633829014854186
50.034293264151,47.377873627965634
57.237230569124,52.236041296559875
51.823927760124,51.367535344561865
54.418308585882,51.48127703693121
55.373934984207,55.89464156283767
55.432435631752,51.8739775209292
50.575791716576,49.93796898942763
58.131560206413,49.903240068206294
58.474723428488,51.10381287436405
55.167632251978,50.537632901041526
61.806329280138,50.695898558901604
53.723093569279,51.3386121076762
52.75117868185,53.602778291986
56.363325566053,53.338019035127516
52.909672021866,53.72199475802263
57.237832129002,53.88013155687934
52.442726671696,54.080455194798084
60.197790443897,53.06985625102832
57.520846694708,53.48367893661999
56.198627501726,54.184150925840335
52.914992302656,54.181968923845574
53.265625029802,54.76425211267248
58.238997131586,53.314926040154575
58.2406052351,53.596331148549574
59.727547049522,53.420643235713655
56.315509557724,54.83218159044997
58.813629209995,54.17387117947362
57.142175883055,54.70051335576155
56.528367936611,54.85556343719117
57.057233721018,55.78088034911288
56.522944241762,57.39136829042082
60.38628295064,55.81514541308695
60.595016956329005,56.63184984535076
54.625966966152,55.90719033424282
59.380773127079,56.376001626125316
55.682765781879,53.61640722284758
57.862017661333,56.28356680371696
58.258648812771,55.881778234880834
58.255890250206,56.2830790918473
61.795070558786,55.89469671356472
55.026788592339,56.294100423929436
57.125650107861,55.92964069124737
57.152895897627,56.309669044957865
57.908567905426,55.877169566547195
59.625875920057,56.493747700345565
57.530786752701,55.842970500982695
59.888748019934,56.18450258141435
58.84077206254,56.16267625172845
57.747084885836,58.290698702809415
55.651696145535,56.17310001158166
60.96093666553501,56.016971348019354
61.707901209593004,56.03634936030441
61.31691318750399,56.5053291217184
59.689114689827,56.51813725927787
60.101914644241,56.40049817455936
62.22481819242199,56.18219105783077
59.044405996799,55.891614296497934
58.933236807585,57.11172872147458
59.075205914676,57.16944642809438
57.644637927413,57.94046137097791
57.348618216813,56.99804026967787
58.40001001209,57.0355367120626
57.187200695276,56.376956923062394
59.184077382088,57.17989013616899
58.968561112881,57.21282816046546
57.822954058647,57.17752560571057
59.028959035873,63.30495275588799
58.587403535843,56.69221877181444
61.205167859793,56.362491243123024
58.437819391489,56.842881652655024
58.613134890795,56.60907644526156
63.62586498260501,60.002353813899646
58.979045569897,60.64631289131389
60.083714812994,63.118564746579366
61.54156407713899,59.62292681662373
60.189485132694,60.838809689792505
57.43441683054,59.49349248821134
59.2231515944,59.620248165265096
61.557131230831004,59.58126184165421
82.687474608421,73.28760669406888
90.894797354937,80.4522894486952
93.256828248501,80.10482751133874
94.604854226112,81.57951730826277
92.745433866978,78.60787708264871
88.480142742395,77.91334757464547
105.28310322762,88.20538239516598
105.68748772144,99.6036045255646
105.07733941078,122.80205045338796
100.79280889034,127.84582002225471
105.14376109838,129.20736675737794
111.94246074557,138.44728853395196
160.43983185291,156.8538866828211
169.24053049088,161.9702022653419
172.01245284081,165.05805632442338
181.45829725266,171.5950057774373
171.26496398449,181.31656831133205
183.24394488335,166.8361573232518
173.05471873283,171.6627375664284
173.35903978348,161.93481549527155
169.22576594353,159.36598947247052
186.64831256866,166.73703535213298
200.4211255312,179.39629905781126
201.75203692913,207.95139645150084
204.51625370979,210.9616706603108
206.7732578516,209.18395038092373
233.37373614311,212.8746035284992
242.63304042816,213.94405643956884
212.57939183712,215.29558935020148
214.00186610222,204.97674475760897
211.22840893269,207.9468414613222
216.74808657169,207.49008455248094
213.31000471115,208.93069757134242
191.41682434082,220.46478084004667
184.48863685131,232.5495714734008
178.10770237446,207.4568277579212
175.67106163502,205.77288571178454
173.43289232254,203.83923938124988
167.6643756628,202.06868114866722
185.1609275341,189.85126810490723
209.66339063644,191.19471510978389
202.69540262222,183.9779712277616
182.65426433086,190.10740856536327
180.47208213806,185.61078535100378
166.35430175066,174.17228120864
173.75084495544,171.9594561041276
170.87698036432,163.4236875949942
173.277592659,161.3077734915065
150.90131306648,166.10826847848742
153.50359213352,160.7698818320724
158.07274091244,156.24857449989577
155.11462712288,144.1619697820661
155.00353050232,154.24071128890571
142.05031442642,155.1209442768369
135.43679404259,151.7889983911214
137.21474790573,150.95503749651814
148.11214995384,142.3200886700198
153.76980376244,136.3604634399705
142.29210042953,133.9030841405047
137.15169835091,129.90471528439244
121.84864997864,133.74383915129434
134.23751294613,129.69749688113615
133.16780090332,131.4626390172396
129.11526465416,126.6011390320027
133.46918511391,129.32911124495445
157.17303538322,126.89241682844337
148.75671696663,125.81006969664854
135.61495280266,127.41963945456988
111.06647896767,120.70200985757472
115.38107800484,119.29937463662495
115.53867697716,117.53500021174537
103.67708182335,117.96694725239098
100.65244340897,116.56617667582259
105.77250385284,122.42307582129148
112.66663742065,116.77975066246758
106.96052861214,115.94605361548479
108.04934954643,114.81838203223185
88.447802305222,103.62600660102247
105.97389292717,111.38945189733246
87.342401981354,110.27947190521913
91.717959403992,107.23433544415279
100.50694060326,99.35774468388499
87.373421669006,101.7630831609881
83.403468132019,103.07734081800943
91.591569304466,99.98239340634109
93.562985658646,98.98336684273741
86.954897880554,97.38190492026325
91.251829743385,95.92881198196639
79.656170845032,100.1225887670633
81.57204246521,90.32270163657891
76.877849459648,86.80693746723298
61.427713394164996,78.34839379934432
67.016189336777,75.51708101942572
63.41771042346999,64.29611195962772
70.189365625381,62.45917853970767
83.892533302307,62.249055267117306
73.270283937454,62.51739712570426
58.378480672836,57.31648192275051
61.96465444564801,52.079439964544605
51.073369503021,50.97030549605511
42.012123346329,50.783973764000045
48.095805376768,57.199332171537876
47.704504847527,52.496784998173936
51.489422261715,53.411379823061175
47.895539164543,53.97155655898746
49.017289280891,52.822477624246474
38.46493935585,48.92499914658229
45.159550130367,51.29652031168999
43.50088840723,48.080380158359155
47.185105711222,52.46640349080311
43.792312830687,51.29813470423534
41.947895944118,52.53769140244429
44.156541854143,51.943319405103395
42.655538439751,52.57619887883141
47.709892064333,51.6749557020309
44.954952269793,51.31425932018859
48.759732812643,50.1416618853606
43.567842423916,50.01465464552573
51.894881099463,49.8827655964261
52.578821569681,50.76502432841981
50.944023042917,51.31297052648179
47.738097369671,49.94299080115223
53.151256620884,45.94873666014978
46.23626947403,47.203724743100615
50.637410759926,45.23722944795881
46.125504106283,47.00469846383368
50.41095405817,45.76680140029716
42.397352606058,47.20041719279132
46.05450412631,48.43068346597611
45.937997251749,48.16864855102774
50.413774341345,46.9801514259908
44.796197652817,48.088554379183535
44.446927964687,47.57193438186926
51.915628105402,50.013370878894044
45.103810369968,48.10185621162461
43.960678428411,50.09165637414185
47.24916061759,47.35583671880954
49.622440218925,48.0388543338245
45.5431394279,46.826087264595
46.594563394785,47.73245005718719
48.345428615808,46.75136431876919
46.060160309076,46.67271087229227
45.625753611326,46.373855526375046
43.013393759727,47.56837733147235
51.170568078756,47.546172069295146
52.759217560291,48.68134702667186
48.059368282557,48.49823892768481
49.07024282217,46.75011339123742
49.871420532465,48.72206618723792
45.548247396946,47.71360162848107
46.593677282333,46.73982877960267
52.472428441048,47.7003436161759
52.072842538357,46.865167745858166
41.558595508337,47.528807390851554
52.876679182053,47.76209309766313
47.233646959066,47.673676908236516
54.900425761938,48.87677490118368
53.324066191912,47.87699585582963
46.991928368807,48.30465491413762
43.576821327209,46.91797243724856
49.63365894556,47.92857459357022
49.293933749199,48.66343241801735
48.285947680473,48.20514234372972
49.861308783293,46.094619979140724
49.658127754927,49.0686217043283
49.484671026468,48.98816880156345
49.37312412262,50.29182383717527
46.820174604654,46.925804730723165
48.326374262571,50.1506228520234
48.628652244806,48.509660702081405
50.884877085686,49.595433037961406
48.735427230597,47.06097295345518
48.059744358063,49.88348944777794
54.06986528635,48.42411529533851
52.437426269054,49.95939475766481
48.426014691591,48.02867393515174
48.456932932138,48.884896105477296
50.299171388149,48.7265129829751
47.919523537159,49.478971576970466
51.27800899744,48.75420013801257
48.622198402882,50.12413846231164
47.726134598255,49.76995001290682
48.584538191557,50.439702322752694
52.341076076031,50.19509539564938
49.185434669256,49.805436125473705
53.18332529068,49.845255027096286
49.468463271856,50.27495388897778
49.684040427208,50.08416254363693
49.55165669322,50.53009971440791
49.959686726332,49.80425881739251
49.506078630686,50.05924307750495
50.27768984437,49.774052802197694
50.21086499095,50.495546875047985
52.5125746876,50.18395955486978
53.879013717175,49.93294367670129
50.352926507592,49.64726260137736
49.400456175208,50.04203982834552
48.145444095135,50.26396379039699
48.140436172485,50.19434280770136
51.075924575329,50.595328757969824
51.120090305805,50.80602779528693
51.119574546814,50.755802839020795
52.427206158638,50.5754703698038
54.124468535185,51.00452400064312
52.611663222313,51.98036438695807
50.462505340576,50.86720543041279
59.367798447609,51.31236249673088
78.132913887501,52.607433848215194
85.861983269453,86.54974182216593
85.72985419631,88.63059807058062
92.512775987387,80.72892226983058
90.265139371157,84.59187467317756
89.995083749294,86.7130257153018
97.251876473427,92.50540723291294
98.58219909668,116.18061364400837
115.24299740791,128.00836113581127
123.37732023001001,128.88643896007045
128.78638088703,131.44271854535648
158.03698974848,154.37395069770716
171.71188473701,157.96264829187177
176.98520481586,160.4403935886809
170.75652372837,172.9887955274033
180.52381622791,163.7823053778153
171.65921092033,156.37079505447122
161.21850550175,160.88700946671452
178.16463673115,166.10756843630284
179.7502040863,173.44761239382615
193.40587079525,199.31541512420512
195.3228263855,202.13165958953672
188.58913338184,203.18660879155794
187.71557796001,205.61823371578208
213.86806476116,223.64200070323767
221.99117934704,208.22557727269876
228.07049131393,206.64187991612545
188.52238202095,193.20136817467636
188.18199086189,182.75593682506377
197.0543743372,189.0896151439637
189.57000291348,190.84931860788132
187.67756390572,172.97190098167275
189.71011209488,189.62262753250252
214.197884202,197.02714891079273
196.99392390251,192.13338452599788
185.52247667313,166.76352031256974
188.25986814499,164.1076300671117
175.53409326077,163.39848411114184
173.56733644009,166.27657916660493
175.11234986782,164.83654551891107
163.08321523666,162.7006602268864
150.97167491913,180.87540145577847
145.12327933311,162.37668284481012
153.26598501205,154.54213811853987
152.01041579247,153.92817082028046
144.46090698242,144.45243857721394
155.42321610451,145.28949667733403
152.18221664429,145.21821063584608
149.68242812157,145.7563958766362
141.40864348412,143.06468404981777
144.11089158058,132.1841839210828
128.77402043343,129.21449799381065
139.66686630249,129.66223781106737
126.49235081673001,128.5445816324762
129.06568527222,123.20662534033754
126.33247876167,156.51537266657297
131.30308032036,119.36009069333397
128.14780116081,156.5647258863781
127.07701444625998,118.5971930455108
134.59490776062,120.62247324011189
125.73136329651,119.26734109313229
122.6997358799,122.61946479305689
114.65176582336,121.59790500124366
122.76043725014,118.31472086328542
120.19696807861,145.3477531608527
116.47974443436,139.16157921767456
105.20195603371,115.34087797875885
109.56629538536,115.09673803414974
97.124400377274,117.22703788714962
89.337336063385,121.29866315897162
86.061225891113,123.68930951109881
80.474233150482,122.66704910894165
89.735151290894,122.35151601683566
75.941588640213,100.97184901725367
74.929075479507,106.25579343186605
91.878511667252,99.78594585012206
78.292001724243,108.2784672850198
72.023984193802,95.17003114437134
76.466297388077,94.47217667027947
74.631517648697,74.66223403935547
64.868401765823,68.91348556228444
63.741985440254,66.76848845414351
68.539935708046,66.16765553724582
58.966877698898,68.20831679838507
58.189075350761,66.56331586653319
64.019639492035,58.23400802625229
71.115029215813,61.52565673234918
52.839970707893,57.072764565654424
52.660392045975,49.846478796587476
55.074835419655,50.59635891411565
58.169440746307,50.5345855926729
54.493371009827,48.26373990386651
53.218407869339,49.78547817062146
35.016687810421,46.935731269220135
44.627531260252,48.64470242794808
41.842957913876,53.932657142761784
44.261488199234,50.990134737317334
41.730110138655,48.342388519256545
41.238107144833,50.38347882377673
43.384480208158,49.57679346234443
46.058950066566,45.314294136627495
47.547296732664,44.96783885192541
46.085724204779,44.87712298025058
48.887572228909,44.97302099062662
51.149176061153,44.846218772220325
47.745505332947,44.97968815910428
47.836699426174,45.039515857732006
48.188203305006,44.98894582094233
49.118898063898,45.571400145422196
51.085399895906,46.60770082079233
46.180920690298,46.79698232147353
46.944066017866,46.52280090606298
43.383422523737,45.84280599308908
44.624513119459,45.78567043384271
46.34003213048,46.798404907696174
44.553890109062,47.26912833993743
45.14444193244,47.80236583972569
45.402810066938,47.311738106978034
44.954487025738,47.762808853507394
45.888578921556,46.748945722709614
45.700890213251,46.80426756278042
46.526527404785,46.6403725785921
46.00700879097,46.63116123302604
46.052578896284,45.06712320847794
46.231271356344,46.26719425570836
43.54751431942,45.783351419375
48.10346108675,46.33646210453379
46.360010921955,45.26699175913029
46.422107219696,45.434933783429365
49.018876105547,46.68136639922515
49.244166046381,46.78620750322813
48.509400546551,46.871576524477206
51.304288178682,45.48346039266956
44.713932812214,46.35795625718556
47.080064117908,46.320075625238026
45.23202162981,46.96799055690934
45.495296418667,46.88019246548676
48.226761072874,47.43369716709577
47.528954982758,47.52591506772322
48.135938972235,46.83891931938381
47.548255473375,47.80392711591069
50.533672302961,46.88762317193976
45.779067546129,46.801256333114715
46.004129469395,46.726814412469984
48.431349933147,47.20901417799105
47.981403440237,47.16203033711652
50.819164484739,46.466457945189646
42.970220655203,47.23321923567625
51.126506924629,46.73780638805742
45.664766550064,46.92374490821087
46.300113081932,47.36450170829041
46.645062595606,47.55147330109708
47.392194420099,47.41381388689325
48.756724566221,46.737067990681645
47.080616116524,47.69267788582972
49.096959352493,46.534311620729405
46.022574990988,47.5806076060387
46.762515246868,47.312916096430214
45.658675789833,47.7805137300914
49.751714468002,47.46568753612819
49.611327499151,47.540433788307254
48.710648357868,47.79307132417593
46.117986500263,47.937839185119344
49.071102775633,46.96577539104091
56.787091441453,48.62166363466371
74.322800517082,52.22566509917897
85.721380241215,71.29866796891932
84.82765930146,71.07363581395956
86.680050551891,82.13245566322496
83.145222425461,73.24493594282056
84.638552010059,72.50090338916486
95.673793792725,93.73839933216426
96.799199104309,85.27991614781773
97.817513585091,89.65424298522656
86.717839360237,91.6615039751349
96.923015356064,117.267142609164
108.31038057804,124.01907212281552
148.07359087467,151.5653781592095
147.07314062119,134.34182361421102
156.73189032078,158.2053944675023
157.2509342432,150.8606424493305
147.6867364645,151.78883402280005
157.24638271332,164.69129953657014
162.89088797569,167.13832260306455
145.38234257698,138.06929623010464
168.14411473274,163.32961195332592
175.97681879997,163.95338686395138
176.89877688885,186.36467488052432
148.15167307854,201.24291309631292
214.17815828323,168.84404925083575
164.79306173325,173.04308264671155
178.91764140129,155.8257051944625
197.56983089447,173.66561901293417
175.25539517403,171.19257294661878
165.23884439468,149.4970995924128
134.44813990593,169.40276982126355
87.826284408569,165.69844557244483
187.40146052837,144.22499846672542
72.167474985123,154.21140383304194
109.40074920654,191.54309729002125
124.24596405029,151.30577633691513
176.73638916016,141.1790620598406
143.91245126724,150.13877946749813
111.50678491592,140.16135999062058
117.66112327576,120.2868605145743
114.40308332443,128.64025842722478
122.42234277724998,116.76076461905265
37.685262560844,106.33247975660413
68.448156148195,117.60041667728989
121.80799913406,108.92011681683664
101.17766475677,112.58779748862123
108.07531118393,117.9479638333874
118.79011899233,114.1614388137545
71.65175151825,108.22460815684767
106.26494550705,108.36716372668442
99.716939210892,111.49734030771627
110.34918832779,112.80441293364555
92.044206619263,106.32020923405302
69.519495010376,104.60008373565451
50.288305938244,103.79560840095483
117.31485843658,99.0628601913862
147.40510606766,92.85926557413065
67.969696760178,87.95252685287049
67.185876369476,73.2396870887608
83.312119960785,82.80964334809292
81.447600603104,70.83555036699794
64.10863006115,79.98139940112512
64.277701258659,69.66415749612297
83.521083593369,69.84813110810458
67.801617145538,57.59260404296122
77.19690310955,69.9706898026311
67.576509475708,53.8129451469903
98.800509810448,54.21522176169479
69.290469169617,75.87740729831333
66.688052892685,69.31974613045266
59.185891509056,57.77080593139108
58.677805557847,60.531542003306015
57.282150268555,53.58183285665759
69.812143802643,54.5452681424757
55.245146274567,57.94863764774886
45.107848167419,62.891627212852136
44.874442100525,48.293659920147185
53.936503112316,54.905107468240445
46.367039680481,47.440259915646216
49.017772197723,51.55666078543866
41.34423494339,44.35585103044656
50.596341133118,44.49951022197179
44.250795274973,50.84623599692652
42.159406542778,49.19601713188535
41.677484720945,49.24524902629393
41.791046231985,49.25703004520139
44.857959628105,49.12859321730449
42.036086201668,49.39091195648294
50.317309826612,49.13332622270477
47.405505776405,45.15361609855381
46.422136187553,44.70383525217778
47.048740714788,44.639910487237046
46.849776536226,45.01470361061055
46.261642515659,46.632724897657674
40.848107159138,48.813559372191115
51.615992337465,46.53942052365222
45.495830923319,47.18128709304482
49.770133167505,44.670604191814796
42.508009016514,44.664258846671025
42.377458125353,43.483470384838704
51.781711101532,44.81396927428584
46.757636755705,46.81244071944397
48.187191218138,46.43191683917489
44.021382719278,45.0283648457411
45.584642767906,47.3542968801203
45.008180171251,47.09193299977067
45.881122004241,46.605044462855425
53.473050236702,48.984220051071134
49.784654974937,47.983943669341734
48.152434587479,49.197441000599675
48.698271304369,47.75667134022785
50.142955452204,49.78420343207115
49.413166612387,49.59476557463494
48.445516198874,50.13328765461275
50.02682107687,49.81791983651276
50.007968485355,49.46855661638264
50.286804020405,49.87085951110775
49.632197648287,51.02002511563024
50.250318348408,51.94682137227663
50.673212349415,50.49443898080395
60.270556628704,51.0613060951006
83.592025518417,50.844831230828916
82.278809934855,75.33288075220322
82.685711443424,69.59079881167389
79.963331073523,78.01752142283799
83.143467187881,77.86368834372134
86.039182066917,78.61881169204254
113.42709970474,120.88963084231824
154.37824507058,124.76038127480611
141.92685675621,156.1219959313299
148.34554207325,123.7417648459403
156.33146822453,156.31958013105677
154.42553162575,152.69254872472393
170.86113595963,135.71100924581316
192.30847072601,166.65503824518177
190.27284479141,140.323810207234
206.13306868076,164.06283630339277
224.1184746027,165.25246936304964
217.97815692425,157.4516318015313
201.06493151188,174.63056768830884
179.8262616396,177.8159545262418
192.93607318401,165.3697101597688
180.86177575588,166.18977588727796
161.42157840729,202.7635915088276
168.06610560417,232.0916240210528
182.32319128513,188.34367918504375
173.4309630394,155.00290769381274
168.75315821171,149.9996024751468
135.10272431374,162.40960911046201
116.79086661339,149.9284371673962
123.03307723999,155.1789251387955
118.62292194366,144.7134666471224
127.55042028426999,140.54457433231374
132.08470773697,142.8373952946783
118.41455960274,141.7923449094827
113.64415168762,129.03007985379702
121.74928855896002,127.68317023689156
124.68014264107002,118.16408381214141
109.36199498177,118.74493686449559
107.15922236443,116.34733530702536
96.262913227081,114.31351270405129
97.493832349777,114.47885719171568
110.53175377846,114.69200461532019
94.34536075592,113.3261568849408
107.08487057686,109.21901257278753
99.920285463333,114.02365213235001
90.651449918747,108.50367020406598
88.511092185974,104.60694119737887
87.580851554871,105.87975242593552
83.448867321014,101.46554395140552
95.149777412415,102.134398091241
89.714440822601,101.03712539355742
85.708048343658,102.03791221881826
75.912122964859,92.73935982095702
83.688727617264,97.64677606626185
75.897648334503,83.7154291865996
80.839251995087,89.16707577903152
78.023149728775,88.03748314429836
82.469106197357,81.41931074835644
80.45051574707,84.6600114389443
71.782094240189,85.44364496516413
75.799631357193,69.12468733268113
76.1841340065,68.66011174679956
68.919675111771,73.32985186356473
58.822387695312,68.67000844253754
52.045971155167,72.25708181343045
49.528178811073,70.11302053455438
53.754570484161,57.28142077887728
49.239830493927,58.11443170814627
50.772046089172,51.482720678126164
45.764601707458,53.32531555633974
47.29794883728,51.6702771255433
45.745739847422,51.604244979237855
42.702372431755,51.47890673020356
41.038807630539,52.027239035794594
49.319764375687,50.96355454954287
48.166556537151,50.99838950708113
48.078878611326,50.69064501270692
46.212969511747,50.32208867784764
45.419981151819,50.46625432814252
46.029416948557,50.66066989661658
48.47795933485,50.20812599258016
52.782092124224,45.834886574087164
52.877017498016,46.21090300705877
52.278765022755,48.66854901345384
45.27739790082,47.847871647958094
48.611179471016,51.277884816898776
44.682249307632,50.99880412054958
44.403526544571,50.186185156307694
46.196093827486,49.0650628839655
51.804253011942,49.49421280075496
42.939732939005,46.764040424872725
50.652809947729,47.98489827016344
50.322069972754,46.90157163340432
46.460846483707,46.64250671709274
51.829233169556,47.48937584832161
44.125846296549,46.47464872675537
54.343999296427,47.307492149686624
50.70751413703,50.85308276540901
52.401866734028,49.2450399821882
49.987471908331,50.84346727740352
49.324142456055,50.39549793492091
52.93624818325,50.28245688902396
52.482638686895,51.185535538494406
48.419538915157,51.62949457229731
49.26150226593,50.392958946863104
47.881387919188,50.90600445826886
49.092310547829,51.051944548749354
48.281941562891,50.930450238944104
51.08628603816,49.58777691676882
50.118224084377,50.414624534951976
50.766968846321,49.69105653622733
48.511854112148,49.8865917824977
49.521453589201,49.672667102514794
47.216800451279,50.51211086250842
52.602432698011,49.605074658549775
49.249560952187,50.378658387911855
50.425518244505,49.489559682905615
47.418024927378,51.06587168265846
50.830693393946,50.04294525098842
50.787845760584,50.69474619537418
50.622204959393,50.378185432565495
53.115308314562,50.06629398284726
43.32625412941,49.51085279973193
45.345063716173,49.90585070384329
46.09283798933,49.78624845092095
45.638938695192,50.666087641494386
46.469600558281,49.67957313340442
43.379675865173,50.5419215777198
44.008513182402,48.54020790318017
46.298202812672,49.99787365507031
47.049746841192,47.891870318962184
46.814328789711,47.026310683328
49.571056813002,47.371896529331735
47.814434111118,47.55461616502826
50.610603183508,47.52453555367851
44.774355977774,47.54678193908731
49.438077092171,47.42036509396447
52.943266034126,46.77497075908989
48.382211267948,47.31937558983581
49.551352865994,48.02337773848189
42.717838019133,46.1127834862148
38.520641207695,49.29269324075963
47.063998758793,48.63277922032557
28.570857226849,44.69436669342115
37.059779763222,45.61203933817376
37.492256641388,40.26310771842792
11.63930273056,43.851873971105306
65.2844581604,47.677852882827175
7.287460565567,41.746449406795485
30.6239798069,38.32734153649545
36.077499389648,41.64622102445537
25.758006095886,41.88347960462301
38.704028844833,43.95080587364097
65.933918952942,36.62654163866212
50.215205192566,35.575025790906636
42.800234794617,46.507089335486626
37.295297980309,40.262147646893546
36.004479408264,44.37094259650026
56.504503011703,44.10476855680079
45.966311454773,38.18128974996856
41.961062192917,45.74704223685255
36.588888645172,43.60642737621
47.096775531769,44.206713168658645
35.183748483658,35.06713861282463
59.997589588165,43.21584447192822
60.968521356583,65.55174579202287
34.706074714661,50.70451161993468
55.578082084656,52.68761747631149
59.750168561935,42.650759358226885
19.699791058898,44.800807530070884
51.759816765785,41.72772833470461
6.4777945280075,38.90943134447229
26.883689880371,52.47992326067184
18.215712308884,49.58744913899006
30.612064838409,54.73156688604206
0.46388161182404,31.724588766871506
69.391647666693,49.4107758986145
72.391886040568,35.35740940810185
26.463711261749,32.81361123252789
18.706267356873,32.446056362561244
53.315125465393,35.64984448437608
31.084184765816,32.80702750859426
30.583316564560004,33.127341005895275
34.55427467823,34.94225246294678
33.150386214256,36.69105667054951
34.984153270721,36.63900527498768
35.261633276939,38.1512377120628
45.078370034695,43.779719529555194
44.403780579567,41.423171368206205
44.865160882473,43.61868458200824
42.854762673378,41.755721776307446
43.935063958168,48.86776186030422
42.031439960003,45.312849262386415
43.238283097744,45.024818252744716
43.247590303421,46.1479747258213
45.411748766899,45.0606700134679
44.000175178051,46.14217313430362
46.2951567173,45.037848627896146
45.97259747982,45.08552898570723
44.579146265984,45.03277735425506
45.703667283058,46.21659217063822
46.995294213295,45.00790182354477
44.364393651485,46.2210399398857
46.01909160614,45.037848627896146
44.30954605341,45.20404580813964
45.905608832836,45.090980713033545
45.221140027046,46.83167438050044
45.701250195503,45.1877854847157
45.932601928711,45.30156471258009
44.85033595562,45.00923148697963
45.38380920887,45.43230382365559
46.755022346973,45.28354996754837
47.322920560837,45.558897701913786
47.674394905567,45.23001885058351
43.74727243185,45.08295753027634
48.417097985744,45.1931179590951
45.066751718521,45.59691913521904
46.759178638458,46.667857112591285
43.709096372128,45.59772638945207
46.831484854221,46.920126019417076
43.584133863449,46.365785779258246
43.356990337372,46.628315806301785
44.341880738735,46.632724097409174
43.734580516815,46.36265963608166
42.156869530678,45.21445662398871
40.262247025967,45.150072181269316
43.06669396162,45.03481798712084
46.024213433266,45.011472983331316
45.424035072327,44.99697984079736
48.916922390461,44.65807475206839
44.684040188789,45.01725567489932
42.76616692543,44.99302876280897
41.493363976479,45.04337809598603
41.490958571434,44.85059726065724
42.748798370361,43.12095274685154
41.169190645218,45.011998752944734
40.868825912476,44.89477518672904
41.040121257305,45.558964228855686
42.760435700417,45.02328924710341
40.772238433361,46.55204657750314
41.70079767704,44.531781858285896
41.788680672646,43.85307263375574
42.472227454185,43.81877179040001
41.591727733612,44.96666474035352
41.649487257004,43.23565212117611
40.949496746063,44.93392024657926
40.928460717201,44.45500479232039
42.274311691523,44.450140244767425
42.413674205542,44.54891261540259
42.860820412636,44.3902001481624
45.331569969654,43.93630749446219
42.574465185404,43.26539547872237
41.765647858381,43.247112066470564
40.991897284985,42.867819045738635
40.65882062912,45.59223933061975
37.489856988192,42.08634818069096
28.194749139249,37.0560282976055
28.255851440132,39.39622899653794
29.938181318343,37.91322999457404
24.715979099274,37.471402395395174
38.328345060349,33.88902769829955
17.783288240433,35.817751944367565
31.475205898284997,33.049909186988536
15.980285763740998,33.068549228111024
37.493696928024,32.83096831826636
28.17245388031,32.90260602023757
30.349240064621,33.59053848189623
24.402777075768,43.484451517734044
52.481337666512,35.077359380843326
51.887618780136,29.351806457570625
44.448234558105,34.409238742801605
33.338688611984,35.02587636015869
37.665540456772,35.162215442708835
36.503714084625,39.194133783856124
25.192868471146,42.29841850758472
30.511188983917,43.05834038636921
42.22514629364,45.12588764586543
28.650980949402,39.65209105430087
36.908325433731,40.94979725211778
30.861793518066005,38.116573182993605
44.045067310333,38.56169194322591
36.012294054031,38.44157029979416
36.974211215973,38.16105179057374
70.180776596069,35.68593045047717
21.495080947876,46.10895803258473
16.908552289009,36.135939416577415
6.8603627681732,28.254916365829313
28.454961776733,27.998150683519764
12.789457917213,33.22640143914439
41.285821080208,40.24638855056481
4.0051674842834,28.733910635380774
27.730515003204,25.00775750345825
30.635887980461,32.040587046061596
30.966161131859,28.03815322902519
33.635908484459,27.895870609167023
28.223009109497,35.13935912643619
28.271939635277,31.788407911530864
26.057614445686,31.832780551486326
23.474697589874,27.627413934176168
25.820502400398,28.72034483047206
29.18393445015,29.778184644360636
30.855698704720005,29.75437590038867
33.699583768845,33.11643621172336
30.517365813255,31.86688362680826
39.405149817467,31.842783580403893
37.003518342972,32.19174460138003
42.291707515717,42.30780112155402
45.527881860733,40.83619770400509
42.746312320232,43.42267202628415
40.783257842064,46.39833981794797
42.51392865181,47.99687345639694
43.316644489765,47.82781807615045
38.88564145565,47.95794248366132
42.309490323067,44.27010945153232
42.556813001633,42.7260164604672
42.195621013641,44.7992794773111
45.115523338318,44.48491982847565
41.708466351032,44.93831743799754
41.981657505035,44.93999150333978
40.646894931793,44.83573326412009
45.016943454742,44.37070375252156
42.319615840912,44.58574645247581
43.438692986965,44.057446704193396
44.086078643799,44.969324134903616
41.54077899456,44.389289641843504
42.384944498539,42.829407741264845
45.005974650383,45.001699880540066
42.859615325928,44.1364813805917
40.509683847427,44.34288619398503
49.110294640064,44.93388622461222
46.899645924568,44.96321885617605
43.415958106518,44.40614260055716
46.107703089714,45.0066024934973
42.059634149075,44.917277300308626
42.3476126194,46.47560205961124
45.398094415665,43.62034768298596
44.156587123871,44.99001531773416
46.614333748817,45.51950036361194
43.738704323769,44.98800020915092
44.909339308739,43.265791979527826
46.388162493706,44.846606007572085
41.39744591713,45.00954269141912
42.685040414333,45.0222660207666
41.428155303001,46.288469049372836
44.978603005409,45.0370764311264
44.537879824638,46.120364070030895
44.098412573338,43.30260986916695
43.963361978531,46.45375893714529
47.793465614319,44.99750473296413
48.174108147621,44.95835795597201
44.086051940918,44.935995445936314
47.32622975111,44.985669035214364
45.751388311386,44.98800020915092
44.056031882763,44.993389139787865
45.806710779667,46.47649842216475
45.653410255909,45.00291123132747
41.638177037239,46.49927190740748
44.728344559669,45.3029009028508
43.541212916374,45.42393427623647
43.685683786869,45.50587448333242
40.457038760185,45.22144741939136
43.424887835979,45.06870998056608
43.304040074348,45.030971152398834
43.473020672798,44.43455735116813
42.036577641964,45.10438985060558
41.524238944054,44.974429447077405
43.870621204376,44.51359256603801
46.951445162296,44.983235190526386
44.027201294899,45.50554342962443
43.701359629631,73.17113160644186
46.649125695229,93.59147124363894
46.021597862244,75.72768492863464
48.926068663597,64.27884102779211
46.530659079552,80.4260177132602
52.948294460773,99.38744801625228
54.305940181017,103.4276011509995
54.229152560234,102.44062133874706
52.889893382788,102.98665935272737
59.576706245542,102.13275938305122
64.696104481816,101.29903459258743
85.933031447232,97.27837603034891
111.58728265762,96.41575153284873
92.301926493645,102.43916071113277
100.45762968063,97.28859304357721
101.79394948483,95.52282371045773
105.41427445412,99.8853867519539
106.42636036873,99.97407878411569
117.10576999187,110.36796835085002
114.94612872601,109.03243011991357
110.82253718376,110.41470429953122
112.99049305916,112.36572082041921
108.01950156689,118.37218083154494
115.81516993046,103.92783355467665
113.58103191853,102.87856991612546
116.22322916985,102.3033812307399
101.10591387749,101.98525003530806
120.36908042431,103.23969829069901
115.58941352367,102.24335195488086
106.34591841698,102.97841146964052
111.37356340885,105.87118567717444
131.43563950062,104.28436125141455
113.48880112171,102.35958884872575
132.1089297533,111.56015108301192
122.04639637469998,103.58043491273797
120.96350026131,103.3867522624183
135.46042513847,103.78171702304807
123.17743051052,103.6432486628484
147.05668950081,106.22745566054759
131.18298244476,107.93864275190414
97.077735304832,107.81192745565158
109.69431817532,108.94185829295058
109.69431817532,107.5765623350251
91.363995552063,112.782930815522
87.067143797874,96.31906646134193
81.04249382019,74.31531947754027
69.989665865898,76.20489308598243
87.213762879372,74.4369557060024
71.227032423019,71.92158895812963
65.466922402382,57.61620270276158
76.614771604538,55.342391547217524
50.746870830655,46.96381973121232
47.253671258688,52.18016582984911
50.779844999313,47.10789893260672
57.681233942509,46.34212720949764
45.388605475426,49.89979325477487
49.142835199833,50.948835347930675
45.415210783482,50.74741821297926
45.777877926826,51.64844734881855
41.989717721939,54.1446145762155
46.313619732857,49.75635905300284
44.05257666111,49.58898499475858
43.919050753117,47.688386144041885
40.384727954865,46.81794222167102
44.315175652504,46.36220306799919
43.244398474693,45.23592497283107
40.657975494862,45.65461085988805
42.15973007679,45.3379588824102
43.579616069794,45.933530584556095
42.530146837234,45.42221397193228
43.360327720642,44.99791015684457
44.026594281197,44.09171943392211
41.696887433529,46.01661207801449
44.247214078903,45.451844807892705
43.022751033306,44.82976993627897
41.996922254562,44.829241896152226
42.521956861019,43.940976211662615
42.321828722954,45.67989216099022
41.538142085075,44.57501423021994
42.80361354351,45.83125710023812
42.674580961466,45.80194063205875
43.382144242525,45.34874344019498
42.943951785564,43.92295501701649
43.391425073147,46.13111863715578
43.122627913952,43.24249053659466
41.985141485929,45.86949969084126
42.186916083097,44.47656825553807
45.604560136795,45.82769327763666
45.897951006889,45.50163692950537
42.871403098106,46.03090867517144
42.662983417511,45.97584161718504
40.876522034407,45.721381874157274
42.42537778616,46.38134320292606
41.360361605883,45.31475043202596
43.560126543045,45.98651746147494
40.896389514208,45.606726961195825
43.584977418184,46.289393012825265
41.966712623835,45.357084578180405
43.094236910343,46.50982717014167
42.808682799339,46.09554497769543
42.607087224722,45.36818215146024
41.910584509373,46.236512713347565
40.953893572092,46.07367110879045
42.620723336935,45.91956236977128
44.670693427324,45.775317724763816
45.370929688215,46.27530438937253
41.484961420298,45.72028444513331
41.365235179663,45.4909394533461
43.944112151861,47.23242990437516
41.973824113607,46.52893409760782
41.353849321604,46.15782623124004
41.985631227493,46.50174557285434
42.653649449348,45.513212676860974
41.797433078289,48.34211261465718
42.079650223255,48.356861287894176
42.881634861231,48.81425843097185
43.359884172678,47.29757818929727
41.554706186056,46.796582106365705
50.74537089467,55.070178530800526
64.975508421659,64.36658084635475
61.627989113331004,66.69550955970604
57.898748785257,67.99073666352074
51.030563503504,64.10128567204207
50.565862298012,84.79144109958263
55.133535027504,90.76460921664356
54.45430290699,88.7647919038071
75.585703790188,93.41776883592907
78.579411149025,96.78763524389048
115.45712983608,97.8339357366459
105.24095308781,106.12723318142052
79.859794020653,95.22392867565115
75.239127278328,100.9973170749679
90.405262827873,96.80100689186818
119.80644869804,95.45706575933642
113.46263122559,96.83035644550253
123.83987545967,108.6756930003075
107.09367406368,108.61573837726188
113.67953038216,107.30884197975503
144.24864828587,105.72773302769997
134.69305825233,125.94385838193998
128.67779767513,124.61856250886952
140.90591681004,119.82651329173297
133.8184376955,117.23510179438658
135.55728256702,171.62487132487894
134.52330458164,112.24664409401343
127.71727025509001,120.00034611317675
140.64849996567,118.85378043276924
161.11864197254,128.29202714068
134.90790975094,111.42525210644243
139.57968568802,123.16912432999777
141.83840858936,119.83205610953901
143.25995004177,126.61587405114648
131.51698279381,126.34189062597954
152.85105025768,118.86495555263467
144.20263791084,130.91820099458195
156.28350532055,120.61014978445986
168.54534435272,119.39159683206233
153.38241147995,121.86926408333085
139.035192132,126.39597318889633
146.89179241657,116.5292757042451
166.58855056763,145.60999851140093
149.38774693012,121.29936795974923
130.54721057415,120.27216040259287
144.2231400013,136.7991677915371
116.2912299633,153.44064183459324
128.83989357948,142.6580035939009
140.94744265079,131.60735581839185
125.55289685725998,127.54945701013125
124.86001074313998,120.23010280408646
113.75779116154,120.36393510948102
112.7108232975,118.16946796515407
122.9614918232,122.9793951595469
126.22229063511,124.57783840310583
123.17991101742,118.17450810928456
102.01998460293,103.39866166928275
105.19803738594,97.44457400778536
101.41418969631,93.03207938370039
99.184793710709,92.57439221062445
74.793688416481,76.46425823524496
76.438783288002,61.631590481279865
67.771765828133,66.86448685655584
64.526931345463,60.23884132160927
71.32400226593,52.397417740416664
74.852501749992,54.04417323353187
71.309167385101,50.29443309493173
66.432835936546,53.643837613361626
69.464294195175,57.6575347433882
40.919494867325,49.570050778582335
45.437139332294,44.773925184563
47.772711217403,50.164916358304986
48.117177635431,47.625577084240156
48.317916065454,48.41701325809778
46.579191505909,62.68103393997265
48.699723035097,62.28154159143218
49.174463361502,62.21268708697799
46.300495624542,53.7760765092476
46.857858031988,48.62686330535294
42.306866407394,51.214143604177394
44.774951756001,51.062910790556266
44.24416834116,48.507889839614116
44.518676608801,51.37570765504997
45.690962076187,49.99327520916548
49.553157806396,51.38364856772186
43.494782924652,48.57305303637305
47.824252456427,49.443314321756304
47.697716534138,47.64339318709913
44.831159889698,47.471637749220676
43.314294457436,45.47988004783619
41.995292901993,46.58619506682177
45.855542272329,46.57071362321482
47.796337455511,46.93699755774164
43.191198766232,46.167846677357154
50.821206927299,46.53745644242705
45.946133613586,46.34108790443972
44.702871441841,45.19161379254373
43.686081945896,45.24118651530807
46.402852505445,45.77358119365469
42.288160473108,44.61244377569946
43.79318395257,45.168253831808876
45.695420235395,45.19928478399593
44.524632424116,46.19652645242395
46.713870733976,44.816182005926024
45.145034879446,45.13550333914006
45.738026112318,45.10762109856497
42.925593882799,46.297596813656455
43.522604674101,45.0236678811619
48.235245108604,45.08898801557655
43.535066723824,44.876318120278086
46.371946513653,45.06001014138837
50.310806155205,46.48408370121964
46.451371878386,45.039050285463034
49.264045149088,46.18994423728896
45.458847016096,46.72568575634161
46.762757956982,47.02219316793393
44.188458204269,47.02861240784814
43.055729418993,46.65541744462779
43.454801529646,46.85354860544599
43.127913445234,47.622715786337075
46.822279840708,46.65696398736813
46.552435934544,47.53950184070483
43.552132159472,46.47074712011515
45.930840134621,46.65288436793156
46.964022427797,45.113276891005064
46.545531570911,46.29809978390477
44.914255350828,45.18966819845708
49.099221676588,46.5359064763271
47.079400151968,45.42871083517951
41.400484323502,46.750775468784774
46.76661247015,46.94195205384468
47.340005159378,46.90152162425059
47.29741576314,46.12536872287986
43.86340674758,46.73679940203295
81.650706678629,64.92677384150599
80.71944501996,69.0656842500464
83.150689572096,70.15021146919298
84.397085368633,69.62295534487458
83.696678459644,72.32378827102812
84.10427993536,68.85129901189325
82.885793805122,99.20322259763053
77.79746311903,105.36567137108919
93.804631829262,106.4943449542536
100.83865827322,99.87450829587435
126.22007811068998,107.26193795083832
136.35132193565,120.03371209370971
138.28688263893,119.37048405610594
133.34504809976,124.18910278517434
152.05081194639,123.63710514566152
153.28834533691,104.39338317538544
158.93943691254,101.65371117697309
161.09181046486,110.51058954010121
177.24685430527,111.3048175877884
171.29596984386,141.96147322375236
161.25262951851,145.03124811418746
176.76442372799,165.10778682484627
172.50342810154,171.48023036169346
169.8763923645,179.8984253393109
162.48799014091,180.10710583670212
206.91161859035,198.05503459622446
186.94665277004,184.77971960541893
203.12021625042,202.48680566242854
185.76679432392,198.83811754791654
168.48225128651,167.91593831202337
193.77583181858,155.64768994267263
188.07490956783,144.57309906548568
190.78009951115,155.34027282432467
179.73887205124,159.94871057740303
185.79362881184,166.51013780040952
178.90420281887,156.9629520523973
179.28939330578,168.0701365491669
170.90338611603,169.75622155666227
156.95069885254,170.46052233838267
173.30233728886,149.4092681621446
169.49696791172,159.0565629639583
155.87311530113,161.93615027004265
179.00854802132,133.13043098819963
194.40494084358,150.41472714417938
172.09346306324,148.1628655140743
168.06125760078,148.6221454157847
158.62759160995,160.98237338942198
136.78407847881,129.03027106077974
135.5054410696,145.3667628245312
113.72461044788,152.57829566805202
158.41189575195,150.18707984250378
152.72580969334,140.24328539181727
138.29158079624,115.83122885307931
100.89099133015,114.84944582035311
124.03509891033002,101.63035024946015
113.75890803337,117.1543654612278
89.908301115036,101.93445738649979
118.36815690994,95.78696887569724
117.91222906113,105.48137660299122
104.79770684242,77.60505945387256
110.30700731277,82.22769612658263
87.820350050926,75.53765520295843
78.061739385128,69.5989450254136
68.484717190266,66.57710933519289
64.052321791649,78.57470417160548
57.242845773697,69.95514004789689
61.782498002051994,66.54542791718269
50.882987141609,48.283537195672444
55.263922095299,49.03063543452023
57.109068065882,55.75526248654801
55.705791294575,59.97301924425619
51.298206478357,51.40611981939002
56.607966721058,50.632753998451115
55.460610061884,53.861006614045344
54.331387966871,53.11682269126482
56.543965488672,51.72090799921443
51.819452255964,53.11406394839345
49.116245090961,52.921980584459114
53.668539106846,51.66111482837509
49.722776025534,52.979110170624374
49.229667633772,53.086752051632395
52.417133808136,52.84668677016907
48.765204250813,53.5345099531671
53.783078670502,53.0884850549431
51.741985559464,50.633447502191814
56.048926770687,50.25689168282967
49.938273280859,50.737649228568756
49.776224970818,50.8176700889764
49.480070114136,50.46540092172426
48.940890938044,51.08010300545062
53.683260321617,50.99488632792102
49.609063386917,50.45872695166403
53.473092794418,51.80260701909325
50.758212834597,49.99344602361143
53.426397711039,50.19692020792724
55.413005232811,51.15517904580351
54.887130022049,51.05543404538241
51.523501425982,50.88221256616173
50.020665496588,52.36355397056873
50.97956776619,51.681777713666186
52.052351653576,51.743177636453204
52.429138660431,53.13120000785488
51.849731206894,51.81611363257165
52.534345328808,50.49467849537672
53.269689589739,51.20606418523513
51.396750211716,51.221754722969735
50.95300039649,53.275413211072916
55.010338068008,52.68076061812048
51.765886723995,51.553519309285086
54.069873929024,51.816043393465065
53.529678016901,52.10980015308817
53.40952667594,51.13245685050395
60.842368781567,52.920885084252355
51.835352122784,53.985009128137754
55.850566118956,52.295560751409305
52.639217406511,53.93668637617256
89.88669154048,76.92119929438749
89.193199396133,80.13240923762076
92.942395806313,83.28567605092684
95.063597381115,84.52121232263679
87.418155312538,86.91378620138903
85.348600327969,110.72323267190595
92.327703475952,96.53846424010459
102.7975462079,98.83081140345045
103.18695139885,119.05411482156752
149.55022168159,140.50302389039135
139.22532820702,140.35662344758424
142.85958218575,139.29410893483373
170.57347202301,159.84726885665677
179.06981170177,140.07761007415363
191.39404559135,178.6407661352651
181.64084017277,181.81276465209032
186.33801543713,180.64744344176677
179.64092993736,180.44929821370488
217.35930049419,180.64732933912651
179.90390884876,164.942071849351
207.73022449017,180.19872469469016
149.48263430595,163.00795771949748
160.52183318138,164.30964026542296
165.45226740837,150.86935017865676
135.29527401924,175.79513453319666
120.20742583275,154.22853456140382
130.44518303871,169.91598820612336
180.50482177734,159.33966288630313
99.230193018913,146.80501882794871
143.11129894853,129.4500574282081
228.54690647125,146.36596525158754
166.50893783569,140.2110963520845
103.47738069296,125.85899041112914
134.58603334427,116.71787537390794
149.74566793442,117.33558889563156
140.02522134781,118.46036238363813
115.83108448982,129.46315509341903
128.49126434326,129.51043894493176
106.48638629913,101.60760748264487
174.92568969727,120.48486496108477
72.043376922607,119.90272076106791
130.10383558273,104.07031182304343
133.28460550308,109.34335600063051
93.180273532867,124.8265234712184
90.101472586393,87.9939717597605
29.424808502197,91.52032992006465
160.16383981705,113.34135013511141
107.01876735687,96.67140393895684
95.941431879997,94.7675268635634
163.83187389374,105.11640359690455
52.320765435696,82.90274311982738
140.12102556229,102.64945304044228
92.432946681976,66.58095423027824
91.072062969208,80.01529817577408
65.869102478027,79.53119421141986
93.481533527374,92.90877797882887
81.277593612671,69.00024479241628
55.348006844521,51.86784388965494
60.0724940449,54.19366254861669
59.078403294086,52.338178274621285
58.310456573963,56.802921416454545
53.480182625353,58.61098106834819
56.37199857831,52.2334999351933
54.72235801816,56.72231593407939
55.377562314272,53.405102952783686
55.204589545727,52.425201591756306
51.63935482502,55.87599645429761
53.35314026475,53.65393378853101
48.981950998306,53.05557503421787
51.503081142902,51.75833993560645
49.721421957016,51.61108834967507
47.42691001296,52.65662934651041
48.91622030735,51.3313057471194
49.45480003953,52.715223007092995
53.900511801243,49.54088087193018
52.85565674305,49.4931944396365
49.783460825682,49.650181321829955
53.575690001249,49.829896248037215
52.192115873098,50.373949145753606
52.313598424196,50.90517720041586
56.600391924381,51.10925877960097
58.776101917028,50.89129323463979
54.055328816175,51.3461949401761
54.109600245953,51.20242690327989
51.865013837814,51.654845902500604
54.128239303827,51.588643933948504
54.378891915083,54.448186968330255
52.938172459602,54.49394941870894
54.376729160547,54.47277815065611
53.17592844367,51.863271013936746
52.211786657572,53.70380846887135
53.686334252357,55.57688919908728
57.365620285273,54.78602314164988
57.921750575304,52.452411715260645
54.501660943031,53.36694271121304
53.631879150867,53.01235175991448
56.671551853418,51.74905328535776
57.017002046108,55.80405400999015
53.125669687986,55.28291889579653
51.738843411207,55.65389008490293
53.39031791687,52.09248786002404
55.855112910271,54.015065629762226
57.36056470871,53.70084349833011
54.473901331425,56.03993600746383
54.375301927328,55.913729352508476
53.816032767296,55.56518606063697
55.679263800383,55.626542003503076
55.349659085274,54.17487218904856
57.61469244957,54.005127759662884
64.837449669838,52.95686635934866
61.68133059144001,53.95200046840256
55.71424138546,55.60857251877642
57.05948844552,54.50521578833247
52.339007496834,54.49322205647211
60.535407572985,55.34360545733529
59.415200054646,56.88502820056323
56.743961572647,60.79959712838329
58.740892708302,60.06573355063353
91.941524833441,90.16741187783327
89.450131237507,94.37567462278635
90.505514144897,93.38319610815488
93.710264503956,90.11026889821788
102.20067870617,101.90570129885236
96.840157270432,121.91255038977194
108.86767703295,131.12841546376345
120.20848023891,141.35594067316003
164.1062322855,159.55731086775384
165.62070524693,153.1622920330734
163.6681779623,160.5923983594921
164.67249560356,159.32901797185414
146.91937923431,159.33412010506564
141.25757706165,151.06561451403402
148.33306121826,156.96929422776327
176.12197422981,144.07763592372447
201.38106572628,151.25037336536033
198.64894759655,153.85874870586036
231.00150799751,171.05629498160894
210.98638081551,194.2246341747954
207.60914504528,192.68945407845632
180.19824802876,193.64412914631396
175.5940182209,194.12360987063545
196.95717668533,205.77960495633775
184.71588170528,205.31675616675426
175.77886605263,226.2509502043239
168.11478805542,209.2808714531933
184.4203608036,223.4196917489062
189.28099405766,199.37662042012315
194.22454094887,195.832607568169
190.06216657162,193.05574923780088
183.80314671993,165.27799846527134
172.40711271763,150.83003128862546
185.60941922665,169.79740570936744
170.29714381695,165.10942814915757
178.03761816025,164.51289950465775
169.86346721649,154.43416543174405
166.43002748489,149.82517224090776
128.31921029091,150.64629200138157
142.2884581089,160.6056002272033
142.93040752411,165.81949208718945
157.88995826244,158.07707716180786
153.14617109299,148.66939709665323
141.9262471199,174.4230594571268
140.9139187336,148.22340059746278
125.74789261818,126.91371872183316
126.62546825409001,147.31648309098634
124.75029349326998,134.88144679528185
119.18035984039,135.28552420478786
120.74993133545,131.31691280361184
117.13497710228,142.93560826975278
116.8958132267,125.10731348779181
120.66952586174,119.53854484807795
120.2048034668,111.99672479134871
110.91539382935,112.88233459912645
108.7838909626,109.32043693954326
106.48697948456,101.42731959254067
99.660834312439,103.74493159311862
94.72647690773,107.38602486876935
93.120913982391,101.09389781082267
95.26411986351,97.66139973677542
91.211418151855,97.05072943931042
92.906529188156,91.56926438931968
88.908252716064,94.21405225567823
92.514853239059,93.63980607467191
89.838131189346,94.63244392218051
92.242540836334,92.75806065807598
83.574939966202,92.340396137334
80.715864658356,92.02055032045683
81.823416233063,91.94069111609971
92.897729039192,89.08690398021211
83.745673179626,91.57912308462488
86.80698621273,93.46841594443522
87.263720631599,87.98945264458402
76.202938079834,78.36958709512244
70.053607463837,74.03091535692799
73.588333368301,71.56789958642062
62.434819579123996,71.83521633724773
73.021815180779,71.07301415635894
64.33474946022,62.736429083260425
64.167847275734,67.4257088767117
72.083492398262,67.06838459818037
88.725214242935,66.07938952034567
69.984963178635,56.547466860960476
78.221052289009,47.637624510991195
81.006348073483,50.08582597229347
78.772800147533,48.37649817671169
70.138482451439,48.9204812180803
68.832518696785,47.78924602694062
62.481205821036994,49.98233338642951
63.996153771877005,48.48897814229695
61.02706360817,51.03569407566733
63.814004659653,65.20453833881116
64.841513723135,58.875024286010834
69.534018784761,61.85877077989454
67.103561460972,62.58438657967477
63.58595910668401,60.45520725594157
68.300393253565,59.85065192062596
72.985940396786,58.43002579122478
71.077569723129,60.40472171204438
65.036437690258,59.10129057857541
68.730413258076,60.43845478665497
70.09100830555,60.864806996091225
71.240941762924,61.213680558174964
71.406194627285,61.574000338822955
69.843296259642,65.05932711173571
73.326022595167,62.79446591992514
67.70349419117,62.41595472935782
68.47790813446,61.99189463650757
61.39240929484399,62.90660323206314
65.522838532925,63.918805274790785
68.653670042753,67.36991830543106
62.69719985127401,68.42498359159926
63.56246873736401,63.88417840139606
69.595728993416,63.2315104672196
65.260001957417,62.271304820298155
60.226358860731,62.91661781915693
61.220173895359004,60.35382360374735
59.487052500248,62.151230563440244
63.93664956092799,62.47275737039044
50.824484080076,61.95235372258289
58.855249971151,62.217374199221496
63.06538668274899,61.94978266974153
57.078460305929,62.674885752807306
55.777056485415,62.11737530281949
54.145983070135,60.11092263470584
57.408887773752,59.07639600406276
58.886057287455,61.976107726738235
56.716352105141,58.00588650368419
61.165675103664,59.8822781093121
56.478147536516,58.58173353147771
59.966377854347,61.46272408591596
55.786580950022,58.19460852793373
58.402811944485,58.00902287232574
59.581980526447,57.56429448345676
63.804104715586,57.16241330716074
57.903629541397,57.58104470632294
53.355652689934,57.55962601845565
50.437352627516,51.114826695843774
56.188470542431,57.60066418213239
57.120609611273,57.30883198435053
60.046628445387,57.24588862072878
57.280309855938,57.489531513686046
56.646092116833,58.81649961265059
57.162691295147,57.60200526721023
50.799783468246,54.77731644209092
57.071595013142,57.73896925180034
58.402053296566,51.66022843265944
59.743666350842,57.21503974980021
64.229956418276,57.16525303794527
55.370301038027,57.25339145450018
51.482331335545,57.24702839353503
58.227902978659,57.26522823934111
58.949765264988,56.34006477822471
62.027595460415,55.77404787689293
61.598277658224,51.93856937189269
59.105247974396,55.882275715798436
58.829339981079,56.571878031271304
52.207419961691,57.542843519432026
56.959392607212,59.51138035383567
58.39860367775,57.28537209049637
55.879849851131,52.05891880203106
58.119268029928,58.2477006660718
59.42105782032,57.57806722566316
57.400445640087,57.760972593424576
57.459978058934,58.933157631867445
58.295557126403,58.700479421935675
58.934715151787,58.03758869176934
56.306883186102,57.83267628938652
58.551329940557,52.24388833403017
62.557052999735,57.532073422825235
61.29725293815099,57.30547653639575
57.269740834832,57.2971937322953
60.747711122036,57.605326240419224
51.947941929102,58.02593415256936
56.334877133369,57.48601954989703
51.301316827536,57.3558484265489
58.771888673306,57.37092498641854
59.263154536486,57.12111707042818
59.265177190304,58.24834016792093
59.054299354553,56.651176571709456
60.322206616402,52.55057251457468
60.285742342472,56.31028843518945
62.735577106476,52.4746692606966
55.17569693923,57.842317826798045
52.795280098915,56.79237773934211
58.608287930489,57.24065498657598
58.237254679203,57.78654186455911
61.996672332287005,57.28979983013421
57.806200653315,56.96053216083251
58.829076588154,57.93844960807444
59.720238387585,59.157054314113154
60.424166440964,57.280803906796635
59.530912220478,57.01823552920446
53.109311699867,55.76584548074329
52.2824203372,53.71699876474728
55.763453602791,56.502536572546596
61.83009159565,55.60943005995854
45.876437664032,50.20881757999021
49.624838829041,48.69734963871087
49.949017524719,56.05851763485565
48.804344892502,52.07412918289583
51.436995267868,50.80805161925553
48.709668636322,50.34744293025973
42.746320724487,51.025869373407986
51.037257432938,58.51999099139824
51.521973609924,53.28711588381258
46.737304449081,49.81029183642202
46.037901639938,52.52009549643063
48.765679597855,61.35118812657698
43.73864531517,54.84325519369214
45.927642822266,48.47070161774191
46.178528547287,51.48503875820528
43.318730115891,59.94531408475576
48.268733024597,51.484911969261965
42.050525665283,48.63433994002061
46.991839170456,47.994516026517644
43.586308479309,43.94543395536387
42.50079870224,46.44779568460597
47.109968662262,41.05844587538081
44.836802482605,42.41093126811396
45.496696472168,44.15165433054334
44.725545406342,47.85788628005649
40.491606235504,48.66378126121595
33.566550731659,42.68110209180228
16.877810955048,42.28155153172775
59.031904697418,41.599623584180776
36.319581031799,44.95626913359741
45.78635931015,47.15743272461118
32.771102428436,43.95545966597095
14.379689693451,41.96971006099208
73.642281532288,41.47580445426763
45.783655166626,41.91693310712882
49.242392063141,43.938313109700125
52.390669822693,40.30855672256971
16.65616941452,43.855114490774284
74.041522502899,42.52974716264234
5.8470039367676,51.146578790158024
69.311229705811,43.444674878960164
49.613306522369,52.44910852298506
16.364153265953,44.83879265917049
50.697610616684,47.302690864171005
39.132721543312,58.07308505619563
25.536722660065,42.85972136472446
59.383243560791,50.7361782889219
20.491384267807,42.12920890775183
28.507976174355,41.71032797017064
43.678307175636,35.3033950543688
42.366564154625,36.38046577306265
53.414258003235,41.992900306417624
32.831047058105,43.71476331880673
33.898495197296,37.25812165799783
15.768996715545999,33.49595283503482
32.351739048958,37.47144978428556
53.098853230476,32.608869669987484
23.698215723038,40.25270725893888
29.440876960754,39.89263165762247
62.888369798659994,33.90234965548421
79.997416138649,33.333013151823074
11.317241668701,31.51728272340767
24.272490978241,30.93534993543642
26.25358915329,32.279097980751565
27.458528995514,32.38712067191642
20.321643710136,32.14395156125872
38.782807707787,33.396060999421664
27.615220546722,33.75752491178856
39.135713100433,36.1960487777821
29.530851006508,45.96381597514733
12.309370949864,36.08590330071119
46.501885533333,32.59476449321794
21.584851026535,34.33268386125839
36.829319596291,35.338375500687086
33.330468773842,35.105830736546935
24.419710993767,34.08021567026325
37.309370517731,34.874315885631205
32.453673124313,36.231077934055904
34.634254097939,33.84097579815174
36.357196331024,34.39733830317135
33.061741113663,31.498182639459955
36.357588350773,35.07059099851482
37.430539429188,38.11504927309706
35.391702651978,41.58058772049986
41.267640352249,40.079183922878244
33.581254243851,46.25537906918603
39.740737438202,42.35489314432005
38.643869876862,42.67026614426878
47.715020239353,47.59245475284594
47.753556251526,47.155929804826805
48.622630238533,47.80261475484522
44.720499783754,47.54957552921181
49.201868057251,47.02137540448025
48.408424794674,47.53961749288753
49.679432570934,48.103846172937196
46.981433987617,49.31790071694256
49.022858530283,49.787927530347346
51.267611771822,49.45277972753254
47.596196770668,49.6604547885967
51.761303931475,49.42528013670878
52.843162953854,50.115729022191296
50.596283763647,48.5329633656771
49.650806516409,47.95737040975147
50.480405569077,47.94771072225721
51.367892146111,48.476233532308164
48.778440058231,48.324590952812166
54.212786614895,48.18380808891526
49.173350423574,48.51124812444459
51.31535077095,48.22567529313028
48.927821487188,48.45796886123275
51.313661694527,48.335886551144604
53.157695353031,50.24648958528341
48.573198348284,48.99398625389185
57.554640561342,50.27652097202759
55.270689666271,50.23050771513208
50.189527541399,51.34766250619837
52.985775709152,49.65650601000409
49.26352456212,50.463942847025905
52.773305416107,49.637740458537095
52.397382497787,50.463942847025905
53.628828346729,49.74639090780718
52.276906490326,51.792503064481124
54.593887865543,51.088195301472695
55.216921180487,51.61666780708748
51.753630906343,51.14183649158246
48.826231062412,52.18494814456258
57.445269078016,50.597848962197276
50.693358808756,52.282781405325174
51.944449067116,50.38209147782532
55.14760223031,52.07931498962512
50.510869592428,49.873608163322
53.114159971476,52.65013968875072
56.791793137789,51.03147689676483
50.22855681181,51.85911211008846
52.676699697971,51.613365616593676
54.770877867937,51.08824911692924
53.365945518017,50.08620701796265
53.554043620825,51.942039614520496
60.021135091782,51.33855345193806
52.046608120203,52.69024683351727
53.994205027819,51.61861896324643
60.184417545795,52.82419745567292
53.758033782244,54.330466626610466
60.92880913615199,51.05111098069814
58.227999001741,52.469588960494875
55.344839841127,53.68167650982586
60.110199153423,53.24788144167936
52.546787321568,54.318684365574185
53.692443042994,50.286241501428094
54.434027135372,53.59494738998242
60.147953420877,54.38403206397391
57.359888523817,55.466760478425755
59.171447634697,54.414908762151136
48.430659800768,55.626975494064524
51.454168111086,55.08148715491749
44.606501758099,55.052536282756996
49.862042248249,55.41871888027385
45.935642689466,53.08054561540436
49.24261572957,54.76712395353425
44.686655938625,54.80632424655703
50.905925989151,55.160829662300415
45.193164348602,54.91232317336598
48.212476372719,56.352339190814185
46.350103825331,55.42059325872445
49.269119381905,50.05042967833633
49.623213589191,51.37783928287422
51.674618065357,49.55986604267711
51.278642594814,50.821521151973144
47.833058387041,49.7815008791791
46.47508969903,50.53089508568137
52.679283440113,49.391591973795656
52.131067812443,50.772164282034446
49.761931419373,49.22530044015794
47.541314572096,49.570520743868
46.01961606741,47.61258733710482
48.918279975653,47.64139122787825
49.4965454638,47.72725540992273
46.105271339417,47.70272187100637
47.539173603058,47.920746259502174
46.907933115959,47.91014606430658
49.56880825758,47.82909684500701
46.187952697277,47.733934170293885
47.57402035594,48.53162592669483
47.429199397564,49.3334098076999
47.26942640543,49.841722052669404
47.397492408752,49.49762024157841
46.945011496544,49.67846649878078
46.25729238987,49.86316333737685
49.486887574196,49.31491279027486
47.240130007267,47.82672810837741
47.938696146011,47.95296242532476
47.423891484737,47.04751432102787
46.382361978292,47.836450420591454
49.994036257267,47.56781555776036
46.712762624025,47.58796197068314
45.874730885029,47.50932678662772
46.419919252396,47.13619697567402
47.2480674088,47.85607332755028
49.21404582262,47.65288150700418
49.435787856579,47.60850612293902
47.282419890165,47.6229919293234
47.521255016327,47.47219675048727
47.053556054831,47.76292642607993
49.294243574142,47.90663980667991
48.633884698153,46.65490735523066
47.000675201416,46.85042309541135
47.248761832714,47.05163341927026
46.756338655949,46.89542562302351
47.797128140926,47.145701589398854
46.996041536331,47.21160416240219
46.460574030876,47.44240656029239
46.407431349158,47.07976389808234
49.114419966936,46.85827478483801
45.87210573256,46.83571241658321
42.753285326064,46.49605568120224
43.738502942026,44.00161367478193
37.719199746847,42.18635678059495
38.401381731033,42.92014816183489
39.112861812115,42.47137937153518
39.480985164642,41.15356155346028
40.591336011887,40.06022280111208
37.981409072876,39.82185692925575
39.147359251976,40.93436882705714
39.161051154137,39.71331221757247
38.444848537445,39.34037500884149
37.570908784866,39.590037286283064
40.87449669838,37.49954721696039
37.684549093246,36.821136182624926
39.912938833237,41.072446826857686
38.311905622482,36.616280917317894
37.716742992401,37.21719643985639
41.440547466278,36.78907422257856
40.234507322311,37.09880007462359
48.234236001968,37.01066542596173
42.578335285187,37.514552497453074
47.042259931564,37.44690836343929
44.869971036911,36.85611534497545
42.884627580643,37.466354630677785
42.832205295563,37.1078019019995
47.076407909393,37.59921963909186
40.858266592026,41.153773351842425
44.26789021492,40.94099080721634
45.599827766418,39.02304939879819
41.558846473694,41.29394396178934
48.018499612808,38.10496655054098
49.108633995056,43.10437291721902
45.048812866211,42.919182178687095
42.509104728699,41.14604400434539
44.67670249939,41.190637816589486
40.310570716858,39.99503569664458
43.779047012329,46.83306248769456
39.150502681732,36.87291434931031
42.836420536041,41.24869140349195
40.198308944702,41.34931698206484
43.703716754913,37.15380193625015
42.134791374207,42.06366044435459
44.569889545441,46.25190815877735
44.977264404297,41.85997905369405
40.943043708801,42.03292207010396
40.731534004211,36.6325334546311
39.051669597626,43.275332024328506
39.92929649353,40.48151229635268
39.245028495789,41.09303871476438
34.231788635254,40.064690445361606
33.842432022095,60.42344826761606
35.795050621033,43.23257562104857
30.788260936737,41.06775243859163
36.123534440994,37.89797477865656
31.924138307570995,38.93203608577673
33.400958418846,36.95424214945768
32.832583904266,32.34051332429507
33.337685108185,31.85519078461178
29.697528839111,32.954748235617075
31.670767664909,33.54812089101959
28.480106592178,41.29462913917444
31.686705827713,29.2678444560261
28.783821821213,30.805640053566457
26.030592918396,30.073709689327167
27.403746366501,30.230641830795935
30.866698026656998,29.48000331864077
28.930921316147,30.383329543168568
30.647806406021,32.23400652418843
30.827328681946,32.2331635015809
27.451066255569,30.4740460675522
26.166711091995,30.006341935071834
27.533552885056,29.02525119040631
27.351780891418,29.59384152341171
24.795794248581,29.135725015974653
24.132276535034,31.76534911232409
26.514546871185,29.378310390798408
25.078501462936,31.707012743452374
24.941125392914,29.287782256773816
28.447990894318,28.782473322888197
24.563127756119,28.347132542906294
24.042424917221,28.482576401517786
26.762687683105,28.320349822116984
25.207090616226,29.10732465968042
27.792466759682,29.40576375230088
28.080760031939,30.062998341227726
30.949070036410998,30.695305435290607
40.995528459549,42.284958037744865
40.950550198555,42.2953114782977
43.361226797104,42.92353166904718
42.341760903597,42.496793091889025
38.825482457876,42.483449647972826
44.540440529585,43.84056527708669
39.374866843224,44.14531372375137
40.969219952822,45.598971066120086
43.848123341799,45.19925003631806
42.1702272892,48.87254311897494
43.60444945097,47.718511548687665
42.896712899208,46.12025345975903
44.880883812904,49.00327558124219
45.358926177025,44.94368269444232
44.343252599239,43.43885646488624
43.66971206665,44.853021826659536
46.296304374933,44.866287202984175
47.502627253532,44.95129903626347
44.513051062822,44.79544695367412
44.262945711613,44.95368790670324
43.992728233337,43.03424013419146
44.521858125925,45.02890875605549
44.633849173784,44.82473303767805
42.957087606192,46.12781019505209
43.532736241817,44.985498650801745
45.673760980368,44.88351815207948
42.517115950584,44.985498650801745
43.533341646194,46.82988553070765
47.099633306265,46.08253972940229
42.839283674955,45.18497957282733
46.959196597338,45.17573824504143
45.758167117834,44.510911229089686
42.307833999395,45.21448952704885
41.81433570385,45.64992873192339
48.166986107826,46.5279609883388
44.657594561577,45.11025390291868
48.69684356451,46.72689907577278
45.076948255301,45.06481177050447
47.804578095675,45.34307901904771
50.08664137125,45.38455646288829
45.473253905773,46.79564466523671
45.893057763577,44.94998765496135
48.071205347776,45.18586968859532
43.121764838696,46.83830036277236
46.587290287018,45.35699148697702
48.592085957527,47.07924593132306
42.214610248804,46.82024568103726
47.184478342533,47.0939143253454
46.314175009727,47.644903763063624
46.436696887016,46.7903831741015
46.850834578276,46.568737160269485
43.587296545506,47.31854845699944
49.21347156167,47.50892840106326
46.43112590909,45.46523067789572
46.020915210247,47.258591079034225
53.257969290018,47.12654153926966
47.819282710552,47.23806005111794
45.292986512184,46.573136782101194
46.245751142502,46.283310396923824
45.277452617884,46.984140153578295
49.32296526432,46.61443007908607
46.483866244555,48.203647551842586
46.472310125828,47.10625767059458
46.322380751371,47.144974669358284
47.022792011499,45.114898121576125
46.858749866486,46.97717796165978
47.418665677309,46.6601865798293
48.549633324146,47.413856672096664
47.220302343369,47.072843693496516
48.320245355368,46.82112526753093
47.840226441622,47.24541255229147
48.234128266573,47.163355590337495
48.074111789465,47.06084774017216
50.035661756992,46.99632118635166
75.039070308208,47.22857557386592
84.749839216471,54.92157211689163
81.919836163521,55.15092203763467
82.843296766281,55.14566687165649
82.305117309093,56.60907603128984
82.396733164787,68.16573461600957
84.472164064646,68.17913953159653
99.712352514267,77.29373385645154
97.866185188293,104.70637978467018
97.174001991749,89.84071291855062
109.15937185287,92.86619435870506
119.48561275005,93.3274188895556
122.87638497353,126.43530940313622
149.04820072651,126.87672932504123
159.72046911716,135.73612102246207
157.16482257843,138.05981626578819
177.59183835983,102.38341765817957
186.15068531036,99.53390647908797
169.0035161972,133.33912419343483
167.11332368851,120.99004412276133
168.58490657806,113.18491246756707
165.42001058161,150.74853141483823
188.31016217172,149.73323754833362
200.80817741156,184.80879712589746
185.94855107367,168.17838876826224
196.60467225313,150.157719656128
192.53090102971,185.18418112705746
178.5286911577,164.55516434872584
180.32208653167,192.81820201836175
170.63578206301,176.91708751100032
197.21921283007,175.2750179442807
181.73886698484,184.45337679611276
171.89532196522,166.10413346456255
175.6053904295,164.58979560794506
176.69789385796,152.68357980640172
184.28972434998,154.25787058918624
169.47991979122,143.76899051962994
169.93434870243,129.84913230602652
141.69041833282,165.1789264187131
146.12966006994,166.7883536602951
146.99751824141,144.77680519623217
134.68760371208,143.86396922777507
163.95497304201,156.40878951803148
130.77110910416,143.1323514403432
133.75238704681,174.5626673699946
125.08150172234,126.74215084111955
120.60974025726,119.00612720871877
113.2057094574,166.23650233061588
125.59146380424001,116.88751411926722
121.11444616317999,116.5599610346613
124.84607124329,114.73000144575434
111.56273198128,129.17171552043862
101.66676139832,107.16441871297864
96.487283468246,117.00965900141925
94.394678115845,114.6083971521937
97.161530256271,99.61569827824528
91.998550891876,97.10719546979661
90.816861152649,102.33764297514877
89.635672092438,93.66327124330499
91.999767303467,92.3378957551999
96.791712999344,91.7782726084473
82.211660385132,96.61129910229572
84.81017947197,92.4277227007453
86.351043701172,96.90013447092556
66.313591599464,72.96156698259269
63.582166075706,81.43445893119186
65.466910004616,72.4868740771508
66.855356097221,76.66308194972065
56.812043070793,46.18483138972512
49.953946113586,45.938021968579186
48.795861657709,45.84500703982247
48.809617757797,49.36757276516322
46.39715719223,42.61417530317021
53.298905909061,44.28576719031153
51.401752024889,49.348682271779516
47.540591746569,48.988692846910475
44.732256472111,53.91274634357898
48.400617748499,51.76463235454804
47.606666594744,51.986520703083436
46.758448302746,53.96294893389793
41.570832908154,52.14722267849853
47.658853530884,49.37889782394367
41.020976275206,49.421214304742634
44.381144464016,49.60552427972846
43.3379740417,49.616218730334815
44.83474072814,45.05121547520991
43.860693544149,47.12253162253116
48.630285650492,44.78440336010915
45.162598490715,46.54480910362775
45.884596318007,45.68793784134295
47.26176020503,44.425598568664434
46.704316169024,44.85025506266576
44.625962018967,44.97805456920204
45.142342180014,44.9559076472514
43.117559462786,44.9552000945133
44.684884011745,45.02901587145526
49.742702960968,45.127696891980115
48.429837435484,45.05722116752097
48.505118817091,45.06634878656895
43.577975898981,45.09392080327163
47.067675918341,45.0767022439941
42.406493008137,44.95546791550135
46.223053872585,45.08540589018038
49.567375153303,46.514145808066715
46.085501462221,46.500266694442224
46.043116807938,46.638527779711325
45.301881611347,46.2665638875104
49.453745365143,46.45722257258693
50.385235965252,44.79218526517594
47.111005991697,45.70867298130139
44.76147454977,46.36812844884197
47.404235780239,46.59930114998811
46.080006450415,45.6767217788379
49.584511309862,46.83047150466236
48.069667041302,47.33560445864944
46.300222396851,47.14096011383935
43.854818254709,44.8588933530944
48.650063544512,46.58801329010356
45.741753101349,47.12099471379374
48.051816374063,46.80946424396673
47.227517485619,46.87604289070759
51.801011368632,47.13637968122958
43.25828358531,46.81081321920867
49.149248272181,45.438695339042766
46.136197775602,48.89653132467012
47.534018963575,47.55809375441294
46.604353278875,47.67483218747536
43.750452578068,46.10608282394923
77.589618951082,58.971914916789615
81.661145359278,75.05719679915732
84.194794714451,74.36851323338688
77.529050856829,71.86152821609379
87.229039520025,72.02610261261306
81.232510924339,108.68775583976428
156.3109087944,96.37248207882847
128.97086060047,103.3417397747773
114.81896269321,124.94671255586027
139.44399577379,139.07622226014087
148.10510524362,144.07731353417594
143.44298374653,144.89633579899896
145.18935585022,157.8763357822416
138.90444612503,124.4322499050162
132.30248737335,185.7588098167618
151.81118297577,139.90761256026823
168.92971754074,150.17735482508164
170.29918766022,177.75877011867237
181.23527574539,166.19533249497889
173.11307096481,162.9430843436401
185.20067358017,175.26695760298557
170.45213031769,168.56608690676515
161.46474409103,183.17239879695475
130.98025608063,201.22903765252002
147.27643299103,161.72125858569282
158.15061283112,164.11735308041534
151.30847597122,148.46808083269514
132.46331753582,168.822959208496
138.76204234362,136.61872435940785
136.04025816917,135.67033788016775
129.42251753807,155.57862021194006
126.11827278137,127.48004452674738
127.06295466423,121.41913775861755
101.21766400337,129.47317080547558
113.59061121941,117.457241555891
117.8736872673,120.71088594142579
104.32007741928,122.78120151983555
101.93339705467,107.60370092783484
95.42333650589,109.50370906267817
102.73723506927,108.74589512163803
96.875937700272,104.55245426961544
97.392050027847,99.581521233977
90.596573352814,99.84809152834548
94.382467985153,103.66053011659349
92.825723171234,98.16594279164185
82.694176673889,97.65608579712904
89.052496910095,95.45076784546896
91.808804273605,95.02926771461435
80.694849014282,94.95587505755685
79.151774644852,93.93244415490594
88.567078828812,92.24281054813554
101.01213932037,94.25714647973393
73.46217918396,76.89178360112126
82.552130937576,76.71757901467986
59.172781467438,71.61573425389317
58.803371727467,70.87418308543066
65.200882434845,68.46547032282945
59.201041460037,69.84474638219503
66.970853447914,63.067202781868964
52.599997520447,62.5657865343939
51.928689956665,51.726388769889695
42.351213335991,50.137816775535704
42.431560173631,50.59165589260106
43.525693655014,48.78228706517947
44.784354448318,53.67175463281254
45.118246257305,53.29070593642352
50.070698231459,51.01480623157949
44.859542816877,51.28351886914993
48.442086219788,50.99733877655716
49.633929342031,50.9959748665137
46.957096129656,49.72365921303181
48.53998658061,49.70014268170031
49.168896526098,50.119377273525615
48.032804250717,48.88973583116012
48.679657876492,48.516463080212844
46.47237598896,49.13005648993266
53.883296340704,49.59374170187567
47.645338982344,49.27320284549382
48.058528631926,47.07053043387837
51.521713852882,47.35298351840584
43.296833157539,47.846043471769136
50.032819032669,47.95445671219046
45.011975228786,47.66205888284472
42.484701126814,50.231450912304176
41.927909702063,50.064298451036926
46.938089609146,46.82438070617591
45.364801436663,45.27731603882289
40.644209831953,44.76038393155368
42.04323887825,45.337551651146825
41.956962794065,44.70167139600354
43.208959013224,46.462052237681746
45.321617692709,44.440855789828895
44.765121608973,45.05746549086948
39.969008922577,44.734010938176056
40.767274588346,45.130986066099865
48.727191627026,45.78636978099514
45.392248243093,44.99546047292074
39.25857257843,44.732650597542516
46.223289012909,45.0103714950973
42.230025738478,44.13684814868992
41.241364389658,45.000685568791695
46.262358278036,44.99115309927019
50.860824286938,44.77238369421041
45.941303402185,46.307878952763545
45.535857230425,45.85326612655897
45.392498135567,46.69371980943082
41.163720577955,46.571071416985234
42.674652665854,45.023421818028545
43.45133626461,44.54940031889477
44.839833915234,44.817492005312374
46.170003026724,45.047202791312024
41.835181325674,45.01342420461825
44.888224363327,45.174868090829946
43.783899873495,45.58867275212426
43.783811241388,45.15250941381267
45.106891155243,46.86105994289628
48.684842854738,46.816570589792896
43.898043483496,45.80348280531086
74.53991702199,68.0019412656876
82.243380934,74.21878762536095
84.859061002731,77.88078647541646
66.873959928751,71.42953438387848
82.765096947551,88.49207011314083
84.33871146664,126.845621965452
105.19496202096,120.32056904557726
126.09088142960998,133.4164980377334
129.30183400214,139.80027395987386
130.55288052559,144.24004475011236
142.91195887327,135.3180541411989
138.22028672695,130.4823220687662
138.10635960102,136.2068432453969
128.9079990387,119.18107193976755
134.34605121613,113.83771407083456
126.14600932598002,153.64323113693086
155.11205744743,158.09810076489472
152.87158751488,162.34074464346006
160.22250628471,145.03696381040388
171.24527406693,127.94393984505083
120.92089283466001,114.87179991914695
123.14659285544998,148.5700494250662
132.54374718666,116.65592949582624
128.14818882942,142.29782407339403
121.91953349112998,118.20444493813444
115.60097122192,115.98086227897525
113.03124642372,116.71554741002291
108.83814263344,132.27433834608783
104.2187538147,115.6156935790818
104.29581046104,113.28733467657177
114.78547167778,114.09643594780518
98.150295734406,109.81398373144322
107.44547891617,108.73862326339308
100.05419540405,107.29295772343987
104.03984093666,106.51401916774041
107.19977235794,105.46893112491297
104.13043308258,107.10340628422428
103.25736427307,118.95113450075567
99.321808815002,98.36330345271213
91.803768396378,101.5305746574007
93.48378610611,94.63633461187088
85.038718938828,94.9309467636046
95.402830839157,100.84404729962446
107.1028727293,95.32078628996945
93.183533906937,90.2306742482613
76.437078475952,83.19646835664135
67.086678385735,75.19145746628749
68.048765063286,72.85359595913877
62.605669498444,66.57408541533995
62.36943972110701,64.18291330070365
57.407899618149,56.08688084634313
54.580996751785,51.59496320617564
52.153198957443,50.71751394692049
50.067225623876,52.11347184155517
50.275007724762,46.449722542014364
49.424697637558,47.06389958329658
48.412165284157,53.37413200201019
48.522077798843,51.892185353257254
46.078865408897,52.51474872713332
47.274172216654,51.54249157920839
44.036959260702,52.071801807128736
42.884195119143,51.14054997669553
48.090092420578,50.91910816658007
44.198579400778,47.76717221689321
48.295680850744,46.828094467108286
46.494990110397,46.66819906923426
43.352512985468,46.67872106268009
46.024561464787,45.25164825051149
44.418658286333,45.08074877017428
47.57974845171,47.056092536780724
44.458142697811,45.19742745559014
47.406342893839,45.23497419838948
45.425745636225,45.532010107030054
44.969988137484,45.50060543784914
41.415488243103,46.50190013646992
44.952577412128,46.56394985090696
41.014469057322,46.772740457159856
41.5437707901,46.426046249841605
43.762619495392,45.03480607445063
46.378462225199,45.24866234319666
40.975299537182,46.61274149772726
43.692970603704,45.15178274258563
42.052737236023,45.04907778945548
42.385925918818,45.033190314085545
41.088855057955,44.04258441452785
44.977474927902,45.86011817532879
41.025260567665,44.74722824252747
42.59021115303,45.03630054916929
44.882292091846,42.71150630238569
43.002223342657,44.83226867143751
43.982672929764,45.027124750493115
43.376404881477,45.30979970779687
46.67010769248,46.552832336404144
42.476010292768,45.04694830580416
42.169235646725,45.02902382254709
46.083249092102,46.10715849149647
43.543179243803,45.03421383994357
44.620176196098,44.90974634520644
45.417825698853,45.528417508744965
44.385302662849,45.01750681366663
43.541823923588,46.54208059190935
45.950872868299,46.736654754163496
47.042270928621,45.44086774579211
45.454238057137,45.243053271621534
45.075815111399,45.07359645869855
45.843418508768,45.15072475530185
45.176343053579,46.53597644153768
44.509533494711,45.039076096567506
47.617888271809,45.02724610630105
42.125036418438,45.0811362211596
50.392585039139,45.15773325928913
44.771863758564,45.23999137579707
40.715824127197,50.32382076828637
82.558776132762,72.1588872067425
82.758210837841,81.74438425703859
83.544088870287,75.85147351077184
81.865351632237,83.71903930510092
74.627774298191,68.44659715987758
80.691160678864,87.28450814744716
72.27454161644,90.61351879775037
84.725805819035,93.62680319782399
132.95877563953,125.04723941446085
134.19105660915,118.0479519574064
141.16190636158,126.73408779324357
133.9793806076,109.19507915732386
169.95699489117,138.355324752837
164.08966898918,161.37858198107944
157.32936930656,176.74692420558384
158.86271345615,201.8091649858899
121.52368533611002,141.21305007614814
122.11424183846,141.5181574796899
133.25361919403,131.0603160341378
115.78524923325,116.12748561967877
112.49589824677,121.22876019546413
114.25708198547,116.76487464703074
117.61665725708,118.21698000427945
114.05400443077,119.5910538649629
111.37669467926,117.29955507427374
119.61381983757,117.746674484369
106.6776201725,116.49083027346619
108.25598597527,114.48599665793533
116.82298088074,115.63007702613801
118.60298633575,113.06261065318563
121.75439691544,138.8738417858735
106.60420918465,112.06388763540363
106.56877613068,109.83836539737887
102.2952003479,114.71031211979943
41.585563659668,107.65346887181025
111.74852132797,116.62556308385717
98.727995157242,112.32325267385667
98.324566602707,108.03800999848895
92.520448684692,106.54294476694751
89.002378225327,87.94401285113688
86.673300743103,105.27395386868798
86.285207271576,107.39857865001763
90.312673330307,97.19670181667365
87.936376333237,97.35902278458182
84.324337482452,97.24491900936152
88.734312057495,90.71305063418555
87.370169639587,93.22312708570497
86.477468490601,87.3182618352334
96.581058502197,90.23436671476405
91.797387123108,87.9667035455281
71.557908535004,71.39217940423215
75.644711971283,73.58022533679912
63.01513475179699,73.00695631210002
62.086968898772994,62.364268367351855
58.600764274597,64.39663016306585
54.136535644531,54.368087861232134
49.444749832153,47.14662163875737
49.583005972207,48.21490260642353
47.901987910271,47.983624182392596
50.66501390934,51.997254578363254
51.811670541763,47.14138519977959
50.561574101448,50.89638178010566
53.527879476547,52.507268566898034
48.019092381001,51.9703341074045
49.465951561928,52.575076180826116
50.473147600889,52.193345542550325
47.935471743345,52.20661776537333
48.06347694993,52.37179855946547
48.347873747349,50.95755833031978
50.193680435419,51.6359973860654
55.747119486332,51.58993303639889
56.640813678503,51.95263747791708
52.817230641842,50.21853285522073
58.685774415731,50.7228062596531
49.440885692835,49.393407202912414
51.264216989279,49.35875728537934
53.309312462807,49.35975927823949
51.976378232241,51.194151601296696
47.927787065506,50.85821689105288
56.338567137718,51.72880801460341
57.394751250744,52.282937284752066
48.912699609995,52.21212051306509
44.007902652025,51.67293815326442
47.389293909073,51.672595643885515
43.043423771858,51.70270289416846
44.930771946907,53.12794986613436
47.295985758305,52.679649148885574
45.274345725775,51.74233736737705
41.584739804268,52.90703604514145
43.650798082352,50.17175541391342
45.69600263238,48.612811732061274
45.21658846736,49.37064048260418
47.637259662151,48.315682964997634
46.754870980978,48.73406349388409
48.209702908993,46.97923485905485
50.225422620773,47.74252038249715
42.964681506157,46.76113404900485
44.140488237143,46.52851484679482
43.894175708294,45.415880557518456
47.241846859455,45.094174376893505
43.436710804701,46.62922313274066
44.295984357595,46.72357963741019
43.19769474864,45.596306266746524
47.057467669249,45.54375952053657
49.796092540026,45.550670740972194
46.268451392651,45.078385061461695
42.243194878101,45.05942422840805
50.844497591257,45.486473076077736
43.699058711529,45.05181370167475
46.441611379385,45.90976764320224
43.109068751335,45.04386469933065
43.998986244202,45.350763365549355
40.946817994118,45.17699838600955
45.818241715431,45.05942422840805
45.730466753244,46.21242204251726
43.715961962938,46.45468931007921
48.529205143452,45.58094811884029
46.712215512991,45.63928828134375
44.253429353237,46.39107626835669
44.805943757296,46.4744979023862
42.261957556009,45.11165777646647
47.16552734375,45.33709439652885
41.324912786484,45.45015739182358
45.325897455215,45.078385061461695
43.465239822865,46.58787804376851
49.864066004753,46.581823408501016
44.712752312422,46.74233843581369
42.188620053232,45.63411349449978
45.667939152569,45.565684596267324
44.192459758371,46.04419837253666
43.411982662976,47.328814983406616
45.811123982072,47.32631150645709
42.717492137104,46.10982094759987
45.66916783154,46.49032504241829
74.984385490417,70.24725801827668
69.474522799253,84.26928785090438
71.673501729965,84.46314672652379
72.112642914057,73.00191330980861
81.951199710369,87.50178454477555
77.444804608822,90.4314863289416
118.44538086653,128.5976440534076
103.61131560802,127.40293338810547
108.46624946594,106.61332222915038
97.991038680077,130.01193342269914
100.1001046896,155.7562332720477
121.26535534859,138.73733297134538
98.424987852573,135.40050715474172
96.54793202877,133.1761691903253
108.29306268692,139.97817445093227
97.180960655212,160.7667955447953
99.27555847168,114.04351641179103
108.80478191376,115.11933470190361
93.954183578491,104.520403015845
92.468255996704,105.06585982498463
82.779083251953,107.84536177566024
86.966157436371,101.75337736468055
92.392435073853,103.0301214705648
87.484049022198,104.83098423155614
83.140211820602,102.93570526985728
114.27947330475,102.59565336258675
47.055179595947,104.71699360348259
41.648571014404,111.05476212168544
36.006839752197,114.46531191017358
87.985083162785,102.91610581872371
86.123847961426,110.6809009853645
36.555889129639,96.93561795975867
32.884601593018,98.52905972474352
35.234592437744,109.34797982981252
25.600101470947,85.67407155890619
36.284770965576,99.07486785037439
32.668613433838,100.61330472662468
33.750461578369,81.72996020538905
27.032901763916,87.92000822928381
37.79634475708,59.13805679038488
35.431896209717,100.72551795319974
39.214031219482,79.60889173940666
30.674465179443004,79.87014007250283
32.203189849854,71.35672488872414
31.163265228271005,96.13394109752221
25.718090057373,68.55012694723037
28.115909576416,74.21513909600378
35.476566314697,73.06992144047899
23.740751266479,58.658718780198974
88.017879486084,58.512691680083336
24.125354766846,62.656616576695505
57.27542412281,40.10293183238596
48.689596354961,62.52238358278899
44.87495136261,61.018308908446734
51.350030630827,58.30917484951138
43.530603885651,58.06131324460397
42.938462346792,54.26640504979026
41.921781003475,53.50556705913779
46.450181305408,53.61515602924525
46.699946522713,57.039686891942765
47.594234824181,51.970647314236956
44.892032444477,54.63584274368886
44.553522467613,56.78915027815309
45.346997737885,56.15778199825047
44.169321343303,54.16137462408071
45.610198557377,52.34232723473701
41.599407553673,51.81573778020875
48.917467832565,52.50289252521303
45.276317954063,52.396730933543154
45.99386036396,51.8364065438345
43.104883700609,51.35442888386177
49.269667834044,52.5474336005868
51.462703734636,52.79279222403999
53.925083577633,47.618578567250616
56.683752536774,47.63623529362817
63.905145943165,49.09381043272314
50.308027535677,52.47745932084295
47.556359738111,53.07119086219555
51.914129853249,53.83051610956804
52.765471965075,52.32995310055295
51.893908917904,52.73082996114994
50.054965376854,52.21837539373286
51.076108396053,51.37996630566865
45.663066059351,52.35132891973897
40.895664602518,54.22838305265196
50.256145000458,54.25846259733046
51.034887820482,51.63377483801307
48.385650604963,49.22778455271238
48.187868118286,48.43160554514328
48.935663253069,48.03629922686084
62.49768549203899,47.871387104102894
56.951343923807,47.41415281674725
49.135208725929,47.66760828340848
49.293654978275,50.75493527317592
50.348898977041,54.26164593555183
52.546856790781,55.20829028562002
48.529809832573,54.0817017557474
53.028254747391,57.40198493424631
51.509543508291,52.105464763904855
50.912309348583,51.22552332143873
48.797301590443,50.08277283731805
54.209435969591,51.04184960103951
51.437408715487,51.953466029974955
50.233111560345,50.94880860283438
54.741994380951,50.14812928898548
53.870828062296,51.69892356480288
55.89449596405,51.18527375232587
54.889083623886,50.917941747213824
55.833206355572,51.71919137154908
59.27782702446,52.64864287639322
54.230797559023,51.007207109094885
50.801784515381,53.10164313953823
49.043991714716,50.14223353970531
54.765078127384,53.50867554135115
47.838888406754,51.85901858556781
49.421855956316,51.63674469243236
59.62013015151,54.19873587604927
49.522361546755,51.49279906166614
55.848543733358,55.44278502068222
51.096227169037,53.8404120823604
52.549418509007,53.918955487399586
54.05621021986,53.46883783896712
48.324779510498,51.133922363952834
55.396814346313,52.61480657536986
54.559322088957,51.41256141755297
55.785518079996,52.64711727088785
53.907776892185,53.02224757290706
55.940578699112,51.45121552270028
56.763096153736,52.858463504059216
56.210112631321,53.62260836579939
52.092642247677,53.83211142116852
55.470543980598,52.76489953931823
55.173353552818,54.75975956425077
54.014431685209,53.28953069834447
43.310458421707,52.56870534372985
44.680740594864,52.63621850036984
43.884560626,50.524656804520745
42.598625645041,51.901890829952926
44.422289729118,47.30255949010483
36.523074150085,47.01550697227773
27.550109863281,45.70275130805986
24.682529449463,47.99752840957158
26.753936767578,44.56331980640608
25.327350616455,43.87787288071535
20.497119903564,37.709366004777536
44.189876377583,39.35395540814956
33.363265872002,35.95562246322518
36.606496214867,33.76243722127438
35.141132354736,33.500277365578754
36.187671661377,33.56851995863162
38.688217163086,33.423888146302176
37.215522766113,32.66898161963965
37.181037902832,42.69926983914472
86.087379455566,34.0192718248684
30.515922546387003,31.92754412311176
29.277442932129,38.270078118600196
26.435676574707,36.98072257554372
36.017205119133,40.884036997460875
32.291030883789,37.91083859618746
37.303014755249,46.00561668778233
36.884223937988,39.788095086205026
27.396297454834,40.934116883472406
37.291584014893,39.591818176343054
34.882034301758,36.4288596505275
37.177886962891,47.111331730698495
32.158309936523,41.97519507254148
32.493934512138,31.9823394194335
28.558509707451,39.85356882731136
28.861533999443,37.04742660831748
29.660041689873,33.97573563473649
29.453742861748,35.242176212618
29.291206240654,32.197096511032235
27.90081012249,30.011489564029226
29.412116885185,34.7438497503118
32.280479311943,32.375053207514746
27.836753726006,31.519427250135983
28.091384768486,31.711990563093696
28.807216525078,29.443459722651077
30.140802264214,31.519624037215344
22.642232775688,36.633228184724175
29.200322031975,31.072212582751714
24.821965575218,31.045402190190696
29.135295271873,31.038897860642106
28.385626912117,31.206805189145832
36.400005936623,40.54657968481253
43.712556958199,41.88450707957065
44.079443514347,41.21004314707715
46.966093659401,42.07714710750235
46.415475010872,44.23546986731698
52.060409843922,47.88826896154699
49.419228792191,47.30344041239845
51.808961451054,49.52111112380048
49.353101193905,47.161946054386476
53.989248245955,51.00771194060898
50.172379553318,49.528595744593574
52.517044246197,51.55282427173533
52.28336623311,50.40740054016345
51.50170058012,49.35652564787476
50.983084857464,51.31343543942486
51.723934710026,49.895562382786444
51.126323252916,50.951790126158485
53.524800121784,51.66771161058899
49.973105162382,50.95913229472482
53.807837426662,51.50832853534181
55.559904485941,51.441672537319775
49.604324817657,50.96817674653451
57.683873057365,50.380240913932994
49.795675694942,51.17096175899346
55.561798393726,50.84321734555507
64.092612892389,52.00697708565552
50.937202692032,51.74631070378681
51.988795667887,54.68742362621085
49.763395488262,53.756719920927466
45.754069626331,53.68426791585242
49.71787121892,52.096475146314766
45.156285434961,51.6850184723394
82.466560721397,58.527645581652415
78.921592652798,50.68685996114798
84.249774634838,49.56407455551619
85.37683698535,49.56932660974398
79.855696678162,61.220406593475964
47.121792256832,68.3430981117005
44.254999488592,70.37270810172194
46.203765124083,65.09356979167528
76.561978667974,66.08862019558315
77.142378687859,68.42981911496757
78.405325114727,66.10873667617322
76.976688295603,50.23308474865712
77.520579069853,50.23894619544404
77.902377545834,67.54528139446525
76.753698319197,67.33279475391062
76.872901082039,66.93087481224887
75.828450709581,67.84171202843194
77.125830888748,67.18556571269453
43.076729476452,66.89098249688615
44.87411531806,66.79258902405982
51.034694492817,66.85550077059874
77.812910974026,66.81015477302954
76.518388867378,45.96766743610753
76.585520505905,67.25469075257473
74.336423754692,68.87515467990231
34.764102935791,67.38940579842945
35.224425315857,67.74935297570623
44.071446657181,67.19102634077854
46.305123329163,35.019048434696444
38.699059486389,35.382124141482116
37.923275947571,38.038810660540086
41.445706367493,41.67879741648369
44.532437324524,39.28888694908059
44.030583381653,40.49542495712026
42.990002632141,39.12765706406992
44.2290391922,40.172264794082984
43.149266242981,36.42437086194779
31.543613016605004,42.27576829148285
33.572627604008,41.11718961630928
24.429118692875,40.93422629551073
38.217464029789,40.825361632475726
28.745097696781,41.369566796340855
18.445690155029,36.3590954697301
52.207569122314,34.632525290854105
16.161510467529,34.21991976166715
27.33521848917,28.928797746806648
70.985105574131,28.525260054389754
25.091474592686,28.25617309964917
24.635244429111,27.25113812725637
25.908926069736,26.672654037939473
21.204687178135,33.908557772689406
24.300993025303,31.19866436445924
24.375631392002,29.71387456117881
24.637594282627,28.609025420083483
22.525065541267,27.966960671957157
16.975048065186,27.914689038510705
65.976974993944,44.96419284639555
61.73930701613399,53.70507257812439
64.297802090645,54.865223850738026
44.53989008069,57.626861184642756
44.981664836407,59.09475476453318
44.033054053783,60.07633619640277
50.113289654255,61.30569079056823
38.655843704939,61.379677332522384
42.662151217461,61.505786468573376
42.99323657155,62.9263810871223
37.523228466511,49.552644830198446
46.614790022373,49.75297318611091
47.871521621943,49.520037617784155
48.189442455769,49.36310929827865
39.205125153065,50.3841902161435
44.766095459461,44.999722741051364
41.368230342865,53.02820686235671
43.16585084796,46.78239195719194
43.356582015753,47.19468450998875
44.229652822018,47.29545304839498
43.509396970272,51.39517524084955
44.045349597931,48.168441451862435
43.450690925121,45.6831728885319
45.34657651186,45.482128346571955
45.890457302332,45.51081027833256
42.688275158405,45.641297256105915
46.263530761003,43.5989901361981
44.005274116993,45.137097549769955
42.761647343636,48.17471330954326
45.663294702768,52.65561091845293
43.935276210308,46.55764270382327
43.895551741123,46.11787502227942
43.859437555075,46.102289324906494
44.275431245565,46.05841118909765
43.995417535305,46.31992650615438
44.026358783245,46.085793632327324
44.844232499599,54.59394904427171
54.261564970016,46.25011170814919
71.834561407566,63.83275755636542
79.499161183834,72.36001773768761
77.726482927799,71.6041475352194
76.425127565861,70.56365049054402
94.060251116753,103.00934641504848
106.89300382137,114.76057441165318
107.82356274128,126.9898467770229
135.72111940384,108.0097536596528
141.92362070084,119.48957046881782
146.60048723221,135.3958562004179
150.28854799271,186.461587771616
156.85373735428,196.56170849948185
157.06741380692,196.2986320191288
129.07569169998,183.60369945376559
141.38806200027,132.14869435856022
129.0798573494,124.1605608526319
103.29083681107,124.98285060329466
107.81426668167,123.09115671056007
100.18259096146,110.35748415152356
78.573191702366,102.04389554447937
70.017420828342,97.7380360944081
66.995532095432,102.08482026311601
65.754328787327,73.10729060291695
79.476611196995,87.11108566527984
72.486842215061,117.93248741300195
68.166911184788,82.21281433376083
65.030871450901,82.96320319930591
63.82920366525699,62.3941478920588
52.137454092503,61.92563949346773
53.847285330296,61.388164990122704
51.353103637695,59.90375047243284
64.726230859756,52.2060924857273
57.469055175781,48.43305030311022
37.38543510437,53.84323715339305
43.969242066145,44.621701817260515
40.613487929106,44.963597046822755
38.784974694252,45.33788303740533
43.028369784355,45.562629343101996
39.679323941469,51.53806080491004
42.799854338169,45.477573154304665
42.3671194911,45.48201547878643
42.14004316926,44.603777509328246
39.935083836317,44.94558727247428
45.421026855707,44.59723418333016
42.675565302372,44.620082942296115
43.224352896214,44.83105027251001
41.028540045023,43.21267862630891
43.90045716241,44.48471451401755
46.974523663521,44.95721473246931
48.307815954089,45.01111297253632
40.768081247807,45.14437566212214
42.910762637854,44.997560892119864
41.118833452463,44.36100212674649
43.718296557665,46.5408891511069
43.172685950994,45.02928613888195
45.194352000952,44.9590492675915
43.786125212908,45.03477325697905
42.967857837677,45.248343417097374
44.077192306519,45.03054274354677
44.33184248209,45.25257629220479
42.29027608037,45.294018493826776
44.050131797791,45.19736210576335
43.952478945255,45.044924937825876
43.580793857574,44.87952310915491
42.701347410679,45.28924209711569
47.686161667109,44.993389139787865
81.637656509876,68.85825451134691
78.227942287922,69.84376170416074
82.956499695778,66.87321615108527
97.192327022552,110.93143665360196
154.54191619158,125.34522057226624
167.6689491272,160.0831971492632
158.55995070934,164.28952801735673
157.99097156525,147.39057178933976
205.00890147686,147.07676547963197
206.11044836044,179.15340212267103
200.18003904819,176.1703451384659
199.3263014555,145.86436522833105
190.28090441227,155.80324759563695
187.74614715576,199.92981038201256
186.55883026123,197.46413391739185
183.04991745949,190.2797614581877
168.14786481857,168.5047892718611
168.33400428295,145.6172683590477
140.24041318893,157.50376633787587
149.63442730904,137.3568101428887
154.57359194756,186.42604327325924
141.35785150528,132.23660992218257
145.84817838669,145.16202324979193
129.84109973907,135.6869717479464
130.69180297852,129.26380201766918
124.65394306182999,121.12252077387355
136.38917851448,153.02218181449692
131.06519079208,125.09832260562065
129.1090323925,118.62997147324349
121.67113280296,146.26861021468628
120.99300909042,116.99500497425963
116.91036200523,122.44212692825644
114.14866995811,113.09847181209123
114.73865365982,112.62351987216891
123.33340167998999,107.33578370661894
111.56344151497,107.3333325372809
104.60672092438,107.40155858416998
110.15095973015,117.68318975527417
104.90440559387,113.62568669944275
106.38840532303,107.50254327675748
95.7433385849,104.19589490002954
112.59329915047,96.64842702646683
92.396440982819,98.99955810717134
99.228915095329,100.77910541939548
70.161155700684,73.43023644201585
59.364932537079,64.01928987270959
57.626059770584,53.2215158905974
58.112523436546,58.157444051950364
50.975052833557,48.23691284569866
48.416957885027,47.841411402839725
60.979181826115,46.45610805483485
45.138374865055,43.384859938599625
49.160816907883,49.40315867796869
52.706033498049,51.766488021953194
48.060195595026,49.138888335303385
49.268777132034,51.03708973409821
45.177074551582,58.6400809189311
44.658329129219,53.919109199731686
45.301153123379,51.19465648801358
44.983602851629,52.648568022382086
42.260239779949,49.22765735166647
44.930047512054,49.172879849334024
44.594023764133,46.608248652752124
45.347023367882,46.14117841920858
41.149022310972,44.371262162690854
45.433660805225,39.27091616255034
45.835937768221,44.708079184853275
44.604568719864,44.79797642525505
42.116533666849,44.56274802256962
44.40891751647,44.523250867723824
44.811879813671,42.76542724863225
43.139171034098,44.340311688687926
43.653602987528,44.997931271515064
44.326967537403,45.07703333753453
43.635334283113,42.42933358935101
45.703329443932,44.9955131475886
45.696876168251,44.65118549974977
45.076421618462,44.31547501280755
43.073351353407,44.99324026294451
46.053894042969,44.98757620877311
42.273557454348,43.189604137335024
46.869828373194,45.098115479331135
49.841362833977,44.09197114389913
41.32783472538,45.03610632935113
48.680973768234,44.47528989589662
47.648859620094,44.876040052567326
44.371568351984,46.7028512153167
46.450314998627,45.88631073656446
46.136252164841,46.70832338102153
50.04465547204,47.16329777479235
49.364806652069,45.284636768020384
47.445700794458,46.940028992925534
45.606313109398,45.16608749953569
44.904086321592,45.5170410805103
44.603093862534,45.01570106592543
45.273028463125,46.86687833111077
43.585510626435,46.420890451893044
47.948823079467,46.60348974888676
42.448655411601,46.65912112731749
47.756239056587,46.510117234545724
47.748220294714,44.991498574394576
41.375870078802,46.49680537830727
44.957217663527,45.00044278944407
45.895212650299,46.70373639937873
43.915486693382,46.682720953295835
70.265794277191,65.31929078285768
81.543381363153,70.17423380282047
81.516746073961,72.71834702348877
85.506904959679,63.274943882600624
101.31468400359,67.08671758574467
108.91515469551,94.64804200378356
108.97658210993,91.29284086619988
139.53256917,130.5955529619798
150.16973876953,131.63195824377112
142.67421483994,133.5364130651537
153.94354963303,150.59645075375866
156.12442302704,148.66759917899205
156.87510871887,146.87777488015263
176.09043693542,174.03105600161177
201.79351735115,176.14266598284655
184.26553010941,188.47658525598538
199.61091971397,178.23141556674105
203.33111023903,161.25365293483281
196.24589705467,167.29096244248214
169.97861337662,167.561022961916
170.05880427361,167.1476071467225
150.03736507893,153.45776918745193
141.03222477436,151.306928830317
153.68194413185,151.6645864337694
130.22237181664,144.10211301770298
151.73459744453,133.42487964043835
125.35956263541999,135.9758329914959
131.65906596184,132.26655962443616
133.43284630775,129.0194404568273
135.21331381798,123.38995487403044
120.06506967545,180.52037981320387
120.86517310143,130.27889074227753
119.29995131493,119.36867906804967
119.12840533257,122.3929614821703
106.39862537384,118.71205797052698
112.07787132263,132.6562798861591
114.02740240097,140.5740481454814
118.83574199677,128.446233257578
72.752876758575,103.52935592248718
89.611710071564,126.2798146478707
106.28585481644,104.48611735102664
92.409616708755,106.64863673753011
85.755607128143,110.68455122802776
84.418380498886,99.20066940592561
84.705793619156,119.60053192414516
72.429697990417,92.2750945584503
92.782290220261,92.64023544217586
96.463657855988,95.6881192246012
72.360538482666,79.50836565750303
75.48651766777,73.835164261325
72.919012784958,77.0145037282371
71.129050970078,73.06180709066953
62.443205356598,69.92720200493932
63.067052483559,69.22301249909346
62.91405427455899,69.15521498963629
56.666377663612,58.32573920367847
58.769090414047,56.4933096136863
66.941522836685,57.14172170738312
53.968494653702,54.37383898205895
52.708215713501,50.586864453917116
47.399696111679,50.437828080731805
45.965845108032,48.17587052819504
55.146265268326,50.6921354499152
54.339945554733,51.43387191329317
54.268022418022,51.23296625438423
55.357514500618,49.922048846278656
52.413708150387,53.28896817076998
56.175213754177,53.00232033493507
45.866100072861,50.712588401440605
48.589632123709,51.418355965761215
47.900218397379,54.00293979004181
46.052312910557,54.17196146559646
47.22112300992,52.41396801993416
46.64579218626,50.72903766205535
47.118009030819,50.33933180191059
46.532121688128,48.044706120553116
45.060654461384,50.91819279079751
47.465697199106,50.26740170906768
42.479544192553,47.2888258789166
49.206211805344,47.71362752134599
48.526358217001,46.631714534657284
46.237621724606,47.232599979131265
47.649488478899,47.31841974399384
47.799900382757,47.323425037266354
50.487480670214,47.06531945753923
51.18491640687,46.72350964360067
49.746025562286,47.04708128691968
47.576196551323,46.189800769701144
51.165916830301,46.82158435800959
46.712907880545,46.817668312606855
47.863933265209,46.88937751294033
47.408273994923,47.17226866388657
46.939138442278,47.554026896422165
46.450291514397,48.96940826353542
47.303862601519,48.89219045502489
47.807870000601,49.23568449045188
48.215465039015,47.71745161831677
49.121213465929,47.426093648861574
44.244009017944,47.514257851621146
47.046601623297,47.76251543049484
48.408387482166,47.35014099840649
48.806371927261,47.34875467559188
43.635241508484,47.66831107697235
49.760224640369,47.05009343116322
52.453469991684,47.759713830064975
51.390392839909,46.746957763352576
47.977518647909,46.75116530665996
49.074215173721,46.68287877924811
48.5164052248,47.52200769887638
44.910046905279,48.09982535843968
44.910018146038,50.20731889171896
51.26736342907,49.74836379966923
46.674070298672,49.609560042054866
48.541805326939,46.90590252400435
47.737802147865,47.67453991888565
47.225394964218,47.70049222769087
49.49911865592,47.732953821878695
47.238776862621,47.78143039875434
49.66824516654,47.627300727209814
52.657383173704,47.680765153882426
53.007460862398,47.82584730316813
51.606012374163,47.780825140441706
46.513028085232,47.66351311484064
45.739946484566,47.72204617242358
51.588589698076,49.991168382867386
45.722676515579,49.98388809097801
52.786928653717,49.22082584594542
45.986312121153,49.82729704820456
46.947630554438,50.14122496768584
50.191892504692,49.2736981045327
50.835875570774,49.188520907261044
50.22946048528,50.406572753423184
57.088226534426,50.10625162778436
46.193384900689,49.832664985717976
74.572885982692,70.38478625158876
85.204617977142,75.41149981872763
86.670427918434,78.75538879253199
88.282449156046,77.79398735029434
90.511632293463,78.938846521729
109.6275960207,103.92216146670906
104.48208022118,96.7045220713883
99.640664458275,126.60426288917166
173.04868519306,137.44032948443208
167.05041694641,134.6164675080943
157.84791171551,148.3025987195488
150.3556522131,150.67359758270024
215.1990185976,166.67942118644325
204.88615918159,178.5078278756609
178.70562911034,168.4189000581082
179.90306401253,213.41118062968346
177.8388043642,176.0677516623164
167.90593898296,157.80893843180314
138.66044414043,163.77925915748648
135.38178741932,156.45241842133117
144.35409367085,157.61361850893266
146.50204741955,159.9397661872973
138.38901019096,180.2082019818943
133.69386029243,143.06057399563744
141.95570516586,127.75115529612452
128.87400150299,120.91388965777163
119.02271151543,118.12517122696819
126.09414362907002,123.10547284460785
126.79405736923002,119.7895856113993
115.9319229126,117.36612661990823
125.76660871506,121.21057143160483
111.50097727776,115.6936802424237
107.49400305748,113.6312332453142
105.12881946564,121.68105732538866
123.15322685242002,130.95842359187205
118.12311553955,110.39066603994007
115.6302883625,130.93550329785072
104.08224105835,128.4324741347588
106.84017562866,110.24292581447924
96.32944226265,109.04831936577091
93.898981332779,106.46107906818376
101.97691583633,105.55261772676481
92.188819646835,101.56122028795548
79.915593147278,95.52269654206688
82.446295976639,93.14409718070151
77.696998596191,93.03450657425182
84.467588424683,92.84828113974346
72.929749250412,89.28777277726991
72.97393321991,86.8678520303513
65.075937509537,75.85721729045682
60.337843418121,72.05929408961542
66.73126077652,73.99975542535788
74.623230814934,71.34167477926606
63.410879135132,69.51891081647847
56.826956272125,68.54465004514773
56.310618281364,57.29850188603986
58.009046435356,50.36182235783488
55.166386723518,57.16797028858042
52.278025627136,60.822865120631796
54.741436004639,50.262208331703825
47.474649786949,48.373997856509334
45.822747468948,46.92207521610281
44.008671805263,51.62456209182876
51.29155600071,52.027374536271914
55.493168115616,53.64372580953605
64.241713285446,54.62645432190808
57.64471757412,52.68666526007884
48.214961707592,52.151239849022126
49.22552883625,51.09760026792562
52.903500199318,51.499544359791116
50.113896965981,51.48693467145449
52.337489426136,51.302540777794675
42.266369640827,52.334514382325466
51.156260192394,52.8790227091627
53.160451233387,52.805590907684405
44.004821717739,52.03375929768688
40.322937726974,51.82154386274119
44.391984760761,52.76158353221672
41.472208619118,52.47116027059387
45.114012122154,49.502601871981454
44.435266375542,50.81736082705986
42.414645791054,48.71511137317248
45.215992331505,46.86809476040172
41.116398632526,48.99913017184291
47.427666425705,46.76037087344497
43.871193468571,45.66179604565874
46.666452050209,45.78066468262341
41.725444674492,44.99206952731384
46.426494002342,44.977673050521034
47.53445482254,44.73232153541841
44.914087772369,44.72730101345463
42.390064835548,46.239786053299966
45.477638959885,46.60831150479986
46.162285149097,45.19781810274019
44.650204062462,45.79882744866662
42.074064850807,44.80599720780083
44.154871582985,46.70048239942592
45.35483366251,45.22217044021219
46.06847846508,44.85409995142657
46.017027199268,45.01461719218498
41.922076940536,45.16530477017917
46.834207177162,45.122124804929705
45.882276713848,44.78004332745722
42.526283085346,45.188008684907004
49.789255201817,45.789815711875924
50.730981230736,45.01926908070883
45.753699719906,45.933564889740666
42.706743717194,46.56498612255227
50.149612188339,45.40792754746537
45.634678244591,46.874951252433405
46.479403376579,45.073002107620994
45.097392499447,46.863990251302525
47.363425135612,46.97094657936888
47.383272647858,47.16309684277289
52.221948683262,46.43868383141138
45.283160030842,47.29758820690352
49.493846356869,47.271106688701906
46.251205921173,46.95131311647781
45.890741229057,46.80811246763194
45.976028800011,46.898997224065084
47.267570257187,47.02289245906714
47.000430583954,47.19466909046074
49.009722650051,47.70952540678728
48.096056222916,47.612883221586195
49.437264919281,47.73278926414913
46.735669374466,47.464294084363864
47.647645831108,46.931557676345946
47.71863925457,47.51514045880245
48.540647029877,47.603680287043105
46.151012182236,47.36945401654803
49.977657914162,47.138995653439245
46.2121104002,47.25749792216405
47.726168870926,47.51238506972047
47.681419491768,47.38137205236118
52.561223089695,47.324029836235816
47.274808943272,47.687692088000546
45.690476179123,47.59863486941582
48.209847092628,47.1993425108431
47.218228846788,47.51871755026581
49.852661967278,47.330061459079886
46.816602520645,47.76154542566786
49.184514865279,47.72773467519586
49.378360368311,48.063471383670965
47.814191289246,47.83073030543395
45.450912572443,48.05242428431477
47.605710089207,47.06626503670867
57.314729690552,48.12103124738867
75.724140942097,67.84373433534506
81.160742938519,77.22693114829202
80.091102600098,80.44499438193365
83.089831590652,77.03237775734051
81.014488697052,80.52996757733237
84.287488818169,77.20217460243079
101.54346209764,99.96142252485524
100.14819431305,99.8620463053488
113.39891600609,94.63708944297879
124.71517431735998,127.64897299669886
184.01700890064,158.59913465631587
178.79373347759,138.74525256475616
216.1730440855,192.85859046067256
200.06345832348,191.4811121622234
197.6753077507,203.46890858466736
179.22621107101,201.4159982694532
174.35353684425,200.47014125038052
171.93715906143,209.1538600102149
179.26521039009,168.22710202139024
184.16182255745,165.69652654057586
168.05043077469,159.3888238976965
150.6312674284,149.81648336763573
143.5162730217,154.5779622423143
142.25402355194,160.38233445492403
147.71900558472,144.9488540363684
139.74847316742,153.60396804875347
139.0248041153,152.6024183877409
124.60946965218001,140.89321830975663
122.34093451500001,130.17046655745673
138.0139477253,126.44954289375109
130.73500084877,127.4814942260065
140.11774277687,127.01069760782465
130.85649633408,125.40646666379645
128.56408691406,125.1802419682583
121.29820132256,124.92098501861734
114.03072619438,116.47915949049644
111.201202631,116.23912250991121
118.56839847565,116.37274294546692
111.17745471001,122.65357055554448
106.79103183746,109.16864370129284
103.28304839134,104.0994882728569
104.93297147751,108.67373078484133
87.556459665298,106.53261003927183
88.401889324188,100.28060698103252
76.400408744812,91.67151807097687
75.394601821899,91.53245189218589
80.856213092804,92.63071207543197
82.325268745422,80.2104346708308
73.701777219772,72.73330862188601
65.190814971924,72.03017689343847
65.7137144804,68.87711140178324
60.690095782280004,72.0704750153096
62.51174890995001,69.35205675229459
61.65855574607801,68.81503581523202
64.376463770866,61.94629093461688
54.899311065674,57.45580644956739
57.526534080505,51.4529919771287
59.525787115097,48.842553020541644
50.475808382034,47.02755329904969
44.357603907585,46.55953387179969
51.323525547981,50.91206243952864
55.079569876194,53.8973618848987
56.133854866028,56.34572269684434
47.973810911179,57.17769608997897
48.526626586914,51.29268555758236
48.89931511879,51.007479139535405
46.332403987646,52.51844249489162
49.495326071978,54.774455188188064
49.542614996433,55.04523343165063
47.674075484276,49.34981973104167
52.141214489937,51.608205612029515
62.669562280178006,52.42497075753506
57.736304223537,54.28092353727097
53.920655965805,54.70202938116605
51.719869196415,56.35815182541379
55.604694187641,51.52871572299191
51.80904841423,51.70468852180739
53.24279987812,51.52697276226937
54.265919089317,49.288247758676704
56.811636209488,51.587691126914095
53.302202939987,50.91513535594519
58.848464608192,51.402874044106575
52.044896364212,51.157073777187236
53.175211787224,51.35832568285515
47.22193223238,50.80946050896619
52.921543002129,52.989405909155856
57.728749275208,55.18650590988591
54.069543361664,50.73344625959273
59.801282644272,53.93218180146237
59.13210773468,55.31744761076894
54.483994007111,54.80099881767405
52.48894739151,50.01140065302897
54.586811304092,53.47539983136017
58.873051166534,55.14442485724818
56.582340836525,56.40156712882955
62.683807373046996,51.17631958634668
50.719003379345,55.159354429160594
60.187005758286,56.342324322707384
56.954720020294,56.16137291900014
57.327056646347,56.3105661143945
53.438327312469,58.55043755191
50.287829577923,56.470909756078704
51.122075438499,56.2180582025688
55.062977313995,57.60670619919074
58.231049895287,58.046562448055404
54.738860189915,57.40857270481242
56.388059020042,55.083941743611405
52.454707384109,57.41317385207793
55.647235274315,51.80314546293785
61.441023349762,56.03561104220373
49.71892875433,52.629565590613936
58.015495836735,56.13909072763214
54.210884332657,54.421354857487756
59.13556753099,56.278383898587265
48.622671276331,55.61203859411726
59.856239169836,56.25018290510725
59.705713555217,56.166646567562275
51.286128342152,53.75593000441047
56.320293456316,56.110781336035046
55.920172631741,57.28734915299439
55.648462742567,51.44565750569371
53.294837638736,54.63181919540531
54.200669705868,55.40071965679638
58.177280187607,56.55540431284456
52.395702540874,50.83039860965637
56.516446769238,57.30276107062616
58.113063812256,52.370258110639796
56.642113447189,55.11653810137715
54.179075717926,55.325710079209586
55.524827361107,56.01247487864913
54.081035256386,54.44975846303583
60.171964883804,54.94954055819803
55.495990753174,56.79342875157205
59.419534444809,55.46290445480297
61.775768756866,55.30742587537409
55.894774079323,55.94622762960044
58.07566434145,55.57429440305032
55.692468047142,55.72924115176363
58.241475641727,55.74681684871929
58.115097999573,56.483847753636006
54.265139579773,54.79901901167325
49.201894879341,56.41066504119093
49.028729557991,52.61296063172634
54.606839418411,50.73096796679066
32.973769187927,47.57104108976707
52.185640573502,47.37544471465803
71.695315465331,51.40552897616052
9.4751541614532,41.26665458577383
31.332158088684004,40.90365301425576
71.48004347086,46.42594118368097
10.912036180496,42.801172203375984
100.02702695131,41.18668497637189
25.28391456604,45.4639610144861
37.466034173965,46.792991948295985
75.866588115692,46.54123266840779
23.599057912827,41.7004034991117
53.947061538696,39.97212993294437
15.08980846405,58.04607331253455
39.701694965363,50.1113991579464
36.474483966827,50.49838854189503
50.071514606476,54.24133899330197
46.169315338135,46.419888795293296
19.129737138748,37.048388749482655
57.030672311783,53.39203981679656
31.594312667846996,44.65325148164427
56.162344455719,45.67531502232537
38.227892160416,38.05851810563708
13.337240219116,42.049997361948975
75.162285327911,47.32129174688951
16.888715147972,47.879860059406326
52.462695121765,50.68038574617028
22.945239067078,34.456858288729336
39.49910902977,41.392766070310905
45.603652954102,45.00392293880496
20.487944126129,33.32965500489842
41.088473796844,41.2086933953067
55.34360742569,33.52180741152236
6.2055597305298,38.396311945852084
44.457580327988,32.65792436792696
49.698967456818,45.93122540714169
67.963003158569,35.53789090952522
43.390456199646,34.25451534140427
48.435150623322,50.47164022862302
51.52264726162,40.39964443174118
75.074168682098,52.888642377197364
62.661775708199,50.718256409252824
60.051795959473,57.891983773071736
59.732157170773,62.20685109618929
53.966487795115,60.52525713657586
53.042014628649,58.96992223248573
53.804574549198,66.01689801731939
49.755091965199,62.24919820089869
61.551942169666,66.96900221441857
59.117116510868,58.99340689126867
61.041591048240996,54.59605726026329
66.598881930113,51.28604511540644
63.891177177429,57.46852364023746
64.824187874794,50.68819989340786
62.641339153051,53.91262494008656
56.604719400406,54.824204440629615
57.469902276993,57.961244384040725
56.321604728699,58.07401573014971
57.898110330105,59.41797148376029
54.120376884937,59.90313698915518
56.039367496967,61.65250951043088
55.777153193951,59.86229310031941
48.401589930058,61.8231114548681
50.864006638527,61.691302172238004
54.359118819237,58.685533801192165
52.018057584763,57.99641419748779
52.314483761787,52.39285845510555
53.057643949986,58.03920703785312
52.302367985249,57.66797881742545
49.10947060585,50.1559169404563
56.494260311127,55.13741633690659
54.070052981377,52.574448041117435
49.919410705566,53.96524427014993
57.767663836479,52.66659524735477
51.262636721134,51.26213444376162
50.774623990059,54.17679876285928
51.512452483177,50.82683717823707
56.991463363171,53.573011940453405
56.781581759453,50.94288686948898
49.844438314438,54.28495440105601
46.720252096653,54.72930449601356
42.702335357666,51.655996439339425
47.470547378063,53.07843868271365
48.157490551472,52.539222258775844
43.495169520378,51.749440340778065
42.342787981033,52.65336510127625
44.394883275032,55.029944890205805
42.896798729897,52.60363336687625
43.880842208862,53.513111706996895
41.498691439629,52.38634809270802
47.040721952915,54.4934040044386
42.747095227242,50.27928036085943
44.349089741707,49.45372725098122
42.238600790501,52.16255023289152
40.392924964428,43.78255232606304
45.274974226952,58.1306013638513
43.735773682594,45.032335655617956
44.690796613693,45.016019624849044
46.216576397419,44.597339522764464
45.949086546898,44.14890558860426
38.115599751472,51.36789828750629
45.834098815918,51.27528693563789
40.341471135616,48.37219365089223
37.558374285698,55.74299723949684
46.569193303585,43.73041373111572
42.72102701664,56.84350324649381
45.029659569263,52.41745455845833
43.095282137394,52.493451438898724
45.481474399567,54.290057969017994
41.010344147682,54.57094993027931
47.305393695831,42.72355143774474
48.813666753471,44.165354732053544
43.637106142938,46.90430430460333
44.125783339143,45.056017939321755
44.476767383516,44.07272888360801
42.93988019228,46.91601549412239
44.387544870377,56.71952118255364
46.362625360489,53.00840889036724
43.519186615944,51.10425052385134
45.173043608665,51.14960629100874
47.036671817303,51.24392146493278
47.924872219563,49.50876605428999
44.126574158669,49.58378215171983
44.78216034174,54.90733741715087
44.277228713036,55.63947468878745
44.563112437725,55.01022353581596
47.229823827744,50.707602436789045
35.069959521294,40.20832104763986
31.108436465263,42.53612608787634
40.414153575897,42.83338679246315
39.854654431343,41.82352973364223
36.086457967758,42.16770300205585
34.158116579056,38.16550861372997
34.286877155304,38.555622203137304
35.934953212738,36.678108795861206
40.24463558197,32.16321275612638
37.035443067551,37.95366532799092
37.858532190323,35.80432374106977
39.310310125351,35.2709809703784
41.880124092102,35.32219246511442
39.737552642822,35.46040197203808
37.308917045593,35.45176984347006
37.066349983215,34.53314653092663
36.60779094696,36.0120276541225
35.776362419128,39.16350360779083
75.750699520111,35.09129553278205
3.4718232154846,45.12421275729633
27.05009996891,37.82313938638258
36.925733327866,51.410125327726576
45.141625523567,47.49574201624191
30.649120092391996,28.72006089243258
15.561055660248,32.37746019653328
35.921321630478,35.543959252673936
36.329183340073,36.92471128710156
29.059720039368,30.405689449429282
26.797311067581,25.603135964186375
28.821281909943,32.42882315702145
24.852878570557,32.1171566167239
28.394088745117,34.40719308017931
28.63539814949,27.802351029769124
27.009553670883,30.288377225789745
25.819905757904,27.720284196074783
23.475615262985,29.93180739161154
15.736780405045,31.957033782028702
9.101306438446,31.5623220286119
24.503495454788,31.668021062055317
24.013219356537,31.672014681073883
27.318578720093,31.700315115540693
40.574769079685,42.054933100012605
42.171311438084,45.664686761757515
39.409488916397,42.698715515538176
39.764103114605,45.31999608030202
42.547081947327,43.30839966541472
40.492206931114,45.16666064619825
40.183134555817,47.26750176412418
44.292278885841,46.076469200445764
40.469905614853,46.95221231604157
43.901108324528,43.327588312515694
42.277622997761,45.44085140970293
43.96485388279,42.97073187826081
42.888659417629,45.50586502265326
44.768241882324,43.122079720477245
43.775998592377,44.193788250763006
43.55957710743,42.75181674563121
44.33690571785,44.93774997237315
41.12416011095,44.922063108267
41.464732289314,44.127693238531975
46.104537010193,44.94122887008132
42.081847190857,43.89691207594113
42.706911921501,44.99686637462478
45.961328864098,44.64664779897467
46.674751520157,44.77267631913484
43.526984214783,45.507805713586045
42.916954815388,45.161496902979465
46.692852854729,44.93690300178207
45.274666309357,44.960186163741284
41.853575766087,41.64421867894311
42.314912319183,46.309073045748434
44.679201006889,45.28782141374607
47.231271386147,44.25909090627522
42.371486723423,44.641678884182305
45.033644676208,44.676177462833245
42.873775422573,45.0788345787927
42.164182305336,45.16753013474957
45.500154972076,44.93657033571746
42.458301365376,45.239217261854904
44.457256793976,45.111836074280575
42.590708017349,42.56766250366817
46.542055130005,45.31799427871459
43.465820908546,45.41232493596076
47.279486060143,45.19888482581404
45.121053218842,44.9226069373563
44.540716528893,45.243648475240235
44.901237607002,45.31912129272648
45.083057165146,45.207409130095336
43.700701057911,45.29787746270834
43.218460977077,45.223780175546906
45.003637194633,45.42128059298115
44.152190804482,46.34949224140477
45.028916478157,45.09054156539572
42.812221765518,45.16852155893337
43.043722629547,45.31037036095843
51.473473191261,46.04690111024488
70.714136660099,58.80401645508687
77.341779470444,73.15583905862437
77.741732239723,73.11585211335344
79.689057707787,73.03833987863945
80.566606521606,61.57232545548794
90.585654616356,73.1733659898251
92.473618626595,82.09850096180492
105.51144266129,111.17247218454212
110.97855842113,114.46805365953435
112.83772397041,124.55916001038263
149.32580029964,108.81051900890438
162.85033893585,143.2882308837257
185.8956348896,158.7288415117751
190.80842982233,140.98434983216796
190.58724671602,112.22196928164908
192.12116973102,158.81885627069926
209.00494079292,206.0648072975691
232.58386877924,199.06763893920905
238.40937373042,198.11076238367605
232.89886802435,193.37575748206024
221.1998898387,196.98141085493373
204.08242416382,205.87352198880404
210.37585675716,202.68483139725876
208.4275932312,207.68176493409976
204.86060225964,221.96029894726
187.45599591732,229.70599661556733
190.79449486732,227.1612392400713
189.87996983528,215.29513114990255
191.9918859005,213.34775552758057
185.46721208096,171.73254261185195
186.05306959152,166.3724157369013
177.06497466564,170.0472480549445
185.34046280384,172.93187037094242
164.35114443302,157.71074113733243
157.94650560617,152.7312433967494
139.05678486824,151.38948101041842
139.89534807205,159.17495096759853
141.50179481506,156.16693424233858
141.81005191803,132.9468695956788
126.02998137474,132.50209195240723
140.29287862778,133.59305298473336
115.2415971756,126.02916631341128
135.33169770241,124.99589427288657
133.45164108276,134.23858746073975
118.13439822197,117.69289948497543
128.6987555027,117.81925444521919
112.16266751289,116.93336572849263
115.82031655312,115.97619491151578
120.42419075966,113.63030514958515
119.36398077011,116.14404928255158
120.399269104,111.8381576850029
115.87003946304,111.4135462668799
115.45259237289,121.33038687585467
98.009051322937,106.78852067554809
100.95183634758,107.0997600912432
97.706663370132,107.15752758098364
100.13999223709,105.79889006625044
96.552397966385,107.75274466966823
99.086571931839,104.75832717317157
93.079547643661,101.63735474528187
84.598090410233,104.5725932901427
106.362023592,98.54871760830802
111.48971354961,93.8117239034252
116.97242546082,102.10144420542915
92.765519142151,92.56710884848165
100.74491560459,92.38273644321305
89.172818541527,85.51564122337679
92.01820230484,96.56472434106009
80.298459649086,96.67430035349787
75.300477027893,79.96205699879572
69.874787926674,76.77244853508894
86.222658157349,76.05430676418969
84.500274419785,58.77860511503407
67.968252897263,61.957288084172426
61.894758462906,57.32135826177635
69.913578748703,56.40899919791089
60.45359754562401,56.87735539559515
49.239397287369,45.505707283829686
51.8720023036,43.46663376030447
46.09405040741,42.46297863956658
44.995658397675,52.091338461920685
49.322638690472,44.62723450485109
44.429672062397,52.09290805545673
50.027258753777,42.594113673042166
46.402607083321,48.245396192218415
46.859922647476,47.491970132792225
47.475967168808,46.540718309014544
43.903955340385,45.85605705256574
46.137669920921,47.23233726997404
46.364827215672,47.01783951501987
43.745173811913,46.924736424682955
45.841366946697,47.1337649176935
43.218233346939,46.55291111462477
45.974394798279,46.216843219099
43.203716099262,46.48767010203329
42.766775786877,45.32102200996097
46.780606150627,46.30519784434051
44.948687791824,44.9213461156507
48.969076275826,45.188281930771026
47.926257193089,46.474554345670825
46.719687700272,44.19981832824187
48.101478993893,46.23888329625169
52.959336102009,44.96814110626145
47.450164914131,45.99648035867603
48.638210475445,46.94135158640052
48.658205747604,47.09111313779132
49.602108538151,43.60822964016276
48.296732664108,48.6933408305531
45.163663744926,47.84210272076363
47.016485035419,48.14308557989062
44.609310984612,48.892457929718994
42.777745723724,47.98137183102973
47.64516043663,47.49547068855208
48.940731942654,46.68119038403813
47.800695419312,46.38472043322271
46.348039031029,47.11561548945693
49.566538870335,47.13377238525803
47.724097788334,47.183212295319095
45.983081892133,46.51217030954497
47.864043965936,47.28358796586724
47.737762495875,47.696259655864665
47.359582006931,47.229971941305685
47.268302202225,47.6103900193233
47.024580359459,47.61783397430042
47.204961687326,47.808951024164955
47.709054857492,47.55301034669906
46.283016204834,47.93559358296057
49.160412192345,47.786853693817406
51.172916531563,47.73436470829728
51.340606689453,47.814479687369996
47.578734338284,47.65561952508837
53.003561735153,47.66567323420865
46.051678538322,47.620443623447215
47.865397274494,47.2728450595276
46.820359289646,47.92629439001508
45.719166755676,47.74113823072798
55.650483608246,49.36347602451283
74.239449620247,59.95718324119294
81.270557999611,73.82758499912171
84.911984801292,74.87244295321905
86.990656971931,74.29498573606186
90.37275159359,77.43767500212319
105.75646102428,97.61044805993711
102.48737752438,98.39031351403297
116.12358784676,107.9459380700408
158.37260177732,137.96462722999445
164.04784190655,129.26875287861395
175.03093802929,152.001262670942
201.50048160553,152.3492372798289
187.54273676872,176.54384468947592
185.77362167835,170.75590260162767
187.28055632114,174.98669424089599
189.93820512295,176.46658418715592
224.23560190201,183.70104016254297
222.75270414352,214.02248278242584
207.31861174107,246.70656672373005
200.25793385506,234.59840052989426
214.94676852226,215.1102980204671
195.6162071228,194.04978439391257
172.78686201572,200.49970981949627
182.38378536701,172.68393864189957
174.21649622917,212.59542020766116
173.07075095177,179.89332422696253
162.99913525581,166.71411580721193
161.05863511562,168.23487953118027
168.39478611946,145.64422785713023
169.20852994919,154.54452103422014
175.30366528034,145.98178784832365
155.16717386246,147.52458307673422
161.60047110915,143.34488166560874
173.74895012379,142.53476829562715
155.09805500507,146.42691851667314
149.09747266769,140.56719601621506
142.21704339981,145.9800483750242
135.37018084526,128.03362661887886
133.85822486877,124.20897167071493
128.22504973412,127.75822320113163
135.93869328499,126.83746142933664
138.03688049316,126.8397205454317
148.59641814232,125.31219248548345
133.40831542015,128.77082845385766
124.91252160072,143.14859388193221
128.95855021477,120.96866828355593
121.61394739151001,118.39200470165015
123.88365006446999,118.43127839930301
116.46631550789,119.7222135131986
119.84444737434,118.7106016128065
121.58996033669,116.38764159000374
126.27503323555,116.07815925702023
114.64073348045,114.59397228665064
107.71475601196,113.80656712447797
112.47499489784,147.41686280138293
101.59542155266,108.98259494535796
104.26707410812,108.51473379842155
105.16731786728,106.72006934620197
123.84099555016,116.03073648607366
125.45569384098,104.45814323141278
121.78436279296999,104.53372856201655
132.34967887402,100.58604655403802
136.29041790962,100.90032159092866
131.78321892023,103.46760405096803
134.73079741001,104.10286800160542
158.12365031242,104.14624902022763
95.286478638649,105.62444582923071
94.684741377831,98.3386191787062
95.163843154907,102.24351986714792
95.071092963219,110.42073657746842
88.320151090622,103.41617250218475
86.201772451401,94.72200140273716
86.460782885551,93.99931279799577
74.371205091476,73.87367545308807
78.587259292603,69.48444267741287
74.672816991806,65.97821004423464
73.183928966522,65.70924256587207
68.456230640411,62.357982695422585
73.93961468339,61.6678191592968
63.56676399707799,53.753275264612036
69.079688072205,48.63525733854217
70.334547758102,46.82711806536093
57.703120172024,63.33791185647988
54.226227879524,62.869388051929356
58.094845414162,60.61669119859943
59.962146043777,60.722112268950696
57.299879014492,55.91975849381814
58.318265020847,60.21704069393323
61.12197631597499,55.49708966650403
47.001466810703,55.949177853932405
50.943819761276,55.46290424933157
46.72114354372,55.651741634169056
46.728184938431,54.83170011904245
50.159199297428,55.256710851532766
51.105109512806,54.903839031519695
51.603206276894,53.35681341553452
47.539953529835,49.67301131290867
54.843574643135,51.596760171027356
45.229695260525,49.798625896752675
54.104588568211,49.89987357085062
48.878783106804,49.85614288565118
51.294766545296,50.50407900156336
49.398886919022,49.45125657738195
48.995011210442,50.90886905851263
53.520217418671,49.901554129171764
52.587456882,50.774291830920895
50.73033118248,49.74446402663029
51.85547208786,50.71121589816305
52.393028020859,50.527536589118995
50.059361457825,50.104124687452035
51.440820515156,50.93103029562853
51.964310288429,50.44914226989882
50.843147754669,50.80915982942164
50.91733789444,50.93599343074465
53.640570759773,50.853398674080466
50.226880788803,50.939657242225934
53.922330439091,50.77811267146333
55.453165411949,50.6194286977707
51.198021829128,52.38261440230257
61.117521226406,51.31645827532269
55.207048118114,51.20093027181684
53.625496387482,52.52330664527812
52.830897331238,52.76569027455255
55.841251373291,51.064697086084095
48.718646585941,52.438866773032885
54.961887478828,53.06740843502499
49.596876099706,49.99334214439115
55.088790014386,54.08286548702386
56.080655828118,52.47782609371174
55.120067834854,54.12755665907427
51.949176091701,50.33519123018734
51.842895507812,54.15422953323599
54.255350589752,50.93821168195223
54.54816198349,54.07077266983628
58.539538025856,54.28087570284594
54.698804199696,51.852215304857594
52.114201903343,54.428514526568996
57.030461549759,55.33185948872534
54.430864095688,54.5697994460896
53.958972096443,54.39705768857258
55.023526549339,54.9278854827195
54.610721647739,52.353740379964776
55.552541851997,54.875645740386815
55.89380967617,53.93248111760939
54.222721993923,54.07860911179317
56.281663060188,54.09413810477863
55.769571483135,55.169227949497454
59.165879249573,55.29653061957014
87.975064814091,85.14078506757302
99.87557053566,109.20192041605985
100.75271856785,107.5377082006124
98.658255338669,104.90532362588041
122.33320140838998,135.47386927358437
191.81504547596,142.21931807503756
193.95401930809,171.0573389899485
194.66174554825,174.71124222575938
196.78073573112,170.4630772474019
188.44999754429,166.42350848234636
175.4393440485,169.2704881486469
183.3903580904,170.484765344957
237.55353498459,204.19035295633915
242.16313755511996,180.0280513129629
258.71346914768,173.53454815379567
266.35175812244,211.7215471444994
289.92827582359,196.18797164108682
272.94840145111,211.53288366890675
261.20736861229,209.00895221019104
254.60297358036,201.16059628839753
245.70637834072002,203.51097619144605
243.86982953548002,231.2583863191637
238.16819322109,259.9771707858505
231.98225092888,238.64736813169807
253.84309971332996,231.6685910130862
225.43805885315,221.15139367400346
206.57424378395,199.56633785206702
194.34932339191,205.80657362412782
195.18384754658,205.59320731108681
193.36432600021,198.91445522442692
183.92513465881,241.88799290682454
180.14817321301,209.00544195784568
177.71939015388,200.54714370222322
167.00621858239,195.7821192125263
179.28615558147,200.6241532009236
172.0981490612,191.19269496710436
168.76367104053,167.34358802770905
169.91175335646,170.4813809780765
164.61264777184,199.0047661112098
147.14291143417,147.04436898641134
153.73483192921,139.68873359202078
137.37509083748,146.19766842012328
140.15117931366,177.52108036994585
134.52941322327,145.30839045719955
150.0007417202,134.03502076093648
149.49482989311,132.86510554608836
152.96792447567,127.69958775947673
150.10887348652,128.72483134965228
144.80008840561,125.93070093647566
138.14628624916,124.94349664923023
136.64293241501,124.08854687874262
127.8950521946,121.3819050701882
136.5425028801,115.84361117755837
151.54508268833,117.51837159103422
141.69903421402,114.56752176296973
137.78851127625,130.43797756823838
130.26351094246,119.44531674126189
121.08864498138001,115.35334541539426
121.00108253956,116.42073321577926
116.74133133888,113.60739677460025
126.29041814804,113.57774509732924
116.73705053329,114.70794524642275
109.86513078213,119.41464614064562
108.99598515034,99.90926294476031
109.9518597126,104.20397543884849
108.60429251194,94.97776688993847
109.04353809357,94.15734560841372
90.80732011795,91.64799117372512
101.05157375336,88.05075144311756
107.64370203018,106.36185281360747
87.226271629333,92.138451970325
90.416180610657,83.54470371200671
78.926800727844,72.65953417983172
67.106652259827,70.63623604104434
78.838653564453,71.74263021464867
60.65437412262,66.37449818968771
53.804246068001,55.635421764941604
51.810271412134,64.77537321761768
48.750450372696,51.33890668189691
55.839976489544,50.35061496058082
57.483638525009,51.377426500949845
57.536511063576,51.86253315950766
56.94627815485,52.51456459496328
58.699673950672,52.58948513019467
56.952563166618,56.60727804588411
49.315386146307,51.68575802261609
47.694840759039,54.549867596748555
52.595704317093,52.534972668664125
50.065326064825,54.35194091654669
52.279199182987,54.45228271307434
51.092303454876,53.808094017643064
54.499758243561,53.99948485201443
49.874886512756,53.9566745474397
56.966934025288,50.48883122589954
55.391952037811,49.88633079417082
52.648832082748,53.238385289569564
50.301322758198,50.92642807534735
49.857789576054,51.99983374615418
51.463593840599,51.16426884318365
46.467954337597,50.03031305384306
52.938532471657,52.318910834878054
52.638970792294,49.92090465179107
53.302668452263,50.921870246779655
50.844725847244,50.37178569987017
49.770190238953,49.78451535964242
48.27948153019,50.84461258769535
57.153074204922,49.57907886099027
50.16129052639,50.32075563897208
48.262728452682,49.500979095529274
50.477159023285,50.44348522815234
50.038863182068,49.69742579497543
57.032411873341,50.445224044963105
52.75033223629,50.101273837355414
48.54252487421,49.70208609230372
52.236771523952,50.63875692701959
52.746822357178,50.71721816288838
57.230576217175,51.37751294284715
49.722539246082,51.59959609803004
59.224194899201,50.20047320489066
56.306389637059,50.9142375777694
54.317115426064,51.646723716004324
49.744594097137,54.92029197097467
52.338375091553,51.988337165742536
51.953496456146,53.717954789389985
56.090651869774,54.09743873320422
52.747792243958,50.61212417051459
53.371578037739,55.06094469776473
52.836901605129,53.953456090810484
56.243085563183,51.83265493241358
56.429463148117,52.151187842331005
53.640109777451,55.22733770476808
52.884385168552,55.236315381991275
51.789208292961,55.02254591797231
57.793814063072,53.74426127076583
55.175526618958,54.08959950156931
51.462866902351,55.295947910303205
53.600358247757,54.55775323111511
58.47802811861,54.98097917216214
55.640743136406,52.57126582383295
58.025689840317,52.24599039222524
57.97096991539,53.293187150931566
57.103810787201,55.856132065425555
59.741725325584,54.95275231854971
56.749052047729,56.059137483798494
56.711086392403,54.09556262364125
52.365460157394,56.05081804891188
53.07123541832,54.93428698276233
57.392940044403,57.22461479061015
56.573150753975,56.84410026662136
58.978371202946,57.796008876531495
65.824453234673,54.05787175831868
88.699102759361,72.07690560201112
86.361198961735,90.3033413493501
87.707425475121,88.73417347724174
91.977304816246,95.85699931139673
111.79081356525,106.68838275836704
108.7472563982,106.9730641103177
103.49345719814,100.94636553101748
116.08019006252,100.18054722278706
125.36121678352002,143.78594554272217
130.10769742727,110.42377834574252
170.30989038944,134.84195056384704
185.5568857193,153.80123003258842
207.81490981579,160.21667989044283
206.8532640934,163.6444855340643
198.76496589184,149.16478963377673
259.30918562412,208.47267142874426
264.96729934216,244.07021363637875
245.43068790436,247.84027891347455
258.73456788063,252.56379047189546
257.06571340561,192.35594636814952
216.90725767612,233.26676727955896
212.38984274864,238.75680340643876
199.2584220171,242.27181575266735
211.09134781361,242.25030062810242
213.35306370258,235.1268951953587
218.56564807892,233.48524035389596
217.85366845131,219.8313786528649
200.8369410038,221.31046042824244
199.2956392765,219.91164145511124
188.85779714584,183.22113365859627
175.30859708786,184.52387809410627
189.89799129963,167.0732186939639
186.15762710571,160.51974858977738
178.34259402752,209.5337966289384
177.49187171459,155.93101500277646
185.62332725525,167.73247338845528
159.36507952213,152.7191524069415
145.93945097923,147.52126716346532
148.08649396896,153.05316620184323
142.76666092873,152.05218433063126
137.32637000084,150.34625788333122
147.41102099419,147.4075783591964
130.28993844986,132.66251848864582
133.63074970245,127.37595445902004
135.77090549469,126.67487363502126
132.25631284714,124.58712599819145
133.97383236885,122.08789412744821
130.70968270302,117.34937005712702
121.91819787025,118.86141315778833
120.77513790131,139.27321407159144
109.53236055374,118.83177974193195
117.09626793861,116.92611081623204
108.55328965187,111.31726101396715
116.69698667526,111.9851137794519
110.6213786602,109.2481483557229
94.340529203415,106.67822789981494
106.00195002556,102.06001538692075
100.78250384331,103.8695739776471
108.47405827045,105.22176781710219
103.13485336304,101.77012997898335
88.577287435532,109.73468385585353
98.157701849937,94.3833213429881
89.454851865768,80.86457777907474
79.293690443039,83.92850033645354
74.928898692131,82.3262445782042
75.036883354187,75.1718868372734
86.306521296501,73.58849318023971
72.856031298637,60.49547930388905
72.486969470978,65.011978055427
75.447257518768,59.27652303084639
70.676074385643,52.91812252789077
60.535864651203006,51.55626897608949
62.455412745476,57.40916169485273
66.33067882061,58.26162078888656
60.168511390686,53.730001815396015
51.710076749325,55.796065455980084
53.63006824255,54.76374118563922
47.940742969513,50.206952780295005
48.63732278347,45.50084532114376
48.533940255642,51.73730317800362
47.152431368828,49.2345980797379
46.959948420525,58.408179454606554
43.901079118252,61.490178747169224
47.687337040901,58.011909212921495
49.401970207691,50.27874581413888
46.51202699542,51.24506164107264
48.914620697498,50.46380326364832
49.705481499434,48.093615369518005
48.041063070297,46.58197873105472
51.021552860737,47.64808768924642
51.97681838274,47.72352204317066
53.177095770836,46.976085756929
52.626223325729,47.39791862053076
48.498318821192,46.62850992695852
50.01139074564,47.33106168934376
44.775311946869,47.21458755585162
47.532702565193,47.33117381714233
44.947645962238,47.47068743845685
45.788450956345,47.53031853028326
48.355295479298,47.92430027519745
45.429411113262,47.71026738836014
51.784683465958,49.10714176381462
50.310874819756,49.415529366690976
44.735247075558,49.87149557551215
47.316112279892,48.82788315391288
45.648529529572,49.38298412752732
45.898500680923,47.97119527237258
47.184773802757,48.53985193526865
45.197645783424,46.781078370820616
47.275140881538,46.941893304180056
46.42611092329,47.981778871627064
47.713274359703,47.63178694928891
49.194608330727,46.71644857416975
47.824330806732,47.401886584498385
48.593471288681,46.23784052561011
47.474388122559,47.43066560325707
52.922478497028,47.557553644638276
52.968728721142,47.2429434037512
45.46756196022,47.26858696207365
48.684135079384,47.281383332440114
49.290818810463,47.54332593967802
54.103945374489,47.575688125289325
49.117199540138,47.791318672247215
51.755600452423,50.52684506499722
45.222477197647,48.04181316926935
52.255584359169,48.044712562213554
47.925921559334,48.14007229321622
48.74391245842,51.30247610955046
47.675363540649,50.23320053293165
49.618177175522,50.313797130302525
52.497901678085,50.40550898060956
53.834460616112,50.57708486701768
48.563717961311,49.37873680377535
50.592237710953,50.64193236170626
49.772858321667,49.84497809537013
46.254692897201,50.913124575061524
51.401388555765,49.706852900815214
52.646314442158,50.40619225902268
51.275368124247,50.731790869100955
54.625445619226,51.01298206178769
55.675610471517,49.848798136063124
53.710585415363,50.42580562648395
53.422602832317,49.97904805080112
53.046293854713,49.28974000076835
51.292623281479,51.14437022290426
49.106342375278,51.25480125661111
50.626894593239,49.99479199998807
50.905326604843,50.551127568866775
53.240586042404,51.236046561755686
51.09345895052,51.32851645282783
54.635871946812,51.22957225380498
52.352715551853,52.416846988439815
50.927889585495,51.63563681095912
50.664078235626,50.33010080636823
52.398491740227,50.700988098372115
58.127293944359,51.12063027468748
56.652609944344,51.06129728528277
51.27548456192,51.26540909278102
53.350675940514,51.00516450058652
55.191532433033,50.94424344051879
55.129403173923,50.831038392993875
57.211089670658,51.713422510501424
50.465569019318,55.34898685921592
55.383728325367,50.93990286695748
56.598139822483,51.71918319540987
64.859003543854,57.06984954771508
81.896373748779,77.91300535751789
81.822992026806,88.81599611778844
82.744629204273,88.54363604877129
87.882604956627,82.89768273061625
93.539046168327,84.34503235609871
95.081524729729,91.57801171093725
91.131484985352,94.74062086679199
95.349298775196,99.88184703383033
103.99014186859,109.1635073573365
108.75151515007,109.22983397215492
104.59917080402,103.29083887202886
109.60447371006,129.06944832306172
120.78941118717,137.13895660608483
177.97058200836,140.6566762913376
184.09620571136,148.3374843547103
193.24615192413,146.94408418827248
192.25473129749,142.16800050727656
193.63553857803,144.2236759223225
205.66809594631,144.27610212779751
257.85888564587,217.6415613483401
247.92867016792,213.75810261833882
244.24533140658997,228.15901663716366
250.69406557083002,241.657751195509
257.27042412758,239.8493061293623
215.52832257748,240.00783617830197
230.92960131168,235.54005014704452
217.6926163435,233.636876593814
215.35891461372,233.24798651489766
209.76110696793,221.94422330732527
216.91253292561,229.3112927421197
207.14634251595,226.61140982263578
212.82608556747,225.87805654288283
198.5354783535,211.8578754044476
183.67209935188,188.51877120598357
147.7397339344,201.6045642391196
164.26662397385,202.37167205099965
157.97372984886,200.15270463408365
133.61842107773,181.9576385551491
140.58200550079,166.4583311189356
125.53071641921998,153.39136216436358
130.13060545921,139.33894138879987
129.42820119858,188.66660775955015
129.00198054314,152.13884592760593
125.27394604683,125.20372542007564
124.27994251251002,150.80851888853425
113.69591283798,114.4981332367915
125.75397181511,116.94401174505678
114.80525684357,114.31222117085949
112.49858546257,112.01508580588903
110.96020531654,117.98718975901286
105.18243432045,110.99018856626549
110.01587724686,109.933072774551
99.878343105316,110.09533282840617
102.45396018028,100.52426663929802
106.62587571144,103.18859390221459
115.0506811142,119.33248242084396
99.350111961365,95.98910425512183
97.958573102951,106.79891787847586
94.02349615097,95.84634526865277
100.65136289597,95.73384675501721
85.182676076889,96.3076386647708
100.81311988831,95.48304329371902
100.95305025578,94.39258448005396
88.803668141365,102.25781843180086
91.072922706604,98.8290516935769
67.597888946533,79.52181657482764
66.422933101654,74.25954131481024
63.140454769135,75.37565716502162
69.60472202301,73.3381363899538
50.973998308182,54.41557040088795
47.115521192551,50.0082510888343
48.763787496835,50.68348768401021
51.021462082863,53.29355647106624
51.92251098156,53.02998938853433
48.977334856987,51.57141952127134
55.823652088642,51.45397701063558
51.788150429726,51.63053774610729
51.27082490921,52.4744598998543
49.489342212677,51.204716056981866
54.241774439812,51.40312588033844
47.051623940468,51.517916415752865
48.925526440144,54.110157981735895
48.710719704628,51.42778826432098
53.297832280397,52.59900667556947
54.437440633774,50.10297948627853
48.386122524738,51.53383282828869
56.788470447063,49.529671259611696
49.009121716022,52.489349411061916
53.459655880928,52.444329379954546
52.850381374359,51.834738513232914
52.861550569534,50.76661531028567
57.635529100895,51.892902683172956
57.685983538628,52.33502898789732
62.585071384907,52.446650850234676
61.39365589618699,50.09014294818704
61.60935628414201,52.775855462523324
62.875078082085,54.13711382158942
62.012366652489,55.6496514523545
67.076797604561,54.82725301915216
63.795022845268,57.311468175824956
59.883563995361,58.87705096300981
55.081851601601,58.53249273985161
54.923257827759,60.2165033314447
58.483859419823,62.480404077304186
55.16274356842,61.467081298510955
57.452486276627,62.21731495133763
60.877981066704,61.44677345462504
57.683196544647,58.97610233145078
55.398277401924,58.090374203535745
56.971254467964,58.135092269894905
55.561774849892,58.56880990908111
62.20985817909201,57.93257895042634
53.105356454849,58.347575637081626
56.793464064598,57.920321220869425
62.74102377891501,57.358919919243924
59.218866229057,57.93871945945354
58.997171163559,57.80844959645542
56.931984364986,53.38870344053706
55.574556231499,56.81837119051125
60.557084977627,56.75479059736016
56.590614259243,57.452165682321144
61.943513989449,58.31032882326234
54.35644954443,55.13445559273016
59.100768983364,57.70696544191437
59.245442032814,59.1066236959794
58.181484520435,58.33885713667828
58.042079925537,58.46004036128643
57.992597222328,58.2700856664738
62.920931696892005,58.27590481052092
60.989029049873,58.33006186671575
56.499748766422,58.73319983189574
61.453457415104,58.05469190532712
59.922360301018,58.63049774206194
57.412826418877,58.56124260332805
62.351918578148,58.19185201748424
59.59871840477,58.14756262371155
58.21455425024,58.571437999752156
56.571519434452,58.21142923305316
60.083218455315,59.38744401259259
61.93373864889101,58.716352997187826
62.355171263218,58.01631749408558
59.760358691216,58.17159781667031
65.302797555923,58.89876841691787
61.464372098446006,59.68271426392544
60.955054163933,58.841811916087316
62.883737444878,60.03460793529201
64.548411905766,59.44355414372268
63.003117084503,59.551064528365835
63.138966590166,60.22375443433384
66.130795277655,60.3738288232799
59.894850090146,62.10180837891306
59.522743344307,59.93108524821146
67.815592885017,61.80007878319455
64.693588674068,61.77216235497344
63.219771623611,61.651610849780866
67.309312283993,62.16381105625291
63.57234925031699,60.31637593276091
62.282782554626,64.13777886906674
71.662081360817,61.3730578968441
64.843844711781,61.266914922769665
69.700667619705,64.34174066111746
85.599373817444,62.0758015159359
72.475713729858,63.6508601289722
62.75491094589199,60.93651232188022
61.446016609668995,63.308666441278135
70.205372452736,62.64105388385442
68.432013750076,64.95580739032987
67.018969655037,65.13512883523724
78.348398506641,76.53774585097331
78.281629920006,66.85549616146442
78.136107504368,66.55808474081356
78.267804980278,66.610213054708
78.31123393774,66.20153261468292
81.74167072773,74.7323074312033
84.539602637291,74.84096441529944
87.487429499626,76.04159287031234
121.76593291759,75.96876415981427
128.16046798229,75.66100984531175
133.7921589613,76.85057104231173
143.83634459972,76.5016837930924
153.94387328625,81.3654460946249
173.59998595715,92.90885783645015
177.71951568127,95.92360953086681
186.14450347424,100.70119349871806
190.51994597912,103.5706633033206
214.11477172375,117.71920128809778
219.58153808117,143.16961462666978
221.88262450695,147.21805533191062
224.38196837902,148.819808742009
235.7447155714,162.22614207685808
250.96572387217998,209.91510632204694
254.47260558605,215.84535586404738
254.69051635264998,213.5580958776289
256.10251891613,204.27012555698823
255.30692565440998,205.85039846787492
252.29304015635998,205.2180202260466
250.38115966320004,203.32726333279106
251.14118468761,200.5616802190546
248.14416015148,206.8564374988409
247.22085082531,206.57832260704453
240.60566222668,210.71081535062046
236.34267699718,210.67081365406128
235.37108886242,209.59016018617532
231.34447753429,208.7473004946388
209.54860961437,201.54701726862322
205.71802031994,210.03222637081453
184.45834624767,161.57645337069795
179.44619262218,161.4957892784897
173.69448363781,162.5064099090123
134.03360641003,146.65023945548728
127.91652572155,145.3336053085987
122.61995589733,71.51374368638538
78.856320179999,65.75224368674756
78.316559493542,78.61901085061649
78.043153703213,84.8636726922717
77.843587040901,77.69154607741727
77.961062669754,79.0579065188122
77.975002169609,80.1858473052408
78.327102720737,71.02705512698523
78.319695711136,65.18757147112674
78.326755464077,64.95182293684498
78.359217643738,63.384256024374935
78.356671333313,69.60806015247515
78.359659016132,64.64879063753438
78.357927620411,65.1382037446894
78.364090740681,67.19289841655332
78.379263520241,67.36376155486292
78.455964148045,66.19113479675204
78.457219898701,68.05686198489404
78.456366598606,63.82780361210791
78.458003759384,63.853105090830894
78.460160851479,64.58508196936833
78.454620420933,64.90037400826165
78.459910541773,64.95171605151639
78.460789084435,65.11302644785053
78.457805335522,65.079038291977
78.461022228003,64.98856919243492
78.456412702799,64.96012239904226
78.457791864872,65.36316486541047
78.457533180714,64.98958809450536
78.433541893959,64.5386921011448
78.404177844524,64.74987256158514
78.447526931763,64.59962108592964
78.459861665964,64.6794401946637
78.460253238678,64.54244194258887
78.452540457249,64.89950115783047
78.451370298862,65.19485384932905
78.447964757681,65.29148714587012
78.445870220661,65.24689305467858
78.451061755419,65.22179100624498
78.447872102261,65.56143874689788
78.439094722271,66.38815313390245
78.446463882923,66.10469595831213
78.442025482655,66.29637561834164
78.445342451334,66.35993990618769
78.437667250633,66.5783901184408
78.442171633244,67.01645711473878
78.442590713501,66.53066613126008
78.435466945171,66.83069858680086
78.435743123293,67.36287181352421
78.437145352364,67.1639547671399
78.430084347725,67.41431316328483
78.424296081066,67.24031713446116
78.4308411479,67.33483485782496
78.418512940407,67.35372738266481
78.423281371593,67.33809203159485
78.42843413353,67.02681864407616
78.355392456055,67.40521648732046
78.358897745609,67.25885441802271
78.359358072281,67.19183322031326
78.355726361275,67.28955859350849
78.314239025116,67.17778701529943
78.284807801247,67.1904389825697
78.675929427147,66.32644614705372
79.609244346619,66.21729160657874
81.38190805912,66.22949676185613
86.931650996208,65.48050699609536
90.607672572136,65.23883491832561
105.97590529919,67.63824074011981
112.43175399303,65.61126395753868
118.31186950207,65.48641762942047
124.41831862926,66.21730106569494
130.11568725109,66.42124225011288
135.2095669508,67.55331763027938
140.14885985851,69.84742236029204
152.94423949718,76.07626006220966
167.1883648634,81.55443618915265
171.5018414259,79.05980495337296
175.58154571056,83.77500361601523
179.69195067883,85.76207875952989
184.11651885509,91.29863658098645
188.4193905592,91.90746051356203
200.03059661388,122.34151292287007
207.37043273449,126.69720758802889
211.00663268566,107.26231959189117
213.54416930676,108.3923899631422
215.07482421398,118.94123107380953
218.25631225109,126.84696400081367
221.25657165051,131.817553828294
222.86666381359,142.6443161194574
236.49366271496,157.74227002443138
238.07132995129,174.01216062201848
239.48870360851,178.73132002834828
241.35494506359,201.57759369460103
246.6478985548,220.1401229922065
247.69129455090004,231.18115717541986
249.03655517101,234.38680662862427
248.92870604992,233.23568739646348
250.67144286633,231.26786907138947
255.32473266124998,226.70234455970018
255.03783690929004,223.59658536681576
255.08623778819998,217.45390947963946
251.58812987804,217.2128446644114
250.94381225109,214.47111612894238
247.83452880382998,214.9506304446284
244.49174010754,215.1111830300053
239.99866759777,217.04750578993358
238.13181579113,217.47456166839402
235.86420714855,214.16001689043128
235.89477050304,213.83117643895397
231.61915099621,213.6350905178332
230.95237243176,213.99553415632522
217.14460265636,208.45853622057828
214.70936095715,210.89124540011755
211.55756652355,210.18842038228877
189.1619900465,192.57534050513837
185.39668548107,198.3558945355985
176.81257140636,166.20778333740142
172.20196807384,164.15956588143652
139.03451812267,150.3414705155545
133.60552489758,147.71950829295056
128.30591094494,144.94099773023842
108.89568221569,90.77204754757918
83.455233454704,59.96847217360874
80.988551735878,55.41533985799486
78.96855981648,56.59734302778183
78.338418841362,53.080777284313804
78.073038995266,50.316594356665554
77.97270578146,50.910509047253846
78.034635663033,51.509048658092595
78.092861175537,51.929642328202306
78.251843929291,52.444642744329
78.450191557407,72.62717600336758
78.389426290989,72.66702871133617
78.449017703533,72.66639505169198
78.444321930408,72.33031104149217
78.437272250652,72.38759352880271
78.441554784775,72.34446765598037
78.432649374008,72.40723215373555
78.441536486149,72.4375985238642
78.433375060558,75.60066748744677
78.435837864876,75.36049523304115
78.425395190716,75.70236938960208
78.428150177002,75.71507724566439
78.425319075584,76.44258045902309
78.427619934082,76.26292363329061
78.322476387024,135.72453949073022
78.285603165627,138.61728551914496
79.712317824364,123.76668475248793
81.417549967766,123.6424742750865
84.03936612606,124.77594092738306
86.989777445793,124.63344084280301
91.327317118645,123.32277474011582
96.832003474236,108.8438231985183
120.09297072887,111.46023013265892
147.86683695018,119.16659844846437
159.97590446472,137.8128184165455
159.66210722923,148.4340377636284
141.42286756262,150.36110596849394
155.77885055542,152.31297962686324
163.01597958803,150.99447591568102
149.94977104664,152.83480531234258
136.74623161554,149.93665125337952
148.42092037201,154.12889573628973
155.10821247101,177.20953741850474
178.52930903435,177.38254674060371
150.04061472416,182.08103576905182
147.65050446987,211.63784654435057
139.41500818729,182.5567696867317
128.97511458397,187.06227483423382
138.41321325302,163.9013221482104
138.86279201508,144.2216630484803
125.43432784080998,149.95350722090592
127.55975472927,165.79933409461145
134.0171431303,164.35365625899558
122.6818985939,156.36162879371733
112.52669334412,151.71430750469887
132.47212743759,147.43626194593116
114.44091272354,158.49294384840945
116.22563242912,147.13861949756702
127.26575350760999,116.20347349464626
123.94846200943002,115.8963259604301
109.01455163956,125.96874022523471
122.17866349219999,115.94383704143424
118.79413437843,114.50806558352532
125.58288502692999,116.53670813345836
109.54749393463,116.04967653162933
113.96491622925,116.35739771057025
107.94637084007,115.8551572787201
113.82120656967,117.59781754992697
105.11530518532,136.31111179474024
113.39008951187,137.434195890481
116.73912382126,115.25913686383704
109.3495426178,115.22652382031944
111.74608683586,117.47490839279851
103.94097876549,118.54233572666031
107.79638028145,118.09021414905412
101.36103892326,116.97887808155532
113.43909430504,115.84923064111263
101.62739396095,133.74721748583823
99.593122243881,123.54630349563969
116.6197385788,114.59206746599726
108.0954003334,113.83930450079129
102.78173017502,113.83443822852274
84.277378082275,126.35132566786086
86.487543582916,122.48295985421731
85.797695398331,112.91529109117711
84.31759929657,116.88564235205614
92.816874980927,114.80588434583261
101.07613480091,114.96399902582738
98.95071387291,107.72418424351663
99.300792813301,109.85266063716696
79.961131572723,95.45692782498868
75.111746072769,92.12165894746195
60.383900880814,80.80357403874166
69.260853886604,75.23552310075782
67.332628846169,70.30572534023081
70.834268450737,78.371378442367
68.352073431015,82.58479228891451
52.813580989838,69.63702318117517
57.452755212784,69.52443353820304
52.804705381393,69.85527683713266
55.625489234924,62.54320523536099
44.921742200851,63.96200704382009
46.182053685188,63.14744495545564
43.464838862419,64.25008348225487
42.773769974709,55.368008232605185
42.961667060852,61.19439631606864
43.094665259123,45.77437771858876
41.595152199268,50.952467500120356
44.270004868507,55.72034235583844
43.627464443445,45.60822049377684
41.688642203808,56.1091483209262
43.861322939396,57.390878754210085
42.216027855873,45.62387660955794
44.349707901478,53.09419859833608
44.101422905922,47.79484892455583
47.426715016365,52.2463903446259
46.433598041534,52.126169603230124
40.533314228058,47.93008029226495
47.218368172646,48.102642681847804
41.420536756516,48.23897453612708
44.812475562096,52.355971247732874
44.078423500061,47.75551009540717
43.956491887569,60.64302404153804
43.805655479431,47.6281552251521
44.612908005714,52.36816963058174
44.080294728279,47.95121420044213
44.692342638969,47.9503800707185
41.772508263588,47.92534741053176
46.496918559074,52.16637293792814
47.908729255199,47.898777709559305
44.476992607117,47.95724585438328
44.873350322247,47.95698818485881
45.487455248833,48.01917633425026
45.363552927971,52.79277659907662
42.371522426605,53.15954440083079
44.903766989708,51.98531220984284
44.399250388145,52.74381088247796
43.545219540596,48.16541143045349
45.325799763203,61.178500559164064
45.779996156693,52.70418126437536
51.049013316631,48.525221255187695
45.563103437424,48.40085488108565
45.997025474906,49.792248941055085
45.17913325876,55.51296583586159
45.236950032413,49.67219315917962
46.002804636955,55.402678526842585
53.728251695633,51.878666010260396
74.756813764572,67.47769647573688
81.378875494003,65.28935089083153
82.935250878334,67.98070327250488
81.614469945431,67.62286141850964
83.524994969368,68.48273504616817
77.46277397871,70.09556343050446
85.529405474663,78.7177311295856
87.034673810005,82.63077542476985
87.056439161301,110.21416240515669
108.51190793514,127.79383037136246
129.22663575411,147.2917381722752
151.01227426529,150.4410345886289
135.55495476723,157.06850170578568
145.64153051376,157.87194691308548
152.79594421387,132.98443817475135
145.58496809006,119.84848326149026
149.5239379406,117.55943452833726
175.16766762733,126.64310395306906
192.19251358509,156.95555924754396
180.84920692444,148.23135516956194
188.24321305752,150.72827214522363
192.82760584354,147.47296323316016
177.918653965,166.16553740492827
179.23859798908,147.525760790955
192.75331485271,151.46082652684166
182.65737426281,175.02267482516268
180.25908398628,166.56858159948547
164.2344866991,173.1668362287696
176.99027585983,168.88925292519568
185.41410183907,171.76118144060027
183.19060409069,156.71232841337272
174.53062796593,159.3827791012166
186.78367161751,168.15725441610755
173.38455235958,162.35779257657708
136.57960224152,138.4340128465549
133.44092655182,160.4488429576261
135.45585727692,164.15391571038376
134.85982751846,164.9785885043139
134.27512669563,149.94273748755916
125.05493187904001,130.7576380552647
127.83360886574,126.69981830655004
130.72189497948,124.61922678797897
123.51627111435,127.43642032029899
132.69988369942,117.43598486166147
138.94593334198,120.81972763727664
144.71094799042,121.8194217468426
131.56702208519,117.89791883877268
132.93842744827,118.17070590940595
125.82535624504,117.552896953844
120.05007719994,123.66832247834125
120.71543359756,117.57070170496867
113.14199900627,116.88021163656265
117.68626904488,117.65073541463453
109.63425922394,119.1981239349154
118.77749204636,119.18909033140474
120.01758766174,117.84509458550582
116.399974823,117.1685334212598
113.56333589554,117.69335272121377
114.00725221634,131.8207071960717
111.93499994278,114.89964502510726
115.22534942627,116.44048585690396
113.77355957031,106.25791303712089
109.80910420418,106.0978677210255
102.02243638039,105.36731784425457
98.112907648087,104.84451692715712
110.46315574646,102.9049522233384
93.264331102371,104.09418879000346
95.916966199875,104.13806769967827
95.949762821198,103.7548659906476
96.21333026886,103.16357168017217
99.926327228546,96.46657115614066
110.32078969479,102.19819023347091
103.80179929733,95.73800782400679
93.223959445953,95.10335562785734
97.945511698723,95.36874851274598
87.142795324326,101.82418980239835
84.143931508064,99.50532545761004
89.810171961784,98.5806352837393
88.671677827835,89.86293122139045
74.623883247375,82.79783367949302
67.401124238968,74.25712578773538
71.367305159569,74.69694070418716
71.766726016998,78.79052466120999
60.61266660690299,64.83230123526133
77.274884939194,60.683902713103215
65.318385601044,59.17662951236662
59.153735876083,60.72885755957186
54.615826129913,58.6094660096952
54.098641633987,57.25920281352633
45.484245538712,49.07432533152096
43.919613420963,49.19495562813197
42.004807710648,46.18654644027037
42.471955060959,47.472739549874966
49.607952952385,46.79645067976058
47.341760873795,46.77564943608856
48.675856173038,52.13488654039365
49.376456797123,54.33678995153577
44.11539259553,54.68101102509001
47.540528059006,54.008003447180506
47.116803050041,51.898075816760496
51.76644718647,49.827259651416135
54.128628432751,49.59469673875401
41.850151956081,49.50034382188956
45.310061663389,47.29330159074045
44.40442276001,46.701125301290546
46.473150849342,47.21724113383199
43.922777235508,50.51790676694316
46.450884461403,47.43403605853575
43.054903447628,45.36246880556552
45.165687203407,46.133068895052546
43.91463971138,46.62979276801829
47.147568225861,46.71911255874525
43.178713321686,46.656705365913695
44.314981520176,46.61357892612256
44.167202353477,45.03799921519098
44.947716474533,46.17833889608799
46.174902796745,45.204967111777776
42.503041684628,46.45394354663316
46.83540982008,45.09609352736039
43.992773652077,45.02227368417356
44.222732663155,45.03124049856561
47.03984105587,45.0829883231928
47.157119035721,45.03799921519098
49.433758020401,45.046151520742164
44.860693335533,45.0366261071242
45.554829239845,45.560197828706734
50.074786543846,44.914876176079844
45.58572602272,46.469391094628165
47.773259758949,45.032443164335945
47.242121577263,45.36780276216625
41.698797404766,45.073134558062705
43.827820062637,46.491172227330104
46.333945035934,46.68773439895822
47.539746940136,45.49567080515137
44.543464541435,45.54261735849051
44.840751886368,46.84168623563795
47.734964251518,46.74824384347861
46.011627852917,47.162791013889084
50.198835015297,47.26549466434072
43.308000683784,47.254092357105606
47.912502288818,46.722786188755514
43.699437916279,46.489718261657984
45.520358204842,45.793700006389486
48.261939525604,46.740394394111554
43.122869431973,46.0056105737366
48.395163416862,46.8752852120558
46.921991944313,46.925903443730334
46.785051822662,46.204824957802195
44.028280854225,45.69436436910203
47.928894519806,46.012616287585985
46.861329734325,46.72882472541293
49.579331874847,46.68304956958702
48.629544615746,46.661648498973975
47.036200404167,46.52750316203405
44.605836212635,46.40686102046304
45.93206179142,46.46770720167827
45.908553898335,46.92008826555484
45.067699491978,46.88557075185681
44.570234537125,46.849905333110435
45.954434633255,46.87954177366571
48.47838139534,47.071363074602495
49.803755998611,47.07479638762935
45.561902523041,46.87456728832567
46.154102563858,46.81532444499123
47.846441507339,46.392543254257305
44.823178589344,46.67878984936882
45.321338616312,47.135681844996185
47.724420115352,46.93056506650817
46.522723764181,47.00018087744125
46.758954241872,46.75800366670097
47.214124314487,46.97517388133691
46.346550356597,47.521241590878816
47.957870453596,47.18385425786124
47.282491445541,47.22003392705266
45.823397874832,47.13659148610776
46.712317466736,47.334785130949676
45.001619517803,47.45746197096828
55.245405912399,48.503598030946634
72.497234880924,75.36722076952489
81.363589763641,84.84903613858567
80.287481188774,84.60509572683934
79.85564404726,74.6090235016028
93.777245521545,83.39874663816536
94.767567873001,98.47529826971233
93.67862457037,114.24241022237902
93.0862377882,118.5793336519481
103.68262982368,123.01170885351581
103.80272781849,128.3289391631467
113.40503406525,129.64866354994956
139.76063454151,134.497333291361
143.15081930161,145.3398133314655
142.70242550969,148.19943941112678
129.99336433411,157.00421016695512
132.66453373432,160.62765453291794
135.381472826,164.14854682828792
153.39873874187,164.98288348003817
160.16889715195,160.6822705373478
151.50373339653,158.74292363476164
181.63967561722,152.42383718266396
211.42834722996,176.09396533519384
210.25844955444,147.717645066109
205.97905600071,143.66719845123663
210.31337559223,181.56926950175932
204.41849708557,176.4625457631199
209.65207695961,189.701179888423
195.04933691025,183.1910755137377
193.2552819252,184.23335161267326
217.69816243649,204.7453810960832
209.63196015358,188.41660094807753
194.17472696304,212.03199146850963
203.99364972115,212.205466181945
211.71440410614,206.94770671219445
195.33348822594,208.2807103748638
179.7596809864,196.9047516091813
171.49125444889,199.83796536957212
159.20939803123,176.0580184690073
143.68513119221,165.86908338473154
151.69773435593,155.06096210450204
141.53017878532,148.75006351561598
141.18496203423,158.0905126956734
142.15059018135,160.2201679158347
138.77712750435,176.1372562491756
124.33758687972998,132.5446656176034
132.90497279167,129.0626032044982
130.05765295029,129.23304822243574
130.02180027962,127.9606386053904
115.70099282265,120.12562389745487
118.64229464531,124.86707727523769
111.11913824081,118.33170398448694
109.94615316391,118.89999264602551
105.66113853455,119.82594262723926
118.51365685463,119.20254758349246
121.17980599403,118.5526517104498
99.333328485489,117.76859188498791
98.52640748024,112.99382492477825
101.0408217907,133.04419435668044
102.28294873238,110.44162432063185
109.98470687866,108.6606603555044
92.690499782562,107.66239059683905
87.790962696075,104.35742685668885
82.014533996582,106.81418361048624
80.400866985321,100.63632925671129
94.724358320236,103.76222566320564
82.783088922501,98.58305413990838
82.3307492733,96.9407253248054
79.627635002136,109.91278991935553
79.9875228405,95.36615929700746
77.776789188385,92.4071704591744
95.780179023743,92.39717444969068
83.260103464127,90.23217001337643
87.120517015457,80.74581867338529
82.22035908699,79.03370228222707
75.568323612213,78.85075824579137
94.894153237343,78.88020801015537
81.312657594681,77.90203637477293
73.89134979248,63.40001499298961
66.80503153801,67.16799459950413
74.044838190079,62.6756609046471
75.182208061218,51.77205385053415
65.729698419571,56.229339870597464
52.901607394218,47.91898378916077
53.429998517036,52.24009059828779
50.92835354805,51.97245869708414
50.217054843903,47.380594015788816
44.752051353455,50.72001834447274
45.18060874939,52.575249516675406
44.410722494125,53.08842751204911
44.104946494102,51.32274040937033
48.865967422724,53.47818385536804
44.120685011148,54.7512893769291
44.593668758869,52.95037321112561
44.740845233202,53.06111840119333
44.85372376442,51.620237204516386
48.420184910297,51.39624222333819
44.691958665848,49.296090942142946
42.614556834102,45.842160392559904
46.6696626544,46.642566204785524
48.633916020393,45.48942134253806
46.145958781242,45.147365382697316
42.162292957306,45.34022978402935
46.455586671829,45.088848904190776
46.889602959156,45.0812638886042
50.60696554184,45.103564380785194
49.076842725277,45.04982455838325
51.165114581585,44.956313927553886
45.376769185066,46.32480918779623
44.317071795464,46.54080045113615
45.157858014107,45.58325525493457
48.724643528461,44.70957307834498
43.912927150726,46.23904991529797
44.67521572113,47.4790260293953
50.897559523582,50.00779896360803
53.468933820724,46.771414584151735
44.18980383873,47.75351340238143
48.814115285873,46.89186753037003
45.521437644958,47.837735267626464
45.886313438416,47.6974969913293
47.053229689598,46.89891254025565
50.068988084793,49.26406200705597
44.876074194908,46.71418676276349
48.085075855255,46.89865339978841
48.125502884388,47.3469595213596
49.144320964813,46.760461796831045
45.829628825188,47.39273689217651
46.282292366028,46.88938602101137
46.564458966255,47.8137624443986
49.405250787735,47.62403427916444
46.115010976791,47.6607534831509
50.9394941926,47.78654506495226
45.556269288063,46.89912295422987
46.098512887955,47.78504915243004
50.649687230587,46.82428300350724
54.615208566189,49.393954846333315
49.930904626846,47.48237903290292
48.077644586563,47.64307089660633
52.591006278992,47.14478187381183
49.072616577148,47.63811253024522
47.242959499359,46.85150395641124
51.387122929096,47.1519811152512
49.038590610027,47.811287123018914
49.063441216946,50.6176906040571
50.549072563648,50.68056411297424
50.296709358692,49.88248097213649
50.501333713531,49.54769618192419
49.581792116165,50.516549007597305
51.7345662117,50.25946303618842
52.03813958168,50.43195174029574
50.708671927452,50.45474544225812
51.579943537712,50.27783008395707
50.924657225609,49.998259715795136
52.094664871693,50.47965786877511
51.606473386288,50.65362715666836
53.102674007416,50.920357265058925
52.617133021355,50.74269989768803
52.707635998726,50.701600893177385
52.151951596141,53.778592423425074
55.150672674179,55.71588233094586
50.222232304513,52.34836151098276
55.584857448936,52.39576249669485
53.734761461616,52.84553427473081
55.735579073429,58.73898811713194
78.891475617886,81.35292571311548
88.754224002361,89.47920229334075
87.158157527447,87.65078896732291
83.680204868317,83.61948986842997
83.391173124313,92.79305232464115
88.928241252899,87.58491172214809
84.148625612259,91.80674710936256
98.894549190998,101.29083460795005
101.18351334333,102.55563923886223
97.361566305161,118.15219114261501
124.52361810207002,130.9706286150831
152.49684602022,135.07895778578214
162.27913355827,123.68945037628062
168.00745463371,163.85560022455425
169.91743409634,165.14180787226098
218.13127112389,169.0115735231588
231.5127979517,203.2847878726648
218.59448456764,203.36139557342725
223.13855600357,204.47090437341905
219.95617485046,206.4074087887586
219.0646777153,207.53276200578574
222.97320795059,208.81848937762297
234.7815554142,208.42819464520414
221.82688832283,188.51737425565378
202.68708395958,206.81470022157546
202.02217507362,207.69697551294124
192.57450699806,189.0622235621722
196.19833230972,219.77843153292974
200.95472860336,218.5467727163313
195.35877013206,226.23741888583248
189.06002116203,226.3706502551036
199.75584483147,192.67916125379847
193.69853520393,169.82091398136617
173.53201913834,170.8040998666072
162.6693713665,170.73345979295976
172.43457937241,169.65802837146325
183.19451618195,166.94447496857475
156.56472884119,161.66569632433527
133.82739639282,162.07350656863622
122.18393611908,161.16429439826734
181.42186200619,161.4527153217279
143.97133648396,128.28640167301847
129.60813546181,145.37109166568564
137.20329737663,184.45948009012272
132.13842248917,135.85171772202986
130.47860741615,132.95483276121897
129.01104259491,130.198548784336
137.90360617638,123.75525378605721
120.95177531241998,119.88320180495239
127.15283513068998,123.5236766792587
114.30393385887,120.43732376372412
116.60469388962,123.35825673210708
113.27540040016,117.22493292532104
124.22271394730001,117.39291995986447
124.68286371231001,115.7339451282347
113.67396998405,115.72385306755073
109.74580264091,115.69477917550307
112.44401597977,108.27078505116664
108.91574382782,110.02317281723754
116.40402507782,105.14755752777063
109.02463746071,114.11465106144077
97.873934984207,103.21578622638381
93.167294740677,104.12079650626526
90.739588737488,110.77254844870839
98.067682743073,101.64681908459953
94.281962633133,99.18924553882835
109.66334986687,102.7300561626518
97.108289599419,98.04068433748232
92.028518795967,102.23233899783395
84.105123758316,99.93426554107926
88.179432749748,99.8451770743938
97.323309779167,93.16150286090621
70.498784065247,101.23058319724234
76.591009497643,77.8127366394803
76.441719293594,76.53358568144262
70.11915743351,66.64560436480974
66.210339307785,66.09078023615922
70.772017240524,68.16714661576779
67.050563812256,61.269334607260106
56.58753323555,50.477337350797995
54.022412195802,59.19589107038869
61.654045939445005,50.75716788586089
58.472554028034,51.01301048003947
50.297169804573,47.84904379225225
52.770641058683,46.87692527444737
48.865623086691,52.26544622815902
50.435659497976,54.92780855490214
50.991089582443,58.58369799469587
53.300747960806,56.28188749067125
54.604313731194,56.97460207623784
57.089318573475,54.70574109113504
53.435328394175,50.11460532405278
49.71626752615,54.43372494488612
47.38409537077,51.42026080878263
51.421951323748,51.06607704160603
45.989468634129,51.61045294470883
49.297832816839,52.423623831806125
45.301143199205,52.34898646491879
48.628228008747,52.94154186210945
48.066830873489,52.54272621415751
46.186848759651,50.736517693548244
49.032264351845,52.88078901453091
48.829397976398,51.80384921237777
45.098053187132,49.22161220719345
46.433798968792,49.637364018161314
48.678045988083,50.8032945411627
50.73954886198,50.002537296450875
45.32014977932,48.86716449701537
49.390234708786,49.35829166510443
50.669357776642,48.6091516783159
50.435507416725,47.91688897274202
50.710793495178,46.90629023056165
46.128745913506,47.704412731175125
46.231698870659,47.050688508073975
50.573178172112,47.769871937649924
48.949100494385,47.310242264073544
50.4678145051,47.58552660954568
52.338150143623,49.4138125633005
47.711230158806,48.85241234870588
51.338621020317,50.515036335767455
48.146802306175,50.21447518544879
53.152501821518,49.534822156452634
49.677640199661,50.34317827634383
50.223592162132,49.55882717135401
49.552610874176,50.462990434961824
50.304179191589,49.63089625153626
48.457239151001,50.33019214718234
49.954937815666,48.981939421763165
53.579498529434,49.287380603270485
47.396504938602,48.154719006940766
50.901196599007,50.71556760051888
48.463107824326,49.9309379241762
49.513380646706,50.08132320290342
48.24030816555,49.78945156915025
50.878292441368,50.157241941380015
50.055368363857,49.90853487234479
51.51286906004,51.15898778797299
47.829885601997,50.41082050657191
49.911326944828,49.75352619802605
50.826020359993,49.84233059870232
48.776024103165,49.55389604976927
50.607937335968,50.53083364812124
51.233148276806,49.74735377273912
49.416990280151,50.32959813433801
49.213240861893,49.48710900945929
49.273982927203,49.92265795971811
48.4247706756,49.59477060601542
49.559349246323,50.23519818738334
50.13013523072,49.88343703596969
48.938232064247,49.56547467733361
48.906358480453,49.63277259643821
47.832955241203,50.06394147573942
49.844704270363,50.687001444920945
49.68686413765,49.99476733993811
49.244405388832,52.39603453951556
48.342048883438,51.49598740545932
51.064936637878,50.36176379107647
50.235759198666,50.548325039818856
48.313644647598,51.432616035301244
49.569011271,52.87855273357814
56.796029925346,54.240403399763444
75.56296890974,72.44076840047157
85.622074067593,82.76006924351537
84.17022228241,78.2938638553851
86.531417310238,84.88013851692166
81.921803236008,89.87236000328046
89.65791913867,91.65934676341182
99.480272710323,100.39753355062925
92.954615235329,102.81688573542253
83.536000013351,106.61230890179681
97.178205609322,116.29957690114568
119.07192957401,118.08557631047178
144.19076812267,132.89080488213838
138.08233229816,141.285859846065
139.33495748043,137.0726889120019
148.82362103462,138.32374391314926
137.86376571655,134.49344691634167
135.77948260307,133.97096818067888
127.74029183387998,134.18799693590861
175.85266542435,142.78046883620172
184.42491889,184.49309957001645
167.92142915726,187.04264633887752
163.16234469414,173.32251283916804
160.86476588249,193.21389987306947
174.07484793663,183.26120041105276
191.69704389572,171.9456369449368
201.59787535667,147.9110491125055
198.33754324913,187.88271182021302
200.14499807358,188.48078027580797
201.95374298096,173.76999159757278
216.2554564476,175.56354790404154
187.65876483917,166.14679444130198
168.75536727905,157.21704163836867
200.87907528877,168.2797786971011
194.7839076519,166.1438667242612
178.74249505997,155.16086294120385
251.20555734634002,154.31473240480457
187.22780489922,154.91732843953702
171.16491818428,161.64914663582152
168.97086238861,183.13158117280062
95.473925948143,160.10524084384198
142.43749904633,139.87750506455365
191.78665047884,152.21407690152452
136.04207897186,194.89703088604682
137.27689170837,197.10384316548743
141.51687240601,132.83017950069376
131.61024451256,157.5328290887529
129.99753594398,147.59844510435025
128.52184581757,135.73408789362736
134.07481741905,128.60278841866716
118.56156563759,125.57052284908589
125.41130757332,125.38134532197559
128.43646144867,119.94748036227193
128.03489398956,119.91306322711227
118.76760339737,118.34856697943268
125.07256007195001,137.25067630744954
110.95417499542,130.52225699758935
102.15340590477,121.95139954638921
119.60700774193,115.90075750593911
105.60819411278,116.42854836518269
114.21403217316,125.24571832792797
122.24542331695999,132.25070244256787
104.44140672684,111.26220090036144
107.98955702782,106.28132497043181
101.02970528603,105.59912603954976
113.93876719475,105.87216572360575
84.921350955963,102.62773691046141
103.79468202591,99.68782193526458
96.019110441208,101.50418107622437
93.804251194,100.13707499038638
78.432054519653,97.87409917430621
80.503443956375,111.21478925911333
84.48012137413,92.06737824661585
94.596728682518,97.98629344908258
92.706563711166,97.61580642219657
66.013157486916,76.48043243263642
63.038673043251,73.19907984535625
76.896531939507,70.91429533452698
71.797673583031,71.84298915849574
56.226854324341,68.2190784894105
61.884196043015,66.23298616041946
62.556568026543,62.46364068698154
56.313352584839,50.59659794742689
55.725631952286,49.08767478725929
47.015446543694,49.66306134947682
59.000608205795,49.82372640850008
73.392964422703,50.54871081977873
67.267062485218,50.428284889394945
73.486007452011,52.2065573329892
72.168588757515,53.161061033568245
60.876262485981,53.94143217825232
56.167425811291,50.93181518388487
47.412139296532,52.06588513098136
51.068151116371,53.96882303878733
56.251174509525,51.852202412271176
50.288429945707,54.33903138992211
53.327837049961,48.5497274047568
49.336705565453,60.05844333414055
54.38909637928,63.503794347866446
51.244865596294,60.66612086895628
52.687743186951,58.42557375333831
55.690549015999,53.651336426186035
54.752294123173,54.8183260992779
55.839777201414,51.96949681086838
54.341462910175,56.002261569497335
58.118516564369,50.888254931828236
56.3724193573,54.32963211571163
58.16501390934,52.177285858295846
58.308121502399,51.247140257106956
59.197885453701,53.88998324724487
60.110164523125,53.61257904563427
62.466943502426,54.27951425647633
65.357016116381,53.551277590663815
68.124761760235,54.00080553825631
68.108427166939,54.23614269840088
67.210143744946,55.31615080061374
61.41083705425301,55.73579644752536
60.385151386261,55.00588872219725
64.45235490799,55.17187760883943
58.32048112154,58.84460463448699
57.221749067307,60.26883206902108
57.48839533329,61.685237215818944
61.179008960724,58.191344579350584
56.449175238609,59.43231015257812
64.106589198112,58.67629013095413
62.091725707054,57.907847547456626
59.755076289177,58.412692794630026
61.092397689819,57.75755010257478
65.845274567604,58.025987545415816
62.25857734680201,58.62872403897078
59.594232678413,58.9371785157259
61.73764586448701,59.55316466517643
62.506418347358995,58.800843623330145
63.099184930324995,59.56702468170281
54.02609372139,59.72453469075971
60.439208030701,60.5523410859414
59.483726620674,60.41893697985727
60.11231982708,60.65205095009999
57.576837182045,59.601794412134836
63.04917252063801,61.712680307930476
62.005384206772,58.42490239581835
57.1722894907,58.39955124018647
52.030059218407,58.23387255308019
55.634829282761,58.91304672030695
63.859907507896,59.40863792261445
62.27042949199701,58.58822873457245
63.27920877933501,59.44071811280299
63.350899934769004,61.760288764172046
58.966409981251,61.13471746909893
62.081045508385,58.02718125383263
58.426747560501,58.43771638875426
64.288562357426,57.375369219167716
57.269041419029,58.60806442894928
56.551759839058,59.785298136459936
62.526350855827005,59.89589251173418
63.89258021116301,60.00482248397064
61.54998190701001,59.621990036657934
61.191447868943,61.23525383981063
61.140626490116,58.8831136703777
66.151457205415,58.18003775084013
69.525388419628,58.512791523247266
64.447883829474,59.79024606605064
62.162411674857005,59.876244134099366
59.369586229324,60.43686378287458
57.582828640938,59.58446369342341
61.1415797472,59.47463308324687
67.711578965187,60.253841857083515
67.216722130775,58.59393343795671
66.833024263382,61.245380830860114
68.862962603569,63.83506230038671
62.510341167449994,64.15660252288995
59.834341645241,63.85462355428127
62.61716550588599,63.95235865953304
60.988117933272996,73.04716219328873
59.708294868469,62.20203149401326
59.525056958199,63.96322787101707
61.84405100345601,63.659141654706126
63.484671831131,64.62587764392157
66.674140274525,63.561611190239624
62.656696796417,66.80278296911257
60.533414363861,65.2245037826331
56.94121080637,66.78081548832266
58.215975821018,66.53364237728861
61.027120709418995,60.14604996959561
50.239327788353,58.64107648794466
48.791137337685,55.48087546198556
46.437331676483,55.84042880389071
57.60736644268,60.48258859056634
55.816801905632,60.61034482505773
55.593624949455,60.376377575544296
51.510520458221,58.68943958513591
54.231355905533,58.35867022554719
52.91979598999,58.321821372876336
51.576571702957,54.68743018483631
53.320686101913,52.49744320243012
52.142112255096,56.778077193506064
50.994575023651,54.83749012819874
54.118370056152,56.678894237306274
50.605792760849,57.65710563841769
51.286268234253,49.80229085646275
48.07772731781,48.81382516104942
47.641169548035,67.12015036827097
51.326153278351,48.357529560611496
49.89577960968,46.24967867258276
47.517174243927,53.30052373238674
49.098915100098,61.75751246978024
46.660978317261,43.02013400404527
49.599377155304,41.95424596668436
41.853529453278,42.041954904280146
48.403611660004,39.18788287934446
47.543267726898,52.92796204578755
45.235426902771,43.8604612074953
47.721524238586,39.67153204157804
45.978234767914,40.472767419277524
42.556215286255,41.878832813555725
43.021188735962,39.91750382437679
42.209683418274,39.188125380362266
36.457102298737,39.39239413353251
39.098768234253,39.700266406772705
42.854217886925,39.42661706487331
39.75983273983,38.16401555028884
35.514057159424,49.846797369804
36.664308309555,38.0202849299995
42.398479819298,40.39634661022184
35.660759568214,38.285343816953635
38.038226008415,39.324481707451625
39.017911434174,38.263156062509076
36.917583465576,38.82569649368459
40.296413064003,37.63446446302474
32.651569008827,37.92899713929894
34.945181131363,36.96374819461041
36.206932902336,38.08492378520267
38.091573476791,45.25767370726409
34.301952362061,36.69495209588879
35.488208770752,39.14349517781148
37.087502241135,36.53687903858857
37.759759545326,36.399343855122524
29.606044411659,40.043500085164844
32.085790395737,35.06362949965719
36.634215474129,38.19374130658203
33.958136081696,34.778778901600106
35.47721683979,34.66976763449005
30.542608261108,35.35419982707998
33.199703931808,35.62457294898875
38.405638813972,35.27615918444266
37.557950973511,36.120389137895025
34.698897719383,34.808811830586386
38.476972103119,48.48893043179488
52.888443350792,44.09124827394599
48.643261671066,47.12154020439828
54.335175037384,47.609309890737016
55.656109333038,46.7909682536735
51.070675909519,49.17711752481711
52.316300034523,51.12758141967275
57.27229398489,53.17533102181795
59.685982704163,53.3046988808208
54.622203230858,53.090464514493625
59.451986968517,54.19618132599835
52.418905735016,52.88108363235289
58.849098086357,54.474822154770486
58.558292031288,54.50551093421257
57.417878031731,54.812379747246354
57.376705408096,54.41090761055122
62.96736806631101,55.12773995939765
61.654416918755,55.89338315998494
62.930237054825,55.492676083183966
59.776183128357,55.370444014484086
60.62343615293499,56.46998941440573
63.20473229885099,55.35817288997585
62.264949500560995,56.43430927496346
62.052841186523,55.50100883488673
60.228927731514,56.04677494724242
57.682771861553,56.490692964776976
59.825727939606,56.166611292951345
62.427993714809,56.173925001083816
63.480390787125,56.567255048692964
59.063091218472,56.780018739387614
62.441257476807,54.98615112218101
63.25301539897901,55.61340829640207
62.763940572738996,56.474099485945295
52.355912566185,57.11855241944039
54.49701321125,56.903431237366895
51.994103431702,54.824933782883754
49.536953926086,56.68197536292425
53.722417712212,56.917012657515386
49.168212234974,56.32611601260197
51.242560505867,57.25253067189374
43.586651206017,55.57310955985878
44.306589186192,53.85057930715357
46.880749106407,53.859712406692786
47.276974201202,53.24928149564451
44.109703063965,53.71844008765078
44.401857316494,53.3030193425281
56.71578168869,52.660753899516166
52.203190803528,59.77413887474539
47.082808315754,58.86137179081225
47.12613761425,57.543046241666005
45.307228565216,58.426794690650304
44.63676571846,58.2708042685707
46.698998332024,57.60847534795224
45.764674067497,57.04410893472409
47.127912044525,57.380300299798144
45.149750471115,57.29474939032234
45.945200562477,57.682512897082404
47.093900322914,56.94899154687963
44.361903905869,58.882562802810305
50.591709971428,55.72873337058388
47.45452350378,59.108365704665864
45.652466773987,58.5500522198549
49.007267355919,58.86410815117376
44.283534765244,58.78515891438848
48.035502314568,56.353555334673715
43.406686723232,57.05764990030855
46.705848276615,55.457996158069164
53.234378848225,54.8086192154442
49.537592820823,54.77052594559511
50.678127735853,53.75210319471218
47.988175988197,52.895683036372446
45.431715250015,57.69589660949974
44.728709757328,58.058673046285314
37.141757577658,61.5267230955633
39.174974441528,67.68254840449114
34.590894579887,76.66355524992923
39.692103385925,80.02616031440392
36.621583104134,87.70922896051043
38.048965930939,40.516765463136906
38.308893680573,42.34606933606729
38.39433836937,41.32033326265377
39.23720574379,42.48936800853755
36.6905169487,41.678144936961324
37.955807685852,43.945859959354536
38.820548534393,41.47393363384552
39.282061576843,41.75557105550314
39.844592809677,50.59849454881645
42.14305305481,51.735396489511054
40.12233877182,46.59122619041407
38.660276412964,42.000323882258186
40.729932308197,59.81569924494503
37.523809909821,54.74324922267053
39.569234371185,43.64668650278062
38.132247924805,41.45490476983302
44.34806060791,41.08651800704454
39.767733573914,46.74048441590921
36.111089706421,41.4090713843401
33.060804367065,41.82739267166405
30.362990260124,41.09011929256666
33.598447442055,39.871948417051755
33.269553422928,39.65546220263626
35.38680434227,40.00481285691726
30.650605440140005,36.766339277151886
34.940013885498,35.9151354063675
33.185191869736,30.209147632763838
32.6669921875,35.42135718621451
33.237377524376,43.50221336400824
28.325780272484,39.09046921392963
26.493761777878,36.08535621670314
31.139018535614,35.55353159928581
27.236689686775,29.181933165159453
30.156066656113,35.38249514475727
28.827993512154,35.281489710307895
28.414147734642,35.52021701876379
28.870176076889,30.65865621243367
27.083147287369,31.22032209714947
26.539794206619,28.710138559950693
26.015669822693,31.68843759953674
24.684966683388,31.65131490879577
26.062883615494,32.09881313734342
26.174355745316,31.781525854411978
23.049024105072,31.839587643002222
25.294196367264,30.081516612430665
26.95188832283,30.636702518123162
24.41061347723,31.175572272673143
32.853143543005,29.911023261804424
27.401041805744,32.6245938724843
33.501453459263,41.1938625386087
30.359463095665,40.41044101850167
42.178371667862,43.414212400042025
41.978105783463,44.063521555598534
44.346531629562,42.86156067635811
42.944135308266,46.96189690841115
44.074708580971,46.81236668002407
41.590882778168,47.082932983550876
41.274984478951,43.445887550082745
44.378943324089,47.29410274368466
44.484362006187,47.309990217509025
46.339822888374,46.729683212480275
44.874625325203,47.131851503948106
43.905852675438,46.84285001750598
43.740307152271,47.37896220385391
50.390704751015,47.26130144009393
46.833209633827,47.410525447988356
44.324167013168,47.795654305662495
46.321513056755,47.44619656296665
45.258133888245,47.931930735556094
47.241021633148,48.42615897365712
45.332926630974,47.544798127879886
44.999347865582,47.56752929081323
46.448439240456,47.49747398339557
48.720932483673,47.131941018901344
46.924386978149,48.097281723954
45.716133654118,47.068794424788656
45.594644069672,48.93879747215235
49.083532392979,48.61663243088252
44.339095056057,48.33855928298141
46.093527913094,48.81197127529047
45.292796254158,48.5295664797264
43.965816497803,58.94471731845357
46.907606840134,60.13703583801052
44.625977993011,59.64885869667012
44.197650194168,60.39721055152664
47.538980305195,59.694334318217166
47.804576158524,59.3695363579147
48.792633771896,58.88748897905999
47.220105528831,67.3942372004177
46.661263585091,67.04271186321292
73.42019534111,66.43117192203104
81.705665647984,74.89280491649077
81.566618084908,75.55150689250111
80.059335410595,74.27884415761186
78.295451283455,74.27979196118976
76.908914148808,74.08184832480623
79.995183348656,74.10140626843102
76.230115771294,75.5556043999806
85.002430140972,65.63994303408084
93.102299571037,114.64725493024439
142.88267922401,92.54700869162147
157.92613124847,146.66242102933845
156.00645160675,149.2545572079075
172.62431955338,102.99186875689918
194.7664732933,134.76246150027035
196.10683560371,136.45680808591896
230.0665038228,190.76326209299592
238.01787851751,179.08878360636382
240.0926656276,175.40697777440172
229.86187538505,187.37369484671444
237.88552212715,220.2930453746928
244.58472460507997,222.54768630832456
246.83515942096997,228.32183808762983
256.76134502888,224.90074791260912
252.72122764586996,233.0681330684664
255.51980054379,209.6448785335067
258.91792595387,235.4230096416761
256.34458339214,215.13422824188538
252.03058671951,220.31565705732766
245.17040586472,221.80335272007176
236.57233834267,229.2966281678629
241.0575324297,222.17185905399458
214.24208080769,223.8669522122602
182.29046654701,218.55885061466336
182.56366300583,204.68344401544613
176.64327275753,192.20585803148032
187.7196726799,234.42808568033226
189.59163665771,172.96472774519268
186.0523557663,167.6422701176886
175.87939500809,167.98405584853967
172.07423996925,162.33147483851454
171.21673214436,160.99332724073238
149.96290969849,166.64108602769033
153.02349424362,166.5311322472792
151.14874076843,161.34255695778035
143.30622506142,144.8534265241496
158.94417095184,152.52830099780516
149.58223724365,151.6237427026463
145.82541537285,131.23045494506766
127.66523671150001,123.67789879637252
129.02890849113,126.81660781425427
113.53252577782,117.85186049662553
106.58701491356,116.61301157366849
116.5664498806,117.50969734566823
111.98842406273,111.2722016532086
107.28996086121,109.76239093175904
107.00729751587,102.28734690267046
111.91892075539,96.78356942557767
97.423777699471,104.87448452879673
100.67780530453,90.75002257289611
92.33650316298,89.3991428069805
114.51037836075,84.78095320764398
120.02419710159,84.1415617742204
111.26110649109,75.50200457547638
101.59974336624,81.77947299742162
88.037171363831,61.851588251864136
88.21236538887,61.18498836699191
88.858814716339,52.514153250955054
95.231532216072,51.347904757231795
90.444903969765,46.24370597742034
68.924189209938,50.59935450998896
71.802246689796,46.15113317529324
73.439967036247,49.54865700767029
80.374226987362,46.03664322544492
71.070003449917,49.3195542058563
71.920624315739,48.674461915749106
65.41643601656,58.54864665136785
58.570991933346,58.71853576537116
59.018770813942,62.15143556636281
59.930233061314,62.27553761614278
55.927521526814,56.64867211220813
56.242922127247,61.74613621597118
58.540366739035,57.18598139994127
52.117869496346,57.748779807884326
50.580610990524,55.59197384385646
47.910525798798,55.41413041126249
47.914261102676,55.16415653203186
47.845004320145,51.185761730608256
48.667155146599,51.649032024794536
43.7688139081,49.47484079439434
47.466857433319,50.01920412166
50.086837291718,45.641597759617035
48.720277309418,47.63762064021394
46.64742231369,47.41496228631612
50.153118431568,47.06185145249943
47.026740670204,46.592057909577576
46.209843277931,47.15426041466955
49.151181519032,45.75556272691403
48.125590205193,46.66932020686161
46.639539837837,47.275632714992454
50.472068071365,47.31801631477408
51.187722742558,47.596915835350075
49.201628804207,47.60059342024573
47.923382043839,47.0286302939751
48.905558004975,47.44731303599581
51.928645431995,47.77541532460324
52.419544704258,47.62894928240951
48.288832068443,47.8877314325101
45.872012063861,48.06587514420573
47.687382847071,48.03331947692097
48.952568173409,49.127285142805505
46.336534738541,49.83560883618527
46.371900141239,50.52683902160834
51.060266494751,50.59123079150009
46.949524402618,49.85381024865812
48.685906529427,49.781928080053255
48.999709963799,47.997201196915405
47.482701420784,48.91164476444274
48.514379024506,47.815044734092446
49.033258497715,47.980493928083064
45.914310872555,47.77549363097967
49.228715717793,47.974589147776726
49.615173816681,47.41203857122933
47.98330283165,47.99826344159652
47.954221189022,48.03618942606753
51.432752370834,48.04762466945564
48.695556282997,48.94867128156075
49.060801386833,48.8725776381034
47.105642020702,47.81295005742474
78.545924663544,81.04467525365601
82.23135304451,78.06605027287117
81.941464066505,75.66518937790198
77.900120079517,75.78864026574159
82.663460373878,76.15482000338228
88.198965907097,89.67349707821307
93.049065828323,94.93773728049959
100.1921646595,95.1179231134917
111.07992595434,126.3816883750322
146.09344881773,142.49405686080016
150.28309264779,152.58294134445492
153.17805242538,163.73835386865852
165.37179732323,172.91978094136073
171.24622917175,177.4687332994563
175.52271270752,155.0065047660275
193.35872209072,155.8288655263147
244.0325756073,219.83892711320425
254.80644309521,219.84636965694648
250.2857530117,229.52971745972317
251.96956682204998,218.30819378130144
258.97822356224,224.29454849771253
265.08229076862,222.9351462936683
254.74484562874002,234.59071159903112
252.53031253815,245.67266982501073
262.55318653584,246.92329007794294
254.59683322906,254.9361596309346
249.87960946560003,240.038048342162
241.50718092918,250.72049029338302
236.67835044861,247.77626121328908
223.58218729496,245.4103288190078
208.70258820057,244.83926789040595
195.77851867676,225.69993944405536
193.40292322636,223.2302942474001
204.03124034405,223.51405615286848
210.88963925838,218.54105119307448
178.504814744,194.58744242690042
193.76556551456,172.60598167545837
185.72619020939,184.17186025255978
185.46362447739,180.4557571547314
178.18136632442,175.51561754285427
177.91658389568,165.7107543688549
185.60421597958,180.28083190595427
179.38694953918,151.66750042231777
176.64628183842,167.12660281174834
156.77273011208,165.247530818274
143.52952933311,157.20251876039336
140.89278459549,165.41239759702884
135.11089992523,136.4037454032841
125.68623566628001,129.1048915746385
116.9778945446,134.2848304774115
128.15933537483,124.93915545240176
128.37926197052,117.23195792840315
112.78936004639,121.22314693732146
106.02122592926,115.02297253851505
96.456206083298,107.39977230440691
98.467524290085,104.51798155650584
105.22090470791,104.65712571626267
106.47945213318,104.1539476209531
102.99321484566,101.55904865029565
112.23186671734,110.1307521026935
94.3340280056,101.1102727966233
71.705765768886,100.4466152707137
76.246512293816,78.88239656918412
80.585289001465,75.52542363190442
66.530569553375,65.76967226098509
69.957145661116,57.12807130616388
64.197708368301,57.599123125200215
57.051216125488,61.366551852499526
64.541789591312,60.0041474970416
51.244754254818,48.69741413000113
53.588098824024,56.54052832808834
52.235854148865,52.66272998295454
50.920493602753,52.80384989478389
57.045902967453,53.39146522371156
53.558643162251,61.10381933846813
53.322958528996,56.76392157152891
54.256343781948,60.67738272428431
51.107271015644,62.63840999837199
52.017451584339,54.952182365675256
57.241922616959,53.645999405299065
53.996280014515,55.988890724732464
54.788262546062,52.472248094706835
52.097661495209,53.6742946354413
47.55357003212,51.86718600182112
53.286478757858,53.13713059698832
48.12727856636,53.62023051824372
50.862745165825,53.79838177671063
50.846475243568,53.17006864733377
52.955816864967,50.702240967792825
49.807772576809,50.97135252140345
54.255978226662,49.89885408726066
49.245667517185,52.971092121558016
48.02324783802,49.932297151474
48.020371079445,50.685423260951396
47.698501944542,50.20631421017327
51.973913490772,50.40062356121479
49.619553565979,51.22361653000925
50.780762970448,50.02708094229948
53.39330136776,51.252604677355635
47.615593075752,50.44458138250575
52.870039820671,51.7777262846256
49.153013706207,50.073910646251804
54.041889071465,51.08366249325836
50.955201387405,49.74904562430287
51.882420182228,50.93745878291308
52.490657627583,50.90710555824979
52.890260517597,50.00523233324062
51.981130123138,50.88322927642048
50.281722843647,49.80798766544948
50.431911766529,50.88088215513286
52.135689973831,50.804491917393825
53.559221446514,50.84895043003452
53.914441585541,50.97565028182638
52.029950559139,50.949104953655116
52.864290714264,50.87935171246265
50.476307749748,50.965621347100104
51.43306016922,50.49777512120939
52.272222757339,51.01914053169006
52.626607954502,51.09418106948591
51.150642096996,50.84233906488717
49.588952064514,50.98801434791815
54.523201882839,50.93109997522658
49.727670535445,51.295829702844614
49.682318240404,51.120947319396585
45.467677056789,50.677817828297066
49.106866061687,51.2159926237058
50.012176811695,51.87456508108277
49.848606109619,50.704576379007484
48.631181240082,49.92650039364747
46.504309296608,50.54991514127236
47.427065968513,50.973025068875515
48.981740951538,50.490766646484
49.576076626778,49.98354870244857
50.218615651131,49.20540395894801
51.607132554054,48.81892282560168
48.274586856365,48.02073102473077
50.093515396118,47.79287524516084
47.205363035202,47.71315256726175
49.84910595417,47.79967534110929
50.260420441628,48.0449894549627
46.479405879974,48.08288552464789
49.279372632504,47.966084733836155
51.307207584381,47.02990936391871
48.268321871758,47.926482414903134
48.578853428364,48.02935257689605
49.604038715363,48.18746755723454
55.309846162796,47.91784523661307
50.467552900314,48.16823343466672
57.035006642342,47.95472759368728
80.173356771469,75.28546022399206
85.150600492954,75.60379067041195
82.011013746262,70.99513516056314
81.953365683556,75.7271749067365
92.05587720871,88.94376614276385
94.911970615387,121.68333982349237
149.54741099477,154.313499676725
157.96350765228,136.2944644711934
170.95356559753,163.184379978555
169.86951982975,165.89848720825682
173.6462032795,173.37067278180442
167.84514796734,173.22205615161573
160.43747973442,175.47673906399905
213.54779219627,175.685944220179
223.77897548676,227.6754133321849
230.02045404911,232.00328323752265
248.12681210041,231.0939093903111
249.14651668072,236.4984930791277
263.54151201248,222.85988019245326
245.02516436577002,240.2990363906519
245.56559860705997,254.34135081548163
262.80151355267,256.2724811710638
259.39292383194,239.66258745945575
217.93459963799,230.09707155251027
218.72838413715,230.73741924127881
229.54028749466,223.88770626846537
217.9135299921,207.75453367631644
205.39244055748,189.82598099774785
185.79255533218,190.53828061529592
187.78911352158,196.4757609984641
166.85604417324,189.00900834764198
156.47458791733,191.05697955758677
141.10655140877,184.11227229197223
148.65425133705,172.14264711343083
164.31165027618,153.85386383067254
134.59946322441,146.21360000019266
132.03692221642,132.98632400840103
132.18074679375,133.91078236856623
128.22758555412,126.02550048621829
119.05411839485,135.04888836478426
129.63563489914,115.50596101483553
115.75569987297,116.99294982839675
107.0386993885,107.58627825713914
104.66591906548,105.85159358702464
101.10534477234,104.1892638165704
101.8645362854,104.17480528598115
102.7510368824,103.98469746139727
93.798454523087,122.16311099472262
94.065277099609,102.99893227522813
110.78005981445,98.83242827288089
98.337032556534,98.4122485359905
106.66618275642,106.72246720190674
87.525182247162,96.532477460547
86.446836829185,89.57769884847642
73.057058930397,96.32288273907517
71.950240015984,80.13883359389139
71.752261757851,78.181112865014
64.726820468903,70.9874037030513
64.695966005325,62.97768504792299
55.741747662425,61.818145682690506
49.003839850426,53.559930481470126
53.080125808716,49.87063845834129
40.710752367973,48.609507808364995
45.697385668755,52.281515626327284
42.295691788197,50.64611946773778
46.354181468487,46.72673773362811
49.040384948254,46.028639720550935
46.487453043461,45.01648079091864
48.344882577658,44.86396936053288
42.541669309139,44.99115309927019
52.705172419548,45.079188776980295
47.139278948307,46.73033639824429
51.473094463348,46.41522656671332
52.935120761395,45.60026821259169
50.335986733437,45.09654133061754
50.647358775139,46.277040344785874
47.828219413757,46.90870050817857
51.937165439129,47.306028911353565
51.241844058037,48.901194800489044
48.717694163322,50.70471050669809
53.480013012886,50.29781589239078
49.185387611389,49.8138540902487
49.322511911392,50.74812715765314
53.859508097172,50.41936575433208
46.696031451225,49.785843196332706
54.299187421799,50.35273118351858
52.03687620163,49.95886422351684
48.385968804359,50.370105787011546
48.15191590786,50.90750887241059
54.914240181446,49.99421826793984
58.443555355072,50.86681083045679
59.999788999557,49.66886499037235
48.470639586449,49.94090215351798
54.503370404243,50.77130570656421
52.205136835575,50.73560266561535
51.536399960518,49.9093161375735
50.361775159836,51.12035456123948
49.786954343319,51.144027392407054
50.858135104179,54.214204951693624
54.052515268326,54.90511134133165
53.693609595299,50.2857361467759
52.337014555931,52.0769668168856
51.193536400795,51.910429834884695
51.185049653053,51.285622217365564
52.283073306084,51.166720012238486
51.153891682625,52.718399305315195
50.363893032074,50.980390468599786
51.836968302727,51.374638580918415
50.268785774708,51.66410923914885
53.834887862206,51.09378950586197
50.322814702988,51.04771694732822
51.158453717828,51.6351687675668
52.058754473925,51.24934501326514
51.530547037721,51.696228761442214
50.569425389171,51.17937667368697
51.509640097618,50.95172101556475
52.628206841648,50.42155809711882
51.244581818581,51.30907103199747
54.508721351624,50.7924517041875
52.709087967873,50.74726619424901
50.638425469398,51.00441009484937
49.763106405735,50.782771352901186
49.075684428215,50.54356871256351
53.928588271141,50.63790809648702
52.792695045471,50.91848076430245
54.17667478323,51.056484604137275
55.796098232269,51.37374472758339
43.46400475502,51.414504422916174
49.44827580452,51.922877576338614
47.384434461594,51.957179867916985
48.635607361794,54.14735219127619
54.133319616318,54.460437559331176
84.01941382885,79.3870753155082
82.139489173889,77.41238560906255
82.560272932053,73.32323225082607
83.360065221786,80.99310183395576
98.165983200073,91.80890339271032
98.989572286606,89.92133482628917
97.639447331429,94.53732685265518
113.3684990406,129.279801481235
140.82757246494,147.36695137546178
146.37575569749,153.0007702941903
148.37239408493,155.09316602697507
146.09795379639,157.27345319930794
150.95177459717,164.1928999578462
166.65862500668,136.50582543760245
182.50068664551,163.13974177500182
196.78892552853,163.1338634407323
203.05165743828,199.9527713161353
190.07038891315,199.69417779290103
187.58431696892,212.21365493729976
200.99379694462,222.3917148682453
179.1627920866,229.66735485273384
176.99388575554,231.49320372095343
170.76219141483,228.76609154484672
194.55818629265,243.03541656029927
168.06413853168,242.48445876893393
180.46191096306,242.91168989527142
187.21284067631,175.32191625046121
184.41257083416,168.03060413862042
169.68814921379,165.61927695161398
171.05612158775,177.65978607216968
172.36760556698,170.52956907461072
146.69449678063,160.81786202224043
148.92564356327,160.78309573754805
138.76615941525,160.19715464102563
131.4615149498,178.68583013738183
139.4223921299,160.6110258281238
145.92550206184,153.2578616833318
141.98281598091,145.87424548185686
123.45647501945,123.56914604963058
126.45016908646,124.23909353181118
123.51060152054,125.23978242030665
124.59471273422,137.3134005125765
115.85723972321,118.15673305713342
119.91335654259,116.25586833892939
121.53432416916002,115.10797269422578
123.01072907448,147.38070415507462
123.13602972031002,118.19867619232652
125.62537312508002,118.25323093017857
113.77499055862,113.22352586292054
109.13448905945,133.86574838713432
102.45550322533,134.8878891624638
101.64888262749,111.39796364698992
101.50584626198,108.9945160819039
99.717021942139,106.04543079034697
86.586186885834,99.4722970544505
93.388132572174,95.68257537127789
115.98703336716,94.025093199869
114.02877092361,112.13273942153046
98.916353225708,92.81188415662123
101.06905865669,92.11006729010953
117.80621552467,92.17453589917595
93.880005121231,93.07524868102081
87.713372826576,104.97408344055222
82.283407330513,90.6344746591276
92.297181606293,83.38817214230721
66.16445851326,72.9785517789253
61.085027575493,88.02491917935667
68.520655274391,77.79246805519475
62.152763009071,89.30978536296448
53.747951507568,62.92757896144264
46.907161235809,52.521946884251236
45.790706932545,49.419222424153716
50.918513774872,49.32595409601533
39.547711133957,50.76145347956956
41.652452170849,49.94906530224076
41.385445713997,49.34372760794866
43.196055293083,44.7149837146979
45.986024111509,45.174857519434944
42.544814646244,44.718394687128296
48.731874704361,45.04836546194212
45.758971124887,44.6312450260967
46.489235013723,44.953731701018796
48.250097870827,45.993349711065015
45.388063341379,45.950892490369
52.585705071688,44.99781778685774
51.45840382576,45.332364202942415
48.681054502726,45.66532866692037
42.89262098074,47.68843825929177
43.521653532982,48.133614206637496
43.412620306015,49.24672669686436
45.032791823149,49.19742155542497
43.683496415615,47.64511174287551
43.594475388527,45.912079069849106
43.317742943764,46.79924793291307
44.897098481655,46.42457995528918
45.406525999308,45.04884890733292
42.616949558258,45.05615376025014
52.24164634943,45.14272740566548
49.823702216148,45.03839750158529
43.345967054367,45.05930943328098
43.483213245869,45.084959746884515
41.531756162643,46.78232337693021
43.495862513781,45.098986322429745
41.212974280119,47.36766991788631
42.343236714602,45.677640266009675
45.389868527651,46.62305290942042
46.115599483252,45.32327282198949
44.569147765636,46.32646403264146
41.534249037504,45.34369033425069
44.665520131588,44.85475085427416
44.202483087778,45.0283024698666
44.165082365274,45.02874115166915
43.953215658665,46.852127765494146
47.600407510996,45.04723493452232
47.396023213863,45.037826010496325
50.566827684641,45.077755766093155
48.408928513527,44.95944087416741
47.077995359898,47.154476240419314
48.612806290388,47.78366233521726
48.452430337667,47.732168490997445
51.435179442167,47.80863093819547
49.459883362055,46.84953776694564
48.95287579298,47.8001485024878
54.48229688406,48.12330248016762
81.501016676426,63.51276473985193
84.857077658176,76.45108551566722
87.337514340878,73.80891018669088
73.96624904871,76.84386710004672
72.151325762272,72.2196168361533
69.990485906601,84.09493455963712
74.52045416832,83.22177244192984
78.743620693684,97.04060580502042
72.082731664181,96.38308534841788
86.83785700798,103.95695840068545
119.02175450325,123.94396461024284
120.45304489136,134.09458879155403
115.05743932724,147.28725032384546
101.56724715233,142.82680474800702
114.26594948769,147.68849967330146
121.15863823891,146.69101181671593
118.33348464966,147.55422135210247
115.07053685188,156.2025113300305
108.01271891594,145.14945421697033
96.378911018372,156.1856830504082
101.98742854595,158.46683546348135
95.559734344482,157.45444291869015
114.14756774902,157.7880591831648
109.43401491642,164.58924235985876
109.83061170578,160.75760891982173
116.87028586864,159.51487136293818
87.613025903702,153.82478448264942
78.120270490646,154.79095844592132
76.11082983017,118.74737604610101
84.440823078156,111.68810449216784
71.111009120941,110.87555810814678
80.088468074799,109.91617232767881
84.679598093033,107.87018747596636
75.117535114288,109.23896970149845
64.118760108948,101.63368596394776
79.390286922455,96.1575480044255
74.452746391296,98.1003475042656
60.363143920898,95.78894730278098
62.51322650909399,71.74517503792752
64.947649478912,91.3549229637786
61.175761699677004,69.49331100289325
60.098595619202,89.94549160782785
60.008856296539,69.15035786680589
57.73822593689,69.17290390801158
60.56749916076701,63.20147665079863
62.758056640625,62.79906481542336
62.006029605865,62.787674607461454
61.351517677307,70.00041811905336
63.406206607818994,62.77405759948491
57.030183792114,62.88883904250612
55.65140748024,61.18968142374469
54.356812953949,63.16979859230651
60.486077785492,59.88968542405923
56.64833521843,62.57563885257831
59.69061422348,63.594797058162904
64.147000789642,63.54279550872073
53.276134252548,59.49445694237207
71.307336330414,62.20743555122143
57.328095674515,54.697728199601244
54.642794847488,51.673964615383106
53.351373672485,59.948378846709915
63.846771597862,54.4278174716362
63.651200294495005,54.34956630878732
56.791491746902,55.128528637163996
75.966017127037,65.24991646747004
73.285287618637,70.8486140125202
67.126678943634,55.72325603130038
78.689756631851,54.11179658237786
58.235941886902,57.08732871585258
53.405975580215,54.07686633891583
58.571389913559,56.51944695545498
60.01705789566,56.38388367295485
63.75768661498999,66.27584604109124
56.773050785065,58.6515387509653
53.356198549271,63.170899600173826
50.419695854187,62.4726184651157
46.141239404678,55.87318023573008
50.50063097477,49.89479521361024
45.949358582497,48.97287017918387
40.0280803442,52.11153120012256
44.068963527679,49.68867187914792
41.411659002304,53.02519141507031
42.074254631996,52.1626748189364
41.115818604827,54.34514187226274
45.543483495712,58.62330306678753
40.492956936359,55.9967664139432
43.655510544777,53.44800421086704
45.681494832039,51.21922836269692
47.473568856716,49.63916619164548
45.900698304176,45.600696454868796
46.411868810654,51.87590502955956
48.0246925354,50.584782450772124
48.315917432308,50.600595466538245
44.944582223892,51.60887006430531
51.622496724129,46.960013902991925
51.730596065521,47.51204179222993
51.658870279789,48.14917180584728
48.436059832573,47.99111341826192
49.363386869431,48.47289194777791
51.984838366508,48.6883203957923
52.477142453194,48.068828849441644
48.885268718004,50.12086777827599
52.396784007549,49.48261619099559
51.57833686471,51.39322670314614
51.974980115891,51.584540134556036
50.289347052574,51.64729793457393
52.02423363924,50.487706041098974
46.634493947029,51.30767496793908
51.868249326944,51.555568224539556
51.527572035789,52.644533188494655
54.204580068588,50.846293961692076
52.414822250605,51.633364705943286
54.387870311737,51.54414794713376
53.216361403465,51.38091696067844
56.304037302732,51.19856654126125
53.291474223137,51.99561362141545
54.203362524509,52.62218031474274
53.11444118619,53.574768591684105
57.434507787228,53.75504102156431
57.713935375214,53.945087055978995
54.806793749332,52.6078086738857
56.91761726141,54.049641924883694
55.012952744961,53.53691889134518
53.789404898882,54.06924873995711
54.93124294281,54.7395906172744
58.450028896332,54.37030336229628
56.199165254831,54.5103128245921
55.90568909049,54.53756842986287
55.649975836277,54.941757920284466
53.761292457581,54.942521064565845
58.133664488792,54.75353901533581
52.702881157398,54.955690456612075
53.591230273247,54.68193388855636
58.744168192148,55.018767442714754
60.437988072634006,54.829874446735005
63.60066431760799,54.87413480723555
57.969152033329,54.9339157589498
57.791424870491,54.95631422521034
62.291956275702,54.67424019889403
62.51468485593801,55.05130691867285
63.578972816466994,53.87844877728772
55.279174804688,54.85589869456702
58.354024887085,54.643486866712735
58.043890953064,55.19837787679868
62.29597654938699,57.147840724629205
58.881460040808,59.53405537846632
59.068266153336,58.01621059077876
60.63301163911801,59.7978452072394
58.175669193268,60.112088255639506
56.507663428783,60.41563711149295
60.981030732392995,58.3891582283882
63.560278773308,58.72438469131938
60.203404515982,58.93249995636568
57.299705415964,58.406869788350356
64.530223160982,59.343714768596506
61.134065836668,58.79071037143317
69.338335335255,58.58835037164386
58.167735636234,59.45154378892116
61.592558592558,58.34247754673796
60.40697234868999,58.196397995902025
61.05787181854199,58.552780734168635
59.436372101307,58.98521678609685
59.38099193573,57.8629162655529
61.746187806129,58.58918053504747
59.985062658787,58.43371795360172
61.26715320348699,58.734958986261184
62.63347470760301,59.98756047316844
59.873091578484,59.95415168608814
60.53521117567999,59.958224551848396
53.082025408745,58.97125694421926
55.131881907582,59.37638683025855
43.520097609609,58.32330839148838
47.052779316902,55.50519308583591
45.006052911282,56.319638794553256
50.744953513145,55.492974004215114
51.585824966431,53.42634724170134
47.891436696053,52.8420379030738
52.042037844658,53.09114344287304
50.628749489784,51.193657759604115
42.253288626671,50.98870540106067
49.662250339985,49.1840625563681
46.022139072418,47.788173755921704
48.5245449543,48.40692980912472
44.457895278931,48.16345797099097
47.216921567917,47.78390189375975
44.045137405396,48.09265019893588
44.328855037689,47.51801914499429
46.009403705597,48.08142959260389
45.388859510422,43.45665483653236
44.375442504883,45.18923284293556
46.725246429443,46.08026615087863
46.286315441132,45.13012155012863
46.513718605042,46.228922039150135
49.244166851044,44.89832695308415
52.100888252258,46.77334437453924
49.179373264313,46.93977678284895
53.538383483887,45.02987155595464
49.924292564392,47.71334888336591
49.732336521149,45.95193616896816
49.844923973083,45.58627422401624
48.30033493042,47.622639660819196
40.224096775055,47.15275207800035
43.202568054199,47.771782221038144
48.879893302917,49.15337821818937
45.712655067444,49.20528597109733
52.474804878235,48.205941432635214
46.096626281738,51.38260578410813
42.289871692657,48.85494744085334
44.911871910095,50.020472646046855
41.457295417786,50.04440188245047
44.231845378876,49.22528286713697
42.218341827393,48.8284016424936
48.592020988464,48.55405733762671
40.39474105835,40.199152596814976
44.614282608032,44.79719272943394
38.556109905243,47.47180496264949
40.158367395401,43.17710417610276
40.845465660095,51.01945993266211
39.2103484869,45.381250653096075
36.076084375381,42.749541105507575
39.087128281593,43.06993062120039
38.110526323318,40.232843858156144
38.915999174118,44.62131819012435
37.076231122017,41.88374116462484
34.721002817154,46.420344330107675
38.128447651863,38.909599025516656
37.058222413063,44.42314673962083
34.820089459419,39.09330403489661
37.154994130135,39.307878666858095
38.560136795044,38.490904075771496
38.855129241943,37.202354414866946
38.781649112701,38.54599908214811
35.650751590729,38.0718787624435
38.686353445053,38.55519169132904
38.801580071449,36.822930586431454
38.628538966179,38.232697976818585
35.74099624157,36.84284642692181
38.602727413177,38.12802112010511
35.41548371315,36.09745178792877
33.889527797699,36.419135830782224
38.422699570656,37.32183552832786
35.205982923508,37.689688135057345
35.580680370331,35.89032231138709
34.05045580864,37.44683489250586
34.920327425003,38.21067863496279
31.069577693939,37.49201355494075
30.527011156082,35.59931151929416
32.404524207115,35.48715613514312
32.610196590424,37.008263715354005
30.425154209136995,35.69101642307704
31.553414106369,35.577371219915634
26.672778367996,35.14462222216788
32.570917248726,33.23960948743595
29.747354269028,33.56863448884322
31.296650648117,33.101630728640906
28.455717563629,32.990172285178375
30.027078151703,32.24503165773889
30.207152605056997,32.242587725207116
26.756542205811,31.99809463571189
33.173579216003,32.07279157919634
33.855162382126,31.67814826272759
28.962801933289,31.44797953337618
27.621094942093,31.443124387708163
32.348109126091,32.11108447972605
34.92405462265,31.630846620530008
36.766640424728,32.524652760730795
31.746811170130997,33.154044188185736
35.075979590416,33.86509109860729
34.872867465019,38.21345304161759
37.321298599243,39.654313609764316
38.635529100895,44.02866136564482
40.408386111259,43.95203799796389
37.405965805054,41.661993844758705
49.174426913261,42.54010545955436
49.284767627716,43.56599388307178
48.623928546906,44.01119252724765
50.46372449398,43.622566345095386
48.348553359509,43.807441910951134
49.262694716454,44.29195824197301
46.039653122425,45.688459613254736
51.202063083649,45.00936966149086
48.552068501711,49.286806993615244
48.714894413948,49.37415024166067
50.370243310928,49.44180683168479
57.805748820305,49.44532329327453
55.01143220067,48.37414225398734
52.795745819807,47.81842680431579
52.858731806278,50.67527229562663
54.681549906731,51.0954835424347
53.197829246521,49.43319342743705
54.872010737658,51.312107864330876
52.535612523556,50.670862542124766
54.587382316589,52.19008215602697
52.531315118074,51.7546072234026
56.669974088669,51.8223191952568
53.412151098251,52.73162710706552
55.543761789799,52.691339727725115
54.209985435009,53.29118561221706
56.313387036324,54.004390122446075
51.967483282089,54.28625084118431
52.496552765369,54.014289872508414
55.585071414709,54.30093516993981
54.897599637508,54.57005980453638
55.753304839134,54.67906831144706
57.109756588936,54.16885050015139
60.345652699471,54.345206709483286
57.672449499369,54.780010676939334
55.805164396763,53.45234120354666
58.342011213303,55.324743274930086
60.90587180852901,55.165768664332376
63.38920247554799,55.67341331275378
58.26324570179,55.70577517940274
57.320015966892,56.691324422405145
58.574902296066,56.292266084897825
59.324097931385,56.27168277722299
57.475701451302,56.30032437505475
59.85937577486,56.27829907397212
60.45212167501399,57.792393507364494
58.80573284626,58.90100498045355
60.857010900974004,57.36414721325208
57.356428861618,56.981118543325316
62.234897732735,57.22591329267687
60.542368650436,57.430415022050646
59.940813541412,57.111814035586086
53.909131169319,58.1484963978147
58.544723391533,57.621679902202054
63.25708520412401,57.25953046571794
65.869698226452,57.85252018437357
58.854066848755,58.03648391965834
60.00447010994,57.02161890235288
58.987996459007,57.34546795710306
57.711648344994,57.45560534708115
50.353935241699,56.447462950231746
49.651446223259,57.8470624188566
48.862282812595,56.85334688938927
48.628925681114,56.967800697893345
48.033416032791,55.95930003993041
50.450080573559,56.5927545902311
50.319646120071,58.33114864004021
53.57479172945,58.531630329279416
43.875054240227,56.51836668059595
44.335280776024,56.86410109949566
42.347582757473,56.62434386483476
47.326924800873,56.35608299845114
42.711968898773,51.510620868088715
48.48158544302,50.91767869635583
41.140377342701,50.32785048181605
47.5363509655,50.229374352435286
42.68633300066,50.21331029373967
47.388400197029,51.52872060059332
46.77787733078,51.48234177934629
47.34013235569,53.85817800519586
48.225397229195,49.08417862564745
45.151845216751,49.192655748244455
42.86520421505,46.59345831042199
47.589266836643,47.970832196449834
46.772945046425,46.32401152554541
46.192813158035,47.7002388009749
44.709295630455,45.01722656725702
46.62611913681,47.59975273262195
45.676402032375,46.30779170570057
47.608862996101,47.277114819607036
46.370243430138,47.2161801667261
45.807720005512,47.37167927036438
44.490380883217,45.47300596969672
48.316908478737,45.35097837926161
49.621769845486,47.2774998456531
50.718450069427,46.95552420259351
48.21710062027,46.263183156548564
46.629578590393,46.625895321723085
49.293316841125,47.236644261844155
49.501237273216,46.66699922929963
45.434024095535,46.62597481893931
45.389238119125,47.37122095080599
45.522543132305,46.990393405882934
45.220825195312,46.48102706711204
46.001016378403,45.83239861529029
47.130869805813,47.76690865509422
46.862549901009,47.44551137678829
44.54703360796,47.408308779986015
47.172560811043,47.923978461253
46.373105168343,48.02526989555647
48.015780329704,46.839181240494305
52.108436584473,46.81577301136628
49.779038667679,46.78041788909417
52.910611748695,46.06894366790198
48.608464717865,46.36230827753468
52.654439032078,46.48085481346694
50.080482006073,46.62692759059025
50.553937911987,46.8378190950879
51.639016628265,46.78146866525429
53.559489309788,47.40922328816506
53.004064917564,47.23899292503229
49.686639666557,47.55759321189705
51.192782402039,46.61544412774667
52.242872033268,46.27916154735765
52.720317285508,47.40855163705551
52.917896494269,48.78269566779175
49.263090476394,50.134964792227066
47.198683515191,50.45215815539311
48.258661478758,50.59168963173044
38.895115606487,49.83802864009627
40.043291568756,49.07964432246176
38.813773036003,48.41715452585488
43.692961573601,49.07124893740833
41.694918036461,48.80190144078847
43.323352694511,50.15848382867446
47.489424467087,48.31030297490494
41.867297768593,42.967292327128284
43.243059873581,38.332232308796144
39.892711877823,38.15187924308259
41.791127681732,38.08816524254949
42.211354255676,37.81554074428984
42.173531293869,39.80080874447153
44.098829030991,40.66386011061877
42.904596328735,40.58429413353974
52.436029434204,41.496702728573
43.56675696373,41.138258743507976
41.889797210693,40.90610040783002
47.514192342758,39.01558235311028
43.545731544495,42.94018847666711
39.876955032349,37.758322467397015
40.258793830872,38.885796362208026
42.770235300064,39.25262939332866
42.363976955414,41.17937106407565
44.077964782715,39.47377972912575
42.663626194,42.72778524344586
40.333728790283,41.03590828199355
41.400175571442,45.96957869738332
38.933206558228,41.493326435222535
40.297731399536,38.092569920795285
37.243009090424,37.94426829536117
42.649497032166,41.36579336950737
42.51270866394,38.23137765595026
38.466831684113,40.96445331355022
44.598232269287,42.77030358836744
38.440278530121,41.423190379781715
39.098178863525,38.33236417872266
41.853244781494,37.1367129849706
40.849096775055,39.79051385199411
38.79083776474,41.25042372303182
37.397035598755,63.834634285056495
31.267223596573004,41.309753143438485
35.668600320816,37.00972153851704
35.818324804306,48.63981056607661
35.504639387131,37.22677495158158
38.507902383804,37.21291271370677
32.884449005127,40.70216386315709
32.322571158409,37.503066061775456
33.648816585541,38.604698501523764
35.570595502853,35.983787838022785
31.182397246360996,34.900439758171636
33.999311685562,35.95743125561168
32.202752232552,34.63294739261227
29.647746562958,35.52249370147667
30.716795444489,33.06185513360672
28.418120503426,33.0854082778245
30.541057348251,34.01123819957229
29.119256019592,34.217779908061296
28.329820990562,32.73014627466481
29.093109369278,30.919496310693102
27.427946209908,28.45233123031943
26.814918756485,30.275402306865352
26.899487495422,28.582014246793655
30.954986810684005,29.191868529724967
27.274349451065,27.540980543536318
24.859505653381,27.6991969335589
27.88299870491,29.161044205947952
28.605789661407,27.367378226374004
25.398138523102,28.281237537085335
23.623270511627,28.852594683626933
27.712661266327,29.653586116589175
25.949182510376,27.70659359993058
22.528547763824,27.240878073216436
25.471430301666,27.23953995576607
23.874311923981,27.499818597125007
29.214082121849,29.488442037904147
33.614115402102,29.736469259628933
33.22318482399,29.962912377614998
31.331507861614,31.661893785355524
31.717334270477,33.725835138960626
40.300477266312,43.02290890498484
40.287325263023,40.37560520768951
38.784640669823,42.595636947745774
39.67950129509,44.08650950379198
39.737372517586,44.307138298994765
41.768539369106,44.372529251147284
41.668585807085,45.40931324032174
43.208530724049,45.14809538825258
41.715378344059,45.371587776527434
40.746719926596,48.38728047613062
43.717644155025,46.56650809616325
41.308312118053,45.6566537178397
45.963417470455,45.08671605700392
41.390146136284,42.69488667385608
45.098923921585,42.69411832813323
42.010336339474,44.30191211342509
46.080613255501,44.14135034694834
42.967518210411,44.50858846971764
45.793563783169,44.27692558386939
41.150146365166,44.49539300310201
43.678735673428,44.028155287447596
44.676145613194,44.973231330632835
44.603829562664,44.74505906039804
44.775937914848,44.128429175307
40.646582603455,45.0083521949434
45.108837962151,44.41150963909153
41.647060513496,45.02586414311746
44.827424407005,45.09852864071697
41.632895708084,44.567912161057684
47.058217763901,45.201689709386955
46.933400630951,42.53448486893481
44.642639994621,45.098015494910335
43.299808502197,44.40524321472059
48.329405784607,45.872128919887295
42.904852986336,45.01639151792133
48.136830329895,46.80327835704764
43.148597240448,47.1390833721867
47.17738199234,47.963452464653365
46.385627865791,47.47997559421377
44.578725457191,46.699451921655466
45.788245081902,47.1888379221
45.966578364372,47.20881143910757
46.391642689705,46.5513468300848
44.134616553783,47.80939754877893
46.44931781292,47.3956265229341
47.878036260605,46.55612320652501
44.006499886513,46.925950882496714
47.267919659615,46.94227072044045
45.320360302925,45.95806464201946
45.946254849434,45.76610012980935
45.024729609489,45.63095357563641
46.408622980118,46.97682920876626
46.870959818363,46.44679430426608
44.240415692329,46.87838770537169
45.937394857407,46.65208994563365
46.48047286272,45.45842106127118
44.922631800175,45.909543891054184
44.515954971313,45.536606159479284
47.923230171204,45.75052642603808
45.930326581001,46.555892040054886
47.357284188271,45.17531950181863
47.247703015804,45.31698974425661
46.2674472332,46.3775315171297
49.376913428307,46.456076036197125
45.815839886665,45.77479723160245
47.443156599998,46.70453693507116
45.123343884945,46.977453570170084
46.020343959332,46.65756821170147
46.033394575119,46.70974932022976
49.417527675629,47.15565316226668
48.828325033188,46.74367084136456
46.95305454731,46.92360093470046
51.791192293167,46.48320470745558
75.011429667473,59.11573291722871
79.798932433128,75.28042429831046
80.054675042629,76.86185693711126
81.167600274086,65.19782737987885
83.869943976402,63.96225871573462
82.343565583229,69.65377150951072
92.235585808754,82.27088866784715
95.959207773209,95.02635119353575
93.007606267929,93.88274611459374
93.386778831482,95.71595667224211
108.86790597439,124.33343264310766
115.46430557966,126.73247107596819
137.57865589857,134.75835166496051
195.15464353561,158.7261848591265
200.87589025497,158.88722355252006
201.49833679199,159.2463827845093
216.23750329018,157.4598016024308
252.28247529268,128.50861084270315
257.45510041714,160.34520723738055
251.33609967679,163.20449957145416
257.24998958409,221.68434683607273
249.03164049983002,224.45455925435294
246.45928663015002,224.66499678482384
252.87746155262,236.82529663522803
231.51058351994,251.13119304276316
208.19591975212,242.91156242140374
212.93295693398,250.09749083607016
203.06914293766,239.5623311010281
202.8328653574,221.0945080028325
206.0456212759,220.57870495873732
192.70800614357,184.90595211956295
180.38000524044,189.3034121507343
178.8750847578,167.86291257902172
162.56584429741,164.15073350700442
162.73646426201,162.80374435110474
152.73258414865,156.76453406191058
161.84288358688,158.8201614255556
155.59226828814,200.60652785661472
154.47832679749,153.2006109019321
125.52867960930001,147.4026616146186
141.84268164635,137.54655110442715
140.44574570656,137.37667031001868
127.31253790854998,136.21311002414097
130.61535787582,132.6184544962687
127.66768336295999,129.42400517017037
117.25583076477,127.85935002779259
120.34775924683,117.95949264422912
121.88692283629999,132.47004045531807
125.12186527252,118.71738592887242
124.58742737770001,118.3549161508733
110.65946435928,118.08601305626698
111.5813741684,117.63825150410815
101.41855978966,111.8442028001835
95.839577913284,103.3585157990151
97.601258039474,104.82358929422323
98.532569408417,104.17609720179333
88.378456115723,94.73357616172403
100.4191069603,95.46035543610763
89.198041439056,94.99588966554552
103.5945763588,98.77838167408169
86.396891832352,99.88069234814022
80.659065723419,92.20007048264888
78.894330859184,93.07970264858803
87.275827050209,84.07711480521316
74.312190890312,77.10361732896102
65.009153366089,67.13652408045031
62.014170646667,68.01139279231971
48.896939754486,63.03766184540353
51.387144088745,61.4712897007236
50.046267360449,54.80092634864434
55.076716423035,48.92702813329888
48.609908044338,49.37642676486549
50.375326097012,51.647082362279235
53.737552583218,51.576085206799455
49.583070397377,54.74774114814678
48.620627999306,53.44516526359546
46.688291192055,53.8888057434202
47.873005151749,51.7685372200673
48.704656720161,52.42070248821762
47.580203413963,50.318255454012935
50.48223555088,53.61813187169305
50.30567869544,51.49088156099942
53.527182102203,48.672020971986456
49.241326868534,47.70885883128811
49.995500802994,47.90163722155342
48.685057282448,47.79443081798274
53.93166577816,47.83618583316835
51.244713246822,47.87134295272181
49.005127847195,49.42811512900695
49.43508207798,50.41110643352297
47.771935164928,50.672274926529745
45.618946552277,49.635068680708876
45.480991661549,49.952780891030926
45.293573200703,49.946180875302794
46.68977200985,47.738137051047595
49.171703726053,47.77898566715425
48.069496572018,47.981389252512976
45.902811080217,49.966221669481335
46.041786402464,46.930338454406304
48.625790834427,47.412116795480294
46.295730352402,47.65931131048491
51.468332946301,47.74088564490199
49.266464054585,47.77267798913761
49.589628398418,47.49954214359149
44.607625961304,47.69443983443631
50.25677549839,47.49219851404261
48.936829835176,46.71856537565017
50.407116681337,47.35615851327235
51.247252583504,47.01249200482195
52.133775770664,47.48582591234399
51.925774395466,47.67426883858971
54.259779214859,47.73868712174372
51.706535756588,46.82467385854993
55.929218351841,47.78234649455031
51.490664899349,47.77070605710477
51.904740542173,48.06757396018925
53.583091259003,47.812417679587135
46.9437058568,49.57737865290484
53.822395533323,49.84596525804945
54.763277828693,50.28190770032185
52.297516047955,50.858497130581945
51.545522361994,50.34547111775729
50.651089996099,50.48856738803033
50.659434050322,52.18711913061699
52.082052052021,49.74894980344823
52.348049104214,52.537773430995706
51.588613271713,52.126454382367726
51.275477945805,51.36949919415715
55.236999332905,50.92765460566278
49.080527693033,50.43500447126515
50.569326728582,50.82054220993285
48.363125517964,49.87928725667976
54.716720238328,49.60818122977494
54.315796792507,50.32759480327467
52.33852738142,51.05311984980367
52.872681468725,51.367584526528645
53.961464047432,51.90681113159124
57.366505146027,55.35870066422601
54.27956622839,53.37922883840932
50.526557683945,54.70902128411415
57.038777709007,52.50269058289753
61.602473497391,54.913367672294164
86.716007828712,83.12505590859729
84.831758379936,83.76670760200918
86.592167675495,88.45179311716609
101.12115114927,88.89047171803452
92.691328048706,84.10095128417022
94.455730080605,97.5481762075816
97.693537712097,124.46727718702404
104.95267546177,127.49609791036593
147.71450281143,150.94384535189366
152.61935180426,169.55854342330485
164.61802017689,172.05960832627179
160.99661660194,167.88264598661723
163.36875343323,177.17047637814042
178.16020274162,166.73774037730917
182.82399368286,178.46733806151383
192.11348068714,208.1618872000713
191.07393944263,223.97177206913062
176.82489550114,228.85660831710248
174.4386523962,226.9996887489559
169.54932105541,226.00296552263572
173.96447920799,187.47970846018262
152.84920322895,189.90231001951915
162.501542449,197.68605043352525
186.7883862257,173.23114714471527
163.58591985703,179.58729327178568
141.32631790638,152.7603623942272
139.99548316002,157.84433711662624
146.50423622131,152.54238655740338
144.51345181465,149.09965364781948
138.38524281979,131.27521760828142
142.3215880394,125.19305153777411
141.62495756149,124.67387212680572
142.0570936203,131.30843021699306
135.29681181908,127.16361231976883
135.326867342,119.34046815526241
132.7261838913,124.83320581242366
128.84487533569,125.144189723011
126.07998561858999,124.98488164385704
124.29896426201,133.20916570155543
113.45006203651,117.56357289484907
114.08062291145,119.11269899683487
106.24079489708,118.78733410366056
110.30577421188,119.17198848299658
95.887381076813,116.24862910666258
97.664574384689,117.39284534481145
91.990672826767,111.29980887716007
96.584581136703,114.3831018848302
102.48422670364,111.38751563877193
94.496883630753,105.21721072737502
93.54036450386,107.88570247121017
89.025990962982,98.15202095861117
102.9149620533,98.11966822763918
100.53078508377,94.90426090442797
89.024772167206,94.72450857045644
98.818081140518,94.09575052411687
96.445558071136,92.534843865302
88.48743391037,94.17137300932352
94.42435002327,93.60368612577648
77.851071596146,92.42259842595311
100.02642130852,92.75038141102209
81.386022567749,89.4999243795048
80.123002767563,89.7906546714982
77.469289898872,65.15690945887414
77.308861255646,69.27272886631893
71.046647310257,67.4356023456265
57.655539274216,60.991561706192755
57.697811126709,61.45580445257439
57.950690507889,52.37456402350358
47.409616231918,48.735429333380196
47.942750692368,51.57932177972679
47.395384192467,49.58031215231051
46.338927984238,49.3446068675986
46.265203118324,49.188405996530754
43.927335381508,52.45103653622539
45.614937484264,51.33688447926975
42.524938106537,52.6010936599552
42.101412057877,52.21040909042002
40.959419369698,52.30400547525372
41.140389144421,51.44321355091517
42.456491947174,52.16179122755417
43.895813941956,51.516393735756274
42.44965583086,51.176961495763365
46.521451234818,50.97739635386313
44.656147480011,50.422573091541636
45.742924451828,50.47542348790629
44.41479331255,50.1460879539708
44.253485620022,50.474558835372775
42.709447383881,45.19604938945206
41.421642363071,45.01451116973281
43.590480923653,46.63194730396937
42.024221211672,45.08575992299014
41.914450436831,45.0894873485224
45.633816480637,45.03412363028908
42.097011744976,45.008045087006266
44.246165394783,44.973618420081706
45.841555476189,44.655554333878136
41.839845746756,44.98582136643409
43.602891087532,45.265756404891896
46.352805972099,45.91140549515506
44.811025470495,45.01388992421776
44.786339491606,45.03662740498527
45.274396538734,44.57421456293881
41.517109572887,44.97601512146319
42.74768447876,45.07488353470888
42.086122691631,44.74230361696766
42.211992025375,45.06148291808533
43.210531234741,44.777254237707076
43.769834250212,44.713192053376225
42.690967381001,46.19064869886072
45.200988084078,45.06400453365293
41.317386478186,45.04219081148916
46.98875939846,45.117129602211726
43.021592438221,44.788388135093086
48.870482981205,45.045190132794026
46.69382828474,45.010117626017184
43.863234370947,44.73825983652508
48.030900895596,45.03054080230248
45.561016440392,45.070079553551096
44.511748552322,44.897621570658195
45.038690567017,46.471554014690064
42.812310516834,45.03219465188264
48.76351505518,46.67048418820419
44.100251197815,46.60370614551548
46.174938797951,44.982961065458866
45.325243473053,46.76185525104917
44.730156183243,45.225401409408214
40.883573889732,45.18418991220324
44.115994095802,45.247893875832524
45.391220152378,45.88647629559758
42.864333987236,45.18793255039101
45.513412475586,48.29082190488701
45.232861995697,45.17828168601644
46.164522647858,45.055293218211496
43.963761091232,46.776997843691944
45.820041179657,45.06767757129401
41.803165435791,45.01812638555663
45.831307828426,45.01232227496358
43.022868037224,44.97089519341431
45.162639498711,45.079203881775506
43.309737205505,45.10511868005322
47.50541806221,44.875686070559915
44.141040563583,45.11500077537948
49.858495175838,45.264794657450786
50.493516683578,46.84405588824812
52.557211577892,45.19785510978141
52.190059959888,45.05661248438256
46.403900504112,45.2233866905384
53.325562596321,47.34994456348818
53.353283334523,47.69206338387419
50.098966810852,48.074076160213025
49.592746205628,50.91102715577614
47.857901144773,50.73254087987615
56.66711115092,51.29447370412272
83.426878511906,76.94444886472866
89.226651728153,80.92579609715153
84.498365402222,99.1823060008808
86.88928103447,90.49245454683013
84.567911148071,94.96453628468295
72.908440113068,87.00096105173304
85.609400510788,109.4722652345062
79.162455260754,117.03076903666313
84.486044049263,101.04293204971972
96.751974582672,105.94277914400973
94.706955552101,145.46476760205954
136.71060933173,158.0632476522765
130.72883307934,158.83038508468414
144.35316193104,162.6612703819387
148.0278223753,163.8643020573393
158.49588286877,164.80216355842958
163.72251117229,169.01231058609818
168.45042085648,165.63773703589973
183.9969381094,155.7084129194447
194.40771186352,166.055570931477
208.96622443199,163.96764135712556
239.37064325809,186.1849579390984
217.30517470837,148.72548793749604
190.36100924015,187.05220908274276
190.21621072292,194.3967270330809
194.57873249054,193.9825399796819
199.08248209953,192.94700067871534
184.58201265335,203.3886010363368
180.27600002289,194.0269962693434
194.50713086128,201.05919624644832
174.51806783676,152.99977800304552
154.25027084351,167.1127003803635
179.98424696922,150.58190619289877
172.11551713943,150.85685273510083
156.21899080276,148.63349503596805
142.71865427494,160.1887175179099
131.53607106209,126.67053237197487
138.98756957054,146.42293170132203
135.04601097107,144.92541429695794
138.51669192314,146.8961482422918
135.23464918137,127.30796687460126
128.35956096649,140.70965526538123
131.1903488636,127.22899574606558
124.35146427154999,122.21009492828954
125.86274981498998,132.36370073395702
122.2961025238,120.52366081828505
130.16122436523,119.37463761246177
132.32860040665,118.47052337509577
127.46852946281,124.81886480147813
119.84960818291,117.12824228472529
125.16930413245998,116.81053518837635
121.00647163391,116.53612779336424
110.77633523941,114.8793272700144
114.63617777824,131.39047454954925
102.96525788307,110.50660347633625
93.700342655182,109.14252652679785
92.573243379593,108.59295106752226
83.190185070038,108.9434697590782
87.60010266304,107.29820902314944
81.271225690842,106.96867210375046
91.931934833527,99.90145793801075
86.128111600876,98.89907739188197
82.341503143311,97.4970459769997
86.851209640503,97.4528155107559
86.997524261475,92.24132220085585
91.512608528137,89.46016576754636
92.732625961304,76.62813684158724
83.690192818642,78.33678871741132
80.909272432327,77.50113555325566
83.791177868843,73.61633969249174
80.921551704407,72.41682350518185
67.475302577019,68.01931526759265
63.556540489197,68.26115739377128
60.916744589806,72.65091293468126
62.803543806076,68.46553972948968
55.457515716553,60.185429570145196
51.913563966751,48.77364195372935
48.782996863127,48.97910901939745
47.721276402473,48.36625581305005
43.098489701748,52.15639440005708
43.822644352913,48.975618751547366
43.110375761986,50.688171066668126
42.880158483982,49.666834480567154
45.352042734623,49.780726995519885
47.003228753805,48.37020555388915
46.270345270634,44.63091101224955
43.597743183374,45.048666200492015
48.809976696968,44.997114322500906
42.665104210377,44.81101212417884
45.270010352135,44.7219792281301
44.040237128735,44.99258407269758
45.061082720757,45.02245344008304
42.106028199196,46.5795832526546
46.585582911968,44.99043675117957
46.108574569225,45.86010497379639
43.923101425171,45.00886872371857
48.107322335243,46.55210009027389
47.722978770733,45.02893931846702
47.725425839424,45.034913536206695
46.663055479527,45.04006136973775
51.182126164436,46.23001769247641
44.000226169825,45.05841669415803
48.454832553864,46.292662441292556
47.826089382172,45.53608493865061
43.981669515371,45.04674352647314
45.040092110634,46.52969789000344
41.589857339859,46.53702886788496
48.160956263542,48.23178135463707
43.093669772148,46.910801389158046
46.036806941032,47.04829484019337
46.441950082779,46.73550095085034
43.473854243755,47.416150702277235
46.080054402351,46.704702279131354
44.088771939278,47.40421408837555
47.467381536961,46.71218493194685
45.228632926941,46.77293811289305
44.800572156906,45.434605266405825
46.630221247673,46.960360629984464
46.47588133812,46.63486111449032
48.629824519157,45.82852568957317
47.334266901016,45.63424548441728
46.994626641273,45.172280101319814
43.952737390995,45.06670048646479
46.927158117294,46.53242697778738
45.915387153625,45.47010346130383
45.386567592621,45.67530590304684
45.655516266823,46.40911152558609
47.01378262043,46.27363285235638
47.231217503548,45.34031478981177
47.125011324883,46.60686603140819
42.756451845169,45.45440318949557
48.69908541441,46.60243942413246
41.858197450638,46.693244598238024
47.210060596466,46.86763650681621
46.534154415131,46.618995840542844
45.045894145966,46.71598510461915
48.377444386482,46.67439003324892
45.316118359566,46.66676891986308
44.407027006149,46.82999113732451
44.136864125729,46.9510683045903
47.844592094421,46.89001061239639
44.444436132908,46.44411194611074
47.057677149773,46.5507109485108
42.223428487778,46.772214946584526
48.324453949928,46.84078384988945
49.619006991386,46.681656612029336
50.717446327209,46.660893756573955
44.864380955696,46.012595082247714
49.26592373848,45.27856694181467
47.76978635788,46.59299614893441
43.703612744808,45.592124028981736
51.399190306664,46.566138397674585
51.034093976021,46.93433536902971
47.265167236328,46.9511537254642
43.322838783264,47.09606431386157
47.285640239716,46.74611508061532
49.335334777832,47.27768165480962
48.735739350319,46.71298805660242
45.314759016037,47.413666550778025
47.00460255146,47.63137547501957
48.267443239689,47.80902160443843
52.378487288952,47.35892308041527
51.375779546797,46.67663648730003
49.327617943287,47.29085175331741
53.940421767533,47.09874316678922
52.313362129033,47.15683814640281
55.601235538721,47.20209396308531
54.606150627136,47.321927085298626
53.672769069672,47.98090825650418
53.138133406639,48.04520225844843
52.051184535027,47.990075194572995
52.815101563931,52.423947723662295
80.716300964355,70.77293806015544
84.494734048843,80.30371375939102
85.119530439377,86.55796107595899
85.663379192352,88.3211773644549
87.775562524796,82.9269505729824
87.727273225784,83.82226257018992
89.816733181477,80.97671996579875
88.642327189445,83.14611697259889
89.353382110596,77.53429025061119
90.4567720294,77.40558229580779
102.83630025387,91.82681376007656
100.28774189949,100.23804856300193
99.568203091621,119.79387136226656
103.25938856602,124.70079030836094
120.81604135035998,139.74191505923525
170.47811675072,151.32098234259024
167.67698168755,152.82114798462274
156.78602027893,161.26789347586086
155.24445056915,166.77771088387246
180.0166258812,172.53434464845097
197.41689765453,172.41011135628403
201.16454124451,171.22714843316405
191.93655443192,168.80269458260915
200.87631356716,171.89267590833654
195.34264528751,169.16297407033503
212.34902691841,168.07845692956158
212.49519693851,209.10836977761895
207.61415052414,211.83171739434565
201.68691813946,212.31453104008193
212.03488194942,211.1462049155836
217.96644937992,213.00559336475297
226.28702557087,227.2334096486533
236.23280787468,225.803881243353
230.98128819466,230.55976123835958
220.58042943478,222.38595100622678
219.64145636559,235.57836915339777
216.69576370716,211.068781268387
202.71629667282,228.0763604635772
203.84250891209,227.5782154337612
208.79642856121,222.90164447877518
210.19571590424,222.2227158518395
208.99473714828,206.53309216710304
192.44573199749,200.14795268757845
191.58148419857,200.39593040244804
196.74532985687,192.18376973920948
196.12874436378,174.27250645883555
189.45175755024,174.73792106730806
177.09374690056,188.78912985415758
191.17050433159,178.12646448052925
181.03363025188,178.27473986341417
180.96770870686,174.67729864979003
194.33378124237,172.83086487741167
173.97177267075,176.27630733174277
170.57083320618,169.48669151334298
160.33664774895,168.63496753667104
171.08972084522,169.70559078634665
155.92663359642,169.79417463107535
158.07694232464,167.67493972063875
168.36529064178,158.44437026291862
165.37072491646,163.72199608518227
162.8437114954,157.25682299768891
148.61980652809,152.71062427954445
155.29470133781,150.73875834190864
143.94801616669,142.45621750570524
145.02688884735,150.25866190788042
144.30660510063,136.33396342695056
155.00461864471,145.70757279902344
115.8309109211,134.51077896014692
119.84778404236,132.40990060967195
111.32045412064,132.1279909313509
119.0204603672,128.36520887258948
122.55458521843002,126.29530349841794
128.59987473488,126.07844257054452
111.23301267624,127.0598401081358
106.57012248039,125.2353595811855
105.7315454483,125.1866847548672
97.942035675049,117.69285964543852
97.616851091385,118.76449313599987
106.42167186737,113.77009284766487
98.203287363052,114.43772385557409
94.162855625153,96.71441759376891
93.250928640366,102.31054379511183
90.17778134346,100.86191162078619
85.375401258469,99.04411219901753
90.5378241539,96.48175003760916
84.849554300308,101.95052738763562
82.710093259811,92.67508853808326
99.970169305801,101.94107064055055
87.899682760239,100.03189106424155
75.714229345322,97.38723849072612
75.85081577301,93.48391211310607
70.51170539856,90.6991859724589
66.045966863632,79.66107316566374
60.285265684128,73.16423028545059
68.580345511436,73.13766247252751
67.029701352119,72.2183984420899
72.195606708527,49.19650519350714
57.602855920792,48.87330292318476
55.760212182999,48.95607524952179
56.780911445618,48.67030430514694
56.16712397337,47.029253002479926
59.983981236815,47.302312921926514
55.995629429817,50.01590538814958
62.29694384336499,53.91544270834254
48.044375658035,46.356762965171626
51.862735509872,46.43346213927183
54.876239657402,46.61883453358285
45.167377084494,46.41383004898142
48.29809820652,52.65049039194013
44.037692427635,58.711576069287275
51.666759252548,50.2693220795377
49.544923901558,53.90078808055525
54.800187200308,50.333471063754544
49.685110419989,51.42348330555748
54.5553201437,50.87438998823599
46.312894761562,50.442226642204325
51.114536464214,49.14527084994841
48.821910142899,48.97837559546024
48.079432547092,49.123144674340764
47.736296355724,47.813979448844854
47.783277273178,47.754974558054485
47.561739802361,49.862273465141826
46.231530547142,47.80213536418803
47.975950241089,50.23734198867152
46.862646818161,47.9052428092382
46.065105676651,47.66578412568923
53.07075047493,50.199918408139226
48.567409873009,49.38764574555533
46.372253537178,49.453627155385384
46.394487857819,49.429596028739134
49.503921508789,47.80529443797488
45.021964609623,47.420936445841896
49.801243007183,47.83422481668033
45.021910309792,47.48558613259832
52.168045222759,47.106540554687655
46.884437441826,47.29941485365493
49.079939007759,47.374327965655894
45.190810501575,47.3507239969096
49.307762205601,47.75362985636297
45.056468844414,47.109481790881674
49.661969304085,47.298928715051744
45.891866564751,47.60099262141564
49.379416823387,46.879296377841975
48.306143343449,47.63278106733707
45.618460893631,46.89629262252767
53.657842874527,47.725985053944434
50.848609805107,47.718101186551664
50.6609364748,46.88881817495567
50.013974964619,47.575341569107586
47.963318586349,47.69937201263238
53.423437833786,47.680425403169444
53.791280627251,47.62730282080083
52.41083753109,46.801536660021746
54.699119448662,49.788196026174624
51.019137501717,47.79008442832142
49.310951948166,47.80498153825032
49.388484656811,47.78914646221818
48.081963777542,47.7620938599603
48.514288663864,50.63891033885763
48.850245714188,50.59928028632156
48.623445034027,50.82588650556864
48.6972219944,50.91865286296572
47.294250965118,50.96668042446285
48.46194934845,50.89106073296928
51.057452857494,50.45572489424486
48.686124324799,50.463176277834265
49.67244553566,50.11348890085515
49.569023132324,50.43115704135792
47.930163562298,50.73838411072306
49.805126488209,50.070068508462036
50.893239974976,50.04911661083528
48.46694290638,49.758258849518356
50.687776505947,50.46721709450047
50.634789764881,49.51321125802075
49.840444624424,50.36692003804231
48.438601136208,49.713777935507174
53.597403526306,50.057161434679074
51.21920800209,50.072508525273925
48.70792222023,49.82385141292873
52.206833004951,50.13120819129743
53.608908236027,49.99768430818439
49.735531210899,50.43949998977037
53.034857213497,50.19469847953641
51.164611101151,49.84516131288888
51.228488445282,49.878053390875436
51.16254144907,49.83977999090745
50.914282083511,50.5407458449433
49.943498805165,49.908645433406726
51.009677708149,50.58228170743464
51.209766447544,49.958225974719845
48.750543750823,49.86931509035431
53.177889153361,51.02432687275447
50.480661004782,50.214749736831905
50.245699346066,50.708673813531476
55.600499868393,50.01045163375689
56.143783867359,50.66316118569021
52.511165738106,50.64127667883982
48.692370891571,50.388528919875455
51.690650999546,50.643197868322375
49.797695755959,51.25085332257825
49.484221816063,50.747004080684654
53.3915168643,52.97524228764227
47.825258970261,52.18487131389698
50.841077208519,51.26054276759433
52.331705987453,53.30738846499826
48.417567491531,53.634271502636985
52.905945897102,52.16783760420143
60.083276987076,52.35755628915239
76.034863114357,77.27611490157115
83.72678476572,82.39133990105918
85.892045736313,84.19446715449682
81.933830738068,82.42131851922095
83.988788723946,86.88366516956332
82.080240130424,79.4303995293443
83.002588868141,83.33042227973462
86.904420375824,83.18216711686007
87.610260009766,84.54950811814223
93.096180260181,100.88354065610268
97.740577578545,118.80810799968368
107.37413883209,125.36869407833497
122.45204329491001,129.41781784683178
114.54230779409,130.59998539348737
117.52633321285,130.3342924090124
143.21609032154,155.41044585955788
149.20275476575,157.53767367234602
157.4900649786,160.7429347920609
171.47370123863,163.75881229868563
169.98749601841,147.07727935231156
176.96052932739,141.8633267587981
178.07736110687,138.22681113161013
180.00118803978,150.30235027363653
212.9247456789,153.5223803656623
224.11471450329,147.2802359556888
226.95347905159,148.27521151809776
227.37261784077,191.46193895335833
233.79335081577,192.42461798287962
230.98334085941,192.56402845097986
227.1087679863,193.8701740622735
227.17675733566,196.02054060935995
237.70015406609,187.93325662278147
219.52651631832,193.04090475767052
223.95339810848,218.9124780172253
220.13258564472,216.12932123251124
236.71722614765,216.22498496687376
241.79745328426003,225.5869255578806
217.99787926674,219.70236700030773
209.96443760395,219.12084795512945
216.84315764904,216.7741533444723
213.5928645134,225.72552256607636
216.25725412369,213.0914324124857
207.12858605385,202.95402101879415
209.85395181179,200.72959924040435
202.20324659348,210.72777370969564
194.60106348991,212.92183689859695
204.49476444721,195.45908945891253
191.32700741291,183.1322748634374
192.49551463127,193.83486244472994
186.25243103504,186.90248595601696
148.91164755821,179.74882452576867
186.16300094128,174.13838009854973
175.84023201466,173.35439936400957
170.51631999016,173.41077356493008
199.66679382324,183.92322213737913
199.94726264477,170.51102826119694
163.77512431145,171.45570543667694
184.35098397732,171.34592291234398
160.3572319746,166.66413513450402
146.78370428085,167.30734370453698
164.01580154896,164.02107373961542
149.1661067009,165.10974352097145
173.6917142868,161.07480152749463
174.03779602051,162.34361122445776
149.58621788025,145.79262826753
183.16016674042,182.10261307027443
162.72115540504,149.1557844033727
149.71922802925,180.27507244258993
114.2279586792,158.8293298152424
116.22329235077,144.26632902082193
121.53543305397,140.39334625525805
115.63150930405,143.97088210577553
100.36079120636,134.8695140484095
105.37525773048,149.611686023314
98.508300065994,143.3071052868353
106.93291473389,163.99810118071494
100.39665579796,131.65118638591093
107.64453887939,117.2696915247212
99.538864135742,117.3585270035187
96.220291852951,118.93915384121226
82.846611499786,121.4903131708468
78.076048135757,103.12801360956603
88.122116327286,110.17423461744124
89.090900182724,100.40343238910953
92.995636940002,102.47890695966534
90.516233682632,97.9118942218071
96.663521528244,98.95966971098981
96.765426397324,102.24305599113342
91.53333902359,100.93019607972316
80.170776844025,111.16601978679827
79.375792980194,85.25724967714528
77.755612850189,90.23248069474903
84.941305398941,91.61579877885033
75.33526134491,88.12514127387446
69.461458802223,88.47122682890912
104.14095807076,82.15630366152551
75.588540315628,73.11703795044137
77.627660989761,71.82681933743949
62.750769376755,72.09782004720763
62.64573740959201,70.52001101552099
64.852271556854,56.751421663582434
67.081209301949,68.08837760815187
58.293923974037,58.32710082253866
68.150716423988,54.38245970812972
61.651314139366,57.780784176269165
62.956907987595,58.92846012547801
59.163959503174,53.38097989631538
48.300988197327,50.90295944956213
40.142653942108,52.14498109165411
43.854654610157,48.30447616381489
42.830671995878,50.5209404748234
44.038240432739,51.7312443131757
67.202429831028,54.68798143772498
50.262472093105,51.23070517388771
47.806613147259,49.65858348702396
52.166907310486,51.89963903109154
48.731433153152,51.57642786941852
47.638281822205,55.582552961793915
47.851833045483,51.57113854426526
51.722167372704,51.54224472691293
55.83135342598,49.849922178427356
64.030647099018,50.39061627334937
57.026112020016,50.78179763155031
51.779400587082,51.306233019064976
48.164553582668,54.967760056302986
56.644245743752,57.02376335441268
48.914215087891,58.22163501572744
56.27038705349,56.80973749015355
58.782478094101,57.12536048953792
51.160608530045,52.082174820923804
53.926437497139,50.16109070615119
55.2391051054,57.71769732099754
62.403876900673005,56.67763303778729
63.86537730693801,57.77879117920304
70.643366754055,54.575870462029116
62.979714393616,54.36831906198806
68.31885266304,55.999905380570574
59.661042511463,57.12635516347769
60.233649134636,60.035773825206164
66.301949799061,59.37583320311157
59.310725212097,62.617275915200395
65.966991245747,60.94370456527203
66.422164797783,62.64733481231201
62.92536795139299,59.64829211192763
58.68115067482,61.035853787865214
69.811654269695,59.03716475085054
71.213215112686,62.766370530306304
69.061203479767,62.866876907484794
61.699763119221,63.108732039455475
61.414607048035,61.19799863523091
67.26509308815,61.49668209995165
65.412830114365,61.32113630501397
66.190349459648,63.4079289607283
67.755516350269,62.06603531965383
70.857312381268,61.71452856536137
59.995661020279,61.070345991090534
64.771144449711,61.42092413491014
67.919427752495,62.37270806494079
67.020352602005,61.656417620151934
59.57883143425,62.2041616240633
61.43878597021099,62.07413977155599
65.302071273327,59.10470594474728
66.598852872849,62.13447580404761
68.973070859909,62.20421151332443
68.923768818378,63.21475997041332
67.40829539299,59.73943347641694
69.768952250481,62.630439550070854
64.721878647804,62.91389880580761
68.268077552319,59.6705453294952
60.68503504991501,61.1414261806803
69.501691102982,62.5147399156018
67.691605605185,62.55210395109627
66.544306635857,62.9897375480161
66.009247139096,62.91108440341513
71.318364098668,62.667743828056906
66.144999630749,64.4208380672116
58.974361740053,63.95515679209773
63.661466469988,64.82216073379094
61.261767268180996,64.0137175852873
67.067902088165,65.25112410166831
72.941118478775,64.92565385994585
70.884791374207,64.39887052249202
68.049760818481,65.48053762795658
68.788064479828,64.42572381034306
62.74460208415999,64.78467583759524
62.346362948418005,62.29785695987999
61.430860638618,63.391584864264914
74.394474983215,64.47002143803034
66.992680191994,67.37552551482142
63.46181309223199,63.81530899868068
60.660861849785,64.4855720476354
63.96478247642501,64.34588418240249
62.505008459091,63.61549052604029
48.922518014908,62.0164105778769
60.336096286774,62.57886037629757
50.578326433897,70.00121038541725
54.901960372925,58.18833652579973
49.13191485405,57.607814757223714
55.611261844635,55.708435071165646
55.586505651474,55.81627803202386
64.330049037933,66.62379717524455
59.797748327255,52.93992182478613
60.84513640403699,54.59083099836448
65.792469978333,51.277348896333045
57.615902543068,51.13822225819228
61.058377623558,52.579946122896715
56.358564853668,51.54084496828307
61.22541975974999,50.8871643258581
59.191941261292,53.295340168699674
56.364678859711,50.88770234934924
56.962445259094,57.899733251569785
53.94579911232,54.122825748299675
52.379709005356,52.742473875178966
52.860698461533,63.88821309301555
48.383625507355,54.239060615156
51.897779464722,59.801686614444826
55.907299518585,59.82235527546808
51.740640163422,54.33046067080588
49.126747131348,54.89169904468647
47.230042457581,54.01466153629245
46.465363025665,55.154803643197695
47.740398406982,50.63279918078271
49.407329559326,54.413473569018834
43.690632820129,53.124269948607434
41.880863666534,49.07255823262369
44.232378005981,49.00653887494462
44.918878555298,53.33366808738362
40.006660938263,49.819315084568096
49.156961917877,54.444206859282964
43.404911518097,50.64349082118175
47.292098045349,48.9994945844893
44.070645332336,48.89184764734401
47.080404281616,49.43309897907231
48.951285362244,45.62105318279257
44.857998371124,42.969252168175124
44.456792831421,45.719247913414954
43.04487991333,43.869591003546084
41.310528755188,40.299548978402726
41.295692920685,43.458022408924
44.926539421082,49.78567016165178
41.106467008591,43.43945103531317
43.792061924934,42.990405622077255
39.058374404907,40.325503488718375
38.478486776352,40.53954621301187
41.665220737457,42.64425842747613
37.834693193436,40.155863264815146
34.668951034546,48.809088598090135
31.39845252037,40.457182555631555
35.564713478088,38.35168436148696
30.090393662453,38.13574696506349
32.439320087433,39.641551978889865
29.054969549179,37.855039204358114
33.297252058983,36.851834581074286
31.016627192497005,36.352587332396496
32.881026387215,36.46702702156762
27.586799740791,34.19370419297467
33.054330229759,33.63674418755736
30.426546096802,35.53788133835514
30.606590867043,32.17938264098154
28.070893645287,32.064518572239145
29.034101486206,31.927258009661394
28.491117358208,31.91263009562237
28.320911049843,31.91570421309385
30.74053812027,31.81997407904262
26.171630978584,31.935121042707255
30.027520656586,32.02541450830424
31.630598545074,32.26665198591017
26.652782201767,31.397026363784164
30.652121543884004,30.30889864142739
29.910845637321,31.48939684639697
32.70733910799,31.62908764860901
47.890061199665,45.23290187639103
50.807451605797,44.17157618543962
49.079764485359,43.817511624759206
50.486480534077,50.33613612917912
53.827020555735,50.56586748003378
53.80163860321,49.204008679821065
52.487136542797,49.58939985953008
52.809540212154,49.41141991429228
54.475298881531,50.59071012243143
50.908125460148,51.32122621755984
52.066765904427,51.47795716704889
50.06343382597,51.587764105917486
50.89964723587,51.68957558270944
54.143511354923,53.45628538072057
47.305697917938,51.03542119003616
53.75444573164,52.88673062160761
51.60723388195,53.51468575374084
53.545225024223,51.617717756572425
53.560770273209,51.80630506540358
53.370769262314,51.488936317699476
49.869157016277,54.60308836289968
56.671983838081,52.30584103640124
48.374290347099,51.93751721231909
50.446723461151,52.94218381434661
52.041388630867,53.95882883270312
55.236608028412,52.259154997604945
58.88862746954,55.57256082682025
56.03676867485,50.14679652025505
61.39850699901599,52.54571507300094
50.047978520393,53.89067792477296
63.660856544971004,55.57973994068621
57.105852484703,52.734204125108064
58.977649748325,54.52172442015537
59.317431330681,56.132063163937424
65.525377869606,52.08784931573912
64.262702584267,57.22552657805552
60.019892692566,57.93400395027305
50.506393313408,58.222540661194195
48.892642438412,56.71601160181216
52.10943120718,59.16516157527848
50.092284798622,60.57431364271471
49.852554321289,61.33791241955691
45.636812627316,61.23748835098712
46.816236495972,59.653278559027044
45.499081969261,58.99413729829128
46.169754266739,57.965845368222425
45.211802959442,51.42123099691552
45.73622584343,52.15331671411524
45.612084746361,50.905379811037164
48.672914147377,50.823819610057015
45.774642109871,49.69883644798119
44.973419308662,49.150386153553136
46.975076675415,46.81091233790377
45.987010896206,46.697742643348676
46.441792488098,46.71634869719865
48.205406665802,46.612101189954295
46.044296383858,47.530369550060165
45.709233343601,45.865776047380564
45.730274319649,47.42011135725572
46.247558772564,46.921499764064166
47.825184881687,45.82755834283818
45.586323618889,45.76929407207364
44.931422948837,45.56557041912494
49.243048071861,46.72951647075606
53.118763804436,48.48041594503681
46.115613996983,48.48962225199526
48.974228143692,48.53240355374618
51.700333356857,48.65977065936301
47.57409286499,46.9446513421755
48.626608215272,49.312618205805606
51.6767719239,47.230462193177374
48.361231036484,46.63097269834344
39.847387574613,47.04311287377389
38.881043300033,43.62732282857969
40.346829295158,44.571554784206555
41.096170425415,50.14005857967416
43.009563207626,47.01733325208191
42.074247121811,40.95170197085632
41.665359258652,38.50399827796614
38.86935043335,40.00295578402471
38.377237796783,42.86884520903276
38.831582784653,41.23465675607103
42.423698425293,42.67370357632542
36.935161590576,45.88062681953383
41.514586210251,39.30690514956492
40.47422170639,38.914952387459465
36.481302261353,39.06874343039374
41.793780326843,39.06962445598832
35.865746974945,39.28313223735411
37.782365322113,43.17740029540142
35.961765766144,39.16612420744581
38.921390533447,39.69056750581133
33.940932750702,38.41556871841007
37.933337688446,40.15765607795022
38.660834789276,39.25364778368881
38.014010429382,37.71267513701395
37.036657810211,39.90259043370476
36.657558441162,37.449698924247656
36.536525249481,39.75834805867194
38.852531909943,38.654329404880045
37.790516376495,37.67060243216515
39.0645570755,38.41511304539618
36.505706787109,38.10205873809662
35.490688323975,37.94129627380055
31.141857385635,37.002310657465905
30.666591882706005,36.401027246269905
30.733480215073,36.58562825737983
32.503974914551,37.83265635301873
32.407413482666,37.97464972649923
32.152693629265,38.31010887411279
32.061879634857,36.59030998893033
34.314329266548,34.75166898741394
32.854510426521,32.786351207923694
32.997795701027,29.542326988741987
34.133548378944,31.818372064750967
31.247494935989,32.46998245845843
29.044903635979,31.511044200294286
33.949044704437,30.42469417333328
31.678583264351,30.626728439988103
32.399705052376,30.69638036492415
31.915765047073002,33.33484480602141
28.665270090103,29.55287475353932
34.0385658741,33.09826435774316
29.32928943634,32.30814501467808
32.74472284317,31.829331393109268
29.498378753662,31.93446200150973
29.787326097488,29.83033873332756
26.866386890411,30.103405099224016
30.097036361694,31.512364598754143
29.868850946426,31.036041312766983
24.078167200089,29.130706026449634
28.424697160721,29.57051434462798
29.209048509598,31.204973897877718
27.285248756409,30.080741111746182
30.082398414612,29.42110447357103
26.940591573715,29.90202948728817
29.435923218727,30.093331901790307
30.342609047889997,28.397616682130433
28.90465927124,29.621422838834476
44.107682645321,40.20808347406357
48.203871488571,42.635490080801524
45.506267905235,41.371957740794265
45.957401633263,41.582887176350994
43.011607348919,44.82475258599687
45.959845364094,42.622068507257474
41.569540500641,48.206793902088194
46.285009384155,47.21983701436004
41.054413795471,48.51826767884365
46.778117597103,48.97894939698607
46.568202108145,48.866928346295644
46.009350657463,45.25565046095696
47.46857470274,45.26828078794472
50.026283532381,45.06819493877487
45.680047035217,44.41009854037269
42.088851600885,46.89036192672888
49.211555987597,46.12291104421739
44.235758215189,46.603504284621856
47.582123100758,47.15593585084071
44.12984123826,47.28624763208643
49.687125116587,46.61197469245269
46.110959202051,42.83876180654287
43.513191342354,45.7667392250483
51.592251956463,47.11782038996574
46.495332121849,47.06928922507693
50.560145974159,45.54928968903387
50.231046795845,46.91273137466375
50.470861077309,47.34333657126524
47.876439929008,46.5460717227035
48.671786665916,47.36434961664349
46.083085715771,47.39082070226801
50.58097922802,46.637170392859225
41.982158899307,47.1667462959893
47.744626760483,47.90977530205871
44.577103376389,47.40765327592658
43.89775800705,47.56614513210714
45.905288398266,47.574779743679095
45.775237441063,48.03150615617786
41.767450451851,48.8674189099329
45.715172529221,48.08311030710586
44.167893111706,46.684366394430945
41.303888678551,46.95592237152098
49.090228796005,46.61183927224979
47.278747856617,45.0702412675196
45.485557794571,45.064969661455194
41.909402132034,45.00327672463825
45.534175753593,44.76723170182235
48.200941979885,46.55518638842975
46.776471376419,46.6143347081394
43.483641505241,46.734023285827035
47.563610970974,46.38200383087372
50.286635935307,45.18055657274067
45.187355399132,46.46261037276624
43.735873818398,46.68428366701396
46.640670657158,46.46441431273688
44.645256638527,46.94147282379079
46.844546556473,45.205685797455665
47.978089928627,46.64461091789733
45.082500815392,46.90576276164064
45.618962883949,45.28467148913725
54.730376541615,46.86895472701756
74.616405725479,58.40475323025191
78.806995213032,72.51828179841254
80.323788106441,74.21024823941605
88.379032969475,75.36411361184992
86.157375574112,75.77941104568707
96.196979105473,108.91170841411977
124.05249035358,119.99006428448605
119.41186636686,110.83615589191272
160.00490164757,114.00112242021397
156.11567819118,147.10583881801637
155.94589114189,115.49366503880955
161.57075586915,155.0905985042123
154.16891504824,154.84531826028737
214.77844072878,182.04730761423457
200.28773128986,208.7308823287468
188.7050588131,165.51193992986992
177.35788035393,192.1995528832107
177.66614639759,156.8926672369092
170.40909039974,201.57640687218995
165.87044453621,214.97730390030023
166.79536783695,159.83574291950802
181.5906611681,158.28529030539121
169.82548451424,156.63545946703778
137.95510232449,133.3446165426237
144.31585884094,143.66927909551688
147.2646228075,132.74375879907765
143.78789973259,144.15878401733593
117.15846920013,139.62970653234518
110.11210489273,125.32340159878176
110.5081615448,124.55331719193151
108.21201372147,127.4765448474292
113.37655806541,117.5888946064448
111.94246864319,117.20294182691217
111.79876708984,116.95574029162486
105.87895679474,119.24144682408121
103.61009502411,116.13352648389245
104.17348194122,113.66035667009542
109.80161118507,118.2678847752908
103.02891492844,116.53569757849496
107.18069219589,118.00016448132573
107.23127746582,117.60389364239882
102.59662914276,113.841030578423
96.280642032623,116.52560230083857
95.23801279068,120.59334366239986
94.106640338898,120.84294965581337
95.515226840973,118.08423220630335
93.819959640503,112.0908380662254
89.944474220276,113.50342842691978
89.459866285324,110.65521729341792
92.059090137482,109.94663380703923
101.09710860252,102.8100275922273
97.59965467453,101.47521273370947
88.594448328018,94.83447541454002
87.878348588943,94.716795312873
88.070406913757,92.7403660945682
84.832606077194,90.98403727250863
84.530448198318,96.09131095765763
102.02010941505,88.95364976212343
95.987405896187,89.06984677957863
79.944269895554,81.56394799071064
77.518534779549,76.39177854546831
91.340656757355,71.65608708430057
86.915715813637,63.809399048551455
61.125019311905,63.45195480450925
53.290961027145,55.39372847696485
49.237742185593,57.69466201974948
50.187146067619,44.13336761245946
52.605019569397,44.84401212655503
52.947926461697,52.966012959527355
50.459703624249,52.316547242334984
53.581819176674,51.32958162140735
49.956178843975,51.541096214411056
51.608228445053,51.509991324771576
50.250675857067,51.62484216351306
52.272769451141,51.06011479759323
46.608598351479,50.7572508115767
47.453022122383,49.70924230677376
45.544278740883,50.47628581710906
45.589519262314,50.39791195919857
52.578319102526,49.31328178758781
45.564296513796,49.31093817089179
50.484262526035,46.83915811984151
49.435392618179,46.25977149199957
48.413606107235,46.87384496577856
48.133695721626,47.03457253416274
51.488618969917,47.73338210694538
49.849090516567,47.80865712701068
45.461231440306,47.896004371561474
50.823477864265,47.921176871930385
50.240359663963,46.92221370536296
50.612162470818,47.78232039629349
46.257321059704,47.816286942815424
49.952676475048,47.760591164248616
48.192665070295,47.81165419332108
48.707580208778,47.84106399976948
51.699048817158,46.92444843592917
46.561082303524,47.76506972454227
52.613853752613,46.9387491671369
51.193942844868,47.76797225117601
48.551375418901,47.7814786559845
48.600920975208,49.62711592448241
43.59235394001,47.58625158409747
44.76211643219,50.55952581376467
46.031273603439,48.55853789156758
48.12063652277,49.52799462942952
46.599598944187,50.346045151940125
47.980382800102,49.49812925026861
43.014605462551,48.0692235487908
43.224610447884,46.873835567531245
49.413019895554,46.909675235160975
43.552128314972,47.06760247260242
46.268628031015,46.68288409999362
46.20725518465,46.75764646525298
43.807472646236,45.533938939529165
46.912867218256,46.682964082696586
43.517308473587,46.57259462658544
45.675860404968,45.39241577687257
44.939188718796,45.17279528818712
46.228536605835,45.11536776118907
50.833676874638,46.48108086918269
46.243234097958,45.31097374285081
43.608965814114,45.207493291125814
48.05268445611,45.316746307050074
44.875947535038,46.826323120811495
43.952726840973,46.75917013300208
49.486266374588,46.834816644475566
45.849074117839,47.01671448148676
46.275670610368,47.2817263632134
47.932142093778,47.47818972628011
45.811049301177,47.6905861640069
46.698335640132,47.22427615634595
55.395890712738,48.45934171455219
78.596969783306,74.63987594894736
79.641989886761,75.59678007136132
80.496441364288,88.61508136932481
69.663045704365,89.11284165663419
64.726164221764,89.34929042116305
69.143274962902,89.31043556334052
65.655021607876,83.55408260359046
71.717787325382,84.75295927280557
82.86901396513,92.7142194787978
81.670230031013,96.86838602910973
77.698338627815,106.77273141932764
100.54256033897,116.54897328811809
99.609297156334,113.71246230241418
130.96143275499,134.90997754135603
130.42975711823,130.78528533660523
132.76674902439,135.53574125149532
144.16721153259,143.47297816805175
137.39396476746,143.15886057538003
182.32076120377,168.75611365645116
146.93883979321,166.93468721337499
142.51679348946,159.80045490524563
154.93462491035,184.053188523635
155.81925880909,177.5498053945704
168.19783568382,173.29912059715272
144.23962342739,151.61004347981373
156.57262098789,162.0708680938707
160.65683162212,144.79890338382387
149.90266239643,142.41188385884954
149.66655015945,138.08813378057238
144.03570079803,139.33030402205168
131.15081655979,176.31321614698723
141.88092327118,128.43075648750434
143.39364326,127.38009113887018
138.6219496727,121.42819088563161
133.61360669136,128.64118006256405
130.67924571037,123.03975477632468
126.47431135178002,124.65526097000773
140.13841080666,120.30305678360853
123.31366872787001,123.56519631502896
121.69660043716,153.83069268156237
143.71317887306,118.14107380104052
144.8474881649,117.472917146017
140.84781050682,144.77409094882447
139.05740356445,118.62801455583487
111.08849644661,130.4590277388706
125.13827681541,117.97572052912821
113.92644405365,117.94676964531408
111.37496757507,118.5336983173685
113.94270157814,118.47315380838344
106.15706729889,118.30800601680454
108.14202952385,150.1834924423607
101.55141544342,117.9528251661555
93.675617694855,115.18245344921843
98.239559412003,116.10289875342805
102.52721214294,113.27059711599964
102.22173309326,111.1109291578817
98.254410505295,107.31939660980156
96.568733930588,94.92521979752888
92.232802867889,96.7835511137235
89.700762748718,94.27259266210362
104.49147367477,92.69428888349725
91.938569545746,92.82814742333284
87.918087720871,92.42240046194836
87.108811378479,93.18285965762622
84.546666383743,95.96745884942628
95.290197610855,100.3058883601037
65.775072574615,99.81525688784944
81.166590690613,95.6557895773785
60.93307507038101,75.95629465398875
67.030556559563,65.25839363690324
56.936497807503,57.59052569512232
61.664390683174,50.9429434860233
53.101234197617,59.13077883118969
48.723791718483,49.55781597989669
47.530148386955,48.30215183623214
47.052662074566,50.20237029464333
53.006156682968,53.69590402001074
48.541277527809,53.64093658767684
48.217107176781,54.63828060800361
53.659439265728,50.81042567254594
46.72541308403,51.82825477166095
50.518452644348,52.184652669147525
52.204322338104,51.03558014274912
52.905164837837,50.846551414513456
47.081919312477,49.58246758289161
47.841074228287,50.36410588470215
52.327113032341,50.708055097867124
46.216469347477,51.17403619367335
51.607187181711,49.571227527591894
46.513596266508,50.888355028381135
54.094405949116,50.806543120179434
51.944584131241,51.26854685584295
52.366642534733,49.51792756020777
53.048428595066,49.58030338203007
46.723901093006,51.01263013515443
54.038885653019,50.32864813965757
51.377139866352,50.384460652681135
51.961572378874,50.43363507522206
50.063091933727,51.11942241573882
48.594397187233,50.97729682419781
56.552236557007,50.83124216757323
47.955697834492,49.75409097549937
55.930457115173,50.895087915466306
51.0300385952,50.63227405826022
50.479171276093,50.84539260644815
56.294030547142,50.77016598975305
59.148888587952,50.5585378486188
50.008795499802,50.89342566481156
54.601948618889,51.034877185885776
51.47150683403,49.86271727707616
56.954285562038,50.866030426294245
53.04456871748,50.774928393440334
50.248330235481,51.195979548799414
51.211256623268,50.77478183155949
55.764362931252,54.086782948464666
54.57031917572,51.92610222818144
55.542883872986,54.11775625061556
50.26142334938,52.532090100426686
54.800684213638,52.63180131576169
52.458681941032,51.07503542519398
45.290255665779,51.686088817024846
48.270591378212,53.21886692550297
49.720571637154,51.31581375121883
50.213774681091,50.96180211017638
50.97259247303,50.98447284844683
55.662134647369,49.95502862530928
52.375307381153,51.07484633849217
52.049105167389,50.15312880693034
51.972911596298,50.251603739626844
52.381789389998,50.436718899805356
53.598755024374,51.28729843565015
51.790785048157,50.76025727184496
53.568477321416,50.88327871384341
54.184327736497,50.80453144838717
51.804123193026,51.81273536598712
53.82631195971,51.94132038539008
52.955189853907,51.412989049307626
51.979984283447,51.48231156369241
52.866530060768,52.206543715264104
82.11148416996,72.87676397639555
91.045531988144,77.4856154557342
87.246076822281,84.28017443774431
91.615360617638,83.26418888670636
92.680878281593,78.39099679798207
92.527673959732,73.61988538720396
91.941728234291,76.72831041387984
104.78187316656,83.09712510416051
96.017668843269,84.179955997536
91.840351939201,115.42206849972496
90.957045316696,125.88920620012301
104.79567933083,127.52015474608775
113.41617357731,132.7528392813563
159.92854177952,151.9283561180142
156.72226452827,155.81046473969187
157.34402763844,159.4697937041118
158.69203710556,119.29288555252808
163.40659785271,156.37148233727547
170.84402644634,152.30936620314392
190.5354950428,163.2269098269576
191.04624998569,143.94025431211406
182.31986689568,144.0288249154535
182.67171478271,172.85925634683554
160.967253685,170.66862451111086
212.03842747211,177.5674572967742
184.19742405415,145.16367775609672
211.74635159969,190.24098558312943
161.57541966438,187.95622381815335
194.2496753931,193.19690747262203
203.23331189156,164.83488051852478
179.15991973877,208.37306195084057
240.49541056156,185.81302484185136
182.54230439663,144.946875630818
178.82234740257,153.66950519228192
136.46231937408,147.76387442631932
191.68479478359,164.97075542283443
152.08415222168,158.54275651607142
184.50533390045,155.22406614124665
173.65881943703,128.6160201026973
155.69797635078,159.38952607863757
148.45234251022,156.29418838518106
165.38697767258,194.66903112945243
142.42130440474,154.42602903551204
132.55918240547,151.22182464737534
132.13054120541,152.36424149717334
160.58034801483,154.4425102213221
120.61468955874,151.57261526058323
113.17364853621,147.8425903981832
144.81134736538,150.78201233330302
109.12820053101,117.23169211476666
117.14033678919,121.02193377573558
120.12448883057,117.74788759608322
101.08716344833,125.78754778488997
116.16232937574,113.48328440961305
111.01267266273,113.58675672946387
91.672939062119,114.98237369086524
99.080288797617,102.28645554998897
131.34088349342,115.80714367161785
120.99152231216,107.09633489727624
105.33955097198,109.35164673155955
96.162978887558,102.5788818863236
92.417088508606,97.55678759664718
88.166272878647,103.1966253853699
91.797044754028,95.16531579998761
84.766991615295,108.09569559564356
84.127002954483,93.92582965015657
81.981274843216,93.09526081024809
93.736667990685,90.04020573884355
79.877116441727,91.9102752481745
78.610527992249,86.80658748310323
70.650187134743,78.0533555636395
57.692755337805,72.59382677319512
60.020584464073,63.180100737613756
56.382356643677,47.69191183530004
57.590136289597,48.038015062334466
57.342250347137,50.375409218335065
56.573990941048,47.22301099270983
57.447646260262,52.75913467021613
52.475606679916,54.24065973319498
44.659596800804,54.38954178048615
44.386591672897,51.83738681503584
45.138839244843,55.051155155106635
42.339217364788,50.59871197702024
46.552330672741,52.67863106258601
45.769186496735,50.90564249502725
54.873044073582,50.59437099622528
49.839101791382,45.66225282478689
50.419748663902,47.04588152351203
49.087636530399,50.08095641545737
52.342893928289,48.33874171466684
48.447652637959,50.14466034516157
45.953110218048,50.233512055946534
48.722667098045,50.63227017875839
54.179623663425,50.4085694954312
51.344477474689,50.07308248131441
47.760442525148,50.78063174637744
49.560605853796,50.68774224413984
48.954362004995,49.3431484122604
49.189035356045,49.56453850289308
49.417390942574,50.57319240519575
46.697316467762,50.26211687243808
50.002988249063,49.8294291504172
52.458963274956,50.33812926307962
44.617213189602,49.51079552873587
50.072182059288,49.57025385626406
51.959861606359,49.76892055629357
52.041328877211,49.3471555965444
47.068780779839,47.88151568144598
52.510878324509,47.964915234155356
48.636114239693,48.001722665728074
52.373115718365,48.642844675365914
49.920450210571,46.9341720717426
52.471551418304,47.898164177592186
50.32456278801,50.21370183756862
50.125576019287,50.722170568991345
51.120740771294,49.562109303614974
51.122748374939,50.14424556418247
48.072489380836,50.32996001024822
49.618285536766,50.77212200308278
49.831467866898,50.28639011105417
47.374394416809,50.46916799013347
53.0152515769,51.136472821356506
51.924977958202,50.883677738859284
50.29564666748,50.88379416347072
52.749472498894,49.813739028516
50.018631458282,50.64971943804877
49.445960938931,50.20806168673961
51.979183912277,49.653107876500286
51.848097264767,50.83043011932665
52.881752133369,50.6686610864897
55.773564219475,49.650674095071395
55.524637579918,50.48317499015337
51.538028299809,50.12884449954805
48.957778275013,50.87097334672268
50.165309257805,49.946082853433545
53.994852781296,49.99128528094409
49.947525665164,50.657393143731205
50.316828116775,51.366853033936536
49.687039315701,50.94893798681945
47.725513398647,51.205632570629774
45.940092921257,50.75456107968873
48.402291536331,51.03212938730147
46.586406826973,49.66175261719409
46.691839575768,49.11256884517258
44.659591794014,50.15481283351984
47.055077314377,47.2308871291666
46.618620634079,47.6030968638394
47.617817342281,47.72647556331031
45.956855297089,47.00530620755425
46.370112538338,47.22526016936842
53.220666646957,49.872656914573646
76.885050296783,68.1410392859221
86.363415122032,88.37266759688298
88.419861078262,86.95145718192431
84.036931753159,87.36470491068825
85.735916733742,84.81466314480306
99.987079918385,96.13511986043606
97.942771494389,93.97823231518215
98.346064567566,111.98920000188245
101.29024636745,104.43678023516607
103.09813278913,107.96909076451499
96.932416796684,132.2102101072667
124.31624996662,147.99995729691284
150.31431588531,158.1823111336191
163.41381692886,159.64250574524803
155.5920342207,162.64289721437774
155.93264210224,167.15859010580547
171.21012151241,166.25639398097434
170.03067910671,162.57962984259635
166.74950015545,162.10371704373375
184.63630330563,165.11174620302285
193.77134108543,175.03052217205908
199.93693315983,161.81349137568193
205.42159032822,148.01584976737027
194.15579390526,180.61631778043935
203.31177592278,194.30331116167977
185.89192998409,184.5495729454422
180.81060802937,205.71513122695424
176.99868226051,187.90601441880628
194.04031920433,205.660620691211
196.28247177601,203.64416631695747
179.91332125664,184.91462654517468
189.80467367172,193.13408746514784
177.50241577625,157.96033452120662
191.97147727013,173.57830402824575
183.41125750542,164.0774733845757
196.71191644669,160.02806634767063
173.11703968048,160.45403678048544
168.88868224621,153.60663978194597
156.8225646019,157.99673291171277
162.19061660767,164.97313085862203
166.54954576492,158.8959573823666
150.64245653152,158.44448878529911
153.22394418716,152.73488515931962
132.52776408195,148.78357429973616
131.54134893417,142.00137468782043
136.38318312168,146.18264544868694
125.11193442345,128.86883418926513
138.09687066078,127.75815217238993
127.21119737624998,143.25395590771
114.74878048897,125.88003244356476
130.45997524261,122.96389195521887
121.51775407791001,120.06602376379904
109.45275378227,120.52637692572333
112.64617180824,122.80834564036162
119.38825941086,123.5377870504091
113.16227483749,140.00264062199136
111.36499500275,117.3797199880481
108.22290110588,116.5369026080421
102.46090841293,114.27700740098645
100.81677222252,108.8265297341934
106.61503958702,109.9996767087983
107.14864969254,106.26688841156157
97.942390918732,107.84201380751475
96.004677057266,107.3338780129391
99.292698144913,118.60957313792608
89.373001098633,104.36472350738482
88.365526914597,100.30116049290763
96.908783912659,101.85409710487593
93.163766860962,101.68178635386627
88.179441690445,98.0198393623695
84.310099840164,100.38171169236594
88.832501173019,99.46459219544732
93.780412912369,94.09062136537024
87.850782871246,93.3513734561717
88.887362718582,92.94746946485778
87.257908344269,93.27143010412523
87.372973680496,92.72671314778026
92.084596157074,91.69838088887373
83.55529665947,92.57628739753298
89.331739544868,90.87369109763299
89.468846321106,85.57217142832609
77.428270578384,94.87875089222993
72.541731119156,80.13763276169071
71.049191951752,75.62805832357114
72.740210741758,71.14080988909089
61.289129257202006,63.65657962851523
65.728215694427,65.76924709408267
60.231766700745,60.83593558997737
45.028814554214,49.927231218538886
47.855785369873,53.400743056045144
53.358888447285,50.6145082829958
61.89944601059,50.922422255672785
65.072227716446,48.915943848670764
64.235149979591,51.015793345982345
58.891775488853,47.58538756504757
50.858668208122,51.28295653728151
52.191938042641,48.65104653207798
46.203649312258,50.68951201805296
49.810548961163,54.84476575635005
47.257410645485,55.04051160799575
51.57932138443,54.76914766295055
47.168079614639,54.167190964475665
56.700414597988,55.80671289760267
47.859590649605,53.36841499409513
46.3647351861,52.66811076878009
48.366788625717,51.59557251497487
47.052817344666,49.81918836577731
46.326408624649,49.78949622210341
49.244083702564,49.16187811641309
44.330512881279,50.78726953019041
49.3727003932,49.58811482124191
48.608902335167,49.32419851031053
47.281937122345,50.87501002618152
50.876335382462,47.93343196286865
44.753664731979,47.85800092923717
47.662389278412,47.85731287791201
48.099073648453,47.7600683017971
46.50805491209,47.573360716507835
47.761132001877,48.01569278072543
50.5005453825,46.87970862834645
47.846619904041,47.68016779309909
49.226513504982,47.758472580249645
48.048836767673,46.91968134293113
48.05609703064,47.70205236769488
46.190650463104,46.76708115858293
46.584425568581,47.410584787808155
48.91263628006,47.52331908487659
47.815524220467,47.452269792947355
47.769854545593,47.45768289493383
51.776925981045,47.676951666563696
51.555782794952,47.626214123758565
52.097584605217,47.870550170865606
46.419304013252,47.91659057180627
48.872982561588,47.95849832065631
46.527959823608,47.80080892881522
50.693096876144,48.09418121207016
52.617299973965,47.83954112217445
64.781450867653,48.01076456640156
55.425297260284,49.80470718297177
53.758754491806,49.40528011534058
55.786596298218,50.303572340645516
52.367223620415,50.83591459409392
52.788861334324,53.24066331979753
54.560944199562,52.27272080101221
53.295151352882,54.018622866373065
53.782571911812,55.5413786329417
54.950837016106,55.57161087405034
54.271204769611,55.174889048067584
57.043045341969,55.38404185727729
53.784762144089,54.56654182853081
54.151597619057,53.942801676680546
53.44615483284,55.124549450252225
55.833034276962,54.88766407276778
56.001541137695,53.49641988306811
53.099872708321,55.131514845185634
54.525432348251,55.16849251557959
54.194675683975,55.3315912058841
53.900574088097,55.54950680729288
54.156346321106,55.49893519139049
57.361085355282,55.74103584571422
52.61053621769,53.85468803419436
56.491184651852,55.66901326234526
53.122326433659,55.56039941339353
52.580729961395,55.009158482618865
57.734622716904,54.95128149168557
52.340182900429,55.21883597742214
56.38479745388,53.51607466978761
58.112360984087,54.59760386069782
54.673001624644,55.83176819069488
64.906450524926,61.79707068539686
82.061744250357,71.66605796149494
92.562871158123,86.45311743157494
87.795056521893,85.70957981776385
91.159449756145,84.90606162186423
99.622749209404,102.2709232649507
101.54052650928,105.81687542798804
102.9361551404,130.30025953565342
118.49389135838,107.47613744401396
140.24150574207,111.11108211479207
155.62946462631,166.11935701593922
161.84837841988,168.09410268452083
166.83764386177,171.50067620292154
176.19291484356,168.87393454275409
174.44111061096,182.9366894345578
195.9843878746,148.76109200791564
199.32387673855,202.44077463295528
202.04388022423,207.56581771537975
196.66001260281,209.66396359090803
197.45041000843,215.91672089689274
209.09715902805,209.4624221705257
209.42139959335,201.03112153012228
202.50284683704,202.28997770768265
212.44140183926,209.19039202313104
197.84686982632,210.95948198821557
209.57382798195,212.1233500697029
203.25279283524,218.50630578127655
195.78321993351,219.5648356385044
192.37057650089,192.4930774026788
202.18452072144,185.98005158238814
188.01907336712,177.73164518901825
197.28440392017,180.0819745012916
186.65554118156,167.45674692146412
186.24676501751,183.15231823095968
196.49109494686,178.86319746410146
200.81446361542,168.52499333012656
189.99719619751,166.99676983905275
168.41450333595,165.7219055306681
178.09938371181,164.88296913363615
190.97755205631,165.03775854305653
168.51023425162,162.80058650513186
170.37978196144,162.43433596555772
159.82541060448,161.0855431094175
159.22262680531,162.8990829507581
141.21705055237,209.8035959974652
141.45881104469,209.4002761826506
147.5041975975,149.2281687323722
161.27992403507,151.33479254485326
162.50842308998,153.07308156360287
162.99790811539,158.67736591893424
138.59992074966,149.89683596823537
129.47414779663,141.44328000234157
113.0986623764,132.17407910290387
124.81411480903999,169.93752979638336
117.56665468216,138.2742567319102
123.85213947296,165.09756546568593
126.20857381820998,122.46156682438189
113.68216538429,119.47282074641376
119.81900858879,117.8185179221138
109.99708580971,116.24895696452909
106.05367255211,117.11825641852346
112.8221487999,114.79951884100043
105.75994133949,110.88240592101226
110.69133067131,109.95473074583215
112.87028574944,106.99962993683913
99.62960600853,106.73427714405919
96.990183591843,107.31277220473548
85.516834020615,105.00561346046379
101.14020109177,101.65977825695694
94.268091201782,105.03641048698462
90.716468334198,104.27763403708258
86.257324934006,97.94830779123616
86.923782348633,94.19342392400381
76.213162899017,94.65064265183248
56.030351758003,57.241088241572534
54.508085608482,59.3157176068111
55.053786277771,48.65868396301969
51.639840841293,50.43822319198263
56.506962537766,48.638535885620065
50.85767236352,50.748220596886874
49.942750394344,53.60998316227168
48.419769883156,56.1548971393349
54.317006587982,52.534931143602535
54.984768748283,55.40860810286412
56.635936498642,52.23919030769178
62.789012759924,51.42501052820231
57.013215780258,52.68970688299637
63.497452378273,51.23218999648787
60.925858348608,51.18398327091626
56.779164850712,53.89538359627557
54.953063219786,53.88946607460976
54.103199124336,51.669419741022224
52.540050506592,56.41311250874124
51.455180585384,55.31944813145056
54.887881934643,58.525293705773116
51.443078517914,57.18249274924495
56.520972967148,54.98589497847589
51.39305460453,56.83217001317142
54.695232748985,56.55415359659062
54.436754465103,53.72808598942031
51.999897360802,51.71627836682587
55.354481339455,52.68839618803461
53.973935127258,52.3573022302206
51.765208303928,53.97239076464944
54.304536700249,53.0420496852555
56.927565097809,54.09078215059497
52.827288389206,54.80781848281719
56.278967857361,54.05964099053566
54.477468252182,55.11615962074605
58.633677124977,53.06455030177167
56.216093301773,55.93323851207688
55.329324007034,55.797912609139104
56.941252946854,56.0120186195559
58.009775459766,56.261240320252575
52.273677825928,56.85537958911982
50.897841215134,57.4156690679913
58.0712261796,57.09291860495692
57.054803550243,57.23700384224128
56.574063539505,57.40023156152573
56.061444401741,53.93600685987429
55.971373736858,56.5771311576661
59.285552799702,54.70982831689579
58.190904378891,56.893130093600924
56.625642418861,56.28984840490757
57.150711655617,56.38797441630043
58.194952607155,56.47303455855466
57.59528875351,54.63205779555923
61.191676616669,54.479287140178435
57.429158329964,57.400044846066734
50.439219236374,57.32056117679648
59.199868023396,57.617069000681774
56.331643044949,57.570916938833086
57.279896020889,57.43498344801075
56.584423780441,57.4070298469256
62.177771091461,58.495581264709685
57.102652430534,57.617737825263895
56.591427981853,53.978140416547255
62.25533968210199,57.4835619374008
57.86000841856,57.691986260824436
57.12924939394,56.96484473430296
54.024548262358,57.15109902365518
53.612953662872,58.60666795036429
63.757040888071,57.78338648798188
60.46698299050299,57.82089464913484
57.100135311484,58.22843596310803
61.005374707282,58.754844894892614
56.167964570224,59.95049959215776
57.573372639716,60.38330443079034
60.192826658487,58.30460475996321
63.50529766082799,57.15246880992236
50.151385068893,59.54829541835901
51.064606010914,57.77991599896771
57.589112997055,59.63404446616198
59.766096293926,59.12924345085088
60.803058207035,58.2405911080365
64.50447845459,57.718482120246954
53.681971371174,58.60149740166993
60.99826192855801,55.085465232833045
56.650191307068,57.891322366291526
62.34383219480501,56.99679151467434
59.58111345768,55.35073088870792
60.306883335114,58.071786058543154
52.121010586619,58.50297572470519
51.026471376419,54.78177669816617
44.852964639664,55.17895288481384
60.99001276493101,66.11418503460861
55.972387313843,67.87514554988729
51.804044485092,66.46723369089064
50.517174482346,55.56400798682724
54.20108127594,52.73515226630553
53.47252702713,55.274704844603434
51.964000940323,50.03884069294042
49.100534439087,53.461620950534645
50.204405546188,50.99108779117467
48.362695455551,52.83128780493916
52.647317647934,51.438308616542855
46.527476072311,51.984911697405806
44.620483398438,51.98756821921985
48.126612663269,51.04311155909825
45.700675964355,50.529829848837906
44.909065246582,50.08614929926526
49.858597755432,48.84748477049887
45.396266460419,49.0570861013804
47.404181480408,50.169803170158765
45.149114608765,48.98347919469707
49.116535663605,59.28477380871064
45.620509624481,53.45445029690053
43.668248653412,48.3147540308574
42.342425346375,48.614628332495194
43.044722557068,45.51418709295705
44.116190910339,45.31355294812941
46.190383911133,50.863344603432104
48.807693481445,47.56928894312747
46.372398376465,45.9105265766709
39.998239994049,43.48848889544864
44.632546424866,45.32245296342137
41.984687805176,46.609339681818454
44.458777427673,45.47146423214356
42.819783687592,47.208030610757596
38.115699291229,44.08243258229922
36.353348851204,44.42235056075016
32.491430282593,46.97915936687237
32.637974500656,41.455199599732744
34.511747837067,43.21937334666113
34.430997729301,43.05340691202621
35.289956092834,38.871706642006515
40.459784984589,42.733529653344625
37.118062376976,37.69498185755599
32.213118314743,37.17579383550595
31.902638554573,37.07839311768796
35.055231332779,36.79972548340536
29.93749165535,36.32404306609791
31.665244579314997,36.375927323998916
28.672018170357,35.66237118833926
35.318425893784,36.77709007670994
31.294507145881997,35.30191249647065
31.64334321022,32.762538505496074
29.943433642387,32.25715706258854
27.060121655464,34.04376153556481
32.916197180748,34.789546825248166
26.035346508026,34.259229569425734
26.485735297203,31.150142370695864
30.878782510757,30.60988477458218
27.382294654846,32.51971793856436
50.329015493393,44.96164694957147
48.664674818516,46.27214916588726
48.954088002443,46.5211560719515
50.768089711666,48.47175549855419
50.833915472031,50.09405670623399
49.28187006712,49.92429634800526
46.93110460043,50.05533939423671
54.770363092422,50.19296059941211
49.438451617956,49.92294191902393
45.406521826982,48.26877038788889
51.285454630852,47.91984006175319
52.891886293888,48.08811915683091
55.484192371368,48.248855747560036
49.182615458965,51.21871184825135
51.713255465031,49.81542867927638
52.763618469238,48.992152799149544
54.235570549965,50.29558007423508
50.776283860207,51.40260267004694
58.750400662422,51.48272850146668
52.771178245544,49.98736690560825
51.560148954391,51.07525853391956
53.62525343895,51.89971462484286
50.523742079735,55.07335430135033
56.204616546631,52.51425516601417
51.782375812531,55.24810575332632
56.422473788261,55.354970730671106
56.910936057568,52.87502684626913
51.241393148899,54.9714377771123
51.423761129379,52.76002691631912
54.307303905487,53.94324746652202
57.336334347725,55.26714267025824
60.660870313644,53.15679747430718
59.766228675842,54.952879023955965
57.750940680504,53.898973242990174
56.628838777542,54.29926198200461
54.513491630554,56.55870995541736
44.407927393913,56.19445964219467
44.180913567543,56.37555400500416
48.461255431175,55.884355183959244
47.739020109177,56.58090308666331
45.12318444252,50.083252538225025
47.928448736668,49.79107232491612
47.78915309906,49.486707221841584
54.270217180252,49.73048138336457
45.080961346626,47.96342033430771
44.184475779533,47.45712337823882
44.825953245163,47.30867956437418
45.556189537048,47.99371785858383
44.427945435047,46.745190293746234
46.674795150757,47.89210117022175
44.481200218201,46.68952365434124
44.977288842201,47.48909921336406
46.596216201782,46.80776447434821
46.109635472298,47.38390298635361
48.644018650055,46.80673662531809
48.635000407696,47.021784555063725
45.652470827103,46.30655034424548
51.332558870316,47.224264456923706
55.460094213486,46.52716700261945
48.457886099815,47.10428251240001
46.867406368256,47.16525545666944
50.583580970764,47.359016660683665
45.843768157065,47.30084393703945
34.611386917531,44.07715392078623
36.121830046177,44.02231721933128
37.806975096464,41.04838993654799
37.447600960732,42.895233223160666
42.372504591942,43.5377719966877
36.698745012283,42.820519925394656
36.402548789978,37.8168100117334
41.429352521896,42.223313717159414
44.216868400574,38.72358059955073
44.447876930237,37.40894511934883
43.089942455292,38.726335613193704
44.265442371368,39.7922933632338
43.916383743286,41.400933753404146
43.706429481506,48.76540111757209
41.574754714966,40.22005988939042
45.535506725311,41.66114321727534
39.591957092285,41.69810524538254
39.472263336182,39.959540440934354
31.524995326995995,40.024245146613744
32.359227895737,42.076121165765926
36.879701375961,46.045291181129926
31.706073760985998,46.345974060053386
35.481966257095,37.96913551387036
34.125162959099,39.15648640227027
33.889684319496,44.220365573425156
32.789354324341,58.98235737745507
39.335016012192,33.9815214395746
29.851199746132,33.94353746977674
34.872251749039,34.313403216896205
30.453010559082003,33.67511335412987
32.959658622742,35.138949303748504
33.96449971199,33.287272648641206
28.330750226974,44.8143409095342
35.080986022949,34.4374120649205
30.668161630629996,34.032532321027375
33.01452088356,34.47764228248639
32.531575202942,32.057306913907595
30.674905776978004,32.73839586799668
29.380610466003,32.38954142542118
28.011970281601,32.40361526683928
25.739848852158,32.36205865267399
30.086703777313,30.394768536352593
29.865561723709,30.940831254147312
27.561056613922,30.166978830240666
28.622435569763,29.748770242762138
28.896847963333,29.967711855444776
24.728826999664,29.89727971236457
27.096199035645,30.035882542339035
25.882712364197,29.806967559267555
25.304397821426,29.04260430365434
24.862699985504,28.385520102202918
26.396502494812,28.792519655769865
27.241108894348,28.84857998846522
22.527331233025,28.634633184113547
27.584111809731,28.232726686286206
24.440306067467,28.460446088165174
29.95256537199,31.15971232106756
29.080760419369,32.568495144010164
32.675305485725,32.75181936400056
30.812925577164002,33.34502988773798
40.816288471222,41.15618790032784
40.214843511581,41.53840283907596
42.522976517677,42.92580961422053
46.03703302145,46.390981327644496
44.248014271259,46.22495665593702
47.452531158924,44.336427249337625
43.350111842155,49.63590756825165
49.683281362057,44.3785954265148
43.172115087509,45.62776899015112
46.653042197227,46.77365885566527
43.171949863434,44.945830376435225
48.963156938553,42.854682294378485
43.288387358189,44.99252288922358
43.990479946136,46.7965713012826
46.936491668224,45.02014682991121
42.582283616066,44.98988792601537
43.435574769974,43.411414844661074
45.826348721981,44.96832828291895
41.896525740623,44.98656997008481
44.114875674248,44.99140889559167
45.893924593925,43.275013358316116
43.019067764282,46.801496057559035
42.028204441071,45.03303083280649
44.551912069321,44.840347492293546
41.580138027668,44.515857029488885
41.314933300018,45.072498667435795
49.070242345333,44.52264477123669
46.586213707924,46.79012583205992
41.136066675186,42.97446091751603
48.133048474789,45.05177389249819
41.632395863533,44.78125673229831
51.534758865833,44.29591458627522
44.966526150703,44.99933695611171
49.146260619164,45.15544341002515
43.725534081459,47.04706500385827
44.761480569839,45.35037691963668
45.340484023094,47.361148817347484
45.536362171173,47.11034004237454
44.391454935074,46.44882808534222
46.905982851982,46.416417323340866
50.338159024715,46.94588317739818
47.733887910843,45.634451561092355
44.571947157383,46.656894170249636
44.777248263359,45.13143761002658
46.325418949127,46.59028158633055
43.155042171478,46.78580776773774
49.03747344017,46.83018011504014
42.4861292243,46.620624722933194
46.548235595226,46.661294142251556
43.381980061531,46.22183917691789
44.565491437912,46.8855223995764
42.010399580002,46.629815766025885
44.478776276112,45.14426807190645
44.81313097477,46.588664193174885
44.517745196819,45.17195555605155
45.983213663101,46.50001753851956
42.19302213192,45.88986652987219
46.56605899334,45.15275503161939
47.544231891632,45.137398765757524
45.614129066467,46.6412182559618
48.086274027824,45.540764928894
40.903894305229,46.26556457459068
48.413688421249,45.17705449940552
43.234567821026,46.4189322695706
84.173623085022,64.20137802914022
75.826265692711,60.3299189376374
75.778112828732,61.76142701569249
77.119860768318,64.85836435982881
82.895709395409,88.09705565650847
84.118102908134,79.07635976776984
95.486123681068,92.90106431194053
90.352449893951,92.36288402209338
127.52022618054998,106.01897112596193
169.83493423462,113.70133944775624
170.90238189697,114.27909412392057
168.85444715619,125.43978688496125
192.56747934222,156.23028024506056
181.88993681967,189.54172161207822
174.80319480598,193.7184684090657
181.47644136846,158.2185893783635
178.71119177341,172.32788009250476
187.03931844234,163.46965739797062
187.83784520626,155.69428361305333
171.3458442688,154.09173711403224
157.21656095982,152.6070782488348
156.49251818657,152.07657003295245
155.01887607574,161.92574673518797
156.04757475853,134.2876796786462
156.737200737,145.7411428506767
134.28154206276,157.25508507618548
129.99892830849,131.2860740777446
127.96630144119,130.2640895416416
135.70989465714,130.16002949701857
129.92164921761,128.28243092576744
138.92966771126,136.5567558392878
124.65005660057,128.9334533038818
128.40169620514,138.12416948084808
120.34421992302,117.30141761880732
116.37277793884,117.24344167282594
125.78715753555,122.07364159942715
124.10533905029,117.46687645258821
117.62782382965,122.02488332066027
99.703983545303,122.10095637247835
142.93448865414,121.84802491425992
61.150846958159995,106.05372081579566
105.10960817337,111.49004386530981
81.001801967621,104.96727953577958
81.580421447754,104.93660926684603
89.706349313259,104.52673919762492
99.261556982994,117.53493614758914
86.573798179626,90.11910389969731
78.152762889862,90.75996305381179
79.113002061844,92.09866220721203
80.259758234024,93.56156802077801
89.400734305382,90.98787369814322
83.316182613373,92.51189709760176
73.347675561905,89.26997466484491
67.72632598877,66.25645553611331
80.991662144661,66.11264373789471
66.193823575974,65.67968078444292
83.081737875938,66.21991660682099
64.733738183975,66.04347878294072
62.406265974045,52.170558377908314
68.313260674477,51.07358086982616
56.329744458199,64.77488779699524
54.468564033508,61.05984663332591
50.924194812775,48.51391602146457
51.70467376709,57.903003105249674
46.283105611801,46.36892382043261
47.038298368454,45.84559470934515
50.147386431694,45.140719510050445
48.12202000618,45.96977662353664
47.56231200695,47.47792676085431
47.10766595602,47.63161475725914
42.01308119297,50.409133713212256
41.480056881905,49.576754111962515
42.84651196003,49.449725667350535
41.642862975597,44.51822714580669
40.874570786953,44.49023718883882
40.804110765457,44.89693654697141
41.485242128372,44.67612944662748
42.013927578926,44.96734304719065
39.318041443825,44.461843731446095
43.602389335632,44.233327321077205
40.511717319489,43.658492443715325
42.386775434017,44.71738035971481
41.201627612114,44.98600248852308
41.980300545692,44.871765279630246
41.172901988029,43.73453631455206
44.329976677895,44.63557672594676
43.630928874016,44.54463381151361
44.238020896912,43.90109803013876
42.137078762054,44.958894821597674
43.131750464439,45.653664211729705
41.628526568413,44.739318801744346
40.326792359352,44.430103230972556
43.897969603539,44.71720159948721
41.229047358036,44.478072176076495
43.282974481583,44.84417782922529
41.508474707603,44.9798521226502
44.935654997826,44.9507073384947
42.830482184887,44.98479982275274
41.370252072811,44.63020505840559
43.929427206516,45.32433224411606
42.300697445869,44.956739901681374
44.659577846527,45.05830203176255
43.335266232491,44.96801267210267
44.27930867672,45.012574840282234
42.125188529491,45.08536025576787
40.766836047173,44.96172592349767
41.85842692852,44.977756202585496
40.487642526627,44.959158025607834
45.06310737133,45.58300789348849
44.890227615833,44.9875979995794
42.770401336253,44.70096024064742
40.738341648132,44.9632414788292
43.952496938407,44.11886263033085
40.005529910326,44.93589579883421
46.190169990063,44.96284518040894
42.590540289879,44.11657014020935
42.438648223877,44.96284518040894
45.235777974129,44.75907560098846
41.487072110176,44.88404825363409
44.536137998104,44.96082599234803
43.428170919418,44.49589961521949
43.825479447842,46.41793701682435
41.583315253258,44.779616350629595
43.923922896385,45.01509940475383
41.416505038738,44.98314167661997
44.88380163908,45.05758577288359
44.526357859373,45.026814035567774
45.704202264547,44.97459669079721
40.914740741253,44.976325229158114
46.506606519222,45.136472645424746
44.081607103348,44.97234970422216
47.185636401176,45.14099516426491
48.661519169807,46.535819300676785
43.023395508528,44.24303754027767
51.761964440346,45.85191286102978
71.943095207214,63.93085162903239
82.726558327675,69.4097173419555
81.408624887466,68.84577608073803
70.419026136398,69.3678613688184
65.500458717346,68.65081915546814
61.51405090093599,70.35661066831872
70.709220349789,71.19926171912206
77.100747048855,87.96858034972222
71.023282468319,93.44786974791249
94.436056256294,115.10638251340144
99.867851376534,110.97324218957736
113.53716224432,126.69913172869683
131.17104923725,130.95308321031072
125.01604616641998,132.10343113675768
130.14918276668,139.45007271283794
127.22262167930998,142.07175003662758
133.81216621399,145.12199192130976
168.08646810055,148.68741956406924
151.29135191441,175.2790252824418
161.11607921124,178.97248573959325
180.60494875908,176.5775220770494
171.69560480118,176.84499777926297
154.28722369671,176.17423747790963
146.31892454624,173.2091978249196
168.7005879879,174.24282015218765
194.42881906033,184.01885938975374
144.75663244724,151.31280919354003
185.73961639404,141.78024967778384
196.86829996109,211.44095829174444
174.59616339207,201.75625373785735
186.03533470631,169.00581990391083
185.20301616192,184.60032642804975
132.85761380196,175.22638039189454
142.39807224274,150.9515687081673
197.91193246841,182.01104425585328
176.13035106659,175.04763845511005
189.7742767334,171.8656119152632
129.86530828476,160.87280093912236
138.67921662331,171.5348485673684
129.63682389259,142.63910989550357
119.80268859863,143.76036449807765
116.76488161087,170.1254357575647
115.54689073563,132.32340143647858
115.57888412476,120.76115721914748
110.82699394226,120.9075832477414
113.25807857513,120.74766113207568
109.21674156189,139.16503431708884
109.73917818069,114.8492389784231
112.9973487854,122.52868025863026
108.6236538887,118.14201584110246
98.746761798859,113.09320505076359
102.59034729004,105.64896895184201
94.976380825043,99.95282951969843
95.25057888031,95.18730614143655
99.002353668213,93.3738033482932
103.11906385422,97.97828608791517
95.565981149673,93.20714839631424
99.081050634384,99.37491883089585
101.3178037405,98.87370947455123
90.820667743683,96.13884439998635
90.116149902344,101.33142216110382
72.46245598793,76.24938501511254
77.722697019577,75.30010736456404
66.920486211777,75.96239088281078
63.630562067031995,74.86518515518753
50.734326481819,58.99045576692459
51.51149225235,55.48709081302765
54.772751569748,50.92124660415683
54.629635214806,50.95429708727947
59.703238010406,47.621442823841676
54.374969482422,48.132638032454395
46.981515407562,53.02626156172219
48.345252275467,52.358758535920124
51.122901618481,48.70936749693576
48.243070602417,51.861976150035865
51.133580744267,54.46655590581188
42.920761466026,49.79577182574409
47.041402935982,49.43005242396827
41.246603012085,50.8309174333579
44.292458772659,50.931135128382444
49.938010811806,47.91573810925421
47.243485808372,46.785248161182245
43.478157281876,46.424736888083864
42.346765875816,46.61244178315412
45.64179456234,47.661379179220155
46.459146857262,44.92946569503443
43.452641606331,46.724920762453955
44.549263358116,45.50365932324015
43.440184473991,44.61953654280153
45.428516507149,46.65593478045905
44.577601909637,45.60704705488311
41.393016934395,46.29581524957252
43.72123837471,45.064578647275674
45.813546061516,45.27937582621725
41.513561010361,45.32658153021147
48.403917312622,45.09098277426313
46.60845386982,45.78133924529515
44.943005084991,45.54655912789446
43.430794239044,46.109159478665234
46.002277076244,45.03799921519098
46.086589574814,46.428170318225455
46.422701120377,45.38383632597567
48.331503093243,44.72536629344916
44.209587097168,46.54765064798461
45.463403463364,45.04284761196785
48.310755968094,45.267276530389715
47.234633624554,46.56220295896612
46.254849553108,45.555318389990305
52.078626394272,46.66135010780864
49.351408362389,46.355357652450884
48.128697991371,46.832271046684205
46.126415967941,46.99344057924278
50.312919914722,46.90740756531364
51.239345192909,47.02352503962632
46.609173059464,47.13386503448297
44.982457280159,47.053100011850916
47.705588698387,46.96458293499352
48.116258382797,47.621241980454364
46.748298823833,47.68171562856591
46.848097443581,47.71092763619578
47.837328076363,47.6906894968514
43.697374105453,46.869600026281695
47.351094722748,46.80572530155669
46.284191012383,46.70520104867936
46.02623963356,46.797432675553026
44.752891361713,47.09452568829065
47.508885324001,46.94245430866432
47.743113934994,46.86880797494239
44.664026796818,46.62300728433852
46.167579054832,46.931268862469324
45.240943908691,46.714404345534504
45.428217172623,46.57401511382682
50.113935709,46.61931493855015
46.708281755447,46.64485370125253
44.900152444839,46.76567308432926
47.220151543617,46.397291768276645
43.365802578628,46.09790074137394
45.820202074945,46.75537189539359
48.913550846279,46.60259546387655
46.399764873087,45.59101474773071
45.174047969282,46.97174520241528
45.838802091777,46.87814091110936
81.008264303207,70.49745234601062
83.475695073605,84.02356860162945
87.184084892273,77.69809544272317
84.794714987278,75.29313760231476
84.271060585976,70.45264225793558
84.504016399384,69.88277832495992
97.086887836456,74.20460221587695
94.050794482231,114.47091872717066
97.980180382729,117.1821205733244
111.1684820652,126.75762442938365
107.9839142561,129.575151567332
155.47860956192,144.4924898250801
154.63145589828,112.29244963050574
165.95665419102,159.45565528418155
172.19803488255,161.68256573105776
174.23393213749,144.94115046010003
200.61408495903,138.74155662007473
210.77864360809,150.010399694397
214.59776413441,184.620662615669
220.91893041134,180.90216693129324
217.54466068745,190.77549440464165
203.73230671883,196.79867446636337
205.45068836212,184.0196013966399
206.41873586178,206.20296890951784
170.84732627869,202.7853046748426
172.42029285431,216.16851429677888
177.89195716381,182.08893447255986
183.88478374481,172.9275125203544
192.65009689331,170.51101442524086
178.32003450394,159.95740597456265
175.69017958641,158.817624632749
159.11668872833,155.6875661037995
172.93855541945,157.59447286977016
162.20596551895,164.67533163572125
137.60877537727,165.5745026137711
140.40750956535,153.28200892672464
136.66576576233,157.03780101619517
158.8642039299,151.09616037547687
156.52829670906,177.46091248102243
144.45168590546,136.09221404827392
131.02423596382,142.4450486776142
122.14542341232001,122.0627692954363
126.74119281769,130.95856100269032
131.43847036362,128.95128981391372
140.58796334267,124.92638473404766
122.19422459602002,127.13288030102386
129.04039001465,137.39623244955936
117.93296718597,130.51246404146488
125.04446530342,128.07575316159063
128.04906368256,125.67078611702891
128.38747310638,119.04303342258663
118.16891765594,119.74671696851449
120.32214617729,119.75343857600092
103.81130838394,122.22059611989775
110.66206693649,118.85569734627988
104.58271169662,118.353537198908
95.419694423676,112.43625202484094
89.959513664246,110.85304515496405
91.060018539429,109.877684802274
94.957139492035,106.37524131704555
99.581525087357,102.03607050981944
93.490304470062,105.31478437156827
90.217699050903,102.26967054520533
79.704791069031,103.14085383006228
86.518908977509,100.41958312329945
87.204519271851,99.403394009782
89.994661331177,96.20098735434249
80.683121919632,93.5845194473682
75.414787769318,92.74712714323728
80.937090396881,92.70740840977898
87.415137767792,92.81595950845657
73.903321504593,88.6853774828596
84.063360452652,76.25268538063915
64.168136358261,77.45389590227663
62.13600039482099,60.78092742316887
61.006836652756,57.68109846638458
50.611126184464,63.62411458974078
43.890697240829,50.831686797039254
50.50904250145,48.72260092902061
47.260132789612,50.70248174216028
61.29145026206999,51.89410105155605
58.800119400024,54.24668820196924
62.85880064964301,53.33651047004933
63.79859519004799,52.37281279684894
51.386922359467,50.75892869677194
48.401919364929,51.27373836842403
45.419803261757,53.59795629977394
44.823889017105,53.502079020812445
44.503961145878,51.3921538424457
47.419322907925,52.276342142961056
45.656066149473,52.17240739264379
46.226164460182,48.53883774733566
39.893027603626,46.80394733738604
45.690432608128,47.0799907842927
40.890864491463,45.33005973499158
42.447195589542,45.791413900155554
42.952083110809,44.667740687276044
42.69583439827,48.006984378925246
43.281643569469,45.09158417184111
43.552111744881,44.60638290229344
44.281686842442,44.63955894957468
43.756233990192,45.177342355477165
43.142424881458,44.82354276850861
43.958695352077,44.989410962467176
42.242279171944,44.9761030979302
42.833569020033,45.005732971592394
44.954862594604,44.97968815910428
43.783276557922,45.010560483397974
44.330929249525,45.03421383994357
44.575601518154,44.999133510561826
46.646398961544,44.81041222178396
48.659793078899,44.818096900728435
44.411865413189,45.04912486212012
45.493504941463,44.98894582094233
42.901770114899,44.8942813009121
42.241906136274,45.01326576714488
43.230964422226,45.62201139786516
49.305070728064,46.317089083222726
48.58505615592,46.54520099963925
46.45063406229,45.9473125487009
44.237666487694,45.04280031996141
45.382568776608,45.0205759251795
45.651458948851,46.511305090650495
40.881159245968,45.034913536206695
46.078139543533,46.9434598682818
41.630483686924,46.54683183155499
44.124746501446,46.214701940537495
45.318459779024,45.17215007590598
47.101086497307,46.36922380213617
42.30226790905,44.77506875553743
46.095567166805,45.244111459586556
42.68636482954,45.05532355067778
41.252928435802,44.3114452364724
43.184737801552,44.688250469085965
45.305412560701,45.03902342189964
42.58173841238,46.502031631109006
43.477682352066,45.09230530036608
43.443592965603,45.427667301980435
45.652056634426,45.53608493865061
41.569186121225,44.9843473468519
45.745415627956,45.58539105162931
42.635185778141,45.1626429884444
41.862132906914,45.034913536206695
47.99433144927,45.049773369020954
45.784921020269,45.07229576868617
43.671664655209,44.992304740544824
45.255694717169,44.99432392860575
40.945716500282,46.71092023515363
43.336025685072,45.00613726704471
42.165363639593,45.29994695748993
45.409761369228,45.089125274393076
41.721550673246,45.23500883479496
45.593450218439,46.180306359411375
45.831715166569,46.506014417685904
43.862277567387,45.23719169500513
77.229402720928,50.70444420042151
79.366990029812,61.146357637290166
70.609170429409,72.31361206933093
63.828537158668,71.88784231927669
71.283032365143,74.24880723076785
78.437594294548,89.34898202483173
83.555932611227,91.4775173293006
79.654176011682,92.51733028499825
72.796130211558,92.73867508258063
76.862591147423,97.68888053773038
118.54826188087,106.53540756628949
135.40070486069,130.97906011961962
133.03910529613,142.69098891554185
128.68054461479,142.34903542688414
125.67159569263002,141.40562755359662
143.41026878357,139.15659566776276
147.94797158241,143.67337877568082
153.04784858227,158.06058560373182
142.04491150379,187.93351027759314
142.37512660027,161.04426471418796
160.21108531952,168.00594462295635
126.3454927206,168.83758164038653
151.54581224918,154.5575549110477
163.33720636368,173.51166457798877
234.12771749496,150.2166172767312
133.67220163345,130.59064816611544
153.74642467499,134.32178382438505
170.83130025864,144.0771265295022
86.950740933418,139.84300286147396
108.95682001114,103.53803774923438
104.36747455597,150.69600540797853
116.66302204132,122.7500305662901
136.33285951614,110.08468947679442
132.18501520157,113.33562279419773
119.26171827316,104.27689088518403
138.15860414505,111.20611622764767
91.81155025959,115.81995494229618
138.63224744797,141.9756990439657
158.81502199173,113.96648380736993
143.095495224,127.34419653590149
113.44031000137,108.61541424767938
170.03254306316,117.35944255742425
78.70044273138,120.2902671724557
154.324467659,133.34011780239138
80.023082971573,120.49923187097873
130.15070104599,115.50752440119462
76.780306816101,113.99550295086622
71.848701477051,110.51598990857198
103.30805015564,110.27879842554461
106.25815248489,104.97804681463388
120.68168592453,102.73458769274129
106.40491580963,111.29457406858717
126.91349732876,109.90434206576023
118.76713562012,105.02956862284827
112.24798572063,101.40582493495234
78.02316236496,108.03518594492824
104.83602937311,97.23992264557579
108.82557341456,95.73204387552471
105.29845547676,112.31196118177873
111.75259423256,124.01166038119865
88.872466087341,112.17779759109523
102.84905827045,113.50871914996394
81.236163139343,118.6551809435034
82.937191486359,104.95678532043505
88.72181725502,101.26811216335814
83.376797825098,94.13411474803648
115.6908454895,99.90769221237889
75.7818582654,101.56339100895946
94.787826299667,99.75146425002976
10.86333489418,88.49488784450122
168.18955659866,95.07397852987158
96.594497680664,93.39425658570241
78.699774265289,90.42842327340048
79.763616323471,90.07208774686994
77.709278821945,95.93804087522014
89.641767859459,63.30389867425741
87.746856451035,74.00938377375567
68.23521733284,67.52522705881971
59.480743646622,61.64478862270009
57.937936782837,59.84722466914334
59.104570627213,54.42756760955042
59.094258546829,46.78169430373177
54.20913028717,47.07888547079639
52.670542001724,47.818941258042095
53.801526546478,46.98238632531828
54.67945098877,47.177303040788544
61.159648954868,48.768610422088805
54.085478693247,48.98868485430003
52.060972750187,53.06556925088002
51.339218497276,53.82365281324219
48.499040603638,51.79470244940539
46.969946861267,53.69156629402948
47.680079579353,52.0296618344827
47.282881617546,49.51120855334933
46.185586154461,53.636143454038034
46.918741583824,51.63305712618475
45.214903712273,55.00063151546159
45.154804825783,52.180884591616426
45.311951875687,51.14222855804977
48.027378022671,51.05393752882698
44.351039171219,50.77225257713271
46.090155959129,46.9447123374945
46.071438312531,47.71857196669469
42.537510156631,47.0048742525022
41.801811993122,46.962011430119716
44.255330204964,46.70634369020987
42.794859886169,46.452964142744996
42.300139725208,46.916413575282014
45.981269955635,46.685959375538914
44.78765052557,46.460075090564466
43.896401166916,44.565687872701275
43.620444655418,44.98575728748276
43.379870772362,44.999133510561826
41.904769301414,44.98313024986406
43.331822037697,44.700069010173216
40.813634634018,44.98717757433425
44.271361112595,45.01756296185884
42.942991316319,45.012491688217764
43.45917904377,45.24815711009108
42.266831696033,45.080686248803026
44.205824971199,44.98717757433425
42.033981323242,45.02239047366442
44.35259270668,44.977673050521034
42.388582825661,45.01089579338119
41.397048711777,45.00693563736274
41.895589113235,45.24411931371162
45.164371728897,44.80901855982381
47.182608008385,46.33472600720634
45.288677811623,45.07931054121782
44.036157250404,46.21751626321711
43.538357913494,45.26563713372365
43.338252067566,45.05259023693913
42.604919433594,46.61625213698066
46.193457067013,45.25376486263667
44.246252477169,45.28814930011284
42.88013702631,45.22117426117569
42.284895006567,45.31253688303418
43.800470173359,45.23999377877359
43.965006384999,45.58055263939883
43.293442182243,45.18003618871509
41.99093298614,45.057555151880614
44.62589879334,45.03900244270671
42.272476643324,45.4119217470374
45.072802662849,45.75544117772808
42.636593341827,45.08805256481657
44.133865952492,45.07806393646472
43.25422167778,45.1375766130374
42.570104002953,45.24948400111035
43.246976733208,45.11741300900263
42.632387876511,45.11838314763879
41.452498793602,45.277736857424216
45.206193208694,45.252591224424556
42.658458769321,45.077840199787545
42.952974796295,45.75443843046903
43.968605697155,44.71744998873583
42.18249720335,46.559252370657184
43.326623439789,45.55438752144154
39.553735733032,45.69526808714607
41.410492300987,45.35617088810712
45.209981262684,46.51742907329639
43.205589532852,46.49858140076915
52.984625577927,61.00149795528836
66.028654575348,68.40783221744097
68.073627829552,73.88696377948347
54.628922939301,75.44089433702682
57.219751834869,72.23026539194065
50.935546755791,71.11675112066777
62.94986903667401,72.77841848324739
53.875415086746,87.06643108586431
57.441184401512,92.13689224025568
76.017399311066,105.20596810781586
103.98467350006,128.03522871083933
85.18311047554,123.34249621575074
63.419737368822005,119.33415693728705
69.439154565334,118.44411451824878
86.802179813385,127.18101400963096
94.130626797676,120.7701412608946
88.569403767586,126.19866400101235
118.24475741386,108.0201315610552
117.955732584,130.32304482676955
113.02955317497,129.4437166302397
140.96937251091,139.2441526458496
136.23638153076,141.46306310794003
140.73177862167,109.6740823963311
128.02832090855,146.8656439615855
130.65431988239,146.23413058641
132.17903542519,149.47772469505085
127.89343857765,147.74425639319088
154.05116224289,116.67705513635954
146.86801040173,108.80723952738735
143.65065610409,107.47008786363097
159.51324629784,128.46573920461387
147.28150105476,125.66778685885025
152.09063136578,120.11359205593591
150.2009087801,134.96257039420937
152.62964522839,130.19567726883662
172.54338467121,130.546892964075
98.657258987427,116.26694958990953
104.9531288147,123.36647963621357
153.50150291622,136.89542767033979
115.4118335247,119.27919903350856
162.11594501138,116.26122880007273
139.02162440121,125.55640357256668
110.71672153473,141.1442037237225
75.299008488655,138.90640059581926
156.8785238266,146.27683883884455
70.022649765015,122.35946872256399
148.25383758545,135.60604116227057
114.77156829834,146.16727235849027
109.01231789589,131.28903184041866
91.840379238129,128.63051972409286
94.641281604767,115.88045498734705
95.359382629395,106.14539800119712
94.842499256134,106.1394380860081
95.984613418579,103.97505741152672
162.45136141777,103.78176664590352
76.689203739166,102.10452452751024
145.51429653168,99.0779604494899
104.59324550629,109.99853112729669
119.0710940361,95.77249851032704
97.796368360519,89.81525964094315
78.68501496315,89.49036345425323
56.04331946373,89.39752029264574
74.078550234437,98.86111062620613
114.62195515633,99.6731648762288
99.443910598755,86.40261003329157
98.887972831726,99.1716565190028
75.942024946213,103.26604666126465
74.236639022827,95.00451228063753
84.242161750793,91.19921553088913
81.463275671005,81.06577900849886
83.89894080162,73.18094128787317
60.56168651580799,72.0621225647159
74.417960882187,75.34356397184055
61.95641779899601,69.27879104984062
62.03552138805401,60.88010896515743
64.081785082817,61.030867717469306
57.30636548996,58.302754256021565
55.97354888916,62.159187831757976
53.910485744476,57.54131813646107
45.53337264061,49.61392186278944
54.90146613121,57.586421485894846
47.410912036896,48.96763180030275
50.989195480943,52.138417478559596
60.297254681587,53.450966869283796
56.301552176476,53.809988803728196
59.936240255833,52.36138054893062
59.38323700428,54.60533689423697
52.710873901844,51.518484603486854
58.275591790676,52.53702038022408
58.341104984283,52.408196243130384
60.607248425484,52.45335668424913
53.770963191986,53.114331845956144
57.214626312256,56.87072171232425
69.370991647243,55.50254924114098
72.877253711224,59.51532910868752
68.719156444073,56.43717729853413
74.39477699995,57.28063301256281
66.86666238308,54.06189578859639
66.508064031601,56.2919653609431
59.341753900051,55.38113448138008
57.567980110645,59.391887522913784
62.55933213233901,65.69849868174043
57.102327883244,59.768153257746434
70.219978451729,61.925293761290135
69.555379509926,60.45762690951464
70.355719983578,62.60213698742937
65.608798921108,58.49859298321423
62.441973805428,62.12786870686051
51.20770919323,60.01559279194532
56.035977482796,64.77201384491062
55.664763689041,61.342468885951625
52.926951766014,62.55863580358628
49.517379879951,63.22161174404834
51.797960221767,51.48018078635042
52.120506763458,51.65110939792499
55.015473842621,57.84545588726234
53.870972812176,57.67867930484448
53.578306317329,54.644350120270616
57.094735860825,53.774900355915236
55.90519541502,50.988525672468946
52.56823527813,52.904345024509894
52.441863059998,54.55753278735539
56.426599502563,55.163269923945535
55.123284816742,55.27748262003342
55.176885068417,56.25410115685156
50.940583050251,52.569795702004654
54.705723762512,53.91408544995337
58.151921868324,56.216247436145835
55.362275540829,54.30125005787511
53.038146853447,55.74594912387907
54.315856695175,55.550293514425064
57.197255909443,53.29887984130883
55.401424050331,52.52308784810296
57.723561346531,54.12115272592981
53.285643100739,55.58796528417293
57.407127261162,55.93668419361534
50.776803210378,54.84567392178862
52.701581910253,54.07306402004779
57.697198733687,55.43447298224013
55.283595524728,55.709776111234504
55.376275330782,55.65554290236817
56.591039679945,55.97322558785787
51.918083950877,56.0500948967065
50.72500282526,54.366838236620964
58.15221363306,52.214606634846646
57.943666160107,54.53350341173576
57.526424348354,56.27517399682196
54.283381223679,54.25129244755273
54.575599908829,56.42381691492505
52.021460592747,53.98204069551319
56.680509328842,50.68424216265925
53.946618437767,56.63264949818392
60.43082702159901,54.19169519937114
53.015376508236,55.27859336152921
59.157564282417,51.787910486530635
53.411335468292,56.07219585707273
56.616685807705,55.24094915466669
51.475443482399,57.52542206562592
59.481398701668,54.754579394542695
50.3676456213,55.975640879730406
60.006607353687,54.81218595745133
54.418497085571,57.45279798939854
56.766443789005,55.53783280055868
55.059670329094,56.56877422505609
53.578637480736,55.84243604821447
54.867379069328,56.953219183253346
53.722093701363,57.52707274988448
56.137916088104,57.60802189816077
57.059350848198,55.43387690813575
55.783165931702,56.46918752740834
44.276980876923,53.90055938712261
43.999907970428,55.591088722415755
47.454454421997,52.013479642615984
47.470105171204,53.49677452765658
48.803753137589,53.528736084522464
43.12109875679,52.752439356185775
40.388384103775,47.697655430107346
50.236309051514,49.89927705483084
45.986506700516,48.035446013060756
44.486574888229,47.895890990266885
41.300091743469,44.84582877210831
46.762721300125,46.22339962859907
38.70408821106,46.73318453999008
43.796207904816,44.00656423777605
50.295817375183,44.46092039797428
46.030451774597,43.980080679189356
45.565413475037,48.65419380917866
41.818161487579,40.1318300184924
43.40360212326,42.31592351211198
44.668056964874,47.48378181869819
47.046645641327,44.19770255071061
44.079535961151,49.01657798297363
45.748258113861,45.61116399617862
45.417287826538,44.209184960592275
43.955221176147,42.054765455063844
42.571883678436,44.33605782444454
43.601965904236,44.329123551245054
36.827224731445,44.41673228974077
42.205395698547,43.909154819321216
41.434567928314,45.65497178212061
45.410915851593,45.049013815863674
37.719891548157,45.06525777976472
37.793636798859,48.71505818794334
41.901491522789,40.714237096870264
43.708536982536,38.09792224769271
44.762804627419,42.21606082295621
39.684695959091,41.88011711775286
39.554109573364,35.775907020099005
33.039278388023,42.39771602141888
39.42754137516,37.4288455930991
42.665684103966,38.5160494149871
33.264396429062,44.432726146310614
34.147879123688,40.204434013810776
35.491488933563,38.8408759363981
40.422442555428,38.77194892330309
37.422470569611,41.63567532799183
35.574639081955,40.57465563035516
34.274941444397,37.07252819138898
33.405794858932,36.270126490211
31.09241604805,37.88089687989325
37.701620101929,35.20196431886812
33.363585948944,34.592907250797644
36.893136262894,35.06283661525355
32.367442846298,33.065052287087006
34.190054893494,33.33741317313697
35.339208841324,33.13727337563608
31.120368242264,36.58596499880599
43.5641258955,33.948657478674185
36.348503749818,33.45809463867544
38.857786536217,34.18944327267536
39.19806098938,33.109401350781766
35.205238223076,33.80179566709462
36.393772006035,33.5144976361714
31.021908521651998,35.73927127910773
40.088985025883,43.67898104331608
43.850368261337,43.86834976319156
40.003202438354,42.35803908682811
49.093766212463,42.12762016601393
51.894244670868,47.080602276505566
50.108888506889,47.38633387414437
49.621990084648,47.89117892308411
50.433515131474,46.43174378404547
56.271801948547,49.328693674455415
51.975463330746,50.05066930260478
56.020932734013,49.819208949128765
51.882181823254,49.85086627608111
59.287905871868,49.93409392427848
55.731459587812,49.70452174468815
55.60096257925,49.45058288212751
56.031244218349,51.38512957497258
50.901855230331,50.410940793566716
57.977014482021,51.99075206041553
54.909311890602,50.83511358387793
56.022503614426,53.816353042938566
54.825165390968,49.87742435459558
51.961036920547,54.89761393289195
58.252270758152,55.2813106594181
50.903122365475,56.08256104486014
53.852175712585,56.31766087558791
52.371098875999,56.17964050809842
55.92365115881,52.295068736217154
52.392818212509,56.32333657060432
54.819920659065,54.430581402266796
54.453783154488,55.98915407073796
54.568736732006,51.91102474899444
55.838489770889,53.52608989763718
54.57042735815,51.683150114718295
58.193709015846,55.898408147908
57.388556361198,55.5141396371354
59.277460038662,54.2288213203728
59.263831496239,55.78303698257328
58.273274004459,55.978320304407134
60.127332568169,55.90896053098532
44.859189987183,56.90254870274476
49.824450016022,55.87854173135731
45.682565748692,55.98700002273628
46.199077308178,55.75158257567407
44.643025159836,56.133115826414745
46.536915779114,56.49557987189724
45.228839099407,57.445079816419
49.115407824516,49.920966225706124
48.514069676399,49.59796693322658
46.941298246384,49.415062151147055
50.319655060768,48.67663972374006
49.288887619972,46.789209143520424
47.953342318535,46.68554315918595
47.93839609623,46.68671813963499
48.50338435173,47.07596867520634
45.489839434624,46.68292064688459
53.713103294373,47.15463493132236
48.057773470879,47.29198144886958
49.827321410179,47.42422617079894
46.57223200798,47.764273780658385
44.977315664291,47.85411854665232
48.855964303017,48.06607850703
44.456082105637,48.023995120791234
46.861767530441,49.341928344149544
47.091828942299,49.527730701341
46.369499444962,47.50595257159479
49.268167257309,47.952436774502836
46.587235510349,47.00734368033934
47.388743519783,47.977003391481816
45.637437880039,48.041113379438244
44.996440529823,46.86131332757518
49.519577145576,47.66326511130453
47.306030869484,47.529157499917865
47.810901284218,47.48720811978626
48.375225543976,47.2007851499915
48.185452997684,47.28605924131174
44.892438530922,47.485422531182174
45.701174497604,46.964603610729824
46.197739124298,47.082112693123825
48.434059858322,47.55693305917651
50.521604180336,47.86254943925468
47.56815725565,47.43906238779784
50.349923253059,46.927174534682045
49.901982307434,47.54248679451675
47.912650696933,47.312856956512476
49.974241036922,47.01245647036931
45.858646787703,45.57776482418827
47.15930807218,46.02475740629183
45.278979577124,46.97002672347863
46.19311337173,46.38651218249835
36.261148869991,41.34739470213133
39.126983642578,41.39297953688782
39.725336074829,40.49589992855929
40.364918828011,39.80654433998233
36.802987217903,39.88984744104117
39.900997638702,40.19040893665679
39.702636241913,36.73252716772783
40.015782594681,37.846942227941746
41.824504375458,38.29143534687115
43.373202800751,40.331070776350344
43.846303462982,42.75106816966213
40.166231155396,41.32990348377987
41.100920200348,40.282346053535306
44.688114643097,39.308792859251206
40.85852098465,43.796233631882714
36.52016210556,46.062975615253656
39.533832073212,43.7798273497792
34.935453891754,43.333385323647846
39.14058637619,43.12160145638641
36.519347190857,40.16703518092769
37.959159851074,38.59949035303326
33.869232177734,39.97660739385185
35.928100466728,38.42649433409197
32.978090763092,37.77186140760439
37.959836244583,38.572368759547366
32.954858183861,35.20563909813258
35.098598241806,37.95605969296645
35.698366761208,35.70277790858879
32.851598739624,36.39928656465598
33.420339584351,35.57394760271028
35.007541775703,37.92924759572223
31.128335118294,36.74198381552961
32.505922198296,35.176975319021864
32.007378935814,33.994804040304274
32.135144591331,38.753906350402715
29.09714615345,39.30780167775895
33.123664498329,34.836510760900964
32.13809299469,33.572229690928786
34.621258497238,33.00700243981704
27.840375304222,44.96332471993876
32.697677731514,33.11644983725251
27.77468931675,35.60415842375815
32.241154432297,32.75319083522999
32.283204913139,32.76463130509636
28.071636199951,31.25516188610613
29.495722174644,30.667180491488253
29.134417533875,30.22555340157768
29.574776887894,31.00113504494917
29.394850611687,28.65924747865779
26.697679162025,31.09420331236554
28.74760055542,29.93610927958466
25.782113790512,29.00642164883877
27.178340196609,29.19409834488873
25.42223572731,29.160789294769053
30.047944068909,28.70342601524554
28.573372840881,29.208800457227305
27.466285943985,27.720181227259616
30.168529748917,31.497454416135035
25.965895652771,29.35856747359824
27.153455972672,29.07404603092841
28.900581002235,32.85694631420043
26.887360930443,29.78190613265556
32.080938100815,30.630308204414874
35.12574839592,31.739563494146434
32.157908082008,34.49179120667363
37.745014548302,34.869384086240764
44.584301352501,38.72235275684302
49.131879091263,43.04853560720331
48.540808677673,42.89762547621058
49.290257036686,41.55547647643707
45.010990798473,45.38315016631983
50.346667945385,49.76226489722743
44.545677304268,49.90358541219408
48.727975159883,48.92785286739936
46.879882931709,47.64528335319782
49.90799087286,46.69035381005412
51.403577446938,46.42070178977254
45.563035011292,47.746715707578
49.260836541653,47.17794685210512
49.930889189243,47.2860191367633
47.755495607853,47.2588119186572
51.925304532051,47.34438935109971
53.859321892262,46.63712152082213
47.234680175781,47.866265800516054
44.036765575409,45.18818061015619
53.466064810753,47.98828205214738
50.815568566322,47.92629219500119
50.191116213799,47.8804222297851
50.049157977104,48.015781188565086
46.829864382744,47.95903134151229
50.484728038311,48.12725783814456
50.432558774948,50.16415889278666
50.537989377975,49.8940960900282
47.043254733086,49.91202571813619
49.573873758316,48.91518552462065
50.459013104439,49.43592845468797
49.140373468399,49.86955279700351
47.741196751595,50.1276375611425
49.814419925213,50.09334409009612
48.387162566185,49.52959392919501
42.492478370667,49.8868136408248
43.681387066841,48.861563619145265
45.54382956028,50.54990855809064
39.776797235012,50.393981878954165
46.054934799671,49.58610968584578
50.494414806366,46.865540362950114
45.899474024773,47.28569239225603
47.396024227142,47.83312575561019
44.633378684521,46.81922648329223
44.716809868813,47.76249466914876
43.745717167854,46.6785970306989
48.090581297874,46.97250507132964
41.606979310513,47.01929459382977
45.743093967438,46.73165560739233
45.163891792297,46.04282496277917
45.23703032732,46.88098280826249
44.960190176964,46.59518749006025
44.902178645134,44.98838949894131
46.903374314308,46.52175838589058
43.049896478653,46.69515391481891
44.853046178818,44.75913458657258
44.525747716427,45.01042416976515
45.820800900459,45.15245018221109
46.497610449791,46.55728398456948
41.46198451519,44.877460814656644
45.97099095583,44.85786275533087
42.523653030396,45.018187746814796
41.41830945015,45.102019642754925
49.183421134949,46.346298912763984
39.767403960228,44.41289087320009
43.080333650112,46.04017772488065
45.629548251629,45.4639802773394
47.789285421371,46.297233019623505
45.761838316917,45.339251340097974
45.265807390213,45.33532741412143
44.560770630836,46.552283755812844
56.254727303982,44.02118407475266
76.48578363657,58.582808933901205
77.606766462326,73.40215561273276
78.570381045341,58.80417410283254
80.885029256344,65.83837783974934
83.420017957687,73.94035610994314
80.284923553467,72.52922257804991
95.950018167496,87.19388505986068
113.13075190783,96.32356991900538
112.73716398329,110.90725241953942
126.90300536155999,106.50116039930037
175.3089736104,108.60300526043281
173.37748704851,113.42594893978274
159.37899941206,118.86219777412356
145.9486554265,131.50025866351575
187.17770683765,132.31567297584604
181.28299152851,152.0918550504801
162.81569695473,174.58708418328933
155.49724066257,160.10912844762007
185.78687667847,165.65691225522065
165.8164434433,177.62318057317478
216.97871291637,169.0681977358561
151.69663667679,167.13740206334273
175.85059428215,170.53879189613122
255.98997795582,176.25073367440203
84.01224565506,163.76299145878252
204.07549524307,168.63330126144606
248.9482742548,148.87383515300192
238.17459774017,153.98570961146535
112.9644947052,209.32784623989474
189.55458891392,116.29331399998372
164.6534383297,155.828069974418
164.66437149048,128.76752909948564
107.45555448532,146.27689273383365
128.39899301529,122.90030109545339
122.53569579124002,138.9686118392579
132.18072271347,121.38703521998318
120.41165113449,125.68750768315779
93.397897720337,110.47911837925776
118.79391098022,107.39052897802421
110.52335786819,106.17046237765786
221.22027873993,111.45971581221859
97.883957862854,107.22501260875889
48.355422973633,105.90019921935556
171.55180454254,109.68333898535667
182.38025450706,113.27740945632887
121.29437375068999,114.20310812737327
93.233498573303,110.8175062902256
95.67243719101,107.16794039538445
95.628048419952,133.50786758833436
90.326921463013,114.19511594018323
87.350855827332,142.1626921753827
85.301036834717,111.47697599483465
92.655596733093,102.3722322948783
84.355094909668,108.61209682170951
93.452078819275,102.53286451247216
89.076554059982,109.59939688672824
90.345616817474,96.18044485435131
78.824163913727,90.93946446298459
84.323003292084,90.78825137308478
81.116335868835,92.05378412821537
75.677260637283,92.0541650423739
36.138464212418,89.10350633401589
105.92866563797,72.23280508371701
16.669587254524,73.39869412501922
84.148163557053,68.2525200006058
73.586596131325,62.64691185886877
100.88360023499,62.143813198296655
66.93705034256,65.04640306891935
80.730767011642,65.50926022119857
66.786107540131,66.74949034852473
59.062028884888,69.11667360369599
67.404429674149,45.00797060261405
73.027526378632,67.86932983838243
51.678631305695,62.37313024023042
62.782186746597,66.71205977819062
51.486991405487,47.94895987585323
60.91262745857199,57.810934308829886
48.240246534348,46.62665669981566
45.466501355171,37.30874754370435
46.198096603155,44.1393290650633
47.596437454224,46.873808193260125
45.13009250164,45.836683411752226
52.599002838135,48.92048112210974
46.191571950912,52.77117720875439
44.25912719965,53.43896287301566
45.213254153728,52.21232838858662
46.437936306,54.24961845560348
47.856284737587,51.0303262403993
41.83799302578,50.478707201590424
45.822382926941,51.061057128031464
49.028523683548,51.45743230888744
51.054651618004,48.15354261456558
44.918209910393,49.195184289704855
43.454874753952,49.29162608762197
45.693174242973,48.58508716523436
52.456863164902,47.26711386908186
51.959634065628,45.07625139236723
46.160330116749,47.23660336999079
43.930278778076,47.738420471414926
49.411168515682,47.170354737993264
51.398075699806,44.96354051096848
44.524664998055,46.99943141580074
50.479375481606,46.17751611458273
42.317060112953,46.33345722799343
45.865298032761,47.08310621358502
47.666133284569,46.63834280728633
43.733081638813,47.08536109480639
47.205830931664,46.62212911477123
48.160102725029,47.60180102020189
43.358853816986,47.47672818467409
50.564124107361,46.45012005264388
45.893179655075,46.983976620332335
49.713889241219,47.00330837918525
47.805171608925,47.12717843801777
49.302944004536,47.40018951097649
52.682203531265,46.480535974258245
48.848231554031,47.42429438771273
45.26476919651,46.620125068871424
42.523890256882,46.32098604317149
47.246332526207,47.91738122758093
47.012095093727,47.71182853819673
48.110890507698,47.81926092645128
45.97798922658,45.65623207556265
50.234448134899,47.62833382561662
46.402885496616,47.85631803536457
49.750773310661,47.54273318346087
48.704775214195,47.65195265927793
46.079539746046,47.63096546165226
47.693736672401,46.19213069219258
48.74479663372,47.40876156331881
50.456159360707,47.433308268145375
46.621215358377,46.260698402903955
49.678827218711,46.35276478366534
47.095049768686,47.747273202022136
45.545645177364,47.668193706023224
49.44498360157,47.6108519175619
48.75498098135,47.72971232186801
50.189941048622,49.71729552299306
45.159267425537,49.783864342895185
50.169992089272,49.49765653096122
49.611544728279,50.29411110749367
46.301910579205,49.35631004510323
53.284040510654,50.25030302995021
46.488166332245,48.69575888938814
51.467079639435,50.13630044188365
48.034639060497,49.98876638203441
49.200151562691,45.99771294887668
52.740570604801,47.87216313150864
51.06397497654,47.925877187413214
57.70317363739,49.36900549323708
53.074949145317,48.11073204389094
58.3039752841,47.90202577697997
88.17250084877,76.34252950217602
86.379632771015,72.4345804017049
77.97129791975,73.84731031912037
80.172795593739,73.03749277349894
75.90787088871,73.70979499392291
72.132434487343,73.73770948683965
69.337710916996,79.65851223409904
85.833569526672,74.48180098144844
85.397838711739,85.4375444460796
97.856344223022,112.55821610539908
108.5897629261,102.5800968139878
100.43213295937,124.07202029744501
107.7810395956,106.50310090812768
125.282145679,126.28511552741992
132.40563976765,131.49766381620665
148.1961826086,138.38576481473117
138.70798552036,147.22980462250604
158.55750465393,130.55031455098433
166.59295368195,142.3709168581489
142.50399804115,141.1965800660002
168.89718520641,156.24149347109488
162.89757454395,157.93454217572946
155.10732495785,160.70574262970516
162.975461483,151.04246706926278
174.32532811165,159.66713157204424
196.86671626568,161.2990970440527
171.24367463589,191.6687927567277
155.71739506721,152.97229319526107
150.26106500626,145.32714186551652
146.40786099434,162.3721662167589
160.48764073849,155.29748158176102
154.18388152122,134.16104586378873
137.340061903,134.37291325636
151.63210511208,153.67607677562467
157.59944868088,130.93477024547926
160.51307201385,130.6029574349285
142.67789530754,130.0686979496276
128.89039635658,126.50510885564218
143.45599651337,120.3143615551503
145.34808540344,153.12775127205447
121.72320818901001,130.56709505416583
128.68550348282,125.3109193185859
120.48373436928,121.31525473703094
125.5958313942,124.39307752980991
123.51529026030998,125.29886481637935
128.115483284,137.12432807756144
112.75724101067,123.22117825637976
114.64410877228,118.10336957104747
122.53779649734,146.27168078826972
120.51432204247,149.09587646705654
122.2699072361,116.3268081303231
114.04971790314,116.5380610910299
105.01575636864,112.11245679822385
105.13485956192,112.41815366276198
100.69795799255,111.88478683371768
104.36224579811,112.34898580384397
104.12681913376,113.97094305107758
107.78784132004,110.14416104750056
103.44977045059,121.08291337273842
105.6963531971,117.43785524438874
94.789056539536,102.42856753296375
100.06846380234,101.14638805380234
98.768331766129,96.3707530018036
88.461103439331,102.7339048497666
83.907178640366,99.5737986835545
87.001810789108,101.24785498765374
72.440916657448,99.15904691578838
77.719472527504,65.3567461807632
57.089104890823,52.705597212732144
51.57349562645,48.13930152540289
53.652376413345,48.77593532748636
53.595811128616,48.847936787808294
50.433304280043,49.96946004890876
56.429824262857,54.27971770806184
60.013203442097,50.71456862043699
57.837006032467,51.172391439696824
62.90633141994499,48.10450341917714
56.8723706007,51.93489922019078
58.620890259743,52.127351660474815
58.763903260231,52.600662793777495
60.081900775433,52.19650162165411
52.550033926964,49.88637422576439
50.706783533096,52.04527556511104
52.004980325699,55.374745959191294
48.598651468754,54.38532229275184
47.039295136929,54.46737979496653
51.926846265793,55.37720475180068
52.443489611149,55.693062280330096
48.612139523029,56.96470631925918
43.916833341122,51.60225839544191
54.770716667175,51.32233807688986
49.487465262413,51.88355403666994
46.541590631008,51.397267825015426
45.827924013138,48.55444137696814
46.416864514351,49.67086289426551
49.352836370468,50.34110488682621
49.892039418221,50.44519350559075
49.303617060184,49.88793256340011
50.817156016827,49.50481713695489
51.979999780655,49.287826413765174
49.675539910793,47.793542042224594
50.233228802681,47.63867421945355
50.550861239433,47.785465370366246
52.911883115768,47.70191574250997
46.582901716232,46.951327925729856
50.598454535007,49.86582775609544
51.647002696991,49.503417724118265
52.681867361069,49.96471122850689
52.1010607481,50.13795873215914
51.754339993,50.45082172545098
55.184303402901,50.388510828861634
46.760215878487,50.35738469612917
46.553734540939,51.36495912863772
46.982798576355,49.283683370399835
45.715135335922,49.41570047332261
47.007711470127,47.47214302906067
47.010623455048,47.17880068004683
47.010559678078,46.73143238322419
47.01068007946,47.24419921898653
47.010542213917,46.985929112834405
47.007534265518,46.707089224560384
47.007665276527,47.144824843446585
47.010471224785,47.282209918371876
47.010478973389,47.124208393312124
47.010293364525,46.21043869734402
47.007500946522,46.13968850937171
47.008494019508,46.538076365613705
47.008147597313,46.53843486556037
47.009169340134,45.62558520176649
47.009164631367,46.34940482791857
47.008914351463,46.65264498714829
47.00907766819,45.727054237031815
47.003312945366,45.979088881006525
47.00925809145,46.32612318410101
47.00927066803,46.33141806244685
47.007646679878,77.60232933133074
47.01049387455,75.92492296486824
47.010289549828,73.28974057312787
47.009580254555,72.7287263251168
46.981025457382,77.37604464377729
46.941190123558,76.78334834387951
46.860870242119,75.81462224781859
46.791061758995,78.05610062127055
46.844525516033,93.89471357989142
46.92698776722,99.97321832027865
58.607032299042,110.43690911415739
69.370497226715,111.52607044286869
213.79130840302,112.44113496138075
212.22366368771,112.60481080084642
196.45368278027,115.65133260964714
205.00206005573,118.63366245195462
204.32981693745,120.32003955078272
203.92744958401,122.29657711322692
206.74643194675,130.42395882616256
194.67186832428,199.26539515328093
192.24745619297,202.12570033764246
178.86428034306,194.77625056186045
177.06189799309,191.8820498117736
178.26778793335,169.40528559574756
201.94224190712,177.8628425381371
203.62158536911,167.78342284119614
189.92972159386,148.3354081341533
182.87846922874,164.0071082177171
186.9309463501,166.40086824947358
187.55327379704,166.19208896891826
189.41651415825,164.81744078757922
172.88021469116,163.0863801631422
171.9921104908,159.33956260733586
165.92351579666,163.38078210820345
160.90358042717,157.73584698392997
157.68109250069,164.42711341953688
143.81765198708,165.29708304314687
141.96065139771,197.57059495494687
151.07908010483,160.33961914950015
162.84562110901,162.17815987876003
161.2067501545,162.5447101372569
171.6216275692,161.14496220562978
159.07476305962,153.0071360678691
167.17755818367,152.62260045111464
142.4166932106,144.24053013794918
123.38134574889999,165.52201218779038
144.27389407158,141.2783664436914
127.98971414566,141.70065847029448
126.21902656555,149.84687546198094
128.08167982101,137.95792624758303
135.25416994095,144.41305787053776
131.19510698318,130.57176700870656
136.31384801865,119.32989446484133
133.80075788498,133.49335066582194
122.82622861861998,119.1085577827162
128.71975946426,125.89328136466753
127.45351362228001,118.27652523391465
122.7947063446,145.61653064538447
115.47170615196,120.10654948887824
112.10324954987,120.40563977325358
112.91335058212,118.16736502470368
100.28234672546,120.03448100511497
101.94077372551,115.62026152863545
97.313070774078,116.64576293260298
102.35626649857,110.74153414329575
92.794401884079,105.57776708358469
94.859966278076,110.77757534758668
81.646586418152,97.75945173978413
86.446735143661,90.21920399191971
78.566815137863,87.05192581903133
89.662090539932,76.96604623086031
59.404427170753,56.768380715745636
61.226454496384,54.06304639310343
61.803404450417005,55.98223536335281
66.596933543682,55.05323350930957
55.937526404858,55.66316813544766
52.702724575996,54.459945875294075
47.783678650856,59.39949405793519
49.146718919277,60.74233515911152
47.357097625732,55.59257879390243
51.69181227684,52.152309571296314
50.55830270052,52.48829510731945
47.10095757246,51.83916558446366
51.895329713821,49.726083076935566
49.915906965733,49.76619040435228
49.692377209663,49.69987046081096
53.465260744095,49.32842167602202
50.842152953148,49.94556357576089
53.687449634075,49.074173302769076
48.634148716927,50.13217455348029
55.096546828747,49.910233837031164
56.506944537163,49.845750344097816
49.647405326366,50.774930644799724
54.979265809059,50.310737116733755
51.842418193817,50.93170855522666
51.121179819107,49.78850656929031
51.556750535965,50.9975875877439
51.261197805405,54.110026468904884
52.348033070564,51.69476402610326
52.52216899395,52.00866822261358
55.943501234055,51.48543512237283
55.345518946648,51.982480259147884
58.635913074017,54.06641288262587
56.405782997608,54.114111715309335
52.277875065804,51.972239315351686
52.563316702843,51.97362418278239
51.177228093147,52.505023450590606
52.93279004097,55.24406683378449
59.250963449478,53.91989346101626
54.69637709856,51.7782725225667
54.411500096321,53.72941232560723
52.448351860046,51.751138504028745
54.540707826614,54.69665779013713
56.383006215096,54.7173696390236
53.501993656158,55.05372348076715
54.925284385681,54.6939307363531
52.456750750542,54.65992314143619
52.777935624123,52.667108547732056
54.713930547237,53.504974545924135
54.994099140167,53.56118387924237
54.933793187141,55.02802698893465
54.35268330574,54.81746810423563
55.129472374916,54.92032655368408
53.238171458244,53.99337669455709
55.775487184525,54.87804218125374
54.871166348457,52.79241197739602
55.197804570198,54.80695542997279
55.81040430069,53.87318511246348
54.823642373085,53.657463262173934
53.373581051826,53.61443821276856
52.443110048771,54.75656958851463
56.218300938606,53.78332803773074
57.261887311935,54.801655407711856
58.022627353668,55.37873291809497
53.793016850948,53.74987653541389
56.621442899108,54.89276147231396
54.888016864657,53.90505808477897
56.863951027393,53.67107818760299
56.801528766751,54.88868845129864
55.987156480551,54.942051119110474
54.814052939415,54.44405826277365
55.745936453342,58.12972650401206
58.587501764297,56.726258299652365
57.550004959106,56.93339033214368
54.336008667946,58.1667129969003
59.745334148407,58.08529822256722
55.327634990215,58.11079684516231
55.028276562691,57.697921076368154
57.519061386585,58.134949147425615
85.521417677402,65.44098516322622
86.370468080044,73.75520849710385
90.171748399734,75.61963801768123
93.035634219646,77.27895871583914
92.184535801411,78.39984616376012
103.08056569099,76.57272571744015
102.36165642738,79.48963914069768
109.77265334129,121.77945774389032
102.61068344116,123.28035319101534
119.84968876839,95.96185588312038
166.17635154724,150.86338976718454
173.68305933475,151.47042310094972
166.64071500301,152.86539512963415
180.37371897697,154.11174643261245
194.59421205521,153.90958120981142
194.71915638447,156.82370888539126
211.96693563461,173.14478499168624
213.23379778862,203.71559910987662
238.76966762543,208.15527341121253
241.01350295544,187.79289518119435
212.67249703407,222.92999282088508
199.92696487904,227.04405726472268
196.98236894608,208.5335671444647
193.61305618286,218.51102007629686
177.69484460354,229.81364361534284
185.35044789314,178.83611499070213
182.10597491264,186.95600287236616
205.76274371147,154.22227304200982
212.72777104378,168.93143434241333
197.82989388704,163.53572051899542
194.55794429779,210.11568528603178
199.68321526051,192.83758066455727
184.1672399044,159.07729289662595
157.00358819962,171.45802195643643
165.69673538208,164.883727818044
145.07555532455,179.09294199544797
132.97398090363,164.6112215008036
158.04691529274,163.30588523407246
147.79957723618,162.53644016625077
140.00051641464,164.59494216304427
135.5181016922,161.80719321952543
135.37662291527,176.8806936243765
163.84888887405,138.73511666892085
131.29537820816,157.17642786713753
69.414141654968,136.70712156979803
99.105200767517,131.00864755002792
213.58037376404,144.56663166605094
127.64999747276,137.73701401665852
107.94367694855,126.19858400908143
143.3038752079,125.11143655843176
93.161553382874,132.7841347642392
102.72682237625,118.70365459350731
79.472355365753,124.50919237243536
91.121725082397,115.92956608707601
51.441906452179,110.40956647631018
88.071620464325,117.41529033825354
91.046493530273,103.9662606204956
97.216148853302,105.98547261405007
90.928475379944,103.23607050907553
92.459112167358,117.9436485787123
101.63071489334,92.33133184626064
96.537704944611,100.9148563503134
83.326616764069,103.33912642132192
81.096123218536,95.10086149232454
83.151109933853,91.58266590754354
85.564762115479,93.83595151757414
92.04220032692,93.2980608115241
90.707942247391,91.94425372226465
90.289701461792,91.78590929061745
76.602321386337,83.92177038199631
75.886843681335,99.95802888382563
71.138339996338,80.14315409387308
74.835973978043,79.59623610192159
80.660321712494,71.41590021190515
64.484545707703,75.01333078507514
71.220977783203,71.06673612509076
83.918687224388,71.36871247387268
70.302959799767,64.07619347399758
64.436497688293,61.38887235417795
64.297839045525,52.35800174623846
57.990797400475,50.622204615824806
60.87877023220099,59.769964160823484
61.557582378386996,52.84945285337551
65.424892783165,51.074246777979646
61.220596671104005,52.80358657153804
48.197228550911,45.896010439916964
49.881414473057,46.5681732686582
51.905331790447,47.666740328583856
47.403161168098,48.025993616512196
48.481604337692,48.67455268648314
44.957401633263,57.91165191432059
47.47781509161,61.62250178968361
44.563051968813,60.29921008777161
47.679520487785,51.91741317469023
45.05398952961,52.56216006128513
44.410561621189,49.29949492278461
43.061552524567,49.0968662180442
47.059966444969,46.70657297627041
46.800173938274,47.23358689140881
50.974019706249,45.89015716264152
44.671741962433,46.82197608500721
47.340908408165,46.872168116741626
44.517011761665,45.1762010092976
45.172842741013,46.99392570709798
46.912891387939,47.08258947526059
45.086341738701,46.825350826107304
46.455668151379,46.770994486334466
46.905728578568,45.08429553656416
47.811808824539,47.15083731272172
44.924209833145,46.93930730021488
44.193221151829,47.150601585116426
48.889247894287,46.653468121934836
42.572389602661,47.025054247258076
49.670799732208,46.225391840626244
43.076822400093,46.97281428718533
49.865754067898,47.06215638773166
49.514610409737,47.34675169754286
50.245920658112,46.33158342830605
46.582312107086,47.22556091589293
47.927458286285,46.10160195663157
47.616734564304,47.34247883307283
48.498378634453,46.61238559181837
49.933125019073,46.744212257865875
50.467826247215,47.312812654233596
49.586489319801,47.55403516300788
50.202294826508,47.45226277181212
47.322684407234,47.75867892789097
48.561797678471,47.540171126446424
47.770134329796,47.85623961844566
48.319519519806,47.724063703111796
48.060593605042,47.92756804355332
47.548589348793,47.9687734745001
48.878747105598,47.96560254293254
45.961712837219,48.010852547057304
47.311422109604,48.01132418828461
48.517856478691,48.05093711663028
46.808833241463,47.920757822516336
46.843535423279,47.976728839697664
47.508778452873,48.000835395563946
50.094500541687,47.98418613986619
54.756230533123,48.00982243430899
52.334509432316,48.028169346265976
48.627283215523,47.978741195581016
46.161144733429,47.95844743578565
47.502491354942,47.973958159665855
48.644545793533,46.970909817712766
48.88261193037,47.832713125504306
48.556738138199,47.68225796659609
47.660978674889,47.7182909984005
49.614180922508,47.63194257177227
52.652171134949,50.078570063702
49.391932249069,48.10715162221952
47.053456187248,48.013228236072834
48.877207636833,47.45930489618488
51.194206297398,48.05563361623963
53.756101548672,49.51524625563109
51.955126404762,49.945277645592235
45.854451298714,50.17991818280282
48.040171504021,50.48003985086191
50.250892281532,50.479983802798266
49.530006051064,49.58924159166177
47.444123387337,50.467849572986225
48.038282096386,49.9444715565115
50.698277950287,50.676059470727985
49.667241036892,50.58247335763076
53.0259526968,49.69608876770976
50.351314902306,50.12859156276582
51.636326789856,49.726098942362974
45.851518511772,50.6558889941003
47.140172481537,50.753553902982844
51.611317515373,50.7355436061965
51.564555585384,50.55504219908872
52.753040015697,48.191103306427806
50.009777784348,52.00921922277013
51.553802490234,50.82448844862152
76.879065155983,53.34011716502537
82.27614492178,82.18786435885805
84.843322038651,82.79056293931765
84.991887032986,87.15603276123372
89.7620844841,83.89771150726597
88.05446286872,81.8815213931784
84.691730011255,84.91715042089628
88.42428676784,87.83297937470475
94.929660275578,97.01737928399648
98.350214254111,113.17782216240133
96.306799173355,116.558482655997
117.03453142941,124.07148922726903
108.54224121943,128.63595930875672
153.94400775433,155.77143693035163
157.38107436895,155.053377674063
163.99707770348,154.42973661716854
159.76382505894,157.8537345166602
175.3749588728,153.1077664112813
194.57300305367,149.48918469924237
194.96206092834,158.04664045835682
205.31337976456,155.54828488426827
213.76462030411,191.88987371774968
227.1478729248,189.4975922574236
228.91470170021,191.06317576450328
237.33238041401,193.82425136527917
249.25318324566,198.3160143588961
235.57826519012,214.4380936963061
230.14189231396,215.88436468497002
218.32799398899,215.7498020832523
215.66220390797,214.20264563822937
209.5510648489,215.7906918518896
217.0421282053,216.91172374396388
190.40100181103,207.445419256914
190.87012267113,214.12124767396588
198.12244868279,210.38271336012116
190.20849239826,218.5464736375484
184.06156122684,210.82626139464108
225.43741357327,199.6188564288077
190.26524019241,198.04435004738102
199.77748918533,171.7043445799472
172.70107316971,171.47471865856656
196.94703722,171.13216987519573
164.83514380455,164.07831688307078
167.87002921104,200.71832964423575
180.48083424568,166.60485671556782
170.44026947021,168.25108562953704
175.7400329113,163.4331420786965
151.26275253296,165.4152206105258
158.07489681244,143.69332961242165
147.32422590256,143.8103156158304
141.17644715309,172.59127919588036
132.05642652512,154.34013920095336
138.1953868866,160.7708989729953
169.53312325478,171.42218563960196
148.48047208786,134.51890604948875
145.91494226456,153.28529505289848
141.52414464951,130.00628951451768
147.91566538811,133.26976683294635
148.36843895912,128.8588931269368
139.03476285934,129.94858831291253
137.33716821671,121.69475759824017
122.53172826767,122.94692134546514
116.31030082703,138.50898458732368
121.41149473190002,124.2004219533
112.89007425308,124.22674419243393
114.00164556503,126.08741606488087
109.65185928345,123.8704924074957
92.581382751465,151.74375322828774
97.641294956207,146.7037548175102
116.0074095726,123.5162742307102
112.12747859955,119.52816242676363
109.85422039032,119.69795046751815
107.06681203842,120.00790272183436
101.14899921417,115.58112669792988
100.2463760376,116.66278396279468
110.50211668015,104.1303629281947
101.2028503418,97.01027745172712
91.631840705872,99.94818778919556
80.468514919281,99.29638815448247
90.18133854866,114.36289765585447
87.690613985062,94.84693209828491
79.072211503983,101.76146717980636
91.224754095078,96.77314137578
89.313227176666,87.69006014823407
84.305030584335,87.02401151498864
86.772681713104,85.7118841070648
73.28392624855,82.83618676742341
70.431924343109,80.87160935026397
66.92005443573,78.82976370182413
68.856811285019,77.54125384402833
70.649048566818,77.54831813685068
70.885711669922,76.75986860908473
68.49166738987,77.03800054965535
80.685257673264,75.24120608738366
82.682540535927,71.5690114543289
97.447011470795,68.61259611941067
79.989728450775,63.93428462458439
65.423878669739,52.608485020866844
42.828409671783,48.80006493636362
47.950488805771,50.971890673544955
53.290501952171,49.7681930772709
51.854131162167,55.196515059936154
55.011337757111,65.127912218849
54.469634532928,67.04408991067959
52.917016804218,59.252299438569274
60.671965241432,54.18629846652433
50.389191746712,53.77907909998968
53.571314394474,52.68015615730117
51.480906605721,56.2422006705508
52.921017467976,53.15741526946877
53.923706650734,55.972698856767536
53.950245916843,58.26934984816697
50.848729133606,55.57164205270574
54.978658914566,53.564404796387684
53.707446098328,56.77099716194591
54.509536743164,53.82596048467089
56.158959627151,57.85186142694883
56.367927312851,53.791734450074514
57.039367556572,54.066444595372595
55.473779439926,52.61501227484423
57.121143102646,53.734545536768536
52.517808198929,55.0439443266834
59.9352222085,52.744878793156744
56.896411478519,54.38593563186744
57.714146018028,54.96725869962041
60.85233247280101,55.885383147977045
62.046857118607,57.24578699731802
60.41654312610599,57.47835966727518
60.443133950233005,56.35880988414755
59.784518778324,54.54525015080326
59.857855200768,57.57044256917981
61.632215261459,56.96732238505666
59.221711874008,57.17084597979386
62.150604188442,59.213420832648694
63.908575415611,58.50272372947964
60.350447416306,58.922247370960754
59.071748137474,58.614352693416464
63.667627453803995,58.92162558300034
63.42488044500399,59.56483719834058
63.246379315853,59.15662639092016
62.86548674106599,59.6685726695694
61.800193965435,58.96148748634819
63.637501597404,58.37079851500032
64.489537060261,56.78176242956076
64.519503355026,59.26704092774789
63.444857120513994,61.33780629948746
64.541281282902,61.070734926037
65.391982078552,60.35914648212508
59.069405078888,61.96433657910793
62.549429655075,61.72581994410326
60.004004955292,61.33977410019347
55.578030347824,61.315194398396734
68.226812839508,61.354491868134765
64.480145335197,61.34017800535899
66.704581618309,61.33903978387155
66.653208732605,61.04852134286343
67.48484903574,61.045134758334925
65.794772148132,60.055638114726776
65.189048349857,58.57426730481252
66.042463839054,61.25110131755015
69.044920325279,61.32673607596849
66.006836891174,58.97788015031035
63.210380792618,60.86359358873444
65.871945023537,61.62555070080673
56.618070483208,61.413464455044014
56.464096367359,61.2078588423955
53.507123947144,61.38623036780057
64.954742074013,61.4301995068468
67.684546589851,61.054541820170826
66.091471910477,61.295800269760456
65.955730319023,61.87650678608913
63.720795273781,62.06780276139289
64.155324399471,62.212289608695436
66.644132077694,62.1736018759434
67.627489328384,57.487373313002834
63.26378530263901,57.41549954057247
60.159037709236,55.37442180161171
60.645165920258,62.2934917312813
55.683094441891,62.55265682973405
59.791175961494,62.19391940881868
60.51913779974,62.147955155322855
60.897812962532,62.724451378025435
66.9171692729,61.73426890143515
67.29585647583,62.640346380598
63.252014398575,62.78110549047189
67.218838810921,62.36942958133155
64.764572620392,63.00747572175454
54.797776341438,60.443515132907116
62.27558386325801,60.54798797169627
62.151182293892,57.18711840408688
59.081133663654,59.90060587627888
67.5908639431,61.3114969470479
66.037508130074,63.31347606125836
66.446646034718,63.51819895326942
61.772540271282004,64.11861072563927
67.925534699112,63.39260630596916
62.693696897477,63.39040958063675
59.630165427923,60.09171571736274
58.766965918243,61.4742549932066
61.579930264503005,63.9196111708132
68.372807919979,63.220488339842746
70.897966265678,62.706098546249656
66.89483755827,63.112209711925445
63.81251120567299,63.07978647053086
59.446389019489,62.31747750382223
61.493064880370994,61.681830665942265
63.707040190697,63.119412621447665
63.28577530384101,62.11133344689699
67.374920248985,62.253011921096395
68.721448659897,62.251432831829526
60.053383409977,62.34710282529396
62.809860676527,62.1277992521771
51.095321655273,59.29158819189629
43.885010361671,56.01680129480228
48.897131443024,52.80537289502547
55.440446138382,54.351919733057535
57.245220303535,62.2193617368632
58.412790775299,56.68373719003463
58.515494942665,63.410986872530096
56.180055044591,64.26847003298575
60.013307094574,66.17102939931824
56.053532123566,55.3728553538623
51.363152980804,51.24870127531789
55.625856876373,52.6274190698275
57.634186506271,52.970918161098304
54.631899833679,51.8634565483133
51.934930324554,50.45389182709708
55.379939556122,53.84273655106406
49.119604110718,60.89600476738147
50.955632686615,56.449101682611754
50.980499744415,58.13460772369691
52.948442459106,55.06779346025586
48.975101470947,53.59389594491202
51.392338752747,52.21348343085366
40.901093959808,49.60415482595841
54.6355676651,54.37219233241726
49.603970527649,50.007149949759004
48.906703948975,50.72753600573935
42.724897861481,49.376496633318624
48.370118141174,49.919470449943965
55.307591438293,45.61669411393766
49.917811393738,50.238702374700104
44.843024253845,50.22241625342382
48.155696868896,50.03538056441761
41.279668807983,41.41326790567395
37.694629192352,53.27577967296129
43.016428589821,49.147536613966196
43.74792265892,48.24102905493736
42.069683790207,46.941548442549205
39.85010433197,48.225079121680686
36.864034533501,55.282275438057525
45.127304434776,49.023248708933735
40.204622149467,47.87776715775677
60.086087703705,48.34320883133374
44.521822929382,45.430421213196674
35.663466334343,39.59781006303967
48.330565333366,44.42398052156234
38.550361037254,44.26390449838193
50.452761769295,42.145612812642106
49.303976416588,39.9200241957428
46.678542494774,38.44174606998349
45.578000307083,44.1905647142767
42.337624073029,39.70845347162059
45.430429935455,54.91853296565336
43.131274461746,43.601124075119586
40.2479159832,48.50287636535408
46.714516162872,39.441543870329205
37.983689785004,43.207060610266815
39.744386911392,43.73630107693156
46.151965618134,43.07711499260348
48.440580606461,42.89438060917409
50.283825874329,39.20150483091716
51.888951063156,46.12089534084267
47.159264564514,38.51081136737655
45.335275411606,39.62561111923321
52.741082668304,46.220837317611526
44.084935188293,43.813520571340916
47.999456882477,45.86386784279892
45.139305830002,44.271741628410396
51.43025135994,46.12965115036183
47.012083292007,46.06996677392255
44.692425727844,42.047814773562266
60.338966846466,47.42841667645048
50.967787265778,45.84571796502594
43.807245969772,49.88951912015551
39.081334352493,45.454046275789466
41.468340873718,46.636701928326936
47.507046997547,46.424027305907885
43.020880281925,41.95662421868925
39.534937739372,49.618366093020484
41.159045577049,46.858214516619874
44.144690752029,41.078829135122774
44.069826722145,37.805014739704404
51.217893242836,37.79234693582696
50.477464735508,42.435776585236844
56.08246088028,44.61299066200681
49.630589485168,51.442370055853225
56.139510154724,46.38735623895541
62.249131202698,52.83537076978498
61.389589548111005,51.030681044571196
58.147303938866,51.22931245405609
67.241020798683,50.57737061299949
61.578481733799,52.62824466277241
66.996438324451,55.59401722889793
65.837086558342,56.792746408721065
65.350786149502,57.94269525525268
63.455146074295,58.0722440993252
64.723198115826,61.88363198793257
67.639827489853,63.1089622438113
64.87658059597,60.29657064872992
69.765847086906,60.4333402053399
65.718077421188,63.03111570649676
64.420372009277,63.07535401282889
64.153337597847,63.08453743181169
69.422942876816,63.09132937093056
68.624860703945,60.33286261564514
68.446687102318,61.69266629397071
71.66621440649,63.06567227811558
69.661129236221,63.895746877845305
70.768004894257,62.37351294765332
71.027975559235,63.90855007305734
71.168506383896,64.38722953111964
72.835198283195,64.06556607757555
75.091449260712,63.93055834357075
72.431102871895,63.891056550204624
70.841375350952,63.24605421060539
74.712694048882,63.02770726722502
76.597304821014,62.44812376708761
78.162875890732,66.39731125899273
79.846681833267,61.02545515896063
64.430703639984,67.10434091244107
60.632288336754,67.60679759902006
60.528043866158,66.02411405300766
64.323937058449,67.20935109596608
61.212568759918,67.57990272996605
63.74250531196599,67.32972102529826
58.865117192268,66.76352944567105
57.144936561584,66.91727370463529
58.04270362854,62.57150660609916
54.685736298561,62.37502438040817
55.766964614391,58.170938808725325
55.437419474125,58.174423162340034
59.77868437767,60.83391858521264
56.216447710991,58.03070306009516
57.717995882034,58.33822967359294
57.792205452919,56.011164895297476
54.848787784576,55.55695673954348
56.479169130325,55.96726577221955
57.296561717987,55.531251935497
56.523537039757,55.24963722616407
54.379240512848,56.22815834679304
59.472831368446,55.6076462985719
55.961445569992,55.32231886866862
57.915399909019,56.000449857401854
55.574524581432,56.036597860872284
54.786965608597,55.32065658148178
54.73713093996,55.55068355734861
58.567671358585,55.734367783734704
57.446605205536,54.857457799589305
56.181152224541,56.070028728578684
58.184415459633,55.34949183191993
55.597221195698,55.804295642613354
54.307306647301,55.76905326299311
56.503167390823,55.47539188530365
54.603207111359,55.7457517376099
54.512213349342,55.90029495771867
55.298937499523,55.82679559862463
59.191192150116,55.60882191185787
60.476214721799,55.582797672808816
56.743969783187,58.061134180959314
54.268848776817,55.65659499665726
54.987636089325,55.19699606627757
53.460821911693,55.01676012493928
57.463381558657,57.33252085154614
56.509755253792,56.005746460774425
56.877021670341,57.09654971178431
56.922417283058,55.5933409967571
53.060762763023,55.3630631246013
52.190650939941,54.63828170240125
51.492734283209,55.44747247194636
48.060531258583,51.10538273596525
55.414151072502,51.131593130756514
57.709047317505,51.59336081193285
55.643429875374,52.888143864776815
58.193873167038,53.210920225972025
55.774092555046,49.54962646085912
60.61469829082499,48.95776881096695
55.478577136993,48.264556639221546
53.972780227661,47.67745574741423
56.739607334137,47.79760403430637
51.735198020935,53.76577184381292
54.765643835068,52.350570058602045
56.849081516266,50.27900286173017
55.641021728516,58.73317759344855
61.704508781433006,55.19737554556728
49.70934343338,49.006543996488475
59.440415859222,53.82021548983334
53.570304870605,53.7095461984586
57.430774688721,54.18408941733788
53.49010848999,54.6311809539606
54.439652919769,56.643009395970445
51.817788600922,49.53092972308499
51.821194171906,59.267652536631125
50.999488830566,48.507271051304166
49.468778610229,56.21817823129717
55.207427978516,52.318831716190815
50.420771598816,56.46615436172871
54.67191028595,55.479938506912056
53.614905357361,55.25123791983559
60.980754852295,52.05219760358389
49.16274023056,50.247012932787996
52.857341766357,63.64874889649981
48.25922203064,53.0406008869
51.238244533539,49.704915849224115
45.517967700958,53.34116864212551
49.378895044327,49.960248461583625
47.678226232529,52.42587588858681
32.288137197495,49.2923853674762
33.44350361824,52.152083699133044
35.676201581955,53.45517634205877
34.434465169907,48.10437358326984
34.899757504463,50.91780775277815
35.559851884842,48.204574834971076
31.284211277961997,48.8475114180168
32.752201557159,47.59646160817097
32.833529829979,48.23956336915027
32.16502904892,41.56224917910059
33.534966945648,41.47712858622402
30.4855427742,40.51692798395644
31.747730255127,37.892709434526246
30.509019255638005,34.399466656309286
28.219136238098,33.305291426110806
30.541398882866,34.42953043788109
30.138933181763,32.552093235049924
28.831991672516,32.20483207275565
30.023744344711,32.236615847452924
24.527332544327,32.21231991100048
25.728273391724,47.17371989368049
29.681548118591,31.92151205638542
29.763507127762,34.51248047844585
23.340569615364,31.79953658077537
25.560470581055,31.841865422123206
26.458862543106,31.829022635597955
26.186173915863,31.819215918327313
23.817060947418,30.825368816613647
26.171571493149,30.789900161691136
22.173160195351,30.917669404029713
22.712786197662,31.647548575921252
25.31576398015,31.28987590427214
25.818509817123,31.093685314731378
26.803221940994,32.10525363818015
27.099411338568,34.643862836237155
31.412157177924996,40.11106604112486
35.400507569313,41.29065098788738
38.368213176727,46.260719119998896
40.142910659313,46.7965088828039
41.167970538139,45.06503792575961
44.090929508209,46.76425485828334
41.24455010891,47.43985321903042
41.844008922577,47.673229915850676
43.483799666166,48.40831306064228
42.995520532131,48.70636361860225
44.970313489437,49.24794406829162
41.628590166569,49.614065447742796
43.756192922592,42.77664264014462
39.708812832832,45.70828449119051
43.422744125128,44.268256885119406
44.293322265148,44.40076260230952
43.453673422337,45.410004048726115
40.650684535503,44.338929067680965
43.416283011436,44.384253764113716
45.943583369255,45.506548510380426
44.571759074926,45.418097355287536
41.461489856243,43.10257220118395
45.931230247021,45.51410658510218
42.753809988499,45.368432950117274
43.249023586512,43.51753745747644
43.188032984734,45.39673277427831
43.859586775303,47.632226422161985
42.252198398113,45.53115411365255
46.557279884815,45.367657391017715
40.918929457664,44.478518857038715
43.694042921066,45.61524293590143
43.827821701765,44.49500588197625
43.845056533813,45.19674047556696
42.736392498016,45.3310379600783
46.577132761478,45.36974204955987
45.198471307755,51.83871925031603
46.396888077259,45.216783420880816
44.496511518955,45.67222213591561
44.637057423592,45.274354654132544
41.98788279295,45.80802596446084
45.950449943542,47.69761211701307
51.797029912472,45.29956316146352
47.880022466183,47.08085817166465
50.515504658222,45.21116951487214
44.636870861053,46.71845588007466
47.261379957199,47.352938606702445
43.78876709938,45.292257504366944
45.504081964493,45.15475594140203
45.115487396717,45.1998081502922
44.018433749676,46.95313797153029
45.980476737022,46.8419406467199
42.201020359993,47.18680513184921
47.073156177998,46.572321144348685
45.166574776173,46.65050760230449
42.945327877998,46.652538291334835
47.868550777435,46.12556976806925
46.320022642612,46.32310448548951
43.958822131157,45.6973414310848
44.74492007494,45.009568706751494
45.000691473484,46.81316187511403
44.083514273167,44.99483241743876
45.757208347321,46.302871855920195
45.228727698326,45.059832303889756
40.852129936218,44.94776714791314
47.077041506767,46.79300552221968
47.553848862648,44.98659189919281
44.773773908615,44.783937662787864
43.650332212448,46.818483546012395
45.237712264061,45.00424761725229
46.751101374626,45.14618889476835
43.130585432053,45.01119762631546
46.258743107319,45.73494965114709
45.499519765377,47.60017435515827
44.901823997498,46.92606500176072
46.207828164101,45.458063252950915
75.539526879787,60.788345437677584
80.08881932497,62.957493184320036
84.047397077084,60.67627742334737
82.895840466022,66.5026731700608
83.694084763527,70.93171789357265
97.103999733925,106.32987119255446
115.84234774113,112.62288222610444
106.10976451635,103.81919343610862
133.8550825119,110.7354937043742
162.39972782135,111.96654480385635
144.38992977142,112.79863242888736
135.50815200806,152.60188424053248
138.56313276291,140.2628161212804
144.85714864731,140.78547021640816
137.76148965955,191.53307443730276
129.86270847917,165.55998302560394
105.69728343189,131.6199591856452
107.96598982811,150.7281455310236
62.577819228172004,134.41784500782094
136.6411986351,150.46026806887346
115.95726156235,157.16821889760848
90.516242265701,160.13572033641967
116.74178028107,145.49156571290854
106.88637900352,129.34516745070317
126.19022846222,122.02491546639123
95.840374469757,128.41266448923008
110.71003389359,131.61219155058996
80.381670951843,117.62799258526523
97.855179309845,115.3622025611909
83.187665939331,116.53499517418044
136.3612588644,127.40447950942847
117.71475028992,107.17758296093074
70.344124794006,99.0888800439665
74.098583221436,92.35450038027166
23.240752220154,113.16216782367097
89.454191684723,115.72418903013268
91.357374668121,98.83515632531216
58.869948387146,112.32568777468968
28.236814022064,85.3339056294119
67.397169589996,82.10536329907441
64.229574203491,89.79320695957185
30.708503723145,95.69262105369504
77.623996734619,95.86421303477618
69.030802249908,79.49713291115394
54.065156698227,56.4900836130811
55.572174549103,98.6765299067896
57.818108737469,57.758770578293436
133.29362046719,74.49911090641216
71.195515394211,79.23188660455594
18.135026335716,57.037893204126554
39.621317386627,69.1683482264817
33.873561024666,57.36939873033821
76.286913514137,63.169845623778755
62.305977582932,92.07331987242772
58.229081273079,85.00469764931991
62.877959370613,79.11340241644743
63.10296404361699,40.67439239562781
53.06498336792,81.61672400924738
51.673436403275,72.17733204349221
60.433748483658,41.4904040965374
55.721432924271,82.16381369126509
57.714331746101,61.66125213741535
58.981306195259,58.800155164384115
63.44273662567101,58.91074555761574
67.869652628899,59.97289275550588
62.821535348892006,57.22783844466972
53.443762779236,53.5036956437414
54.136343955994,52.2214550701216
53.156427145004,49.62117923248191
53.180981516838,47.77769769764417
48.074452996254,47.77623821618348
39.077419757843,44.62479561281286
40.138035178185,46.12570273589311
39.250117182732,47.07831755634105
37.797962546349,46.37789511593105
35.772785902023,45.957526740677324
43.003074884415,43.59097132339414
45.925220668316,47.93383089161921
42.22121655941,45.586883617904846
47.328548073769,44.42690444851613
41.910509049892,44.70862442867971
42.65734732151,46.323953008646285
42.822255432606,50.13439657223364
43.903676688671,49.757967042907715
41.190005064011,47.536353922443055
41.487181007862,40.641704337959695
39.05443418026,49.28545443606217
41.272757232189,44.485987593437386
41.414633393288,48.05593639691582
41.537736415863,48.82717038629069
42.991513490677,49.32371311621395
41.430736660957,49.48512309851523
40.902472138405,49.26933006653876
42.621929764748,44.68527210873002
43.461105883121,44.6192169721274
44.112530201674,44.89322747456838
42.471774816513,44.63449267809952
43.455823719501,44.51731731699129
43.581369400024,44.69166472335094
44.290220558643,45.497552076030566
43.620198249817,44.93175705198578
44.399424612522,44.81127689969505
40.849861979485,44.82682206040515
45.103838086128,44.51497603166086
47.885420501232,44.96493981713416
41.322057723999,46.541088080875504
43.849289774895,44.96834769155755
44.782922029495,44.99108540214477
41.914466381073,44.7482796066484
44.260991573334,44.98097037160016
40.949587345123,45.124822105178524
46.142152905464,44.98298346105902
46.487752318382,45.01781363976961
44.887998819351,46.506886064366775
43.020239531994,44.99248798487225
47.744841694832,45.025954404306944
44.59920334816,45.04259397652947
47.184541344643,44.57997710112472
47.102402091026,45.03242563317185
48.179125010967,45.52138999115084
43.158128857613,45.04953561854157
47.157746970654,46.1454385869385
45.717437207699,45.00242177649225
45.87967479229,46.48401136060244
44.989230930805,46.480839870598324
47.657139241695,46.80854205083727
41.452602863312,46.29251973717327
46.014003276825,46.73523833019374
44.532024621964,45.123579863885205
43.112932026386,46.29849149037822
46.875440120697,45.19867246261348
42.579596281052,45.67090759593189
49.142983555794,45.430229314305194
44.857465028763,45.2212660737058
46.775480151176,44.725108632629095
42.270821034908,45.399781237673
45.985540390015,45.02993636034715
44.430315375328,46.47315835860154
47.527920842171,44.92830872509933
47.524151980877,46.55214877812694
47.255459189415,45.148303669474636
45.294553339481,46.51215628366067
47.279413938522,46.71931216926861
46.995958328247,44.91952565801956
50.173216342926,45.682091064027865
46.89192211628,46.71219878684449
45.759863197803,46.876680039551054
43.83994781971,46.885292032915395
45.990493714809,46.92813612853311
47.587555646896,46.515808719297965
42.944703221321,46.8892053339808
45.561054587364,46.747923919844986
46.832863807678,46.85897527563478
45.835459887981,46.915132535867556
42.39206635952,47.20306151620251
44.923896312714,47.20701352621455
49.000366926193,46.86076127891516
47.289130151272,46.780367475511696
42.337124943733,46.9464365094251
44.212050557137,46.74382471362048
45.782274127007,47.23969582630621
45.293286085129,46.66687226876893
73.092353343964,72.51244056180921
84.496261358261,83.92826713435166
82.008855462074,78.45514863624061
80.036413967609,67.53745295894113
82.636389434338,71.11395474948303
75.571357607841,67.73669251012575
70.695544958115,69.41106209194504
82.107472419739,88.64265906217472
88.082900166512,105.67065981657989
77.542613744736,112.90437546330759
90.019047737122,119.73120109865481
92.973466157913,128.8337974342907
98.412226051092,128.4205541167461
136.02475404739,125.69948120782277
134.44236850739,133.9449177964923
128.92401146889,147.20848571267683
146.45065484941,111.33573507479483
144.36545453966,109.81183043733523
132.10016547143,114.02806318794259
165.40307608247,134.61178754883449
177.37353225052,146.51869098866607
167.54368694127,147.16348673321122
166.78946685791,137.2722399504536
152.13016086817,126.31095492090815
172.92357599735,130.17236681686825
177.70906722546,151.72604092727175
171.16692459583,140.82815984079468
152.63122284412,146.20423012778352
173.23764908314,151.0569589894072
149.19263672829,143.83634280808937
156.88632524014,135.3653828761138
140.73457111791,147.2171536596062
182.67843055725,146.8072728601303
162.49559119344,148.0287855911706
150.11869215965,128.6535830688079
143.99233174324,128.43543431323857
156.69240021706,130.90296045295256
133.71293783188,131.73569159783995
133.9081299305,139.2638063436569
119.85877275467,120.40089314500416
85.129693031311,128.7994555617571
115.22628116608,124.47423636985557
108.68382108212,120.37015052273162
117.71353340149,110.59038347979936
130.03920841217,113.52663366144569
168.82325267792,123.68217464691485
121.43590450286999,132.78140037034413
133.18086719513,124.7675583585608
105.60050237179,113.28098850082263
112.88912391663,109.50587515507173
115.68161559105,117.18626917228076
126.67423725127999,113.11819294324252
126.81904649734,119.27949382277637
145.99255561829,128.10800527872377
84.002449274063,104.28008973993322
110.23980093002,106.59196821337729
71.380931138992,98.70741355774047
105.94307112694,101.79593616126782
101.31765711308,102.03929025623874
95.973090872169,101.17688067661511
98.404057979584,102.69148316102168
93.573796749115,102.07002139800986
61.654219865799,92.3193035062908
88.888124465942,98.61249025929594
66.29872918129,95.2115433552876
62.076492190360995,92.9287593712527
77.764752388,77.99432611745308
66.268068313599,81.57693619627744
70.056223034859,60.23586504616575
69.971768975258,64.78207686456628
102.3683757782,65.72465597339405
80.069657325745,55.13363667573346
56.753862500191,67.82565831983693
50.81844329834,57.657854791868466
68.328126192093,51.179369481261375
41.780826330185,52.364634002603275
52.165912151337,48.9654417824975
44.778338909149,58.425870073216544
40.467515349388,38.82392084245433
41.722412347794,46.735155975753784
47.057096838951,48.458493449962454
48.77050191164,46.23229298604458
52.359207808971,52.922229402822474
49.452041864395,50.816044683065606
48.451815724373,52.88087154921923
46.17590546608,52.8572386659732
46.890133261681,50.94664779402497
46.92272734642,48.93239744505575
48.938525080681,49.84929155371284
46.057710528374,46.15303487609735
44.409566402435,49.55347844053132
45.764755368233,49.68940070160073
43.115361392498,49.24512227933127
44.153342485428,49.16466994912805
43.957352399826,49.007131300811196
43.669948101044,47.694740464570806
50.115332126617,46.94309870449571
49.237405180931,46.534577923608346
53.363419890404,46.668342322347655
49.459238767624,46.33553746264212
46.654054433107,45.36708973945512
46.785650849342,45.15995721363887
47.175372242928,44.990294088175766
42.838998317719,44.9955131475886
42.415694236755,46.52456642270992
42.08328473568,46.598321773388115
45.255374193192,48.44212864014691
45.817954003811,47.102032328597666
48.39165186882,46.767702973996414
41.96386885643,46.416672160427204
48.852940678596,47.50986870905411
43.226063787937,45.659645315641406
45.245729088783,46.65965068941874
44.487257301807,45.470468453930195
42.442455947399,45.017301675253535
46.608087003231,45.54722269627755
50.036030650139,46.52110899760127
45.030172109604,45.07494181017503
46.633293926716,45.115342558478424
42.941885173321,45.03113902611748
45.347400546074,44.86539999487675
46.236234784126,46.3035638923804
44.027521967888,45.28634284549177
47.068831980228,45.49053791993684
45.851597309113,45.19181180476299
50.481591761112,46.41835901209422
46.821609377861,45.13278610833767
45.556699216366,45.80189073733565
46.377820193768,46.514289382865506
47.42676192522,45.249812187515815
41.993579685688,46.91285146231751
45.237209975719,47.27906993692012
44.309994220734,46.65781404888251
47.292700231075,47.220931667121825
42.875633895397,46.61143038064782
48.560686230659,47.04908446287788
44.882217347622,47.16260592356016
45.705435991287,45.40565233884502
48.761077702045,45.458995938708796
43.634410202503,45.1931200809429
46.757709026337,46.51853889694522
45.500148534775,46.57525177809307
45.896078929305,45.54931003371292
45.538554862142,45.20621558107499
48.07234916091,46.46286924083495
41.675878763199,46.42046124169285
43.701598986983,46.81001359571117
47.569236308336,46.4243055152051
43.733547121286,46.59019174907613
44.964358210564,46.627529758098056
46.256810128689,45.81395269273706
44.249395787716,46.35764754776543
46.0215741992,45.18459216113281
46.518518745899,46.555476712933626
47.899770081043,45.30790763775587
50.41004049778,45.18883332274018
47.308724164963,45.75712016914618
47.595736026764,46.943806342553906
75.975370645523,54.42637932536673
81.176392197609,68.79225316144509
85.523611426353,67.48195105248374
74.338721752167,58.70716298852651
88.104337215424,70.0277062865358
78.971830606461,97.88434590415889
78.101117134094,101.58740167592059
96.49920129776,107.92855784570258
111.91764104366,92.51866882192212
126.99400083721001,104.14477041610739
125.44423174858,112.76607342543029
149.61857795715,112.26632142812299
160.90158355236,133.86053815491155
185.74239480495,158.68426115008165
170.94118142128,159.32039229354064
183.33118724823,145.29324380195254
188.04883623123,154.16094600412345
181.22058582306,163.71055931704484
166.8841381073,166.09999362315833
171.34295284748,167.58197689949537
198.27657175064,169.42387146278816
172.883695364,168.88246702183318
168.07622468472,167.23202557275414
177.558842659,148.85461819269273
188.5712993145,158.4319930085628
180.68687605858,159.35090831102065
151.16757488251,156.48651058372937
153.26811933517,154.75120504917732
168.06888079643,163.22251089634645
237.40910887718,143.025039430713
192.33556008339,158.75042963971848
126.73755419254,149.87107957574455
94.885134220123,157.7218496500084
163.91401565075,160.10895505054077
181.95031633973,152.14092171548984
170.54976686835,149.4679859473982
102.96768605709,154.12865564615092
135.49559101462,154.55544831957747
131.36023497209,149.82082911915313
154.92241689563,149.94736486278683
164.71564483643,172.4552272493162
168.18130195141,125.5632700396817
153.4924043417,135.95051006224872
183.8854830265,154.70399171094095
132.26043224335,151.6124372676314
134.66031801701,144.30938514641372
126.51229593158,122.96300406558427
124.89008104801,103.6466990678041
130.14829933643,118.93447071246715
121.87298691273,116.99096830063708
167.07312238216,122.43210263292696
169.78701817989,144.86129534688496
120.48768401146,109.64841261438738
128.03994834423,111.82351109221773
89.671083688736,106.79800975562878
107.41595757008,105.85106778447198
146.85995745659,121.82336075772595
118.30990871787,120.60019825080919
112.17819213867,125.0006592735168
136.46045565605,116.89428366096581
112.82945477962,95.10668481118718
108.23617267609,96.52988558469184
119.0912283659,116.30443009488181
105.46873223782,96.63174263773415
105.84886074066,103.67224527108841
105.86012077332,91.50494375000503
107.66633701324,96.73030656929268
102.34114003181,96.23952652936036
102.78319001198,98.38523459732157
95.201049208641,92.75922311751378
116.03252613544,100.22419450540674
113.63696932793,96.05498026083615
88.437495470047,85.91635288358387
87.664198875427,87.78222151567176
87.519310355186,72.72919034743744
87.695934534073,80.42179683696162
59.853923559189,59.868600164133966
74.411093354225,65.46217583263574
68.767336726189,64.36049691628314
61.201120495796,55.18339264055829
62.02379488945001,54.36237848227583
59.600123345852,55.84981037412623
53.340893030167,55.54256806576623
53.345613181591,48.30342613319875
51.588106632233,49.617544182116994
55.345978617668,48.610158945761455
54.740026831627,52.56956151882498
53.30172097683,48.96451250396027
45.278758972883,58.528375449626594
50.466550260782,61.77409173764447
50.44241964817,59.92532006194967
52.227205812931,56.652871304833276
50.40630197525,54.005951549731954
56.851331889629,54.05729709327427
50.611032932997,52.294154332529416
46.950881004333,55.20691028806748
48.428642570972,49.243787271667934
49.708164066076,51.227172425176725
51.339594811201,50.96514578341799
50.002630263567,50.79070363372951
52.01875397563,50.668876520173214
47.739995926619,51.4903139051093
52.211129397154,49.27493036021469
51.439112901688,49.46722518470045
46.548612982035,50.11932123718066
48.377057492733,49.3278420524284
47.626882582903,50.03553062021276
46.135827034712,50.29366448421651
48.475752294064,49.111727475241175
50.555166363716,49.02091678552148
48.007360994816,50.29244303109069
50.136122465134,49.98764469497394
48.263304233551,49.86643839597178
50.505550026894,49.49828344099632
51.346537709236,50.301895395362
45.657769024372,47.342411582202224
51.943370729685,47.76012184609665
47.022192060947,47.78257181232261
47.169677913189,47.73151222214636
53.014433145523,47.935192446668616
51.129798680544,47.706480643708666
47.71001046896,47.672851211576415
49.642200529575,47.76169662353174
48.046090096235,47.78521433572569
49.553402274847,47.759443069580385
48.026012420654,47.73092543765364
50.481755673885,47.86296335739691
48.024585664272,47.76318343785831
54.413478642702,47.92959524066461
52.056437134743,47.74435167529366
54.539842963219,49.64545836108123
49.788277506828,49.46926190978922
48.258734703064,49.815363684333335
51.526222646236,48.879061373774626
49.094126999378,50.166888403096024
52.189761072397,49.47433774875473
48.153719186783,51.113255084972955
49.958718180656,50.515379145843504
48.528631091118,50.16544731091284
50.088899731636,49.69858344305468
50.397361397743,50.2711919492119
47.65093433857,50.71714190175804
50.050567269325,49.75044354563409
53.504577994347,50.14632889387283
47.595021009445,49.61801829507233
47.327162802219,50.10431771950191
47.457442164421,49.57768940426493
51.870966792107,50.11621889168077
49.375734090805,49.89051798382541
52.598542451859,50.4955630943705
47.582127571106,49.526222230575364
52.503924965858,49.52706554890275
51.853858530521,49.23198763442569
48.771170496941,50.27998708459054
49.701074004173,48.782907060887005
47.797352313995,49.442245820234426
50.285849988461,49.86789136246045
49.670095562935,49.999934314900614
50.974423527718,50.77111376025514
46.683967709541,49.54932078620045
51.353441119194,49.42796433615109
46.890677213669,50.23108413469736
52.077229499817,51.10886981548089
45.949567437172,50.026190128865196
50.01832139492,47.955940208690905
48.311399519444,48.57126089249064
53.18670552969,51.54367570032496
51.057941198349,48.57015982768916
48.985512793064,49.18784628914631
53.209574103355,48.56970289474249
84.467230200768,74.50543180616692
86.65602517128,85.02092116798806
86.268415272236,85.77350216902597
87.924474537373,83.97631443532832
85.07754611969,85.79208196599551
73.974075555801,79.89793773657482
78.503895401955,77.05768179436485
80.062247514725,77.25000913370091
87.75003772974,95.75686681895994
84.851892828941,107.93905556439736
97.019327402115,116.44734735722469
135.67173779011,122.62323283847151
127.59285902976998,123.72882539017041
130.31815889478,123.14580336598917
192.00297164917,147.05177770385322
171.21501815319,179.6144318577098
176.38044977188,158.86129190130683
199.2334663868,183.28480078370885
198.5442545414,171.2114063939891
218.18889856339,200.26259515945205
196.05350399017,200.37922242752663
200.90642476082,185.03208819386663
202.05534827709,195.304670847177
209.57476496696,190.35938071653956
185.71300637722,200.80273506319662
176.42823791504,185.4029302422372
170.93937575817,169.32709959032687
158.9881644249,191.14344139240413
198.46241569519,182.97833334800134
189.56057810783,174.14624496988714
192.5477360487,180.20644889117582
159.79778790474,159.14814599360633
173.38975536823,157.5204295029733
162.74123668671,154.22461171698743
154.23227524757,166.25739563330754
130.91323006153,163.64422919532007
137.06791591644,159.99929579141835
158.02582621574,160.04383267160492
179.12755584717,161.68861049249566
178.6711564064,156.99261809259463
196.398837924,154.22419835574027
193.60734534264,159.9845108875224
208.66659247875,161.08386117421733
107.21656513214,152.5333236895486
164.26395657659,151.01511505747695
157.89149916172,151.90934712218188
148.72998651862,153.40658529452205
184.59246706963,158.6842162717268
130.78289270401,156.3088901552319
149.16533243656,133.89615344382065
135.44964563847,155.3674610923457
132.82919275761,125.12601226025326
138.61961472034,149.82634862786173
124.09383606911001,149.45146693010776
150.23086333275,141.7054213790685
152.73488032818,144.0399528718103
136.16641128063,119.082789090083
144.91175043583,134.08317291746164
140.84246754646,137.34526797740358
140.7870978117,116.6856423255808
98.966094970703,118.73259425686607
148.44231295586,128.37971303111823
115.45264005661,126.8738033668319
131.92452514172,114.95764970316984
121.82728481292999,127.4687324222815
102.34021419287,120.36025141140483
145.25553554296,119.7714514800263
124.49538743496,118.74378798567132
119.91484007239,118.23565421925812
133.9619076848,118.28791255604287
100.09961301088,94.54746728188776
121.94557833672,111.97393071597931
104.89918196201,111.73307279855668
89.605073451996,96.85414659497081
98.482312321663,91.1718039048977
116.06605768204,114.4070912105528
137.08198916912,101.57667309970591
101.95658421516,93.82742599002538
97.270599842072,90.54438970415319
83.878208637238,90.94375969949844
101.29269492626,91.32743374088827
102.03885614872,90.63611486872999
92.468209028244,92.53500102950815
98.908157587051,91.3494463788368
71.411692738533,92.69623574976526
78.586405158043,82.28018557657929
78.028440475464,82.18701122533771
76.608792304993,76.21347144744605
74.343806147575,67.35390513566837
65.812695264816,74.75268806107154
82.851743221283,76.54994646090749
81.923107028008,73.32084739768916
83.271232247353,75.15573595034607
58.456378102303,63.55808255548584
52.558127999306,64.62862947513325
51.350374937057,58.920472647790035
50.482298672199,57.36814687364551
56.075188755989,52.7150438400668
50.286950349808,55.87197250819191
52.118380010128,56.27060833100325
49.534547507763,54.63190107946215
45.991736531258,53.75126257844947
50.448567777872,54.69828206909476
47.5201343894,51.80050627620495
48.762702465057,53.973240749834716
43.732644081116,50.791059493044095
51.456285953522,51.76098359978121
48.873284518719,50.4469060599351
49.759588003159,50.3790723112591
50.827637970448,49.353352723561166
45.783150583506,49.11284021566538
45.363037467003,46.442159191015
44.390833169222,47.82199374822119
45.893677949905,47.20794008468258
43.247556120157,47.23492182775265
48.142977714539,47.149624589096916
44.493063569069,47.43048594730646
44.371228575706,47.49080311942006
41.912072896957,46.81376282097939
46.848572194576,47.59227611465796
41.402186989784,46.79793526159421
46.366306841373,46.82342185975821
44.058355778456,46.688769053300625
44.587609887123,46.32760576924015
47.149954915047,48.82238714605531
43.947968125343,46.98229785428359
46.906679570675,46.39230928630441
46.728650212288,44.89086686792583
46.679778218269,44.94966549556278
47.811182260513,46.213150437642994
43.712402582169,45.140687380462815
44.818065524101,45.20231055241586
45.274264216423,44.89142337286776
44.024431347847,45.034913536206695
47.42383646965,46.58642101264396
45.664068102837,46.64243236840689
48.716907918453,46.83715232699623
48.000477433205,45.216135930642245
46.676790177822,45.22445389453743
53.900281071663,46.7711693674824
48.311436593533,46.66469803349459
47.724789083004,47.11011252370883
48.65553855896,47.104548709676116
47.228571176529,47.02100195682961
48.83855009079,46.567500868012914
47.125101923943,47.59156681222723
46.744804263115,49.01755781456507
47.624638438225,47.03702382181787
46.919186472893,47.949599153384526
48.808508872986,47.77697234415618
48.598834693432,47.94614215583343
46.679224967957,47.54556164487243
47.07516515255,47.73996373082938
46.846082389355,47.948961896364835
47.857157111168,47.589142053066425
49.047001361847,47.87284704148785
48.346055328846,47.44752412127123
48.244831442833,47.82935106051811
46.532779455185,47.589004940752204
48.763666331768,47.6185100779911
48.718383908272,47.702205403033666
46.662363290787,47.47177454321851
48.885643482208,47.79176246862306
46.926137924194,47.63600694395396
48.290035545826,47.52231082780197
49.202475130558,47.7687600725775
46.118487119675,47.693503253862815
49.425331234932,47.74144396580294
47.354354202747,47.92674240795204
47.826485395432,47.51157999380824
48.38582444191,47.82176549624121
49.998767793179,47.5577024701309
49.368875026703,47.921087883638506
53.035374045372,48.21110340002648
74.626678943634,69.01338813454329
81.92982339859,76.17642327051199
84.996997117996,71.63808406392631
97.360762000084,91.20199915282964
108.66487288475,134.0843026986066
148.61448812485,155.834808268586
145.8102439642,162.35448315660625
155.12718808651,164.59287829137128
200.85668134689,131.4809638241457
200.99992930889,147.33669666070512
205.14478051662,153.23220866398202
221.30518460274,149.99260234786485
218.23919808865,158.36624617121498
225.72268295288,196.9111984074687
231.96573674679,195.36939549297503
233.90966618061,172.90029298650813
241.58879113196997,181.91611850422706
230.13383185863,226.10082315683684
222.35373413563,208.06314236808794
220.31380629539,212.17939934551512
205.46803593636,213.4731631644299
197.91744327545,226.84080287940873
218.49539411068,225.16976635952574
210.1505061388,207.91738788796783
211.17957544327,214.64004872078368
215.50119924545,209.4908631259428
226.83225214481,218.05707437521525
204.06934070587,197.77460059872408
194.66718912125,189.23496896148322
163.42608809471,185.21410111406874
158.43452262878,197.44299943441862
158.69253611565,178.65657876727334
179.58233261108,172.11678526764996
185.32460176945,171.80227335876666
147.11155223846,154.62131798251121
148.16595935822,154.43052121454124
143.38412642479,169.0671309342848
144.88070845604,188.55250013345324
139.81293654442,156.91883525560132
139.62085914612,152.202706178684
149.65250182152,144.88766400757416
137.53146791458,130.75994190316018
132.81012010574,153.69375411682515
126.46630048752002,164.5520765326682
132.73036670685,146.63521089310285
135.43309783936,131.78178030833206
119.45563030243,128.436517359553
117.23665428162,121.44630055000329
111.82954025269,118.60080078661788
117.07330060005,121.635898546279
124.11953687668,118.06101153625455
106.52366065979,120.72591922105404
103.09846925735,116.74460958957702
102.75866913795,117.92823777664228
99.028249502182,112.18805853663963
98.806631565094,109.48801353421331
96.625546693802,107.10173740445867
96.726500272751,102.59627975326458
92.195659637451,102.94942502475789
93.933356046677,104.50694452999049
92.792404174805,99.4817401551759
87.727043390274,115.2372078674094
90.4065990448,96.14244266293638
88.90411400795,96.46301755965887
95.995496511459,88.78811874283012
80.253448009491,99.09861071823401
88.979582309723,86.5913553620487
83.176907539368,83.23997537741216
70.467304706573,80.1783577178917
61.794716835022,76.87342919778378
63.329080343246005,75.99220627509567
67.603413939476,74.60426816119302
66.944850087166,68.43510079015377
57.76406788826,64.37884843169161
53.27567255497,59.37608025194808
48.405602693558,56.070568246633556
48.465090751648,55.633628371145434
50.148143291473,56.80299574164584
45.653647780418,53.1908769456854
56.263857394457,53.425313546777055
53.643324136734,49.91215644200085
52.04469537735,51.75040599901436
49.600434720516,54.34130544660046
48.8605645895,52.20634734944005
51.111035823822,53.14806763052645
53.931462824345,51.91836639083962
47.512961864471,52.12628063074868
49.958755910397,55.29548723620282
51.274626433849,51.32675616835082
55.483495742083,52.34134807601401
48.709570586681,57.280556555105406
50.586011230946,51.598375332727144
53.089524447918,53.581274442465336
49.962012797594,51.434020262492425
55.991845905781,52.55359060615107
52.664311647415,52.388823048844344
54.185793042183,54.244678230613715
52.194921135902,53.17808420367976
52.873461544514,50.44646891599958
55.515591859818,50.69148432405296
57.099112272263,50.90430248817424
58.469900250435,51.162186045067195
60.78333598375299,51.76150284681511
65.617491841316,53.91085761204677
62.458698451519005,53.69806878484047
59.377057135105,51.46673102933501
61.723449826241,53.36238116740033
67.704612970352,54.184868927976254
60.231864094734,55.10683620952164
64.229251563549,55.21464887856717
61.970006346702995,56.245491199306585
64.752118825912,55.90927520764784
65.390336632729,58.33503173919737
62.501605033875,60.79918731126311
61.765879154205,61.48446399203521
61.802968204021,61.14609006896666
64.575057029724,62.20646876875677
62.78881371021299,62.24884001513692
58.848309397697,62.35067631910726
64.652427077293,60.65030519558878
58.889088153839,60.054043074358255
64.309789657593,61.36325904190662
62.47371900081599,63.23758988150728
54.926299035549,61.290531570317434
55.145887136459,59.17814489612368
62.37149411439899,61.10888728247385
61.325018525124,59.96047194402083
63.725222945213,59.96055180752646
59.787504911423,60.57471694290527
64.07425737381,58.85545445710379
56.957753896713,57.726347555119695
64.348794400692,57.68207550842001
60.870786428452,59.35557668886645
63.48314529657401,59.13862501064272
60.32691013813,58.9751121277719
63.82668054103901,60.458553619310095
60.17155611515,58.27376168452085
53.711684823036,59.99935758036894
55.577006459236,59.206064360099234
59.994359016418,58.615600938184166
58.456761240959,60.06922446887846
62.204283356667,59.600648109439625
62.842295646667,61.65734247549094
60.943438768387,59.71541805961401
64.519271612167,56.872632140947715
64.02848482132,57.17546764454405
66.231496214867,58.95046191420424
65.450351119041,58.017535952214565
52.124240517616,57.546664426874905
64.598792314529,59.55770064791447
65.445803642273,59.997836258579625
60.79886722564701,58.99261340242784
67.097393393517,61.4747709681619
62.885417819023,62.52703922290085
65.057882785797,54.37712364414072
56.91134083271,62.01501065803939
52.086722373962,62.59442816834161
66.76012134552,61.57396608849437
63.792363405228,64.4367933565707
66.571808338165,62.838894077989075
57.289541140199,63.022251497503746
66.537462770939,63.16110189596426
65.507827535272,60.02344930792438
56.645924925804,56.9194953990067
52.32500565052,59.33907199697352
56.29956305027,59.029816622973954
58.720031619072,57.760890551137166
66.043574154377,59.9999037291726
63.644779682159,62.28965468820859
63.487786293030005,62.22940707405654
59.905149996281,61.51685971940992
59.802073597908,61.257152827171744
54.635345697403,60.23625473595501
44.161346197128,51.964523055821026
52.738448381424,55.682711427603145
48.884203076363,55.42415080521767
58.256655454636,73.21135887094343
53.985221982002,69.1667281639458
74.50218129158,53.0841890050869
80.393506765366,62.18985888140844
83.742190361023,54.12653370423617
87.782749891281,54.97714852158974
86.750083565712,52.85700432196334
86.799754738808,50.294032043621144
81.634187571704,50.24497327727137
96.966668605804,51.94361746205351
93.803171634674,62.392530445157426
92.455160140991,73.71224056889545
99.938334703445,80.0941950353393
99.346175909042,80.33894769493068
88.487745285034,79.50893550442387
79.665029525757,79.9410865239204
77.470269680023,80.0816341566293
76.803438186646,81.88733961160851
75.378874778748,88.92289245427034
59.974967956543,75.2322902824001
68.053187847137,89.00671908426585
67.088122367859,85.28883845687096
62.207117080688,74.51800332408823
57.042192935944,73.64571250621172
57.711436748505,74.79152812682045
55.444505214691,76.13070811753032
58.83413028717,74.50634145115531
64.891786575317,62.51331538020062
63.04037237167401,66.13982968948008
64.408946037292,67.15512517904122
59.865679264069,64.98900853216631
66.850307941437,61.665996341522465
56.25548183918,62.76285771332927
50.030853033066,61.22849164633523
57.112349271774,63.52547579179443
55.772870182991,61.807039040218186
60.003472447395,62.13550067932081
52.275021672249,62.17882016794613
54.357026457787,61.7284860336546
52.94447863102,58.51120943618836
54.234955310822,57.81501832376235
57.194577693939,59.05711272307694
48.320934772491,60.32360911184477
50.978366613388,56.113672162935785
53.514784693718,49.65106948776148
48.353130340576,55.113004287914286
51.165882706642,54.135583438819836
47.655197739601,51.437166392572834
44.309146046638,54.844797624617094
41.052224993706,48.95323846645656
39.128220677376,47.830148560311876
38.683026432991,48.98207810729693
38.329807281494,48.21236927885134
44.819210886955,50.16138759989362
40.600841760635,48.030442044087806
33.824064135551,47.505155332819314
36.977175951004,47.448431858342644
34.011575460434,47.81946826567886
36.390488743782,46.94801700351111
35.888187408447,42.39115778971836
37.926909685135,39.066888925032245
34.499034166336,42.032731959643954
35.38898897171,39.24509699084486
32.810328483582,36.63151742149937
33.525647163391,38.97853031820258
32.174100518227,36.03617948137797
34.796774506569,36.59537211225389
30.671613693237,36.21415727144419
32.379562139511,36.17914921354779
33.357315063477,38.62132123165626
29.443061590195,36.29318510676971
34.085582792759,36.24859153481747
32.363550305367,35.65864952553444
32.603806257248,35.138993945302474
31.108191251755,35.82295359399145
35.789970517159,35.20017111399797
33.824384093285,36.10341056695925
42.663266479969,45.461589998231865
44.320498943329,45.14353470138526
39.898504555225,44.44682683679061
48.698154807091,47.72146303113485
48.158083796501,45.03657165482171
54.50314360857,42.92684128273511
54.639152705669,44.2540915708417
54.336537003517,46.28982155341888
55.721842050552,47.6999143745772
54.95101749897,50.67577293883169
50.102339208126,48.72645617837587
57.092273443937,54.357562142075786
55.958745598793,54.560968071428306
58.370170027018,54.315624032290245
55.654851734638,54.49993742674967
53.940218150616,52.77996678100827
52.866405189037,53.32239928677635
54.594566226006,53.03657022910692
51.925450921059,51.80051578653935
54.690214514732,53.140551230544766
57.860701024532,54.419693059166384
55.596875071526,54.72819922773171
56.831140398979,54.21598977048678
54.967677474022,53.94041570012037
53.570907831192,54.62322811641151
59.524753689766,54.9770683312852
61.567416787148005,56.61620288676741
61.795833945274005,56.27271898842508
55.327201008797,56.19493770884636
58.74836486578,56.3108105040604
59.273958742619,56.803695756476266
58.771145939827,57.48755823038584
60.883890628815,57.7476271385463
60.66322350502,57.59975966917756
59.787509202957,56.985457924866566
63.580953359604,58.7294843445173
65.072774410248,57.35798864188224
65.11120223999,57.482777086568895
58.771087527275,57.2615408186045
67.948283910751,56.57471695728943
66.949316263199,56.20266297701539
66.084888935089,56.208054257038256
62.208156108855995,57.933227165879366
62.230890870094,57.20951792826528
57.127537369728,58.449747896758645
45.704640090466,56.92223543650093
49.284506797791,59.07359595137167
50.162969112396,57.15044745364668
49.787195682526,60.211694560798904
51.979764044285,60.83297923874774
50.753834724426,60.85233731832184
45.55918431282,60.09490842074949
44.093959987164,60.210396266075996
46.059742212296,56.548370832368136
47.718521952629,49.76410652930739
46.373522162437,51.17203495865646
44.857248783112,51.44045623344042
44.745401859283,51.56180342860718
45.982220053673,52.29014198727969
45.269872248173,52.55986088644172
45.466228187084,49.516315551572866
45.553652524948,48.78153664148657
46.205033659935,47.99421960502353
44.287229776382,47.23591646071906
46.22777569294,47.934704640957314
45.613447010517,46.75785759032645
45.885124087334,46.05033219532661
44.585915923119,46.3391042429261
46.503345251083,46.503317372636616
53.322422981262,48.778800202320575
44.27582526207,46.9049965038984
44.183533549309,46.683887788677865
47.610105395317,46.65757265789288
45.481993019581,47.68668751920935
49.13506436348,47.21398333541863
49.707953572273,47.609840656647435
45.364888429642,50.17564693343289
51.797647356987,46.86202361372181
45.076156616211,47.07961501418881
47.541429519653,47.02408119766026
50.333701550961,47.58097944194255
50.805406153202,47.155634363206865
44.563533902168,47.762385428149194
45.798130393028,47.73020977717293
46.622935652733,46.844109407778404
45.378303170204,47.14388417178357
48.958006680012,47.480085149283916
43.399993419647,47.47936231759677
46.583952836692,47.475582190825705
45.970720373094,47.87261264116223
46.507761012763,47.689286040149895
43.097931332886,45.72755331305104
33.819107741117,44.287767954595104
37.7618278265,44.93853915831001
40.100570082664,44.637334571682636
39.442401170731,45.329304872520794
36.488188028336,45.77623026494996
36.135143995285,43.16658638403104
36.757418394089,39.488627335480565
37.209468603134,41.427875550414406
36.556622982025,45.494295433770056
38.061429023743,40.9653880622436
41.475423812866,42.64098345563061
38.790204048157,40.19836061896476
39.924618244171,40.45734552933951
38.029723167419,40.4996015386561
42.723918437958,40.395245873209774
39.370931148529,40.33911532092132
40.457051277161,41.22106256211008
42.02709197998,41.20423971747308
42.576397418976,44.61027008348972
36.606787204742,44.60329101711073
36.731380939484,43.36086703355601
39.456766605377,43.05766291578949
43.092598438263,47.987027476886375
40.072706699371,42.481626111169525
40.757396221161,42.60132173138226
34.170386791229,47.403785049840444
36.321576118469,43.72744983644201
39.634164810181,45.05188217315665
37.378005981445,40.042178963620714
42.200939178467,41.23319657711937
38.52420425415,41.067723165815536
34.765561103821,39.59733971658122
38.421741127968,37.01101922767549
32.886638045311,48.96550879676057
39.642261505127,45.47479850021353
40.713960289955,41.07710246230092
36.805401682854,33.61045050181442
31.393513083458004,41.58573745556551
32.493646144867,31.924582608764464
37.08543908596,45.52814744832936
35.723107337952,36.50451218204872
38.803780078888,37.425692183582306
36.18721818924,37.72206267799943
32.602739214897,37.63840424455844
29.389883518219,36.82350155705473
34.560609817505,36.193421470378354
32.08098423481,37.3399258632727
29.23810338974,36.1995647484756
35.185992360115,35.47036161275816
30.143296003342,34.841250397519794
33.160823583603,33.51360460227603
28.921241760254,33.00645603766699
28.299618005753,33.54665146507884
29.324129343033,32.31790966521158
24.994131565094,32.758137676934325
27.647200107574,32.6066017031451
26.61999464035,32.6734611694936
30.974415779114,31.547149426061665
26.345585346222,31.035000528145453
28.809841990471,31.251512241655043
29.879691243172,29.58970375629804
28.13097012043,31.019222615679396
28.181088447571,30.63544763763179
26.494120955467,28.737378397906838
23.067145824432,31.673424853507765
21.536454677582,30.783695507305445
22.672937989235,31.62003050114995
30.882305860519,30.995930239204895
31.724664568900998,31.56669456485341
29.62787270546,31.413581526104227
32.07080578804,30.731066084101357
30.658028148114997,31.90199849419022
34.225062131882,35.447793035615824
36.209198713303,36.1859743229891
40.120691716671,35.43644460488302
45.296807646751,40.1877040167504
42.40585398674,43.14603926547877
43.987865746021,44.35280970940971
43.271691918373,44.197212102070736
51.320874333382,44.2607142570864
42.259227991104,43.73198288235643
45.906054139137,43.02667952097342
50.326862365007,45.93110666667681
40.16536206007,45.925564135878886
49.562002360821,49.37484112343359
42.698099732399,49.641441773172225
48.177751332521,49.90279974188328
50.715428233147,45.53330325111721
45.781314015388,47.51156294025622
46.595543503761,44.32596667511774
47.190259218216,45.258253633518414
45.273792266846,47.60180249312545
48.236207008362,47.445705735500226
48.484546303749,47.40335153235876
44.134674787521,46.51452944189579
48.508700728416,47.10195341270974
41.524919509888,46.63688056058537
45.555477261543,46.57517297807222
44.083650588989,46.05964600056668
42.704472064972,46.64569963924082
41.19068813324,44.60399833793586
41.959170818329,42.41545445597032
46.412662506104,45.0083521949434
43.040929853916,45.24851373400846
43.566005170345,44.57406611753443
40.437472701073,44.94702742353859
44.978412806988,44.32137435678501
44.160035014153,44.32721075114437
45.141673326492,44.70273302000886
46.076496958733,45.043205509479314
44.079722881317,45.1137872198525
43.914440274239,44.406673091812976
45.591730356216,46.60141382642907
47.933320045471,45.27879047558155
46.941244125366,45.67259923039852
45.789712429047,45.312309030683075
48.019674539566,45.168433475299054
44.000562548637,45.32834095434357
45.215594053268,45.78453742285831
42.072473526001,47.75448047710163
39.564764976501,45.297066558242946
41.635890960693,47.17649431252022
42.765799224377,46.66796141882742
44.997093558311,46.66371291765857
43.409204006195,46.820403268347256
45.463675796986,45.10416719625318
45.203971922398,46.890247765242314
47.071077108383,44.53673107035638
44.827253341675,46.65532751875292
44.836911261082,44.96716977182396
46.008396327496,46.68776620136389
45.675310194492,45.893628509480045
44.368278205395,45.13221764116504
45.411802768707,45.32619513088871
47.848892450333,46.48773584325231
44.434385299683,45.37393501334713
44.866171121597,45.439494515387985
44.548478484154,45.72469797988937
45.697615683079,45.79357769858416
48.024244904518,45.37954697864347
45.650514781475,45.391103022929954
45.596130251884,45.23216908374176
44.586941480637,45.421986810915335
45.120130777359,46.5125230834372
44.091032743454,45.19892587224167
47.89754575491,45.31150121478473
45.351327776909,45.354744899916454
48.193472802639,46.53126071129688
45.155748844147,45.85261348276339
45.482994437218,45.740838862388465
47.734901726246,45.45104283464711
45.707926511765,45.45247850968889
46.298563718796,45.418973611956176
49.755597054958,45.566735372978066
44.685147941113,46.98953982352818
43.77247595787,45.303657459583505
47.736057877541,45.53669340738232
72.667216360569,59.660565318292605
79.644268631935,71.43947920162654
79.334240794182,76.30982553486045
80.384573221207,72.13231646832939
80.308216571808,75.71676615453532
83.191020488739,82.04870916887208
83.386863827705,75.24593402540181
88.587394237518,113.31613542809278
91.890582561493,122.10488500068163
103.05375349522,123.45149147897001
99.906762599945,125.09511455511281
105.06155955791,132.25241677745584
160.03777551651,131.5584847441122
160.6475481987,142.21246645006414
155.56957197189,162.88302678060305
170.3946531117,136.14960421471469
200.10102020204,133.75101476000833
225.76356372237,139.3314238451325
221.21569412947,118.37734819894466
235.94946481287,131.60456154533065
237.51818726957,203.43248342638927
225.0983773917,202.67748684319648
235.43105700612,195.11540220742984
236.6516279839,185.27843657609458
230.80063280463,187.65015985554192
225.41070210934,164.27093613544432
224.60656774044,179.45321137077912
196.06357681751,176.71321582705204
209.53899919987,196.50130010413247
210.50043129921,197.3302334426281
279.65772545338,209.97405168111382
215.1642986536,193.83035048405642
232.89473009109,205.58223967937275
222.19298160076,207.81088524727426
168.69273340702,196.31203877249342
252.82269501686,193.3304481400295
160.07784342766,200.54953919129912
187.69979894161,177.6789832781178
267.63612663746,235.6861684616625
127.20776295662002,176.58730946290777
273.72002291679,201.29191425648753
216.11590766907,190.7662432351506
173.12519073486,147.3362188001302
209.69060254097,149.73808848621093
177.03369474411,152.02670884993609
163.45668840408,191.24528451271638
144.87986961007,149.8644627880844
163.25283169746,145.72624142160143
126.56983840465999,169.37521579678776
148.90394639969,187.5936309785573
160.96891319752,179.2056434127688
121.60432636738,169.55764646141475
121.33727955818,142.67552245192002
161.53819942474,146.65264795623497
114.82033133507,118.51789795042616
123.83729767799,112.69517169695807
136.45575678349,111.81396979480371
55.865804672241,101.65588320796955
111.34384226799,113.10796884778885
84.101178407669,103.07104134472192
161.72508764267,104.73702889861048
69.705021858215,105.62279037370995
87.105014979839,93.8284083886528
113.20845007896,96.28647499816866
76.519773483276,67.62886766425038
113.13070178032,91.39497134755632
42.672562360764,93.09241064410348
33.65442109108,73.70766932111877
80.61238360405,70.93831087170933
75.370827913284,75.1254958648556
60.291479945183,72.09929985818872
57.249544203281,67.57665775263807
50.812014102936,61.41692085100601
56.298537969589,38.05567951379501
49.686495304108,34.31474390632941
47.993429303169,53.24329114706102
50.76163649559,50.03809950821771
52.428456306458,43.28313157906114
52.457920432091,45.27222073646905
55.111985981464,48.238801396115946
56.305926203728,50.99833574895312
58.845783352852,50.748993853566326
46.18855035305,51.470006680914864
44.765366077423,51.11949883129064
52.980885505676,52.12066740964365
48.546932697296,53.893830747186854
50.27958625555,54.27172802092674
51.996938407421,51.80596736582565
53.800129354,49.59585994823623
48.201120138168,49.340498720051926
58.34178686142,49.74203006250121
56.139990329742,50.5659590582436
55.592875957489,49.81250640285848
52.82853102684,50.171498648966306
56.110060155392,49.416602946515894
47.633448719978,51.20121715526922
47.372225761414,50.810325975119774
50.542249977589,52.33619779294771
49.836962878704,50.093720187109234
48.364576816559,53.64429809199348
47.191543579102,53.99169512634457
51.986280739307,53.36294568841504
46.993988096714,49.8743482105517
45.627628684044,49.97249908701255
47.419639348984,49.461349566724216
44.66162866354,49.549429593014985
50.29041904211,49.48078552236989
48.826900780201,47.56914838579186
45.572286128998,46.92952689829726
47.613405108452,47.87213590362872
49.340470850468,47.798904525472174
50.00107139349,46.76752178099151
48.382548332214,47.650349154334485
49.95779299736,47.48417793188473
48.644808411598,47.21357069706319
49.939832091331,46.6267788149408
48.165990591049,47.91048517616133
49.64131039381,47.953249392312166
49.331060826778,49.256481740220245
49.999385356903,49.581280183708515
48.725523352623,49.956395218791485
50.979623556137,48.557731365625465
51.68202483654,47.386060186053996
52.707895755768,47.991258816045296
43.739904046059,48.876138264295626
45.384458899498,47.91745296909161
49.291692078114,47.79631464359967
48.929152846336,48.903764390691556
49.081112861633,47.91942813343986
49.278638184071,49.86211342383916
53.741793990135,47.858382708615125
49.835307791829,49.01359177906402
50.305010825396,50.559195909262286
46.844803512096,47.81916719618759
47.713353782892,47.10221158787502
50.09160618484,50.32011922460067
49.360884994268,49.81070902196024
51.398235708475,49.51695802742503
52.222353905439,49.58048891254909
49.498645842075,50.597546854339924
48.22402536869,49.43958599657771
51.622341275215,49.797321777649906
49.370024442673,50.11759263663908
49.624856114388,49.97186922945001
49.640630424023,50.375506500512195
49.189588487148,50.287388580586395
49.243428528309,50.50119931327533
48.892689883709,50.624828909056454
50.923037290573,50.81361497562282
47.976368844509,50.10964052202315
49.16367661953,50.69828652070665
47.753416895866,50.74629281587025
47.554018139839,50.47393590729706
56.6712718606,51.270922066025214
85.615319848061,75.00258781050215
82.826305687428,74.75331274879314
85.029725074768,74.36737818688849
89.2593922019,73.37845944999917
94.717686414719,75.28375262058051
88.948678135872,76.21318461844334
98.489580214024,88.29638221921115
100.80738711357,92.90819933387128
98.634023368359,113.15993366709559
98.786969900131,118.60881840514782
105.91420835257,130.0902870646825
115.08586609364,132.2378838703865
108.64528894424,141.33098226944765
126.89172005653,156.0476022993057
130.87009811401,148.64150741124448
149.68870186806,154.11741003011477
168.24708938599,154.40442718238393
183.66509580612,174.07678199576466
199.59709310532,173.5993979740699
193.94067549706,174.1541917704946
202.70478916168,176.8223314016203
207.74046301842,172.7867637706376
204.39211308956,170.25702450256546
214.57712101936,171.45131546056348
220.30590498447,210.7704565369307
218.31478917599,191.09365846642652
212.85437119007,200.67733762911766
201.33290410042,189.5500562764828
191.46098530293,194.56087205498864
185.90814208984,189.83207498785706
183.56404709816,195.99836822472017
184.36325144768,220.61409590497112
195.96444416046,189.1130009401401
189.88081455231,176.55830215385288
189.02042961121,186.17749329371563
176.81586551666,178.61390774861664
149.36247873306,188.40452450081148
137.33529210091,185.69686379194354
133.48792648315,165.3506373811557
136.86287426949,210.91053254052858
144.68364620209,169.41631878142763
141.74558067322,198.89319333901204
147.22527885437,152.08742277423352
136.88586735725,154.71994445778515
133.15184473991,165.19713004486883
131.47241067886,130.7921953914929
119.64281058311,143.997350274146
131.50313234329,135.41472281032316
134.24120569229,158.8193047972611
132.30846118927,128.2167642264215
122.5538392067,130.314757853862
119.28797292709,128.8177492573638
139.57618498802,117.45020315237863
127.69301605224999,118.9017270497073
135.66602182388,117.53384445858268
126.52119064331002,117.80703043719369
124.41086769104,126.15588497576287
123.61833429337001,115.62011335111576
110.72386741638,115.62356231151438
116.41694259644,115.04037052006672
108.21175527573,114.45948278248534
113.68172216415,108.8905449405013
104.22717356682,114.39160512761315
101.44026041031,114.75808231610242
104.02111434937,110.90906906321365
95.520472288132,111.1990589162826
99.874044179916,111.17109033206873
100.14580130577,107.79753454261629
103.25021219254,108.01379451669465
102.58111929893,106.14036574260388
101.59957814217,105.20232429815056
91.681347608566,100.52898129281597
89.35157084465,98.33173266982713
91.123423337936,95.75815697536493
86.73193192482,96.89078505761645
86.66698884964,91.90416361940143
80.940336704254,87.50242623957506
81.304062366486,86.02574129803521
67.333748579025,80.84046789962878
67.236267089844,87.31737813750736
64.588517189026,78.07504001707845
66.532424405217,68.82844496915256
60.759181499481,60.60683363751629
65.5175999403,60.2957114861719
46.979850172997,50.218537521185866
47.911400198936,49.21656108226155
47.528130054474,48.215248900266154
50.997364461422,49.77280573395708
50.870648026466,54.16797362574947
50.830040037632,53.9324034446967
55.342459201813,51.868058498118344
51.578101456165,51.56585811861474
50.727388262749,51.40101210999977
46.293769598007,51.54179121246533
48.68026638031,51.429832229393746
45.128362298012,50.63015231126951
49.75322496891,50.4940505610169
48.917621076107,52.29252048974566
48.12435400486,52.156451655180376
47.657492518425,50.76998334179253
47.16096675396,50.89740281995116
47.557688713074,49.64642654490392
46.94196498394,48.29286542096604
53.522835731506,48.098393006745304
57.71974158287,48.00983779971211
47.870922088623,47.88393665849125
53.273003160954,48.15035030307563
56.746827155352,48.043299520427325
54.131246328354,48.04993747039402
54.474153161049,47.78167862094687
50.698500573635,49.986913559161586
46.077673435211,50.99185599485818
43.630428254604,52.49387625105689
45.070944070816,52.987662496784296
49.59327763319,51.438573932985705
45.525742173195,51.733343345262696
47.487589597702,46.708055039815115
47.135038375854,47.20349867342106
45.596259474754,47.37791412668679
53.148954451084,47.34052390032663
49.746193468571,46.69213605614972
53.345884859562,47.52654569126258
45.811340928078,47.35146020785918
50.815252840519,47.66834316219754
46.803858578205,46.73793862274474
47.220061480999,48.77271279481939
48.53805077076,49.24370659196606
46.568184196949,47.42240835546586
48.909179210663,49.601010244304575
45.239849567413,49.182620361209594
46.833243608475,50.211065189015315
49.301070809364,49.46959021022348
50.763413906097,48.08177946266011
49.23588258028,46.7543296733108
46.814847111702,47.65253431088122
49.655552744865,47.7659831998641
45.708279967308,47.73552724887552
48.205942630768,46.850218106154905
51.61551630497,47.46215755311673
50.592865586281,47.60427333639055
45.828340053558,46.79732378764857
51.315045118332,47.51201044369642
49.990802764893,47.93296843991779
44.679124355316,47.625262476256886
50.022538542747,47.86216603750364
48.782351970673,46.792546001915056
49.596314013004,47.85950988177922
49.450648188591,47.98817721798412
45.08598613739,47.04727000462145
51.471844434738,49.78805738963646
47.90049123764,50.46552907002601
46.949968934059,47.91694438673138
47.504829764366,47.09851249731146
84.826799631119,76.09131439381275
87.635197043419,78.56242246788425
89.679692149162,86.79377515778788
88.744107604027,92.76797545408613
82.201130867004,78.23123310832717
99.227280721068,100.55666725431757
132.66459092498,106.66357537622989
133.90306784213,147.63877597204498
140.52573144436,140.89623553895828
192.13667094707,166.80807097071238
206.63536584377,174.58162528106274
209.66568243504,173.0459365487425
223.06776678562,173.5961053290117
231.21686637402,191.82475168362473
224.10538125038,191.99734762326452
194.50511574745,197.76336600483933
203.66533184052,183.69498029632265
203.08329308033,155.27811122599638
210.6442450285,176.63236967110794
180.16154515743,178.19790831735168
163.77801215649,191.2159502754132
170.10535478592,159.11926552796888
157.12899631262,164.29634968289184
152.01196050644,151.08292321836373
147.2516143322,155.75160253771512
155.72447872162,168.96864976706
143.04326677322,140.17675111314264
130.13623452187,145.08004537402883
142.22264719009,143.56292075242112
143.35513401031,141.96053148625896
129.0141851902,130.53145371118862
142.67273634672,129.7334187947526
126.57997870445001,132.55091154989702
130.30626583099,145.72313115341973
120.54600334167,125.40005685430971
120.26526284218,124.92941336720929
131.59010410309,127.80686985950726
126.94512844086,116.79313072204415
126.59710741042998,127.20543926531919
134.63249850273,122.19916765810478
131.49944710732,129.77510534353812
132.84484791756,117.81949762546644
128.86592197418,116.608120654009
142.71616721153,117.95158113712917
127.17141842842,116.9470311094755
125.37184834479999,117.62230190917847
127.46292996407,128.2087199575531
128.43651366234,115.69219159350236
127.63485860825,116.65679057312913
124.43321728705999,116.82100302404591
125.31866550446001,124.26625348438952
118.06835007668,115.45809114727328
109.74555754662,115.78839611044003
110.69029855728,115.80790344045329
109.8340909481,136.93818823904775
113.71088886261,119.19437258405326
114.29408240318,126.49376554011917
95.464770317078,103.2498678134995
100.13503265381,104.12068920385506
71.833877801895,83.20026974392248
68.249439001083,77.59663935324652
65.157279968262,59.37155669775933
62.143657803535,61.5186928819965
54.055396080017,57.380460849894014
46.569002747536,49.72068941278665
49.103209257126,48.22177168310936
53.49682918191,51.054855630165946
51.23341345787,51.148441499559816
46.159472107887,51.22396203123128
50.566102743149,52.38386922412601
48.782399922609,52.57789218442009
48.030041068792,53.743108111671226
48.271867126226,53.59851512115488
46.120188653469,52.96892996591643
47.859103411436,52.66432314133574
47.793450891972,52.291776741574054
50.599081397057,49.50647994577543
48.357837945223,49.4974200019841
46.900886595249,47.96328732267751
47.880777209997,47.77313562885706
48.905298382044,47.594893326632466
60.020564764738,47.772003399799175
58.633056253195,47.95826022567889
55.22064396739,47.96490279416167
53.990139007568,48.86304007245991
51.903450965881,49.48076690339373
49.291347652674,50.99668721420573
46.628898054361,53.514726655385864
45.056021094322,53.71081842384338
52.915938317776,53.534692015463534
44.81865721941,53.92824448704488
46.318951815367,51.96368688056716
45.237510889769,50.13151384512888
48.659524083138,50.71478840544347
46.605591803789,52.741144237780155
49.263058394194,50.59793177691502
44.241036534309,49.609335900467975
48.130652099848,49.74411558076163
49.619486361742,50.65372111501445
47.709557533264,47.564971192917824
49.352061897516,46.8217191577466
49.011840313673,46.77622228175062
46.45908164978,47.25751906286627
53.891732811928,47.318242960929744
50.347783505917,47.27676856947375
45.588350713253,47.353025522178285
49.415613889694,46.9991922964598
46.806171953678,47.25974650631256
48.649807333946,47.693436579731106
48.077193975449,47.636317303506374
47.945968031883,47.66367856855088
50.418334245682,50.368629969027616
49.613788485527,50.34173058431971
45.997949719429,50.05923967442071
49.276745676994,49.4677001577769
45.006889462471,49.49644218740453
49.146902084351,49.92466841121352
50.747303843498,48.147278566907744
47.888921141624,47.920184715038076
46.026573121548,47.764237463498596
50.305615246296,47.89641800596806
49.602324128151,47.795907459161775
51.790118575096,47.31086306790843
50.845586657524,47.64304066037555
46.925835847855,47.70298508205901
51.7413636446,47.78881248676503
49.158748805523,47.98477364811161
49.532427787781,47.96336699402651
51.326828896999,49.67736012721609
50.220662236214,50.348565382346344
50.107526063919,49.72226342752303
49.539127707481,50.22454480862131
47.655284523964,50.43869163409623
50.674615502357,50.49198185182603
48.18551337719,50.24353396412141
48.821292936802,50.1220705152728
48.172570705414,50.43352380326597
50.840667843819,51.048727028872555
54.574658274651,50.6520819466963
78.386848330498,52.85032196205763
87.819655060768,85.81442669509136
94.614531185478,74.96159371032788
146.78472203016,129.7087131092987
141.27355825901,153.5476862594945
144.56516134739,147.24021101498457
202.91582155228,179.90337198571154
193.47909557819,192.14219575950017
211.1808911562,197.24299050552014
216.07446241379,206.59463092785197
224.29439306259,196.02934199554892
187.90029728413,198.31659403288506
188.50253939629,177.18955421323005
185.54627811909,179.49352178870586
191.20174229145,184.64500764693938
185.98120260239,189.9659745395298
187.5192899704,172.88375834536578
174.68330085278,155.89004323500225
175.92834842205,153.98281051508297
170.25793552399,152.28638294987567
177.376994133,153.14594936615586
172.09541511536,152.5250367466549
164.64966464043,151.71486335412328
160.69526433945,151.61045948561497
132.90467715263,152.47145643864303
126.13504362105999,153.91310138273892
123.07994580269,147.90040081172788
128.45518279076,148.28159633622474
134.29841899872,144.40735483372754
139.401720047,139.24037911838258
130.51032710075,137.52759101035412
124.44197940826001,122.67578897134172
129.02217388153,119.4599564552562
128.84979128838,120.24591449183518
132.42035627365,118.97360478130102
124.19568085669998,119.1777965802604
128.53654503822,124.04645987230094
128.25038290024,118.40457576237088
125.60594081879,116.71378789757149
124.02406644821001,118.46937691318651
122.42329287529,117.14060078881711
124.75071167945998,125.61244072924154
129.22149372101,118.32583314899318
118.20895051956,116.30809376701698
109.47600388527,116.91872489369895
102.90977072716,115.94575512798481
107.07661676407,114.05264977195183
106.46072101593,113.99480105850598
98.069042921066,121.8059087057033
99.540689706802,112.84728666505765
103.59828162193,109.14023239634909
102.67507338524,106.41833676799529
97.183080434799,102.12939545388303
90.384204387665,104.57507857601777
90.569505214691,97.6354548656025
85.268086194992,95.60303897584996
89.812533855438,95.94585128093681
93.493897557259,95.10419728871425
89.181578636169,101.26012996097649
87.162235617638,83.01811579811259
69.113386631012,81.47590071720121
74.286444425583,77.74743509635685
73.046178221703,79.52123864814325
72.435996413231,77.68305944698405
65.948125481606,69.1217520922425
59.972666501999,66.19482767984046
52.258153557777,50.655647787054505
51.01208114624,55.161757609961704
51.338738679886,53.79981352703898
50.716690301895,49.379631401599944
52.063669979572,49.712333047585666
45.849830389023,53.123699320609894
51.804795056581,51.19495162823837
46.844269365072,51.11762053992905
51.917787343264,51.14789450132331
47.702315509319,51.03254000314821
52.6618745327,51.96169185236664
51.215524196625,50.37247168346245
55.197389692068,50.294052791572305
48.63678380847,50.34014798522744
45.653690516949,50.48369824707803
46.854474544525,49.850919540392944
52.863186120987,50.33661318314988
52.576643496752,50.81640259007587
51.541697800159,50.95795813100613
47.657972633839,49.811287675255635
50.150315374136,49.287073107460216
51.803518772125,50.51624001307986
50.189957171679,48.60633800013774
50.633583188057,47.83002045428834
49.492043465376,47.83954112217445
53.814665436745,48.88194625894934
48.248839735985,49.55559583790862
51.211015343666,49.89201015257887
51.220386624336,50.19259456895139
47.607784867287,49.915739289543765
55.272880077362,50.190692581419775
51.090442836285,50.0316430863073
44.604402899742,51.05354851218749
47.762843251228,49.68350076587659
46.602906107903,49.655610367783915
46.930102586746,49.60397269380839
49.25125169754,48.918722310733905
42.219786047935,49.46193204762774
46.024585306644,49.45489088241114
47.742222726345,46.94925809092774
48.148542642593,50.35374073276727
47.394390404224,47.76814558225335
45.407524943352,45.81623614344098
50.626241445541,47.15850493602014
48.797055602074,47.33539311111341
50.479633927345,47.320311330385735
49.31159889698,46.78698421716793
49.228149652481,47.632615796268624
47.260826230049,47.96834752004438
45.946616888046,47.94875202708942
49.345647275448,47.830837197724605
45.75824213028,47.87939635002471
47.109157919884,47.78018584828622
48.474151015282,48.04077447601948
47.396680116653,47.72485326342202
47.746850132942,47.81865233422679
46.360000610352,47.07074015238927
74.517577171326,58.00753970979215
79.00685095787,69.67369992984575
83.529680788517,71.54696389176236
83.47074174881,75.52973859098866
84.762363493443,83.229835994694
87.414428114891,82.02410264125452
87.018544481136,95.76074547373585
83.470581350848,108.6924866475495
83.859401702881,120.02288237612008
90.19921939075,131.2986723144159
123.44644707441,150.45260988332765
125.852470994,143.11904661801012
125.50337308644998,138.35840054022717
129.88740038872,136.83177553822972
150.40431559086,143.00565859921923
162.55021047592,143.30666279816816
179.38918292522,148.00426175227437
175.79622423649,147.1833858271579
175.74795722961,159.8102320398737
170.15127801895,160.51996362855039
175.05502307415,159.4373200796903
183.99982023239,162.04271892923214
181.07326638699,161.13094048094135
190.22709488869,160.5613469204774
191.859202981,166.4671936423313
184.39574480057,162.76268869316468
185.3476742506,169.50305854021076
192.23410737514,166.1630388406493
188.77196228504,159.98680459616975
184.05980622768,169.8641062262319
165.77539682388,160.15369766566263
168.33777916431,167.15044910374604
148.99495887756,164.70480847177427
133.97020924091,154.96886399089996
135.81570458412,157.04612824147193
135.60989022255,150.89601162577534
139.80398106575,150.7073228531604
157.5471817255,150.7154260649236
146.47806477547,147.24505480918225
129.442476511,126.31130693342415
132.56455755234,122.42504290607008
124.32193541527,122.18611738573128
115.1640291214,122.88083278652304
121.1748316288,121.60535082448138
113.35873818398,167.56690527587432
120.87607932091,123.34069090552227
120.0415263176,156.68290105406354
110.76111555099,120.75468784535768
114.54477906227,117.45519635074248
109.63273406029,114.92139664968153
121.9865128994,112.30597435270498
110.82505750656,113.69478104317106
114.29014992714,112.99624962694209
107.11634993553,109.14492945630785
104.80636310577,107.98163257487485
94.873187541962,115.16023331038342
95.519156455994,113.0770207267186
92.420046329498,107.7013885914243
92.839366674423,112.06249394963358
101.69994282722,110.77754038742081
101.347032547,108.22182738932044
88.030291557312,103.67443656387935
86.338587760925,97.49497702925997
80.593719244003,92.55169735215301
83.126718044281,91.81662712918936
75.453066110611,103.51882471204341
75.036532878876,88.85199809770926
73.428396224976,80.77015474685382
80.677359580994,79.45928855609357
69.034421205521,74.19174407985606
65.443091630936,74.8094162345731
61.81000638008099,68.71003226695656
64.05143737793,66.6558375843834
74.741312623024,64.76412843211075
58.178791046143,56.62118845785604
48.982454657555,47.81925019986888
42.961022496223,47.715983616173894
46.040580511093,47.53843702537442
44.145143508911,49.5409638114299
50.005056798458,53.09747787467858
47.45468467474,54.976265204218635
51.428702831268,54.542199979154084
48.783282637596,51.86241722208454
50.514971017838,51.93145763950955
46.343255281448,55.84799534932269
53.210107088089,51.40670567604069
47.809599876404,51.11364267170177
53.215510845184,51.758760929668995
51.301246285439,52.79931841067818
49.92104613781,50.47911394407617
54.123144626617,50.68342557699158
58.917032361031,49.147500016106044
59.977408230305,50.76454399789845
54.286167144775,49.37470411508779
52.964372158051,50.94402591056474
62.403622031212,51.83085007557803
60.933126688004,52.77202096683776
57.302099347115,51.495925793792466
61.82868051528901,51.814778224295594
60.81664514541599,55.47508716497016
68.940015852451,56.589178089235695
64.479726195335,54.83523968403309
58.33833527565,56.50859531410778
64.711383461952,57.66707132880691
59.562707364559,57.388496866074874
64.537959933281,60.00489954613312
63.802151203156,62.20342949781681
55.706026434898,62.44905131958078
65.595747947693,62.53195990298649
64.578789234161,62.49266777476093
61.210976958275005,60.071278358522626
58.870565652847,62.45276131022459
61.085744619370004,62.290029443382494
58.156310200691,57.99525741312026
65.680777847767,62.53464831187494
59.74865925312,58.866588640993214
64.049469649792,63.42058476153137
63.136927425861,59.905654180790854
61.493852853775,59.67487321389324
64.430027842522,61.32731661417774
62.49006068706499,63.40171453032821
58.223267436028,59.80384013072099
61.007875084877,62.519496580269674
66.673458874226,62.48544158060053
61.437099635600994,63.48649790639231
60.475641489028995,60.99123384222173
59.816488623619,58.961019076327936
62.87102365493799,61.05292554892042
59.690608918667,60.8064926872192
55.431573748589,63.38510286235754
60.016479969025,61.6253730954518
57.640641689301,61.10087511640651
60.301100432873,63.41709236886762
55.98369705677,63.47076623377688
60.295715212822,60.437661959504155
61.282113134861,60.45368792912137
58.889903903008,58.233781319212426
57.048595666885,60.279464421567454
59.87475579977,58.67279192302247
56.487855195999,58.30559875206813
53.551425933838,59.62090227547975
56.203823745251,59.48116401472444
58.33727222681,59.704249276461574
54.792532205582,57.74117884183094
55.889498710632,58.96234607904355
58.708101868629,58.5291540429006
54.975492238998,58.18141509490909
57.879732429981,57.38053622684884
58.458806633949,57.613771385489464
58.848163306713,57.28683827532494
60.42124724388099,57.99562992332149
57.228969454765,58.54635275126301
56.823437571526,58.446455375776665
62.024069190024996,58.66545627519109
56.614544391632,58.55450223237398
60.317910790443,58.85328757061462
62.685721278191004,58.3986777962068
60.516912713646995,58.2278962925003
59.81862013787,57.542653014110364
61.74842842295799,58.163460886235086
58.054411903024,57.94648116246085
59.568007834256,56.22810838369294
58.122575096786,57.34216226964001
59.772928230464,56.44099799135349
57.749385967851,57.75971706216638
59.332336783409,55.93979848410775
49.637716293335,57.42292297562254
51.349136948586,52.75390918547242
48.661279678345,52.32325434546384
50.772234559059,52.564169292107536
43.896457791328,50.542259820045594
52.023150324821,50.249624169852
51.852337598801,49.923851219906226
54.038450717926,49.97616043266308
46.129667043686,52.4644616723469
45.201387882233,50.02266550037594
47.911064386368,50.15992523749914
42.091656446457,48.23162325538828
47.445083618164,50.08804733250084
40.883091926575,47.64756136740096
46.641093015671,46.975893710970034
48.74028968811,48.083102041875726
47.181340694427,47.84648841314785
40.553629875183,47.68929065673324
47.417761325836,48.12737546999017
45.475811958313,53.653418344906264
44.066494226456,49.6641502228886
46.667182445526,49.87853499802898
43.705520153046,54.202542942226124
46.458775520325,49.92991717401534
50.240146160126,47.015695259206055
42.418274402618,41.52450945381366
46.732439517975,47.19569109015423
41.135215759277,47.756896470826305
42.024833202362,46.783706776310666
40.184060096741,47.15514900500445
44.413619041443,44.51434395131265
42.583530426025,47.63204999104738
34.994599342346,46.88396393715697
38.105316877365,42.66717730703088
43.499372720718,47.40546560460467
37.388717651367,45.35940351545961
38.329550147057,35.260601109325336
35.866901040077,36.38036663950358
33.455168843269,37.23185234920467
34.301469445229,36.49655445820513
35.361874222755,36.99694770610248
33.646943688393,47.99134937944244
32.0150578022,36.90726996155477
34.874769806862,36.90537146809615
35.620613574982,36.92363476740218
34.669173955917,37.24757464786973
30.115789532661,36.20046151391161
33.533299803734,34.81466393185802
29.331668376923,34.095406567393894
32.492476463318,34.87470458751988
32.196095943451,34.07960149315919
32.641768097878,43.10967362199859
30.250336170197002,34.849735501514054
34.451482653618,35.694679982723585
32.21058511734,32.51365632472971
27.542604207993,32.243980454098875
32.277281761169,32.2951523642962
29.774380683899,32.25625940262378
29.366517543793,32.236535680098065
32.226222038269,44.347231178414084
34.580213308334,32.06712511174208
27.583421707153,32.115023363514986
24.912218809128,31.966729148308133
28.687917470932,34.76337997616203
32.570885419846,33.12919211400949
26.415774822235,34.85029645218608
27.582938909531,31.9650288537617
27.955167531967,35.15150957692619
30.316506624222004,31.972925841664583
24.900770783424,32.89975611929612
29.437076449394,31.44368365158575
29.537942886353,33.05742329409663
46.289112329483,42.07503470511729
45.240374088287,45.450912165478826
44.650048315525,42.99093151239709
45.992751061916,46.088931463913774
49.019483834505,48.81577068566367
47.063160061836,49.73648903939196
52.206255525351,50.17823683680843
53.956184238195,47.5981757502445
58.140306532383,47.54525990135525
54.856794774532,46.740583241294836
56.399950265884,47.57033292651189
62.533545345068,47.57880586334609
62.62308263778699,47.940318367245716
62.09179839491801,50.966319273703434
55.033428579569,51.81398543640669
62.866294085979,53.10911073151025
60.58327189087899,53.85719317420949
62.208648204803,56.54093846114274
63.27350509166699,57.41327239147918
57.011492967606,59.12535421654908
61.659196913242,59.82609994910765
66.762507081032,60.656851326465194
62.337517738341994,60.095908669421114
68.501956105232,61.57184170113498
58.753127098083,58.419574113473494
62.967048108578,60.714975778646114
65.681317210197,63.38509829809037
62.66600406169899,63.15065182880333
63.076473414898,60.07807435619124
68.174489617348,59.65545923769184
65.250553011894,61.99682789815891
70.335497379303,57.24934322552133
64.678156197071,60.488423055838055
70.697502851486,60.41471028324398
70.247596979141,60.317217563223736
74.16758286953,61.80240092427332
58.378632187843,62.321545865796026
53.111660957336,62.13590990792079
60.92571544647199,61.91307768956762
58.176669538021,62.60777544554111
58.14012503624,62.2842931152823
57.57760477066,62.065625866401334
52.919217705727,53.969322263918066
52.062742590904,55.99899790203819
53.677669882774,59.212046877014444
52.431409955025,56.68509769049698
55.173530578613,57.087412813432316
51.037136673927,56.12840112076535
51.484178423882,52.060441742664686
56.403121829033,53.15909152406965
53.845628023148,52.08375874805837
50.473693966866,52.11359039299641
56.545817136765,51.59521149036133
50.856250047684,52.57519771875738
51.945122003555,53.904960553476556
50.783050119877,51.45421803260999
52.935094833374,51.39615048120314
52.074164509773,52.863068185244785
49.874336838722,53.11996724540586
44.795298218727,54.48148922021531
44.593009233475,52.16696706435625
47.41853582859,53.95397750172015
44.773808002472,51.95236116224756
46.835186600685,52.08774637958268
46.294083714485,51.94722844421875
44.801210820675,53.036311859363224
46.271535992622,50.76349964456181
47.041243195534,50.32250881742681
44.888034343719,50.01538843215495
44.800082325935,48.79391019766677
48.195005476475,47.07777229458147
45.152501761913,47.890948807510114
45.839901447296,47.527662303028364
47.983599662781,46.78600315844251
50.245536386967,46.57309387797352
46.102799534798,47.3648964772051
48.568278074265,48.25815108349819
48.773268282413,48.444179797508575
45.789692401886,47.480863525331344
48.424438357353,47.579232517236505
47.151558160782,47.83963929578527
47.308509349823,47.47921547530453
46.829783499241,47.09843849891902
46.893737219274,46.01316364283142
44.021245896816,45.9287537163048
38.201196432114,43.899366703156886
34.295741744339,43.57114053994473
38.373834013939,43.22393164111561
38.883587956429,43.189345689267334
40.006167590618,41.296342504844986
36.792530179024,42.411957411313914
41.626024246216,42.52297435719978
37.932372093201,42.444718245636494
40.822638511658,39.91011947271759
37.931032419205,37.52550962194048
36.726530313492,36.63285986888195
36.552308797836,37.49902778933109
36.428095340729,36.54197414045375
39.638674259186,38.0688826560264
37.518476724625,38.00546750084963
39.37980890274,37.176986147329025
42.667178153992,37.68536052024799
42.920850276947,38.74732341131584
37.401873111725,39.904418084462684
35.891929626465,38.30808490289811
39.120692253113,37.78670995905806
42.922533512115,38.05663516547778
38.352825164795,41.724405122326445
39.911785125732,43.171006478213215
39.776787281036,38.44309563136265
40.48416519165,38.34199796469241
35.897906303406,43.78357391880607
37.972961425781,39.500318271503744
40.941673278809,46.97185778263985
36.250192165375,38.26380905801955
36.870456695557,38.87557463912215
32.950472831726,39.33547016733838
30.918991327286,46.912958128065036
32.186458706856,39.067895705434765
32.655735731125,40.25924482289471
31.732061743736,42.81644211107512
35.288093328476,53.02049736787383
29.961546778679,42.55621134865896
33.704202413559,43.68937235626061
30.478384971619004,39.11436525515151
32.573556065559,40.89345408916545
34.238924503326,43.52743191642783
31.907502889633005,39.30798251104711
31.480210900307004,35.058958924768945
33.238563418388,41.60704124334236
30.649089455605004,39.20572091109658
35.308607816696,37.04810684027213
31.23970580101,39.113841679438764
31.67127263546,37.47814848400059
28.953794002533,37.26145103299121
30.169907212257,35.62654239186957
31.705638885497997,37.52800345869837
28.144421339035,44.59807014594673
31.791491746901997,32.49824053046221
33.627905964851,33.14937869710527
29.141506910324,32.05202570533227
34.744082808495,40.515420743276024
26.331042528152,34.54464325579461
25.870432853699,32.28187071364032
31.544166922569,41.32969041953491
28.652486681938,31.48758928676921
25.836424946785,30.48804870973727
30.669805049896002,30.728418111553434
26.900890946388,31.156054891885212
26.737659454346,32.97889804385618
30.106249094009,30.945518781376865
23.822076559067,30.14809901242797
23.518525838852,32.93540888901501
26.204450368881,27.966024815436263
26.853686332703,29.54109304445438
23.844345331192,28.343077802095628
27.597325086594,30.186251676576394
26.708878517151,27.497827189308765
24.190031528473,29.368579762574377
27.349127650261,29.519447099201138
23.940583586693,27.730291816976994
25.512085914612,29.10648628830877
27.44958293438,28.63042794951552
23.797618865967,28.035462580575064
20.867386341095,28.270415013833325
23.609301567078,29.280937746349345
22.243358850479,28.889567796671948
25.165817022324,27.877080925533992
24.639413237572,28.252124388810806
22.846503615379,29.26510430342267
37.80127620697,39.37257030571947
41.868486046791,41.01384717103075
40.212196707726,41.31422925393119
39.793009340763,41.24143162914447
43.269184172153,41.47628262589772
41.124316245317,41.91991280318398
40.935008794069,43.04510853235963
46.220931500196,44.66058165721507
42.234145611525,46.814049512710945
45.465435534716,46.008751957279564
43.860420316458,47.26346445750183
44.156473457813,47.12166118960351
41.349139809608,49.2479191590724
42.764645725489,42.997586322324764
40.585426330566,44.00710998551731
41.208346933126,43.7791001953873
41.485261052847,44.575500439258846
43.857820808887,45.330707065687704
40.917847394943,44.3506028283856
44.004991412163,44.41399150452334
42.531333267689,44.932405293556826
45.823079973459,43.878475565882866
47.780672371387,45.127718262148164
43.041822433472,44.51129454316671
44.853724479675,44.690119020419054
44.221702754498,45.307105360650006
47.183442652225,44.388105743665186
47.613641381264,44.791411514172275
41.264579355717,45.007275387277375
44.491592109203,45.30328749866533
47.701362431049,45.108263424744116
49.340985059738,45.03723550426647
46.913781881332,45.254794703681
50.72316801548,47.24796486803139
48.703850626945,47.33108690501488
51.495157003403,43.97972327073989
46.470942020416,45.38126709236682
49.863937020302,44.08603932364437
45.742836713791,49.033585119045895
52.565361440182,48.15617526216351
51.018114566803,49.43927581720793
49.304862856865,48.17418040091586
51.94113099575,48.46847034404098
52.542272567749,50.355792608355266
54.893288016319,49.41141929638958
51.803177952766,50.04572758050338
49.225926697254,50.16347631626199
51.922022819519,50.07147752722906
50.704442560673,48.195578227026964
49.585944652557,50.7869876657292
51.3322057724,49.19608453337472
51.430928111076,48.40418239340502
48.68195772171,49.64562972436653
54.120469093323,50.48635330702023
50.389228284359,50.51824135394614
51.224104881287,50.6554211377213
49.676737189293,50.20714467626906
50.608866453171,50.74156083369669
52.870126724243,50.8093927722192
51.105192899704,51.245816675384646
51.593105316162,51.05524490910856
49.93540596962,50.65666723219159
53.332870721817,50.8094921645831
50.00489795208,50.47260836683818
53.798805236816,50.732351596734695
48.259817242622,50.98166959035729
53.222813487053,50.9673787291873
50.487672805786,50.794599552487696
54.120731770992,51.066839911599125
55.167906165123,50.87316388335987
48.88236105442,50.15076123519549
53.562254428864,50.52465527306709
51.94829505682,50.31371040832075
54.039724886417,50.094792869987565
52.991347074509,51.02997007163928
49.344465017319,51.25166965607371
53.688733816147,51.054257200053556
57.89382648468,52.702720169405936
49.885860860348,52.93874926907579
53.366560578346,51.103588359363044
53.007709920406,53.77258591783542
53.678766965866,57.38017723499687
53.286085188389,53.412489773088645
50.664751768112,54.177859414435886
53.91855275631,52.24419990833494
61.254828572273,54.520751706679356
78.761135816574,53.4439480631575
86.133686065674,79.36198412985507
86.176620364189,82.94134651640759
82.533254146576,84.78632836155495
78.512710809708,85.90260831783439
79.693094611168,85.72931305677389
81.827833890915,91.76976304470342
84.558480620384,90.43580309649573
91.107981681824,91.62684458647264
94.007793664932,100.17855150613161
91.915917515755,96.08732560148499
93.680120229721,96.93639653540178
104.61681044102,98.02157075177672
119.16981387138,96.83713449708904
112.47663605213,133.3635370709192
120.72663235664,138.40489037001697
125.40026473998999,140.55843864980065
146.56479024887,140.98937541595558
156.01503610611,156.52146790107273
152.44547271729,157.7541627838358
157.52784156799,134.43306284021284
160.99316453934,111.17755526041384
159.34732341766,111.69867907177189
171.70082822442,127.64965449351196
178.86471813917,133.37320956084855
178.37142945826,135.8838785462515
175.56897869706,196.27335264723928
201.78923337162,204.0773932416357
192.02289693058,185.41970665293
193.55914410949,194.25294778879007
195.96053702757,191.91618277867056
209.05351221561,190.84467090181172
187.28132784367,192.26475586465054
175.75385737419,199.03127299648162
180.03096187115,175.77774960663274
194.89902091026,167.037266183105
195.47721636295,175.57509293383993
197.13749456406,179.71652721503557
171.20946937799,168.2511566646231
163.63492369652,168.41940211781375
171.01047110558,180.69734216829696
174.57047605515,168.84835137898227
162.0625846386,182.2077684925106
186.7375023365,170.210002180924
164.94523501396,150.49374801457884
143.24018621445,160.93178072353015
131.99865841866,152.3525867330732
120.27569365501,154.1735523282356
155.43700027466,158.34715753202215
141.07544827461,146.00999408670953
130.46591472626,161.30585708296306
130.99031305313,148.65061193940528
127.88630485535,135.41889259015957
114.55487823486,128.83247936821968
100.27297616005,125.05296730506849
155.90479755402,158.71276420884791
93.492226362228,119.47608721690638
93.905953884125,113.34168366450803
93.15993309021,118.6797481997417
77.086777806282,108.80881268280694
166.60921549797,128.61593169890943
91.179487705231,117.57992984900709
137.90879440308,108.81328497175492
102.00870513916,117.26693698692557
63.850206136703,116.54480189080502
98.103586673737,107.95773613073783
118.92684161663,104.41946109468999
72.432147502899,103.85239040931803
116.51205646992,96.71256264313718
31.421095609664995,96.12267337480662
32.781055212021,75.3456477858438
116.14227318764,94.45552718472663
79.030710697174,83.41238729376836
147.68381989002,95.9634135199805
59.79930305481,81.77029544115577
77.918112099171,85.49451855200427
92.73087477684,59.03437856386689
49.075269579887,77.41227351410353
69.940570116043,90.45018164193952
90.10711812973,69.74217114242205
87.703053236008,84.01922306026243
53.49908053875,62.73979054408382
54.92030441761,48.5084219780648
57.953956305981,47.390029952842305
45.671723246574,50.39130164727136
46.139028429985,63.89582555061998
46.716481804848,56.34586214989862
41.298166722059,54.40153620325736
42.05773460865,56.07323865283272
42.245659202337,58.42237851370173
43.646049827337,55.85548167141537
46.889747321606,48.54754090012076
42.699708223343,49.08931742446227
42.781533658504,45.11019204808311
41.593778610229,45.85921467680331
43.802481591702,46.33694038730145
43.689469367266,47.83372178682226
48.725360840559,46.4523127719832
46.991230458021,44.939874026686056
50.743554115295,45.09502758532214
45.366772592068,44.99750473296413
46.492363572121,45.03074990968259
44.441471457481,46.52617587470265
45.93345451355,46.50013920753998
46.275555372238,46.79564628579148
42.131274938583,46.89116658885428
48.668403983116,47.25534167246154
46.278654336929,47.6917333159116
42.644677042961,46.7969904730221
45.649191021919,46.80215989551064
45.695703566074,46.75948606298287
45.973908901215,46.71918301476961
48.636027216911,45.02950267277331
50.000649034977,45.138481914562995
44.839501023293,45.19564255186561
46.887105584145,46.841535059458714
52.164681971073,45.95410241742947
50.156846821308,45.14750487193727
47.39317548275,47.14088976788144
51.308670341969,46.653515774927456
45.935144484043,47.276637246817074
47.8852673769,47.11233896105083
48.161259531975,47.580941931146455
46.157130599022,48.10214921445932
50.369022130966,49.68581235380267
47.890374183655,49.61072015441244
47.514180183411,48.04812671938881
55.835703253746,50.040855123159936
57.63575476408,49.52429109341151
58.79358792305,49.59004345031949
56.606924593449,49.77289477587172
54.713681280613,48.027471528085634
56.433648049831,47.42083754200814
56.678274512291,47.70651380770957
59.738891065121,47.94688513329
56.940564036369,47.941801140853805
54.817536771297,48.188692495770155
55.234920620918,50.420679809798266
55.798645973206,51.080731583670904
58.159600019455,52.13009557951149
58.524783492088,52.117520173757775
57.44228553772,52.59580920372933
54.14693582058,55.40592709586778
57.399323403835,55.36526343654999
57.176247298717,56.05416504251499
54.609867811203,55.727769221936775
60.11569839716,56.305308680516525
56.391825914383,56.014970782809975
61.89692306518601,56.195266331140125
59.774113178253,56.357303238749154
58.133845984936,57.26688582811881
56.120796173811,56.07578759853866
60.466472677886,55.8130762922518
56.853971488774,61.23067226417782
56.24853810668,60.05648097526989
54.863802887499,64.05911292702156
62.142180323601,61.53262092171542
83.539370417595,75.99014112144529
84.816167652607,90.1471871629188
96.80102878809,88.40667335665303
111.26557862759,98.80519306271563
102.19800496101,100.0171639553832
106.34233784676,106.99938284835396
105.2033957243,124.92272471586831
134.4831546545,132.34158620106575
127.40383113921,142.52197905723693
125.50417530537,146.40569269384486
165.61777639389,158.32581567147136
156.42523348331,160.63491692059705
176.27214848995,135.23338899263106
184.74804520607,185.34212549018883
203.02563035488,175.1162156127167
211.75282049179,176.43044985109165
220.56327092648,177.43401861222148
226.86305212975,224.7694850702064
259.19031393528,191.6358259371494
249.04543578624998,223.54010243649765
249.27732527256,225.94940312402366
247.30343937874,225.06715525016207
251.44249343871996,223.6664116916126
223.14718317986,219.5786581180183
227.84051394463,236.81841926375623
191.74011397362,243.4890415383429
177.75019526482,204.71396164634584
181.80952644348,205.33974212902868
201.78317803144,202.22018408984343
177.45945358276,223.26915428712798
167.40427827835,204.292695378014
176.30417442322,159.6323296676131
174.30878782272,179.14876887202928
183.25787043571,179.56259641763563
175.79811787605,191.5337066724992
178.57406163216,189.628967218178
162.6894261837,172.0337477012654
162.03346157074,161.64366451327024
161.52710127831,167.65831238702626
148.35992360115,172.0643406875076
153.01899886131,170.9215640434139
157.57352375984,159.91024993907226
164.47525238991,171.3676534508766
169.3744354248,173.48953105630312
147.65374159813,152.64373196317246
142.51207637787,151.6955788501574
141.06441020966,151.79628460626603
134.69861841202,157.23664806089909
128.22799086571,138.69981073201362
136.85412979126,143.0901841079524
121.08940362930001,130.31798922532772
121.73945999145998,127.43974916321244
114.78049683571,120.50256136088326
112.14995956421,125.63430526010642
113.33306026459,120.6626018998166
110.3209900856,121.52007594113296
108.08148622513,117.79979750471618
102.16121435165,119.56115122114512
108.36744379997,135.45821416335502
109.05306863785,111.3507864370741
106.39777469635,120.10389953165274
97.381227254868,104.48224581561455
98.727407932281,100.61744568614665
92.523339509964,93.44999410968748
92.071885824203,90.66791740676501
92.945348024368,90.98425971620597
79.400123596191,92.63421052111994
76.790170431137,86.30415128188808
73.540815591812,79.36795566779843
76.130340695381,79.11498924004135
80.863731980324,72.71201687314763
71.72659611702,75.87259541353465
66.676868200302,65.56091886180852
53.966299295425,54.697443713796204
51.731850147247,54.46917700342936
55.19238948822,57.2007223677145
60.158280491829,51.00564746532108
48.834634900093,52.88021675310508
66.914640188217,51.530015698552546
53.001672208309,52.45526790003197
48.671538829803,51.960638930072136
46.98247218132,57.12067023142389
45.22765237093,49.21951187772107
51.39445245266,54.885377518182146
46.069049358368,52.32747380839922
45.757337063551,54.20968028964141
50.258734941483,45.40146151933855
47.018391907215,48.58329814633578
44.858034849167,48.18096819577262
44.7336987257,48.1726133885565
42.700889647007,47.31356902224205
47.48505577445,45.432319379775656
44.782624870539,46.76422783609245
42.851183652878,47.578344282981526
49.301940739155,45.4482990766985
42.437899053097,46.878219252724755
51.404280006886,46.95580131915168
45.995031476021,47.296390576273474
46.699295282364,46.80411207831902
51.385678172112,46.68623846419217
43.534062623978,46.33346697010928
47.510384559631,46.930971960798566
54.500086069107,46.31510568221773
51.048542499542,46.8531526790937
50.932163536549,46.672478162322314
46.293446183205,46.77366600162537
51.308935403824,46.62442375804239
49.509597063065,47.22165496144158
45.219826459885,50.06087019548491
46.820484519005,46.98564134244869
46.350685358047,47.70580357341546
45.820521235466,50.2139202959881
48.829619467258,48.74214036364813
46.017454147339,49.4045840326991
45.85007828474,45.39300351414064
47.07445025444,49.714000979272626
48.310124874115,45.595451010939165
45.206428408623,46.864570906055384
51.645276427269,47.25477300246182
44.234317839146,46.71646094922482
48.03685438633,46.74855613983385
45.689192473888,47.16981330043338
56.069485068321,47.18361287844506
50.5535633564,46.814150671475325
57.227475404739,47.260569654499534
47.975718915462,46.73550649340042
48.572806358337,47.313597253583225
49.988283395767,46.678176279362624
48.147908508778,47.8723461370902
47.854515135288,46.87467160701024
51.063991785049,48.18160940144447
48.396132707596,51.083455305522996
47.073488354683,49.836420963399746
52.353422403336,49.81469028050731
49.911233365536,50.26665298774041
49.008345723152,49.62677477850592
51.891634345055,49.78865779409241
46.350242674351,49.75991922299375
48.572937011719,49.800076577910914
51.442383468151,50.30902196710694
48.378207445145,47.992664226416125
53.949919819832,47.98077448826091
51.857199251652,48.183944980717555
50.284222066402,48.17896426023984
47.361738502979,48.12114356515366
50.465287446976,50.28813184935679
54.640417098999,49.29499658747637
48.452111899853,50.33242748640951
55.09026992321,50.519946191117704
51.797373950481,49.86134927980395
51.123419761658,51.07779335308661
56.606783747673,50.66454747687515
49.758571267128,51.16702309487237
53.445673584938,50.03166667556861
50.497307419777,49.98823392725163
50.535109221935,50.734759389917535
53.322687983513,53.344549998709546
54.531636714935,52.71531517410672
50.890507221222,51.48721394127389
61.93067786097501,52.95592620726592
79.825048081577,75.55019512939168
81.634008701891,88.00036332790502
81.92686265707,83.72119806089574
80.756911657751,98.13226770094698
91.422328710556,95.54792848883272
104.14948987961,99.90258819053972
124.66434574127,110.80443183209282
128.44641530514,141.58023783307897
127.28134047985,144.51058841976842
152.85223948956,163.18246733030733
166.21203374863,163.45564600119258
174.08958125114,153.20374685548228
180.10232770443,171.7031880224639
190.13686561584,179.4257970462785
224.91426467896,219.52390799982516
241.07677876949,204.863843791943
237.56943070889,225.67821406995515
244.14445209503003,244.92391902145548
249.33711504935997,242.34669407776548
230.13657927513,215.0667336248947
205.69794106483,191.692275102891
219.22382569313,229.774167099216
217.83346128464,216.5182309150398
223.86958217621,245.0627320970882
214.53168582916,194.63811645874588
192.92646861076,178.88999173517124
196.42742747068,183.412712368756
192.66225552559,183.72341847222424
184.28240156174,189.24640554741688
200.86226779222,213.19842294037787
179.54688286781,206.0462450303309
181.31476664543,198.80312479664667
176.63708162308,199.29106678323112
165.47490811348,197.38526165418003
154.91255760193,198.59047337727372
158.92649054527,184.0103707394402
164.68586874008,183.64536236722236
147.10922455788,165.749925578997
134.17862653732,172.9395565766593
143.37972092628,170.6910401227667
136.95327854156,177.64049580936398
134.82505106926,162.74980243896587
127.97870397567999,158.43269172924334
134.56191563606,148.99112783742132
133.81262135506,150.125891818869
132.55547332764,151.37773569634925
133.05284714699,139.3611112358582
140.1819396019,132.37166266149603
127.44486546516,118.86582896731785
118.89193797112,116.76806269797446
115.28760647774,124.77022616384768
110.61505484581,116.27768574142475
114.21515870094,112.29580187039952
106.48374032974,117.6701657323626
104.8929028511,115.61465103437097
102.93169879913,104.89038095686762
84.944710016251,94.45750824672979
78.605697154999,94.44805358851448
82.562096238136,82.20300327582991
76.31037735939,81.50996785298703
72.747710347176,80.26155434232881
79.163951873779,78.0138282498559
66.630509138107,68.60562156939471
51.309573888779,58.10021782654233
43.363354444504,59.818802019186364
43.869806528091,52.66038623498715
43.622460365295,52.29465467964179
41.992050409317,51.75432824004039
44.57790350914,50.96701031138452
46.652854204178,52.80080703019063
48.748837828636,46.31079333682626
50.353159189224,53.295002723493035
50.416392922401,51.85643372646685
47.862968206406,50.94339531699964
44.72180390358,49.44396274868571
44.488525390625,51.14547414707883
44.821567296982,49.565635071202585
43.669501125813,49.37685643623772
47.391660690308,52.585877933353395
49.193171441555,49.60814305628436
50.313694477081,49.53773925377173
49.554436922073,49.53800831164468
47.533667802811,50.29569942399596
51.615181088448,50.720639382428324
49.429784059525,48.75738206678737
50.94632679224,47.59486966041032
47.330763936043,47.4932179937264
48.185245513916,47.350454954309996
48.312557220459,47.64891672859024
46.161741614342,47.65880367478344
53.251505196095,50.52550327382042
46.240261554718,50.490906576556135
47.440693020821,48.766482256770836
48.692899942398,50.74445443097202
48.799252510071,49.3245850336756
50.11762213707,49.477332763974296
44.892644882202,49.44683941798799
48.623316287994,49.41691770839467
50.226337909698,49.42518639040687
47.682728528976,49.28600651744258
51.399676799774,48.13843323725153
45.627732396126,47.88462715274683
50.264897048473,49.16397364652101
48.005779027939,47.4548888795262
49.431528508663,47.30859399988914
45.470931887627,47.677252369310224
49.624942243099,47.93546837681804
48.835666239262,46.9485341172085
51.181114196777,47.75585233357382
47.643997967243,47.8307829321181
48.026891350746,49.12271476802129
49.103269159794,46.97923328151067
46.912128865719,47.78963271205015
50.013220906258,47.75804055703275
49.491441845894,47.570174412189196
50.546559154987,46.976275730751304
51.350928544998,47.872860829746166
50.065613150597,47.80679896381088
46.54792624712,47.93176490512887
52.131925225258,48.0155961216346
48.585647761822,47.765043209185784
51.823773860931,48.03394269088015
52.151017665863,47.776115390770144
50.944083034992,47.80829005670852
48.762642145157,47.015360475481444
48.862766265869,47.90050190872614
50.893778204918,49.2617408858328
51.056775510311,49.689895870975235
52.230541229248,47.903661594967154
54.260684967041,50.284478959588526
47.971326887608,49.53699183193901
55.559908747673,50.31280175431502
51.980407238007,50.27533357544692
48.317843735218,50.36090189198617
50.408074080944,49.75444850079618
47.584341049194,49.74742288960496
53.301212906837,50.625478613617425
52.396913349628,51.05977557746174
47.0011023283,49.84120595868366
50.584485888481,50.71808588632197
51.644424200058,50.786793467272226
51.010746538639,49.845320838917246
50.751060366631,49.77933329512126
54.563632547855,50.99440006177753
50.0044952631,49.56528790584941
49.547344565392,50.150178972388815
50.055309414864,51.4435648676545
49.638045966625,50.814948760711474
49.507840514183,51.25916953121683
51.455538392067,50.44500644735076
51.75227689743,50.54833079688925
50.124945402145,50.62837875386273
46.047469615936,50.135437004315854
52.974022686481,49.99628209107302
46.805019974709,49.87704639614781
51.089142084122,50.35696303834365
54.146675884724,50.16228362397504
53.629065513611,50.737875127256565
49.840498328209,50.678701534484745
49.736011624336,50.0124314283674
51.314767763019,50.98979665791561
77.993303582072,69.92608531326437
79.19978120178,77.68721507245395
80.556001454592,77.86566202045755
83.476656675339,82.42957670117501
80.00809854269,82.17990903719951
99.179431319237,101.27252606245324
97.081333041191,112.24042976811916
93.900576472282,115.82578467612234
98.039828419685,120.43468433671116
139.58377540112,152.18614215905484
134.39559459686,155.6882311075756
134.91754961014,148.09872007087145
139.51142501831,160.90301928046128
186.21255147457,162.8914884763709
195.17211806774,193.47658775686966
190.59799587727,208.92376059319696
199.78724992275,185.76525136095387
218.01596415043,213.6539283375628
204.39421510696,221.03113175039996
194.14349091053,217.76297448721053
201.33100640774,231.91183614165456
207.31963682175,239.6997037800958
190.01637506485,193.69477638991597
187.94655001163,181.4650149312662
188.32326960564,175.67904992614822
177.37475025654,177.8261218760824
163.45330753922,183.80858182787236
134.61182451248,179.565474562721
130.37487769127,161.70558629186039
124.6569545269,185.21146324509093
149.27376747131,211.9229384847928
144.23288464546,158.29396139569153
153.82518410683,158.52705287234073
130.20756316185,157.1138815394895
129.0267124176,156.9372862647449
129.74263858795,153.8803078392517
133.96605372429,146.9068430181178
122.87256145476998,168.28605088343537
125.82277536392002,150.7701352217053
127.4861137867,152.463925890178
132.12070822716,132.29755524521204
133.92505478859,128.51469507638294
128.37708234787,126.69765923337819
129.42829465866,135.75297424898048
128.27137541771,121.8955282422629
131.23232531548,119.40133734441369
124.12082433701002,135.40619565036295
123.58532619476,119.69934080986395
125.38019561768,121.28938297661105
124.86209011078,120.25267774853477
131.54100871086,121.825592307202
134.34221696854,119.22842383643412
143.79790496826,137.86589303528078
138.56470036507,136.73534446839514
127.62196373939999,117.96344063530559
115.53501033783,124.11796374628818
108.97976779938,112.89566476102041
112.0058157444,114.89046775762131
114.88865065575,116.53884486636618
110.82647204399,117.91628451453026
101.03220295906,124.07575641013892
100.75821065903,114.26175009651081
107.24019145966,108.95356761832387
94.414705276489,104.25079183766796
93.269479036331,103.10737552995387
96.871438980103,104.35305749025552
94.420651435852,100.9067271621941
86.524189949036,97.36173605965361
93.052824735641,92.76703104574062
88.783604621887,92.1385066069835
72.611949682236,91.37145797736794
85.173029780388,88.17228753407646
75.528478384018,86.98033803519665
65.232203125954,86.51738128682175
71.196339607239,73.84577799461735
72.396804332733,69.38024906264675
81.868907213211,62.81773442038612
57.618004083633,59.01136218304508
52.526260614395,52.309743079970836
46.09768652916,46.94926873008841
44.118516802788,46.9620862664129
45.065585017204,49.33767005612813
43.879952132702,49.98428379267903
46.168256342411,52.52341296648947
51.831469535828,52.05037169255091
48.717873096466,51.67002915944996
52.373482346535,52.47886786587821
42.272127985954,49.766233393449546
43.221270680428,49.98394479186247
42.450665712357,50.13982183199045
46.34255617857,49.919946302931976
46.105243623257,49.55804752844561
44.49067980051,47.980563240916005
43.80928260088,46.76335775748079
41.454758763313,48.88087322966153
42.912809491158,45.420852741887174
48.42605304718,46.665972839236446
41.764138221741,45.878036056179084
42.755262672901,47.43005716891978
45.123267233372,46.806035297618415
42.769550681114,45.88987083259817
41.307819485664,47.23118404925564
44.621366620064,46.62458724509816
45.595783650875,44.59693328485631
42.162053674459,45.05515131084197
45.398106664419,46.6451793698402
42.285030186176,45.00411807898378
45.921629220247,45.07809985796729
47.014780402184,45.06068984401049
51.527676731348,45.02728981665249
46.353088647127,44.64889986821405
41.76251283288,44.99752109820819
41.33642706275,46.51889475223414
45.291644215584,45.06494765867334
45.350157439709,44.769820084118216
47.741603523493,45.19723454547348
43.424834042788,46.513654073179836
46.912445008755,46.80786840488944
43.464929282665,46.3089227890377
50.885107308626,45.34284693222511
48.004796802998,45.28458253466541
49.612715005875,45.803690719758215
41.658174902201,46.76897254602078
44.702745944262,45.35179353246769
49.09148940444,46.55006366962153
46.457972168922,45.04714091266031
49.269001662731,44.829279802429696
47.520460516214,46.64087546339402
47.921338438988,46.84990297150771
45.735007882118,47.11474866266595
47.626685082912,45.1262732283352
45.534597098827,45.61141535253535
47.368072748184,47.05293416639474
50.522331953049,47.50938865132798
47.660563319921,47.95846794855714
48.232534468174,47.671542234964505
46.727118015289,47.8498577161302
42.962469130754,47.951984236016045
51.911946833134,47.79598340080114
51.464485704899,46.9727766639721
47.394845247269,46.87658463232475
51.422444999218,47.964031077088116
48.468412160873,47.978849493953874
46.667617410421,47.95802895136231
51.256433725357,47.86379638456661
51.392260193825,47.98955682565838
48.344652354717,46.70414085504289
51.279153347015,47.954780064930176
49.533323973417,47.99780736012892
46.096277922392,48.02035363195979
51.757126927376,47.79559935885088
48.142725914717,47.89082444913625
50.692092776299,47.96746434151042
49.799061506987,49.591514217444576
54.54820638895,50.24724307227033
48.415639400482,50.25746966728998
50.727818548679,49.57578476572904
51.545239180326,50.31940968118334
48.661219000816,49.79943076349062
54.82305598259,49.280652322446755
57.403125882149,50.29968081997993
48.95817553997,50.31876585120338
47.133672297001,50.388811859141306
52.597537398338,50.3935908469019
47.349607527256,52.79609414733568
49.640550374985,53.488612456885605
49.505759716034,50.174799096325415
52.213453769684,50.43303658232238
48.235125243664,51.09321963144648
46.990328967571,50.39686593505067
53.494272649288,50.951697434144904
52.421106517315,50.29286376014113
80.774586081505,68.70635007231819
82.111664235592,74.32278477688646
90.015028327703,74.34410896859436
74.930147111416,80.18346831993601
72.941508412361,74.72565842609953
74.714598059654,76.47802707855755
87.768361210823,92.51648493306335
87.328800916672,95.78873728286156
81.750290155411,90.93325726241257
81.848953843117,89.14682199290331
77.828128099442,94.76174038838127
89.179058864713,96.05298156115916
83.093929767609,98.84841031866317
83.2965092659,91.1362114586453
113.29737825692,109.30215601138184
117.85003918409,128.3095743157045
119.83957855403,121.2722370410464
131.5489128083,111.43852096467654
128.13852316141,124.00988473434607
132.4800080657,108.90019819975197
124.13104131818001,108.60381750150087
134.75041842461,121.14003704529543
176.10818624496,156.09493811987792
197.12346851826,154.36981632377442
184.8094291687,152.08642854018612
173.03813576698,152.77559781449682
181.53285324574,171.81778268227364
181.6741424799,160.39010109437214
177.17638504505,164.21601660164558
182.74652326107,162.0057747605194
177.30463576317,165.06223242105347
175.85200965405,156.52799750871927
171.30373835564,170.41202688365624
159.68308901787,161.6299717596895
142.44897294044,168.67894474480255
141.37055540085,175.49560675802726
140.9315893054,168.04293494901754
147.77646970749,166.74049460883086
139.83822250366,168.2860782190246
133.15100669861,147.82984142997816
132.74568390846,147.0139850186016
135.13535308838,132.47290478079876
127.93657469748999,123.62870321897938
131.04851746559,123.53725770021916
135.81310200691,125.41333772024821
128.25124192238,127.98199524889168
122.20873212814001,121.38506586194592
118.9790289402,120.69311777943338
121.62846183777,123.29457659937951
114.31789064407,125.37624613195837
121.64727449417,117.92941489612079
110.42472982407,124.4758234215062
112.49296307564,126.1043772343074
111.66213512421,123.10196991132996
119.62917542458,125.59211217539041
113.23242974281,125.03808880534832
114.85793066025,121.64341443611023
112.5563454628,124.61548937620779
109.19241142273,121.9600317767275
116.96511173248,118.7586391248381
115.23456215858,124.66415929438023
108.48599863052,117.13728677080748
121.34888744354,119.30271400332798
122.81514453888,131.27215215420534
116.21097755432,124.45437241374027
124.53739500046001,122.77771040174243
109.62790250778,118.18455249133426
108.38843011856,117.44125580282505
106.67713165283,120.25700161917122
105.4341146946,117.60024909453595
111.91559529305,114.5574608453777
95.032920360565,115.8933638835634
107.90087175369,113.40186059100832
103.3137357235,109.88637646206293
94.42151427269,104.28217664214517
93.401472330093,102.59543762861794
99.780216693878,109.31365190532647
105.88899791241,104.26172421840356
94.111384391785,103.00114155249095
86.57496881485,90.20978970655847
94.497659683228,87.22545989369571
90.761353373528,87.6978066022418
65.249215602875,85.66308588252397
83.603639960289,81.92622263305107
67.507974863052,80.04790586311125
80.065367758274,76.74437578622009
86.540527820587,73.34670133039887
68.834318041801,69.19009048928235
68.079032421112,62.39176472656062
64.063996076584,66.89884336740998
54.832766532898,65.02590770760123
51.793392300606,53.836294871280344
55.165848016739,49.631951395568166
58.993589401245,56.76537102774733
50.686168074608,47.03373872266735
50.721268773079,47.066561310677656
53.489369273186,44.802024018857196
51.874809503555,45.7564883601709
51.603291243315,46.57695312231563
55.632935523987,50.94079141822629
47.593294203281,47.90537960284489
57.002984166145,52.571227972029206
56.044801473618,52.38747775067531
48.250054895878,47.948255429727816
50.060270309448,54.665747290751234
49.465162992477,52.68504599449006
54.920702755451,51.66263152633408
54.375298559666,55.8660766523934
57.922789156437,51.39165451857853
54.676378190517,52.298329081242336
51.80702573061,54.49658608649209
54.555997371674,52.072425528270614
52.521373391151,54.32649745232638
51.735828340054,54.500078995221756
53.374049186707,50.77883675683636
51.163762271404,52.23897233032999
53.848875999451,51.687101362945796
52.072693049908,51.63304639404461
53.949070930481,53.94854861591826
53.42761862278,53.51013672469821
56.920967936516,53.18979086094995
57.048248529434,53.000500824385995
59.835198879242,52.08109007606516
54.216719567776,51.74526843886895
54.381453752518,52.014038926618575
56.212086319923,51.63570444354233
51.026859521866,53.24828224897473
56.996434986591,50.10307733017368
56.14589548111,53.311711976455854
53.284010946751,53.19026198312836
52.470156788826,53.79713114060156
53.012802124023,55.157004568237554
54.574502527714,53.615472251701554
54.774612545967,53.851675554585654
58.850782811642,51.94543133720566
59.636352062225,54.22899976461817
62.881601631641,53.16116565717684
61.584578871727004,54.30197623501546
63.89538753032701,53.14271158132121
60.031846761703,52.23742482115508
60.200242221355,52.88594511515072
62.614686489105004,53.38540639143833
63.356229066849,54.01304213948838
64.325229883194,54.65991182950358
67.637731432915,55.29415494798796
66.257959008217,56.67732858594322
64.248638510704,56.61569701031766
63.91450774669601,56.143118519304224
62.791410148144,58.72340719963637
56.258156001568,59.83100951699102
59.40124309063,60.07639380253142
57.024151086807,60.24480407944244
58.603377342224,60.472553794122994
60.09430372715,62.89552265765982
57.07876932621,63.41282250370118
59.648803710938,59.824583842450096
64.997921943665,63.12701412490905
57.958630800247,61.95572261663926
59.197844445705,58.49042450737431
60.573783159256,60.128260015487044
58.489005208015,58.67392080496486
61.83967167139101,59.20929674709411
62.70693659782399,58.97330613256003
58.95470893383,59.90471618126704
57.87834751606,58.54104114064083
57.047336697578,58.88931986505515
64.920934915543,59.14509081262063
60.236463785172,58.71433166145026
63.394635856152,59.36710551593247
61.71874350309399,60.36715178185692
62.615166008472,60.07696602873545
57.331404089928,59.085941229695955
63.52834689617201,58.749591273546336
59.654611706734,57.92220100435345
64.791072905064,60.81808582563917
58.712562799454,60.10529494835516
65.045744180679,61.115434930281126
62.527742028236005,60.9933809386266
61.728833436966,60.23842708067098
61.692456483841,60.90833705545027
64.521114349365,60.7437640584188
62.190946519375004,61.81573138802298
57.206740379333,58.71658097382778
68.770800888538,62.61811135817841
63.78213882446299,59.39228726820648
62.044732093811,62.55981826524667
64.816418290138,62.29750849680903
63.656185209750994,61.667801929312866
60.847442805767,61.508880206902894
65.625875174999,63.067698762970764
63.480960607529,58.653498698038064
65.534201383591,63.43173796926175
63.951201558113,63.9792745187204
65.076972782612,64.35856863434127
61.161426603794,62.20002241486975
63.863038182259,63.2085811117622
66.808001995087,64.11567790180885
60.136391937733,64.39931933533727
66.680389225483,63.848844287967864
63.99822866916699,64.49547513768071
67.1335465312,64.76829622865169
61.469523966312,64.0694165871466
68.721653103828,64.74507878121729
62.599089384079,64.47155520721431
65.551757335663,63.825491163180516
62.9339427948,64.61773331559564
70.280274748802,65.11611648483739
65.000881075859,63.96642552034507
69.129594087601,64.71251584307323
62.16969084739701,63.42302024804842
71.678746342659,65.18998300292665
63.37888957560101,64.30358006021979
66.350862026215,65.09244768907972
65.425090588629,64.12887265633886
65.310475766659,64.03029283286233
67.685015067458,64.3140220225141
64.741983897984,63.802952156576154
65.241051003337,63.40815737549189
66.592840820551,63.61165085812114
62.373789399862,63.02403593950346
64.43987852335,63.32737689734819
57.176307916641,62.362021610446185
55.058850288391,58.81284542417047
54.51246368885,59.65927680706657
56.626872181892,58.06461631689257
50.952665805817,58.04966065054669
52.880453467369,55.2700453061995
54.520124673843,53.44850193005199
47.671304583549,53.41626564810628
50.366099357605,51.928713966872685
52.438968896866,53.01631575223721
50.12436580658,52.78106142907056
44.51208615303,49.49626125543668
46.612591028214,49.68942510456929
47.916418790817,49.836024009702385
48.661462545395,50.066880587534385
51.460632562637,51.25196597994393
43.396229028702,51.58128042691269
47.816391468048,49.06848058370242
44.299984931946,48.34708760657278
45.65628528595,50.96681593285121
43.749284267426,48.0152302619979
41.635892868042,48.77136728866941
47.065445423126,47.603183561677284
43.723504066467,47.716198872546116
42.877004623413,47.66904639137835
41.79122209549,47.76836972747606
41.745277404785,48.319203053100075
41.265089511871,44.98185051227597
41.617153167725,43.60819288993986
42.015892982483,47.24794438834495
43.416655540466,44.50964314000031
40.673279285431,43.644582567493195
41.397778987885,43.18760909607906
39.541684627533,42.54489168071256
41.347050666809,43.051043494082855
40.51744222641,40.389938576960404
41.71431350708,44.72402430847991
38.905932426453,42.194334789189995
40.007642745972,43.69469639652907
37.898789405823,45.09385578397007
36.516020059586,37.912660519873825
36.402285337448,41.498769584208304
34.067390561104,41.03719017811695
33.472604990005,36.65694009657148
35.183312177658,41.84326831510401
38.131162881851,37.64718431389403
38.703512787819,41.51667606553062
34.767863988876,38.11358198640743
38.250012636185,37.55821134480321
36.37433552742,37.08380683442811
37.222029209137,37.15542017146998
39.595183491707,36.793008242956176
39.533831119537,35.780319505664814
37.404324293137,35.21374121723676
39.81332719326,34.347351175184656
36.741302251816,34.84070309898499
38.62044775486,36.13051927032421
37.648572564125,35.40148292614075
39.960289120674,35.24245964492513
33.992139697075,37.69850789337249
35.073764204979,39.284576320708126
35.06010723114,38.32783767900899
37.134960532188,38.032579672172815
36.286944150925,39.577319136414175
34.427119493484,39.470868715642425
39.156581997871,37.840410165301385
31.853324770927,39.97378324900082
35.691205024719,38.5059454096626
36.941971182823,37.74760849391518
32.532167315483,39.09624364013692
37.207890987396,38.08832469496514
32.922543287277,37.917522936737186
38.023398518562,39.7403327124223
37.409582018852,37.33848880794502
32.096372127533,37.547643016407335
33.450447678566,36.34494091123134
33.056463360786,37.99550690995254
31.117459774017,35.964302027347586
35.504241943359,37.228060821519065
35.43972992897,35.676156776493734
31.949376225470996,36.4431918015451
34.635833024979,35.23217300040809
30.10064291954,37.11248764281434
33.640963554382,36.0686188378801
32.831081390381,35.35524410905105
34.562821626663,35.17650628618515
30.025178432465,35.08051296098531
35.224572658539,34.11638922480855
30.452919006348,34.2548202381859
34.396620035172,34.164900632425194
28.627311944962,33.877490446679225
30.085375070572,34.212279646341834
32.628109455109,33.45807125165648
30.617633342743005,33.46729911679691
32.315806031227,33.58062580252576
30.594465374947,32.91250151121702
30.755022406578004,33.19160801928675
33.687982797623,35.71696590400863
46.533908724785,37.9502545407481
46.830829799175,47.132902909555014
50.161972939968,46.01473946799267
47.705851852894,43.33480245525981
52.174951136112,44.53449549179837
50.610666811466,44.96174561612292
50.24439227581,45.32054176009035
51.211548507214,48.83265061792114
52.89147144556,49.161635047753634
50.454497218132,49.96342756890567
53.443740725517,49.693771997270545
49.053340554237,49.756142121260666
51.00245475769,49.780734416267805
50.213804602623,49.89131359094673
49.981877446175,49.98816619093742
51.55047750473,48.24990467384758
49.779220700264,48.07323401116214
51.760783314705,48.1504558310263
49.643490672112,49.12214464876637
50.380171179771,51.5460327830967
53.43584382534,51.12122134481816
53.319879949093,49.90709650680691
53.083963036537,51.3421155043862
53.613543331623,51.064830058778824
57.229957580566,50.32863959695735
52.719937562943,51.440934138532064
55.144715964794,51.140248303988066
51.162856400013,50.705321698993636
55.339672625065,51.79152886006091
52.007015943527,51.40947024360346
54.380515217781,51.58758566525194
52.273694097996,51.838422829943944
54.617248207331,51.495016688354156
51.926757067442,53.82287936075589
53.43839007616,52.43652458965055
55.065404713154,51.96216850512179
54.393486708403,53.46220535704947
57.477663695812,51.88568829662013
49.245411872864,53.76024068627136
62.831290453672,53.434981139965316
56.824091821909,53.69521574749428
56.913051843643,53.92250306300691
55.58700338006,52.003623869371836
58.0138913095,52.89123988841129
58.645921826363,53.85763867934007
56.925708919764,53.5179627940506
56.710792511702,54.19623035465357
54.86325237155,50.937922726696236
54.760072469711,54.08096478884511
58.712564200163,56.6129248359048
57.748700797558,54.40051591866442
57.909982085228,54.360233941258265
56.007064223289,54.502809396844796
59.396911293268,54.73755478123351
59.384823262691,54.80762962111923
57.661843627691,55.22321408769503
54.434270709753,54.91809702929519
57.087811499834,56.56899157368314
57.650121212006,58.17138785216027
56.151783853769,59.19407886423634
58.795948684216,57.0401311319029
63.847272753716,57.679955661310984
60.58819296956101,57.47429875696895
60.930531591176994,57.68732184896637
57.316566944122,57.281126196503564
55.343894958496,57.207162142673255
51.97689718008,56.93421175770475
57.109565645456,57.55296633173076
55.003830045462,58.849199090376
50.039395540953,58.01510016322063
44.40988817811,58.16393050848542
45.733544588089,57.1375270086974
42.785501390696,57.432927804053904
49.106345206499,58.06348675798063
48.564660549164,57.77146906033847
48.358472287655,57.38550992034873
47.189942598343,57.097129781069036
43.289761900902,51.986100592961634
47.217690348625,57.27893381737661
47.090175420046,56.868684971282065
45.077745616436,51.332387604942646
44.772002637386,49.481029972610735
43.895470529795,49.38537354959361
47.840206354856,49.73357816780185
45.110021293163,48.767615222779376
46.515376091003,50.31534883416708
46.072113037109,49.602522099182046
44.566555172205,49.59091295193739
49.484480768442,48.16448464098374
42.985490202904,46.76852035984544
47.405035465956,47.87387682183189
46.434651106596,47.713752043137404
44.638963073492,46.594985825629806
46.330404937267,46.65731395541346
43.374748677015,46.59158690836762
44.227915585041,46.70860457666994
47.098388463259,47.4417124155548
44.852797716856,46.878845609686934
43.705980807543,45.66274600400962
50.274632036686,47.54991149640714
43.651640415192,46.336360832086235
46.609817922115,47.36678889376322
44.479718208313,47.124070544825884
45.934440255165,45.798356951427586
47.427942156792,47.185945573242094
44.403252959251,46.488233998895
47.139190077782,47.11425215686173
46.488004207611,46.52913884895085
45.107149720192,47.11596794579336
46.182732343674,45.924663913249525
46.867465734482,47.815138054213115
42.079635977745,46.47252217098276
45.992237329483,47.41998774647543
43.800551593304,45.558549513753604
45.998980998993,45.94568679217117
47.707780241966,47.57031701057687
44.940822839737,47.18892681144467
46.085793495178,47.65737727120005
46.745374321938,47.598265625513065
46.331851005554,47.457714303076216
46.576828181744,47.640975304546
47.483641028404,47.914826747031185
44.427866399288,46.532378402785966
48.099674701691,47.75492083392686
44.160470426083,47.18086687625026
48.455047130585,47.64063680759941
44.000446557999,47.09623778361721
44.368306517601,44.807676051453875
43.692087680101,45.60640220625659
47.187919400632,45.9467284930437
49.359882980585,45.90282582979668
47.66073615849,44.41598299247681
36.967738255858,44.38018057149493
35.36408239603,44.283455923810514
38.032586663961,40.72030162987505
37.278663434088,43.472688562360695
34.446030981839,40.58210811380641
37.994991973042,43.094962532701516
35.047139525414,40.44637231157021
35.055347442627,41.08729993516538
36.621005058289,40.226660728380764
37.619129419327,43.06166870398609
38.877262353897,42.71556276449971
38.479614973068,41.08308587257696
36.910173654556,37.25055542174949
35.316306829453,36.770174209145246
37.95677781105,37.720820986131336
35.491479158401,36.90298257822693
33.244658470154,36.47734455286762
37.729105949402,37.44468587245215
35.353378772736,36.77631906664675
36.169554233551,36.72335528962667
36.184243202209,37.110158612666844
37.096214771271,38.08351133032697
39.865565299988,38.796281055395895
38.217955112457,38.45370656198555
37.947411060333,37.04186995895165
36.014327049255,37.359732465928225
38.015080928802,36.64327836441811
33.981838226318,38.22810771830756
37.47626209259,36.60648686688494
36.454586029053,36.924526878496096
40.299289703369,37.081684261845666
38.836531639099,38.24780081827309
39.369601249695,37.93035480256017
38.502676486969,38.04825432534986
36.822939872742,38.31234143743739
36.915495872498,38.48945808293462
39.656226158142,38.98669400713729
38.632343292236,37.86588466609916
36.080763339996,42.26720392542882
38.099420547485,38.579735387164575
38.363831520081,38.38701754284857
38.495856285095,38.65675066579998
39.605257034302,38.36174993698123
34.554378509521,40.88017511079717
33.33696937561,39.130100732328074
32.986197710037,40.78052411689863
34.523039579391,41.29336540751032
34.168873429298,40.87670408978846
33.947882890701,40.83969579120477
31.755069375038005,43.67641261829499
33.797198534012,48.12348377516924
37.375757098198,46.50372390435189
32.795791864395,46.394162468387385
37.273377418518,47.04419486625851
35.739653348923,43.18859935668871
32.129564166069,42.803134571338894
34.44013094902,45.01885024454866
31.500706195831,40.42370148376538
33.622477412224,42.09781760794402
36.977211713791,41.91721336541579
33.066997170448,40.846005993403864
33.377156853676,40.42410090399642
29.459828495979,41.5537059945309
33.877002239227,46.102103492402115
34.035647630692,37.951497816857476
38.374530076981,46.83708290778774
36.063044548035,42.466066418869445
29.699215173721,41.49610570695822
35.939382076263,39.70482099222033
35.223484277725,40.466334910186426
30.765851020813002,41.85814548127075
36.667475938797,35.16371431130767
31.749639511108,35.87395879068277
34.316773176193,36.37471232213897
35.194064617157,35.9679596485099
29.950219392776,36.05402605120172
34.832016706467,36.07267678963862
31.762453794479,39.43802137998277
30.019148349762,36.697449885885575
35.594120740891,38.39029741755746
32.614028930664,36.23173188841949
32.19264125824,35.799994936010954
34.03013420105,35.65031245866071
32.453420639038,38.707293483270306
31.009246110916,34.403686913005124
34.596048593521,35.19397234380167
33.637430429459,36.36682959502149
31.678988456725996,32.64213112320875
31.366870880127003,35.56149266982968
32.83314204216,34.45305140959746
28.975913286209,32.178091393575514
32.737518548965,35.66061217064139
36.924268484116,33.318333036519554
36.349669933319,32.99191573415895
31.826010227203,33.24322265046282
34.549029588699,32.16364624452778
30.564306020737,31.769466226037043
30.789373636246,32.78161445420695
32.968480348587,32.81064159594011
30.436697006226005,31.567905722037118
32.26332449913,31.806419054322323
30.657420873642003,31.7642025805205
27.174012899399,31.75879348259046
32.848998069763,32.373693060183726
30.915153026581,36.3475532534617
31.596127986908005,34.7507461312454
27.611974239349,32.154860988604256
31.421530008316005,32.70519380814309
35.337900400162,32.51049294873858
33.755578279495,31.8996687690628
26.742969274521,32.1435556693783
31.860147476196,31.95674422991078
28.584362745285,31.962295046239298
30.528412580489995,31.78878124348165
30.256784580648,31.668230792205478
33.287389278412,32.05917636614962
27.238099575043,31.75919133119825
32.125234484673,31.091954791389206
32.4038169384,31.75418533499828
26.479746341705,32.69491379527211
32.468941092491,31.743667406169195
33.506252810359,32.309208630288566
38.549114465714,33.47263345753114
42.886726617813,38.305626019641636
43.583902716637,38.27007210627146
45.929205536842,39.493268712448355
43.175361394882,44.6264500523974
45.248077511787,40.9428423284142
44.948274850845,44.69794105164193
44.17510175705,43.01477687643216
47.381262123585,41.6786073348427
42.75023651123,44.375650766024414
45.567598521709,44.738259772833956
46.17475938797,43.385431747432634
41.622570991516,46.737134762878654
49.549818396568,45.109337543630744
47.139516890049,47.81226187040378
42.486987233162,48.843041986524334
47.449407577515,48.22854051029782
43.396776735783,49.01287219381408
46.71604180336,49.113622329292454
47.022921681404,47.44741013871185
43.000114560127,47.80982715167317
48.469733595848,44.66173040440708
44.543900847435,44.98148054264593
45.941466331482,45.624719966655135
48.493286967278,43.205628854692286
46.808152794838,47.02241734660304
48.990121841431,46.87047080948422
48.808228969574,44.67675915225921
45.834493935108,46.92188380786354
46.782932400703,45.02668823298775
49.020748257637,46.733133746175106
41.751594662666,46.918698790649444
45.180731534958,45.057357238134024
47.173521637917,46.81947366401293
45.568652272224,45.27419341757497
48.861213207245,45.28956940256432
44.77853167057,47.0507187204394
49.014800846577,47.052962198525556
47.32747811079,47.147141635469346
47.736378192902,46.507884808567184
42.696945548058,47.225415994357405
45.036170959473,47.255655093894525
42.272674202919,44.68022989784679
48.201553225517,46.633271894887294
43.543254256248,47.07829452656431
46.029815793037,46.661175428367564
43.749159574509,47.29924826552549
45.607827544212,45.92790044979898
41.885612726212,46.84773381733442
44.250708341599,47.04839466308559
45.531011223793,47.096427313171056
44.941744446754,47.158875306731076
45.084086894989,46.28712913259934
44.206302702427,46.47199141215447
44.464897453785,45.13840512740144
45.347866296768,47.09298668420277
44.504468858242,46.30231376996275
47.183895051479,46.71422921142741
43.189645051956,45.232695522373895
45.10097938776,45.37615331569343
42.860856890678,44.44618807939707
48.449304699898,45.04438777005048
47.307389497757,45.32912352020015
49.190815091133,45.284807725697796
45.166415572166,45.02962195919555
46.130326330662,45.115646538646644
46.567248553038,45.01657358363713
44.031014382839,45.1120420693717
47.880818009377,45.05802569717949
47.609028667212,45.2196980551861
46.336844623089,45.09705787172444
47.480262517929,45.15522871681467
46.30283972621,46.85318744898666
45.664028376341,46.804152211066935
47.476364940405,46.93057693177721
45.683108448982,45.34253506324417
47.595998376608,46.28348453907983
43.742354571819,47.15352249688454
48.592713415623,45.819645482023994
46.199048638344,47.39409345095365
48.89734813571,46.545573834304626
47.142409294844,47.121912595057815
45.934239059687,47.285984447730826
42.367770552635,47.066756194349246
44.423465490341,47.096486756709204
46.160507708788,46.68648036640384
45.813364207745,47.1196471483508
45.25524187088,46.59872813849808
46.317979484797,46.97525485450971
45.845842152834,46.75790824791563
46.079061478376,47.111742327821545
46.017634421587,46.71559328830092
45.042716413736,46.90631222244088
49.887785464525,45.604078495233786
43.345531642437,46.88671439447791
46.345193117857,46.59917075020114
46.029544234276,46.752969076888206
46.314749717712,46.62131878410729
48.307653307915,46.65973903919064
45.71345564723,46.71380669161897
46.084774285555,46.52397352528067
44.895364820957,45.81582237698399
46.298354923725,46.625704971255644
46.143093854189,46.490324062877164
45.40758779645,46.9448811256721
42.240813732147,46.49129328774036
43.405970722437,46.79961854975665
43.295584768057,46.72381333456189
44.301373511553,46.79790263246922
44.832056045532,46.67805598428764
42.447029292583,46.7888112177991
43.068940401077,46.73836608225267
45.594742208719,46.621206939512334
42.692803293467,45.57836108917234
43.256633907557,45.72308096086436
44.034809499979,45.12778033178288
43.483838230371,45.073868588818186
43.7337218225,45.057703551107416
44.763405919075,46.72453625549708
41.917585909367,46.11425802526334
43.956339269876,45.39240759675741
42.448600292206,45.29642096690997
44.836991131306,45.16253691881537
44.471001058817,45.167032727494224
47.766911149025,45.24656784434982
48.654768526554,45.626494352628335
44.471210896969,45.13102454217994
44.477227240801,45.03545379287322
49.916860073805,45.24656784434982
62.561623364687,54.01990626929386
65.12045481801,57.81924913022631
66.03575566411,72.35782031298316
73.220419347286,67.37970511183099
69.916943132877,65.806761976926
56.717713832855,64.95404925858108
53.876074433327,85.88986211821567
55.794523000717,60.531691217725445
56.312353789806,60.6358333563057
51.886892020702,63.39919087754973
52.320459961891,68.32644295085869
56.676575481892,88.33496507782284
55.077834904194,91.58215893330848
57.434871256351,90.82596249911258
66.417114943266,93.18076200616397
74.41697883606,98.38817062256076
77.294979095459,99.03592665120955
63.083822727203,100.24183870004259
91.577898979187,98.04887410617911
100.36066055298,99.9303927844996
108.01664686203,103.91466918203139
86.749081611633,105.50274643781742
93.32642364502,104.74878671320877
87.644351541996,100.34022598048416
106.15412764251,100.37316886470421
105.06421901286,100.34779325360044
94.990407422185,95.54449701350478
94.269289150834,102.14774411179751
93.186750397086,103.6972588601142
90.833711795509,106.14936844035785
89.666325569153,111.5018293689561
86.825321435928,105.64374108992786
83.865603208542,105.1484846795218
84.831568956375,108.19161283681913
104.82837677002,107.75810407470361
98.87935423851,110.96981092751145
100.10918164253,111.65991434845466
102.82974481583,111.64199481588193
104.64876246452,110.69607198448563
102.71406936646,110.74973227244863
97.873291969299,111.54481956790382
100.50679063797,110.92606321486655
101.97854709625,110.57841309673839
107.96133327484,109.68288969274177
106.47172927856,110.69925937816393
110.7169687748,106.16029444298132
104.64933180809,116.50834566157103
106.04713988304,122.1026403365085
101.77269124985,112.53988059359551
110.2063202858,113.4101103942754
100.67881393433,126.66743309454573
114.26121735573,125.44477780269443
119.71040868759,126.11929158839939
110.0180747509,126.85490585893682
122.0405228138,127.14322189412232
120.83754539490002,127.66801506622382
115.70986223221,122.21434000600256
123.43859434128,125.85632146481167
125.64392471313,127.05594626679512
125.60280656815002,117.55986732027044
123.8680024147,129.09644892213313
111.23197007179,130.06632371132682
121.94023895264,115.42090374778633
128.83713674545,129.7142739112223
124.02692890167,126.95562015306223
128.91923379898,126.6358626137882
128.62004113197,128.91618517058663
117.73622274399,128.79380242602267
119.54888486862,131.25284019603114
122.59362316132,133.4556299993611
129.54706931114,134.22709942898197
139.99266242981,132.56381242236316
138.85621452332,131.5530786799746
133.73339176178,131.91155688913324
121.96094512938998,138.29258462056075
121.61335611343,131.49593199931263
128.60075736046,136.1388179881754
150.59849119186,135.82229921262314
158.42632842064,130.21608971219845
163.58785605431,132.89032473245615
167.74799656868,131.72374419732145
144.18327260017,131.8547971916851
128.45002174377,134.8852515878887
121.10306096077,145.5245561063512
118.31516885757,145.80097209209114
120.00526380539,135.53957911419778
136.54562306404,125.47257009356302
122.79450154305002,144.25221923540786
131.34610152245,139.94298306913575
136.07251119614,141.0289899523212
135.90147638321,142.92075809950737
114.18031716347,139.41596887923063
115.0700302124,131.38042151104858
121.28597140312,125.00666706333928
136.42349028587,126.94741615980033
136.68699550629,130.29713183543475
139.98165631294,129.69453047892927
119.89127635956,116.9052405704874
118.28042840958,117.46991004169007
119.75465655327,121.25722412827267
123.25374412537,118.19795924282955
123.25134348869001,104.05090633355164
131.45812678337,103.47655919855288
124.92356085777,101.7367303018162
114.87637114525,111.02681224633997
127.53071546554999,110.8751248164516
132.84988355637,112.64007506294601
114.35451602936,104.60895870956635
111.66319656372,103.11733506306899
104.61571550369,103.26317755298841
90.784871101379,101.77079748242042
101.62010896206,100.25431596433629
109.7381888628,102.50028350589247
115.70315992832,102.18908119421779
109.26052200794,100.77448830366822
107.91714799404,94.15933410113156
119.27951955795,88.97084024055464
91.549577713013,92.88733388912236
97.377401232719,86.51756417026756
93.099315524101,79.29256294081998
69.468782067299,83.07624700025356
69.875314354897,85.03616284049798
60.204199433327,81.12403897005596
57.882348179817,81.26385819407344
51.745542764664,81.89323901118131
59.026905298233,48.110018985096175
52.471516013145,48.66145613371396
50.359604477882,48.181185671539986
53.124995827675,46.99275550497993
61.766775250435,45.47908277788918
51.229795455933,46.19533912240949
50.810945391655,47.61132738951958
46.22320151329,54.188003679419275
47.450824677944,53.24926525316927
49.429481387138,60.55120191667647
51.942263960838,56.163490783329514
47.6536911726,53.56310575831061
44.129840195179,52.47779835654064
46.413486421108,52.740573074528506
50.700802445412,57.16438663444229
50.201248645782,52.089716289607615
49.535456895828,51.78367479906541
50.681858003139,52.20242346425855
47.989855349064,50.64155933657349
49.664333879948,51.666306030718914
46.565646708012,50.14738084619188
45.694472789764,49.473242627701424
46.031566262245,48.56081481975462
46.810054540634,49.192559950302176
45.132795751095,47.82387832365923
48.454618215561,47.796632276140436
43.137377023697,47.81411626228338
45.451356589794,47.755859639036636
43.34152507782,47.77557572505098
42.116522908211,47.95299943503455
47.431404352188,48.10416839077739
42.332984924316,47.801558368001864
45.302543401718,46.93896582746228
45.346759438515,47.78573403238442
46.461516439915,46.920396443132155
43.177956104279,47.832800569482366
45.154870092869,46.633210808195614
45.025495827198,46.7177028419031
43.589411139488,46.48790082628405
47.868775129318,46.71541005820372
44.33921533823,45.47204924631217
45.698831319809,44.745189155716105
45.105157494545,45.02875689016333
42.29563999176,44.98600718963166
48.823556303978,45.03078757919368
42.74902176857,46.17104037238463
45.010547280312,44.8350246632728
45.85989356041,45.019580452233946
42.263257741928,45.00830768181266
43.748352050781,44.88513810688271
45.321788966656,45.98979746854209
43.901584327221,46.494019620350386
43.672822535038,44.98600718963166
45.083020925522,45.15872032021718
42.877959251404,44.774991843041555
46.431420505047,46.580257811194684
42.994364261627,45.13230442649237
39.861008524895,45.186923671441455
45.434796929359,44.71603699004644
45.351052284241,44.99520021719771
43.834575772285,45.051526119096394
42.445722639561,44.985920466295674
44.278363525867,44.985920466295674
45.115114331245,44.95922485998565
46.867984473705,46.16123579324506
44.042513132095,45.12992338830425
43.653224766254,45.02379118957256
44.407206296921,45.07422425225263
43.163367629051,45.042073857963494
44.276282548904,45.03425352170548
47.255021214485,44.98712817868673
43.388494968414,44.8046153617352
46.04615008831,44.9651997357378
45.349548041821,44.98267053066814
47.823030441999,44.97139776024683
45.329698085785,45.00801235819713
45.398209214211,46.453755607384814
46.034762918949,44.97549099411229
42.76038646698,44.97620734220292
45.760701954365,44.99961136064343
42.935244947672,45.01398038736704
47.192850410938,44.995424990108894
42.541443794966,46.461475711958315
46.53505563736,45.02381735811423
45.103997826576,45.59712157334222
45.186181128025,45.469579497372195
46.95549595356,46.477486084799246
42.789714723825,45.49781516959422
47.025937289,45.241724139570735
47.015720367432,45.61436263638112
48.621059477329,45.216052860962236
46.764935672283,45.35214341281369
43.032015472651,45.58257176534958
42.831917405128,45.13416258715643
46.729103624821,46.292484843600334
45.498234838247,45.25865552108422
46.240419834852,45.27335880798625
45.597370445728,46.46492218487118
44.035972505808,45.439815957940155
44.713560730219,46.46545697270898
45.142319053411,46.46492218487118
46.401552289724,46.429708973518785
46.62226331234,45.77378701865523
43.400579363108,45.50684364104647
46.280550181866,45.638854939855456
43.481107115746,46.46314496615913
46.252996981144,45.558312527127185
45.605881631374,46.124736664550426
44.127070963383,45.81404617013902
46.666087836027,45.982845993066405
45.097817420959,45.16802284741667
45.251528322697,46.1803246909654
44.655175149441,46.36023047826956
43.898897409439,46.05339008024718
45.484183847904,46.027777987256414
44.025674283504,45.531796535292074
48.860416978598,46.13178418797732
50.295108556747,46.737510943327095
49.502945482731,45.465125277434645
46.82407656312,46.60876365120115
47.100729465485,46.78016770852016
43.521846354008,46.65459854347024
43.709616184235,45.86046766789656
46.466805160046,45.724808106275034
47.358849018812,45.46118010967394
48.509325742722,47.15534912967763
50.653222292662,58.919643276339436
47.244839042425,66.5559182610468
47.740974247456,77.86766356374086
44.962133675814,68.24018594762711
47.7256218642,80.56860351908605
49.196741513908,75.71504761019344
52.385139867663,78.97785346458527
57.016084074974,84.5311291370267
54.571476511657,74.54378846907606
47.749691039324,81.89507079835226
48.536892428994,89.25472240401595
53.841232441366,86.50503557472358
58.413292706013,90.7140363074892
58.384469747543,91.69462329803156
60.933097004889994,91.29931868498802
80.175821781158,100.09209868929207
85.131431818008,101.09677191839098
84.442295312881,107.52485138224013
82.804005384445,107.88629433896459
76.875067472458,108.43436400883041
80.639061331749,106.54094233739596
82.397245764732,105.4598296656792
82.223756790161,104.78518335432094
85.156474351883,104.2288557508933
94.639548063278,98.99084410638639
95.694018483162,104.789441378413
105.76303708553,102.00771931313746
103.33358705044,105.58725613778645
104.51015615463,102.64178229848947
103.82945907116,106.44588693713476
103.28056049347,107.5054807384993
99.698033094406,107.30390357822237
103.9053016901,114.1110804739271
118.0707514286,116.18993309194519
102.20655083656,120.34130490605803
106.95278787613,122.55907296093916
108.61117506027,130.93045166889013
115.61498117447,118.87793012319923
116.61785554886,117.01747801325894
122.32972884178001,119.43124839661417
120.88358092308,130.0300003992575
124.75773215294001,117.07136640344744
114.81634664536,128.86612075394254
120.19776844978,129.11810242937432
137.93588209152,130.4958091156047
123.39411807060002,129.06881437466495
147.66273593903,126.36960600129791
132.66612505913,135.92251113897385
132.06206274033,117.8933194060614
141.47800445557,131.45993454188726
147.12872290611,135.83864321615823
141.78798913956,138.30807182291846
148.56417346001,137.0765346154796
156.85855054855,137.3315742753471
154.13834786415,137.83464561285484
146.34819030762,148.38394224567438
149.47667622566,139.78354666955553
152.55515527725,148.29229100987672
177.54150795937,153.68575611390528
174.33914446831,152.74346867075033
167.02711367607,154.10510703897572
164.35705018044,159.0501727762583
147.42500686646,159.2808328208278
147.90663790703,154.68770649600418
157.19002270699,157.15439326001484
158.84610652924,157.98229041681338
162.54707551003,159.83107491936653
160.58742117882,163.56174218682946
164.13485264778,169.68079721909606
166.48269319534,169.1278709043603
146.79497528076,167.2849613931516
150.93029212952,165.2056446273831
161.28472495079,162.64676905040685
162.57438206673,149.14369671771416
174.05239343643,141.77557002498983
166.57305002213,149.32626323980153
175.06773781776,153.43032612750463
158.70274281502,148.17200501938862
155.67540061474,150.23701752516357
152.49013352394,152.0952824042809
155.30084228516,134.98125804342453
127.97860652208,137.9138031711027
142.42840123177,149.0652502451176
142.88681447506,138.45374107590695
157.35011744499,159.60708910998957
143.95580947399,150.6576412754141
140.57140421867,162.30500800661653
136.55700802803,157.24603305208925
143.29949176311,145.63958375898537
140.99996376038,137.17661017185495
147.82642936707,136.0123376329715
133.94760978222,136.6489658239045
133.33553382754,122.23583451497244
136.08012354374,132.8693680507564
136.30658477545,132.74864640724655
148.29857623577,136.1946309218843
141.02029812336,127.77346884043108
126.92358589172001,123.43523538401186
135.82886743173,124.06982264782906
114.42879700661,120.95456006106177
138.90383958817,122.32196741567371
118.56063091755,114.33721600534807
99.95303940028,109.60756137030009
134.71967840195,120.12889587911076
96.009256005287,115.05754494525398
83.665141582489,116.28291981798571
116.33346457779,102.96277139228705
106.62446630001,97.21895917726658
128.65822285414,95.77389586945662
101.1926419735,93.89354447850275
95.29854631424,82.85348956597917
99.689395427704,83.13702634942015
74.501484692097,81.9824705385678
91.969257354736,77.36852020312392
52.60283613205,82.33318313674793
64.344477176666,69.00892033976486
64.922295570374,64.82002891645854
65.218380331993,72.04811222914863
69.383217930794,74.86844434843435
62.19107943773301,72.3620738812336
87.075607538223,69.05264223700021
62.903759181499,64.75179661488086
57.335725069046,64.75212418827708
55.657641887665,64.80931395568396
60.340645194054,49.79069341824771
56.782982110977,51.223976944222564
56.770939648151,57.46709116098183
54.520567238331,63.244149142137594
53.583359956741,63.51334501800972
55.554728209972,60.699438878124546
56.008428096771,61.96699529754038
54.604000091553,64.4073792185096
55.575909852982,61.06491137982902
50.298809170723,56.02040043023756
51.886193394661,55.80785862104713
55.202995061874,55.930234027407735
50.299533486366,57.36706940931118
54.20237749815,55.8501996272653
54.655771136284,55.17814773854038
50.788395404816,54.958162100698296
51.891435027122,53.889646410820745
50.494991540909,54.97586632977997
55.367624759674,54.26177021467833
55.70742559433,53.42015398230541
56.793649971485,51.007955272382546
53.469912290573,51.62604594510374
53.664095640182,53.23311597286554
50.383555531502,50.365964465784394
52.787008881569,52.902464526506066
52.17135477066,52.89400164125312
51.488629937172,51.302360219896336
47.986193597317,51.56524643148205
48.903591811657,51.5593199202739
52.079463481903,51.26443886434168
51.359240174294,52.40559823541289
48.978803098202,52.379155807031026
50.053670346737,52.992767086305655
49.472994804382,52.4774393028871
48.226192116737,52.745245051723835
47.876621723175,51.20161095565266
52.252797007561,52.29245104297418
50.179245233536,51.7573918434211
47.026568293571,51.74636436008548
51.089088559151,49.96404272818109
48.981510698795,49.962689144009154
46.047393679619,51.78110195815972
52.26334631443,51.07241180563853
49.18386721611,49.9961776907156
47.912491559982,50.147584485234155
54.846868157387,49.813210174146775
50.862032413483,49.56018167104957
49.876002788544,49.55514517108808
51.069784879684,50.322306009595366
46.348304510117,49.95571906602215
50.78823029995,49.4249697110731
48.183720529079,50.24354580035101
46.191983103752,49.62398367661779
50.588690400124,49.23083057190281
48.593224167824,50.195573004065174
47.057806372643,49.58758836717618
52.272933959961,47.9509924982515
45.398906350136,50.46492318149139
48.028743863106,50.24513664733929
48.587246537209,49.94413003965458
47.746373176575,50.19340689179602
50.182764053345,49.24090377986838
48.802058458328,50.23869132556296
48.188001155853,49.49772526961552
50.533738613129,49.23467110083722
48.315648257732,50.344987913353826
48.096093416214,49.50232743237792
48.476830899715,50.30829799814078
45.607434093952,47.125466630510786
53.803008317947,47.79879531445287
51.113188624382,47.788125736568915
49.129710435867,47.69897922425613
49.569106698036,47.82021617365777
49.619867563248,47.78117906600029
45.88664495945,47.77706400859978
46.465922474861,47.88614163843556
48.658793389797,47.7736203448412
45.873835027218,47.78161583157632
46.524591684341,47.765741205507084
47.315527454019,46.86776260971846
46.963245525956,50.004831220837424
44.834411323071,49.57004755443469
47.183507040143,49.75597881952259
44.381982535124,49.78352338370841
46.312939584255,48.87853490937629
46.088317871094,47.62474514958974
48.073139213026,47.86572606017113
46.93666189909,47.85483579425065
45.193189173937,46.99680136530731
47.929972171783,47.66219167278268
43.967651307583,47.679701534816594
47.1481320858,47.662831607161024
46.074080884457,47.543294689013386
45.994638085365,46.749975167340125
45.435996651649,47.244132327656295
46.116316437721,46.67119491193929
45.53283572197,47.000344600628374
45.868667125702,46.84175020424395
46.062072813511,46.97895316788094
45.811455368996,46.975686224470486
44.752183437347,46.700199976200956
44.12085211277,46.990488702758846
46.829410552979,46.62695623979427
47.017722994089,46.75187490085366
45.29158732295,46.74180930297295
45.175165206194,46.652543055969595
45.287129849195,46.78898781975377
46.682096302509,46.700848076777184
46.047524094582,46.68253322936816
44.829639464617,46.664859264888364
46.625131368637,45.203395437512434
46.268937438726,46.55846702867973
49.96360912919,45.29421596688963
47.778021395206,46.53752878304425
49.55691459775,45.359218930330904
45.192523568869,45.365331625583146
45.904508322477,45.261543219189065
46.407796740532,46.60675105462576
45.377017080784,45.935121891088535
44.400041610003,45.2339073795464
44.988290309906,46.613194247728586
46.422040730715,45.45771922477075
45.248787105083,46.28856345287291
44.606543391943,47.1706088554392
44.256314009428,47.16112952843448
45.897669494152,53.49335830025341
47.052992224693,59.07283674979666
47.778285831213,61.48443485820347
47.971480101347,61.594730403792596
51.022579044104,67.03122079882162
51.058502316475,64.29016996532515
49.895694494247,65.2078921977525
49.36060154438,65.05451245089415
48.182484507561,61.045349517529516
54.794519603252,70.27060198543953
51.019049525261,70.67907724780996
51.748522937298,75.3653865844318
56.379339694977,74.02816785068033
71.11841621995,76.45638498530491
77.234615683556,83.60895566767135
78.671045541763,85.71280829626066
72.016598701477,90.87274340822195
62.751744985580004,90.71726167920424
85.282017946243,95.34299200758382
93.659418582916,94.31856294468875
91.116221904755,92.0980603077054
91.591177940369,98.52257930429627
103.29908275604,96.64976302717601
93.805238008499,97.55300841276751
88.765897512436,86.3629585813876
95.53375005722,94.76658181430574
94.642247438431,94.87625537424344
97.932286262512,94.53578435776902
100.71558880806,102.05899661661978
95.791450738907,101.86989544519898
86.789572000504,103.53456690665898
84.239536643028,104.96926302739534
99.317300677299,108.84588048547994
103.81941843033,108.47681173114731
112.02459636331,108.27425324827843
106.34879392385,107.81260714851413
123.77777719497999,110.00869949436944
116.78024744987,110.31088114412813
126.79206871985998,110.46649876728533
126.18532323837,111.1135051893053
107.46848893166,111.89039806737506
132.94025564194,110.98614684494075
122.53133606911001,109.91335648942237
118.34238815308,109.00214951679614
124.86064338684001,111.70479529111167
136.21956920624,107.74606097891508
120.61400699615,105.28091062237279
118.79011130333,110.00972657997235
127.50875711441,112.35330016790522
115.96994376183,115.59485771647293
118.26696324348,109.02227810860393
114.49425053596,118.84600914607769
120.3340215683,115.31748964245152
125.08210134505998,115.99182051444761
120.34617972374,116.29927119446806
119.75912427902,117.83103628363881
125.73091244697999,117.76727559236862
129.52128815651,115.38319536013783
119.35745072365,114.95045810541795
125.66537022591,115.77994885363886
119.33477115631,115.90430013050602
119.35436606407,113.89598682859759
128.79992961884,114.24779061587657
127.68310880661,114.48867173540424
113.99599313736,116.81106326436624
119.00871419907,115.9156985495112
122.69767332077,117.38523368181004
126.83559322357,118.55841019596267
113.8845038414,119.94305050571425
111.91871404648,116.62089764293022
120.59140872955,118.29745243670042
121.75677204132002,117.40892031491467
117.84668254852,117.91016399514847
114.20725870132,120.76253467972536
115.3409576416,119.27099821914975
111.81154155731,116.84613774593923
118.00695848465,117.63499631949072
130.89991760254,117.6245550267153
121.25042152405001,120.00774474355845
119.76496315002,116.94140983963791
117.94530248642,116.4592243026599
117.33712768555,117.36448806741942
133.13217878342,117.82087084532127
140.8010058403,118.15071794079631
122.56659746169998,117.81579674877042
114.60368585587,116.3206025734287
118.62923240662,116.78434797631496
121.82075452805,118.59812145616469
122.04680919647,112.61108037505377
127.56674194336,113.50780069508194
112.86405658722,113.801840471784
115.39586162567,118.10446298477784
117.58816385269,122.99293260752124
105.65930938721,114.38164236515145
93.33315038681,110.35249210258046
92.957380414009,112.97327494684934
96.568231463432,111.82040502129095
99.597476243973,111.29201165616863
102.86666035652,109.81756585111471
105.30519938469,109.8609810860958
99.363697767258,107.54614469847616
89.682996988297,107.31927414598086
83.400465846062,105.2031901073754
95.719984412193,103.5121425237471
106.82486081123,102.21212079941012
92.646067261696,101.83855057491826
92.026497364044,99.49014939301519
89.860212445259,97.88561937982067
88.877776503563,91.95383069304204
104.7321177721,91.30499537574259
98.368916392326,90.98087207366062
89.926350355148,90.35449570726709
84.690598011017,86.96982011180762
78.030276656151,85.77309796005794
77.894889116287,82.32589168689049
80.924589753151,80.99096234422588
75.820222616196,80.04688775789005
76.025853991508,77.07250529349028
75.010312244296,75.19119730418241
74.407374739647,80.56215021579936
74.006278991699,80.63369562710855
68.020057559013,80.23096353600478
68.038728356361,71.86171954817384
59.466358423233,67.19003118307579
50.264920830727,67.25002431405149
52.186847448349,52.22435605533662
52.062808036804,52.73094719515754
55.446099281311,52.28136522591045
49.803103208542,51.13644159226857
49.766712903976,51.280843342511375
50.794084787369,53.84687335833214
56.063142955303,51.434686165324926
55.902970790863,51.792537892322656
58.837753891945,53.623483922835895
54.690966427326,52.282010608674845
53.001906573772,54.79508094076966
50.3961622715,52.1964214522521
51.55844771862,52.71261425404443
49.618751108646,52.62536878145604
51.848289251328,55.56387106945355
50.834353744984,52.26331339588453
51.115920424461,52.07169470647314
50.410076498985,52.294762838789715
53.194445669651,53.95503129838598
50.625051081181,53.68250233310774
55.170383751392,53.76037793427054
52.382595986128,53.28604336526631
50.439003407955,53.31274333329164
51.341210901737,52.28536526897569
51.09835639596,52.514521432772
51.742226421833,52.528396666212714
51.110423982143,51.5674027984747
53.485600918531,51.62769469267025
50.232088297606,51.211521100734906
47.543790668249,52.219239186282046
54.198817491531,50.80869357692878
51.413944363594,51.46434647331974
50.369940966368,50.751698541473154
51.056279927492,50.434096398424195
48.459330797195,50.70771090708602
48.654517322779,50.65436860760891
43.807087302208,50.71754612072609
46.405676394701,50.72535490133276
45.540418922901,50.695491684053394
45.604092866182,51.08042553492216
46.147710591555,50.37872363366001
43.5730073452,49.64543228523427
44.293547123671,51.36327634943414
43.883890897036,50.84857191635097
45.812827914953,50.43100592688496
48.345651775599,50.62744375598727
43.806690961123,49.64348418701699
45.984030544758,49.59957193665152
43.48407009244,48.66561836787619
48.617065548897,49.23277661774428
43.427365392447,49.10979125543652
47.554842114449,46.969040192165906
48.525210350752,47.40137543069503
42.03521412611,46.787727616741634
50.76190289855,46.665428353850395
43.012907803059,46.65379900104155
47.742214918137,46.647488352540364
49.299728155136,46.66323266223289
46.140125513077,45.43956583448371
47.180140435696,45.16773995694597
45.52993029356,46.846582921114766
47.979379415512,45.14060266195412
42.966349989176,46.57209978095574
44.775676727295,44.865715589587275
40.017423123121,47.05905086849694
43.888607591391,46.292977068061035
43.777361243963,46.826100794189685
42.717120587826,47.13862260139616
45.632042527199,46.659470221480404
43.720116257668,46.80341269659378
42.515645027161,46.98917911089888
46.026195824146,46.713379689785384
42.711081624031,47.244118094210904
44.708046197891,47.077233623628885
44.557067155838,46.541294485735584
46.419897913933,46.704340753292996
45.943149626255,45.64996478990676
44.953142046928,45.47776611587436
47.07712328434,45.1971807132697
41.61617898941,45.014672598341235
43.614302396774,45.07124925384873
42.802742600441,45.02359504538488
46.589126348495,44.956858070327485
45.40412312746,45.55167699977121
44.370975732803,45.01712742518945
43.97222328186,45.21074991129939
48.330578565598,46.15640322425082
45.802032351494,45.29394001687594
45.743516087532,45.051027224153586
44.609045863152,46.49035764063105
42.657813549042,44.79633576757962
46.297234296799,45.034913536206695
43.259105801582,44.986553098906654
45.519039034843,46.315028612066364
43.049734830856,45.06230305555054
44.72869759798,46.494563388974875
43.284044742584,45.04674352647314
44.9371509552,46.54001106454106
43.099877119064,45.19831454688536
44.546599507332,45.057087050347086
46.944898366928,45.01301109600731
46.379491090775,45.19912283806507
45.896017193794,45.42785971363197
44.005178272724,45.212145669368105
45.769491255283,45.18235971733906
47.23700684309,45.05758813543289
44.793823003769,45.034913536206695
45.838454425335,45.05758813543289
47.025712549686,46.51730287399434
47.113612234592,45.04065792519542
46.382673859596,45.0450952371828
48.657374560833,46.50083732838629
46.724337995052,44.781629085860075
43.180679559708,45.26986714771536
45.243214607239,45.14302234373429
47.209090352058,45.22010147233646
45.103443145752,46.49576605474522
45.711791813374,45.271669539498106
42.565755784512,45.37262049922837
45.022576093674,46.63492043531471
46.858715772629,46.66009157372735
43.795783400536,46.40955045773213
45.901252090931,46.708530701924005
48.84223741293,46.65787335614892
42.695915460587,46.36383305674472
43.804629445076,46.64149649083493
43.476254343987,46.89655127925831
43.670723438263,46.68362373860146
48.104199171066,46.78928665914971
41.944162964821,46.39342189898449
49.749238610268,45.72503137597446
40.403310656548,46.66429093817586
48.354600787163,45.45921232852641
44.590486884117,45.45793765342794
43.15994143486,45.36568234980365
47.977277159691,46.84511244181625
48.411382555962,45.397001809127964
77.468804359436,72.97547331173051
79.369510293007,72.53898876618125
80.123447775841,69.95963460095103
79.30206489563,65.9463945352414
92.936526179314,68.15641319900402
74.831427931786,70.34635406115615
75.673808932304,71.5693206726877
89.208598256111,71.18942483859556
85.454934120178,110.09534876134954
83.142982602119,112.61385824142982
81.692253746092,116.83987098661832
89.857304662466,120.18847967043165
100.33248127997,127.29771197556073
89.061549529433,131.77489474394392
85.390723414719,128.37181976640787
117.28891127557,132.9988509361174
116.50688976049,141.53246125337313
111.1335747093,116.02718404788736
127.13975787162998,111.7413629865058
126.67174202204001,104.73649298160268
142.76776438951,104.95419686883258
138.01394677162,107.79996080211453
140.43579173088,109.62958158816963
163.99640214443,108.17558896388144
162.38097989559,112.18132036088693
172.7518081665,114.00867626242872
183.143258214,115.2914980998537
172.56669723988,114.29422103168338
165.70114922523,117.79327458805528
172.56596839428,116.99620773321902
160.05720043182,141.0311023053074
163.21079444885,137.94463937955496
156.58718752861,142.51003227178447
160.56429028511,145.3029342400723
151.73331236839,145.04348424073603
137.12107098103,144.59259886543623
134.66124731302,141.44466920071073
139.4554784596,142.63077020520822
145.0372403264,151.2922505389045
148.01490962505,144.8304579177231
141.95479846001,141.38220429126102
143.23035812378,142.80255253940302
145.19860446453,132.4105129621338
144.74180960655,133.45940824058948
143.50197052956,129.13267611247085
130.22086524963,132.7317637320176
130.12350320816,128.58247959438086
136.00505709648,123.56567963413734
131.47732520103,124.67076181399291
133.17851114273,118.93135702434793
127.61593198776,118.55665382704781
131.3106880188,121.23521333523777
130.44955849648,122.83676658378737
125.87902617455,123.71334147873061
121.91076350212,117.60302352532777
117.08293437958,117.81782146017699
107.60379505157,118.9163655238073
114.65491533279,124.92863477261571
116.80843544006,117.76739744849989
126.23319578170998,118.53331215318144
117.58418464661,117.12413276844245
112.96622109413,118.16322408568269
112.53076457977,118.63543942879969
115.84767627716,118.59013815192145
106.91125249863,117.75797632874026
113.57907581329,117.26006686718858
112.22981500626,117.2911870431491
108.85670185089,111.73314517652688
116.75459098816,115.87885330510159
119.91834783554,116.98555854451789
119.49343729019,119.14304662967764
124.40876913070998,117.76053492360478
124.04001903534,117.69459166203168
123.03995275497002,114.92291477772717
118.32536077499,115.35553572432207
121.38382911682,116.80331562039235
123.28322792053001,110.82493637860823
111.42248010635,116.44664517330865
109.07832622528,115.93722778225742
118.12386322021,113.02577139887796
107.58043527603,116.17651781982907
105.83857154846,116.84570957499136
103.58670425415,116.54562925508937
97.683563232422,117.04625184201305
100.98440074921,117.8922651182528
97.039436340332,117.54197781261456
94.21425819397,115.19279107847701
90.30758523941,115.57585753531991
94.456335067749,114.95588509832919
93.528282165527,112.98153049732261
88.713608264923,111.91142125030464
91.028448343277,108.67470391182509
86.793853282928,108.7639762174475
83.258783340454,107.22893905336201
81.746869802475,105.96366313436187
86.635132312775,102.27735384386585
77.217928647995,99.28435220671493
77.230024814606,99.4406827866147
87.180949211121,97.91979131658074
92.331334114075,93.4200066035824
100.29261612892,94.3665066473773
91.825115919113,93.44250304691734
77.05388379097,89.81117874031645
74.716396093369,89.33548305491033
80.090645313263,89.0841065147542
84.387709140778,76.15015449301976
83.472726583481,75.39875523967208
70.97995018959,74.49084118188638
73.344219923019,75.9828969282082
64.862215995789,75.23821756910259
61.63732385635401,72.00529082037131
65.463792324066,72.30943988094022
63.652734518051,71.40986559179575
78.952822566032,66.03946872004025
77.922047138214,70.71771125338742
73.739254534245,65.17815231243743
67.774736404419,64.90535029165802
62.417017936707,59.77024995058005
49.408836364746,51.845218352516305
53.817972540855,50.45957170524288
50.08170747757,47.988603718129596
50.456944346428,48.57675548512911
47.456557393074,48.23229653629466
48.387787699699,50.967114017880306
56.180362224579,51.35174434842851
51.415277242661,48.45272041469228
56.654396295547,51.61066213379692
48.091134250164,53.3450815339022
53.292200505733,54.50215104142369
59.121983706951,52.451139929638465
55.183315753937,54.80214036126885
59.369133591652,52.20789180818621
53.868672549725,51.82868637676437
54.269756495953,51.51006811192856
57.552660882473,51.87622856856441
51.898761749268,56.12944513087147
55.75235915184,52.632151606715695
47.071336507797,53.73302121877473
47.837871789932,53.7724544419187
45.531540393829,50.66526594068747
48.511395454407,51.82791958404434
50.53314191103,53.40486840905524
47.585763454437,53.4139368652726
49.299958050251,54.024755027485284
49.474862456322,53.79815035065359
50.1058344841,54.07998246218701
52.84153842926,54.43900848479156
50.738913714886,52.481910862570054
54.350390136242,53.36857410243742
51.166882634163,49.74081412898375
45.96947145462,49.871807890129475
48.24962836504,49.40859897703416
47.005347430706,49.88800069375217
50.359363913536,50.98128578076822
48.385817170143,49.53022204074818
47.168556749821,49.81424201365778
51.373465418816,49.808232039434074
48.964807569981,49.87677463588804
50.775644898415,50.471410813458846
51.308023393154,50.17788073735521
50.835845649242,49.92417280640564
52.956379979849,50.24678789646011
51.406287252903,49.0661873635092
51.020593672991,49.330440842317756
53.24970421195,49.21283592503697
51.345040947199,50.02938773081314
53.357358753681,49.36560534996226
46.004678994417,49.31928748623972
50.470153301954,50.24995717270159
48.001916497946,49.50563066173445
48.919636100531,50.164107921141444
51.576194316149,50.23108762269011
44.548843830824,50.167657841809515
50.628946304321,50.357234195955385
47.874170005322,50.28523834980976
46.996474355459,50.0244449845364
53.469888925552,50.81997806547254
48.37293741107,50.455399166848025
48.45200124383,49.50087161942956
49.513084292412,50.46597175795529
48.436832040548,49.66645932459788
50.32948923111,49.84342887430447
55.755383968353,50.527230674879995
50.00496929884,49.0597374254478
53.135605633259,50.25919430575493
49.726391077042,49.50061341116059
45.842912375927,49.41965297512066
54.276978075504,49.977647312035806
51.998354256153,47.64856749624934
52.371164381504,48.63694791140528
46.427330762148,47.821823220787664
54.82707747817,47.93400973565667
49.934510290623,49.29183080381298
50.906228274107,50.39643567777687
55.804186344147,50.05895413209248
50.476552248001,49.99596404158257
47.773001790047,49.30411401466992
48.642660200596,50.98180262470645
51.217706203461,50.27479982174102
49.484808593988,50.50818064229171
51.620183706284,50.375383267711385
45.747417390347,49.51651082299069
49.589476495981,51.12252173447594
48.082789689302,50.35154946312942
48.354564398527,50.5001761663958
52.3626280725,51.19526145148417
49.029441744089,50.23743225975353
51.224508047104,50.49190614757187
47.850512802601,49.84803612372104
45.844612836838,49.918871859407886
50.424911260605,50.58190784704689
55.112664043903,49.99201563893385
61.406628489494,50.46513500273674
54.258030056953,49.347497832700476
50.427669882774,49.92566525604728
50.749844789505,49.560958186196956
48.800891518593,49.56022863131731
53.228668570518,50.2541968672197
50.958924889565,49.58637730851717
48.022873163223,50.29036973949911
50.653199791908,49.48917958332298
46.946303725243,49.149871433763856
53.089055299759,49.684246404200294
54.656668186188,51.08784910524009
51.443222880363,54.388101472669725
48.980721950531,51.340571565042524
47.388561606407,50.5477213199321
46.823084712029,50.83042047960351
53.443530440331,50.00563079992043
53.24772644043,51.050878553204114
49.970902919769,50.944032399664266
48.520046889782,49.88902349331823
47.717033922672,50.83811131824839
50.495913267136,49.820629380868965
52.866015732288,51.11808554869522
49.616333842278,50.725422022968786
47.755165636539,49.81715699408408
47.835815429688,49.420872538220586
47.921458005905,50.930412144023286
51.325737476349,50.910941386406115
52.516199231148,50.10628302334352
47.842748165131,49.68960611048051
51.221233427525,49.3372074470273
48.565236091614,50.658502074562385
50.941097021103,50.99570616944471
52.327997267246,50.019917695540855
54.89505892992,49.608094234185586
52.021703124046,50.48038913875342
44.791877627373,49.65835055677861
49.590852022171,49.60093822640503
49.85902684927,50.69134206873089
55.63320851326,51.26470386130181
53.000402450562,50.56210512765285
48.255692064762,50.26988019745335
48.859178543091,49.161874566356815
47.964054167271,50.642334936902174
54.733219027519,50.80135961546829
50.067196249962,52.2984146045027
50.080134391785,50.9816476631201
55.666415095329,50.79304496892821
74.843850851059,53.23642385511722
83.893857240677,74.71636667649001
82.66135764122,77.46309364795285
84.262190878391,74.9893838674705
82.648190736771,75.82851360397493
67.035189628601,90.9737894520648
71.533923745155,74.74363077231874
64.699218034744,73.14150656394243
68.356304764748,75.34802369084942
71.964014649391,74.12219781393713
82.508391618729,79.54506885160023
83.37773680687,84.20407628737487
81.786560773849,111.10892992138346
77.573995243758,116.9144318780565
77.389927357435,116.00890625524663
82.145389385521,123.00957582230849
87.39064604789,124.37464380329823
83.104939870536,108.73736188941398
85.967715516686,103.94356213934658
116.56544968486,124.42975922120354
118.53669674695,118.51478662481483
116.74272273667,114.35132215374793
118.96667206287,107.45097909078314
119.30374276638,111.99213968245343
122.28597098589002,107.54650437111061
118.00367581844,129.6393957599722
117.88777792454,118.70898272734857
123.24042999744,121.48558408534248
127.94152653217,140.12647367250818
142.39787781239,138.73657251444934
149.59629023075,140.54536627320576
146.41602087021,144.12303966872085
142.52735590935,144.3745208012356
140.89845657349,154.20559709156777
135.88305151463,143.60876604770843
126.20433616638002,141.20436496774423
125.97374939918998,145.78891609413998
121.22219866514,140.5376469949388
127.48484683037002,140.7844779085154
140.42098093033,140.5435933381739
142.68464672565,139.30367506668716
134.36484527588,145.6187384188953
123.99743294716,144.82507992827894
122.63452482224001,139.67783598128298
125.65070033072999,132.2524343324065
112.69188404083,133.1648504562463
111.70662665367,131.9037819733766
113.413585186,133.65769378957282
111.96618890762,118.46240013435845
117.91715860367,118.7806799786302
109.47311043739,117.45570964237818
117.79327178001,117.5677240643875
111.86823558807,117.58932999482691
109.64053916931,117.64781115229059
106.34885215759,114.74415040008984
117.81548047066,115.88625756503836
117.87869787216,114.34620239016529
118.18305921555,117.112176002078
111.90720391273,115.72900500549954
104.78643608093,116.33365077667564
111.98530340195,115.50813865004254
114.72303819656,113.33951356164249
120.39289855957,108.06892469334684
120.94891977310002,111.90116691476004
119.2072429657,106.42714856550954
118.80874013901,108.2286530921446
107.02359294891,114.3776332294382
113.6910161972,115.90256445404701
116.63631439209,116.78243498820007
110.51548528671,113.11574509667793
111.79447793961,107.39362982759634
100.51814079285,111.70833791853286
106.21438694,115.64188364333543
108.12969017029,117.86867446233474
105.65938901901,118.80280748525018
104.47290706635,117.83158356646403
104.49291467667,118.67597360961867
110.88945579529,118.81490573956505
114.50395488739,110.68905048960725
110.31738138199,116.23302663706606
101.1804227829,118.21435699403621
94.731017589569,112.0504413077731
95.965529441833,115.66005866629733
98.020570755005,108.15299743277332
100.93064117432,109.15369525176824
92.750602245331,108.60637205113908
92.924730300903,107.27570880547965
92.495186090469,113.90471202758779
88.67507648468,108.7632506086247
91.621260881424,105.63327939529199
91.581276416779,105.68927682487845
98.670876502991,104.96473953452133
85.0867395401,104.6639300729709
94.756495475769,104.97235628936365
85.297611951828,103.06964820448684
89.412985444069,103.4309932919379
95.659623146057,102.35450031139072
94.517280340195,102.33766986729562
83.961055040359,101.06716193971731
91.551312804222,95.60326485281487
97.365268588066,96.05145122855804
72.88291478157,96.15036302944209
75.146224975586,97.8052393054943
76.090958118439,97.09611035914568
79.360206365585,92.43869120274063
76.899141788483,90.38422353960597
78.105149030685,90.7303189855613
82.069010257721,92.8834286035157
73.151131391525,89.20918491949777
80.057823181152,87.1959547696252
75.170515537262,89.29091954152346
77.268038034439,80.96091034021767
79.200622797012,76.03524939659846
79.866151332855,67.57475749338347
86.105030059814,67.46825779459014
83.784176588058,72.23878054447694
76.022678375244,72.26669393578976
65.726653575897,70.2596134368673
69.073270082474,70.14090601696853
66.94585776329,70.83722924215975
64.072282075882,64.7402938069735
66.976408481598,70.61497595302143
68.699419260025,65.21017891434641
67.340667486191,64.01103980130544
66.079333782196,62.39369113867638
68.878828406334,59.837710366460705
56.790137052536,61.332069472776354
55.887511610985,61.98669629127806
54.116646289825,54.38209436633183
48.521705269814,49.64651406273343
43.358440995216,48.47821029442795
45.877594232559,47.9802022836994
51.890813231468,47.560967394384285
46.704115271568,47.95243760459909
45.665238976479,48.85789606409432
44.668957710266,50.808442163736586
38.877591967583,52.76960042055048
45.023639678955,54.89746458296908
45.109349101782,51.99736042634085
53.915553092957,54.98363837361225
59.025487542152,55.270008795508545
52.052233994007,51.801555541481534
52.381649374962,53.289117821138625
51.097768187523,53.20971187307009
51.037013351917,52.71541270595146
54.761738657951,51.98279462154375
51.029876351357,51.929564506267184
54.212164998055,52.00326052338093
52.742150902748,54.002665398399465
51.536096096039,51.44346519775675
53.895755767822,51.74105488009751
53.488575577736,53.849640764570516
53.212902784348,54.561085039415886
60.89963412284901,51.71496870381549
57.130562543869,52.002795964665005
60.081600427628,51.85416107219229
54.340147316456,52.242976957461124
59.696732401848,54.05623933663331
57.087709486485,52.15063687301706
57.322533249855,51.41274699618207
57.939042508602,51.0498245755446
56.714703321457,51.6336762671971
58.884606719017,53.13216519788272
58.84506881237,52.606292248766785
62.16474732756599,55.95506478560233
56.647232532501,53.645758868929775
56.786747485399,55.27449561871838
58.524019151926,53.57895836660203
55.031690508127,55.04967085618139
62.68375185131999,54.10783022467106
58.439299941063,54.27232430957444
60.787815690041,54.41289333765723
65.188902139664,56.2106080691831
64.766172707081,57.50919811737829
65.147629767656,57.2856186171574
70.439603865147,59.03045434724615
67.885488331318,57.161278171897365
69.723257809877,57.21610571063574
72.163699418306,57.679592666415644
61.671560674906,57.109442343868835
68.531720370054,59.534374739963816
62.503701865673,58.2521623064872
66.191535890102,58.99018680340693
67.380669057369,59.88076593631659
58.185015618801,57.90056033977587
65.004380017519,59.9694067211237
63.58434796333301,60.125811976112786
66.798119783401,61.05250606163374
67.056913286448,61.61618898557766
60.50450426340101,63.436791795109784
63.536659628153,61.78520536135014
60.222918391228,63.00223603747834
66.367808461189,62.750532022188395
59.382190436125,63.074935144805046
63.20041429996499,63.10264878825591
60.643904000521,58.780038508095906
64.364052563906,63.111561279664414
64.982261836529,62.84671889342364
59.504205614328,63.107785632762855
69.220394492149,63.09229702578422
66.109592825174,61.366262432981735
66.448332548141,60.748207173902266
65.25902441144,62.818472816920206
57.024662315845,60.574091086462126
71.725313305855,63.83845984922208
58.31536257267,60.151680994443716
67.399247854948,63.42956038562674
63.187447905540004,61.40855328982574
65.540962845087,63.697331984586285
66.666779458523,63.76185638166749
62.54498565197,60.3324223677581
65.224563956261,63.69457795408071
64.387382566929,63.57748338033226
60.598138570786,63.61389686713837
65.059846878052,63.56900816315379
62.21019041538201,58.69765873209089
65.885517597198,62.07908147227408
69.291330933571,58.96489908027184
64.678480744362,59.29867966122106
58.899660944939,59.584674701171494
60.129913449287,61.591452969789174
57.324290275574,61.445664218578884
60.755592703819,61.61593801801449
58.732226133347,61.49514102948472
59.749119281769,59.7606494299503
61.541915476321996,61.31322263757973
58.424478292465,61.013463251743616
61.81896841526001,61.73830682924592
59.371214002371,62.11190109324593
59.52628672123,62.755694751331866
61.739802718163006,62.0963233474443
60.127036780119,59.12160845284917
55.573483109474,59.73394649882216
56.41076117754,58.31302057282954
55.990494787693,59.91061425899745
56.731421023607,59.31433722566297
57.964126378298,60.78052297933166
59.114623725414,62.21449982045252
54.931309938431,59.25063692810127
52.748397916555,61.78765259262399
58.196312308311,59.76431986352738
56.856992423534,59.28044508729975
62.226428449154,59.890469143707875
55.456444203854,59.486201704235754
55.578955262899,58.07769962201666
58.737377941608,58.212092146067086
56.553585588932,58.05148676613419
62.82329428196,58.254953447011125
54.234173983335,58.51250914527788
60.222603231668,58.818956223083475
56.400377213955,57.9516481476497
60.0605070889,55.3958315507802
60.032374352217,57.974063329734584
59.618768334389,57.79742488480374
62.59693074226401,59.27326558702235
58.153201878071,57.27121338421759
60.13187083602,57.19950294175069
62.167254626750996,57.782694392985306
61.445409238338,57.531655139857804
60.364471912384,59.77908965178572
61.346266239882,57.528173798067854
58.956969797611,58.83466913032481
53.420388698578,57.84766348999652
61.348520040512,58.85072128608097
60.98263812065101,58.812550072408754
57.618577778339,58.61565232305344
63.596854567528,59.13995665207015
56.74860227108,57.79833502589015
58.870591759682,59.049880764524175
60.348552823067,59.31915505545672
58.762614488602,59.27035541129511
57.951360583305,58.79404574514783
60.298861384392,59.90904531633081
60.745942592621,58.86163328187736
54.492982268333,56.3328294236641
62.516561746597,58.22658550507664
62.01612544059801,58.93150160427919
61.639063537121004,58.169544172443935
55.63991522789,59.09332796733212
62.50389403104799,57.92762262119221
61.698806166649,58.90781043274325
65.479103808291,58.69901784820999
62.965378388762,58.46857672670005
66.278890676796,58.247619190894326
58.383809193969,58.56598319683146
58.878884106874,57.894066137509114
53.62002389133,57.13629427636667
64.085161201656,57.566036664298885
61.097683027387,57.50038429847818
65.966202236712,57.06197878496265
60.450304210186005,54.5259516432688
60.271516174078,56.544256801835644
58.192643821239,54.77313825299732
52.050284743309,54.24300849208557
52.502662658691,53.80112284371122
52.19619333744,54.49764904999353
53.836615681648,51.39218794438839
47.92277610302,51.726018919628395
54.225508332253,50.18124801116327
53.807762861252,52.49170477821275
47.990451812744,50.72176839095939
56.180686593056,52.579291171227354
53.262379169464,49.8351391209825
50.920609951019,49.758795510851805
47.15727353096,49.75822866571822
51.296892166138,48.86838904653002
54.261219501495,49.457921313139316
48.89811372757,48.71709382770605
54.303294420242,49.168142987759815
44.819808959961,47.86760073555513
50.203115940094,48.81897071034584
52.55691242218,49.773657050157446
51.08499288559,47.75711963776075
53.368490695953,50.17985403575329
53.314195632935,50.77193133847346
50.62136554718,49.08631978865021
57.762042045593,47.63352640465052
49.831663131714,48.33161494548401
50.531081199646,55.47742019080926
50.434767723083,47.79279355800186
50.531885623932,55.51090485130953
49.755348205566,48.6409073096887
51.725328922272,49.01722215953554
49.610425949097,51.21510280612755
51.215419769287,49.67339962935212
52.786954879761,52.224599500136556
47.227816104889,51.914142243288204
53.423026561737,49.79500457680144
47.91325378418,54.60055072212823
52.842823505402,49.65814720062557
50.420639038086,49.56008262575275
50.715185165405,49.96630480665576
48.416876792908,49.639523727386084
48.869171619415,49.90013656283475
51.075676441193,49.87264484093821
49.078534126282,49.95579564978075
53.112587928772,49.80560089819352
54.03528213501,51.49998086537329
48.420582294464,49.390637632799844
49.53547668457,52.267912967786984
43.800731658936,49.612768789098496
46.413144111633,51.82080252912105
45.220133543015,49.941421805918466
46.817879199982,49.77929256653659
44.938224315643,50.014457294842636
45.738589286804,50.027614452577886
45.093432426453,49.836934838493285
41.816561698914,49.14327153675652
44.004946708679,52.06480266921613
38.919360160828,54.723146726508915
38.098101615906,49.064531325614965
44.83517742157,49.39787987433855
41.677035331726,48.860814242572175
44.595034599304,49.31782779145231
38.858004570007,48.93679849594466
39.048266410828,48.50596376668394
40.946551322937,44.55209972135954
39.856142997742,44.598274308487696
45.612902641296,45.14643960320582
43.177004814148,40.688717675186865
37.93738079071,43.87787282018197
41.563265800476,37.90135809682153
38.026278495789,37.27880953807577
41.289065361023,43.51718584312584
40.33647441864,39.35578079743111
37.370623588562,43.44115820141954
40.03146648407,35.24410566057592
37.313998222351,35.230972831759786
38.583437919617,38.388611638982525
36.333514213562,43.36127447624491
38.494463920593,43.3432184429249
40.444857597351,43.09631538132305
40.295413017273,32.78283418762067
39.05547618866,38.06230973997772
40.848587393761,40.5874352346326
42.8059425354,37.48676063341075
39.563116908073,38.481159519890774
35.527521371841,37.51390647720802
42.922009944916,38.25013324626096
40.067466259003,37.92976993766512
40.240852236748,38.51920754126199
36.291635990143,38.52905462642087
37.957324504852,45.05975345972371
36.458649039268,41.597196284693844
35.080427765846,44.70157988808459
39.536582231522,36.90686058588864
35.694995880127,45.392813128615465
34.623196363449,37.92402195250785
35.160538911819,37.76179198980785
35.646222352982,41.055347351949095
37.573394775391,36.28221036509543
35.816447734833,37.60332722433744
35.150644540787,35.50221327168449
31.665683388710004,35.59929569267938
33.847632646561,35.865982191809664
33.342741966248,37.22010428776102
34.37460911274,35.24871161151595
33.407508611679,33.64952458766589
33.83648455143,33.69646518282348
39.735725641251,36.67346500284971
33.89952480793,36.14030176459421
37.371203899384,36.44932991630476
37.143386900425,36.37732730755051
40.507852494717,42.57721519921417
53.961955189705,47.69361698416721
56.815566837788,45.86456353825861
55.295393109322,46.45060424338611
49.574723184109,49.43826012473981
53.370567679405,47.65635017024367
51.886577129364,48.75026904818312
53.890132963657,47.58067849467307
53.200862199068,49.83480833164696
55.125970512629,51.10814612614289
52.842737168074,50.01793580454779
53.901234745979,52.93768949649243
60.18098795414,48.583584209224455
55.461126923561,49.70594840312565
55.618595004082,50.32136963472108
55.670580983162,51.31675964794373
65.688641726971,52.57169686617244
64.094181269407,53.574227494685964
67.886067539454,53.778881645924905
63.39413601159999,56.205883231809736
63.363223284483,53.411523206993856
66.662662446499,56.19407298161119
66.43372374773,55.81349584981367
59.512004733086,56.07345700021603
63.00174176693,55.91858882349341
68.441090762615,58.72391561542014
62.105772674083994,59.172366350021804
66.445340037346,59.61004686314949
63.970082163811,59.96498060298508
66.485773205757,60.124221939064235
65.062205910683,61.67513638493122
67.197243452072,61.872843324318744
61.773853182793005,63.20051527130995
67.19121336937,63.20328365398838
61.27711176872301,58.70426432450012
62.83989286422699,61.00948194743403
75.572613954544,60.300270862142426
61.578030943871,60.53035188074647
66.581282377243,63.411141771196355
67.37499153614,63.42203773415075
69.433145880699,63.44076201340392
68.964535117149,63.58760510270975
68.932790219784,60.78056406249127
70.709417402744,60.0978988409455
70.83206319809,59.99071927763103
68.893914818764,60.8250703684884
71.528569340706,63.457862888795404
64.851674616337,62.05229908556426
76.352661550045,63.706462232906226
65.457405984402,63.6868057557597
78.941814184189,61.57137846973832
68.651122927666,62.029826461919555
71.679750323296,61.82447542013992
71.354437112808,63.2694351480407
66.923522353172,61.76482087827204
67.952883124352,64.0124675035365
71.903966546059,66.2207447998697
68.031482040882,62.593974825119844
68.664071977139,62.89814938698562
64.321261942387,62.17438882350543
62.522475242615,61.68225596003025
51.782778978348,62.16067956009959
51.959294199944,63.62006906725769
51.146289229393,61.83520301728564
50.063761293888,61.463574795036635
54.59860599041,52.085730520656206
53.789801597595,51.90826088258218
51.753874480724,52.028000278635545
51.576913118362,51.117606767653974
51.330187499523,51.079783666321354
55.849433779716,50.54820593240024
51.041400551796,51.148767067244194
54.154946327209,51.89550618907693
52.105494856834,51.60143488003026
48.360419511795,51.49434783083059
47.660131812096,51.94883605836073
49.829429924488,53.8020393716259
53.216449260712,53.198871100573385
49.639148831367,51.74932550834268
49.15995901823,53.34781431943399
47.74793112278,51.67950172984868
46.964484632015,52.77570499975969
47.548104405403,50.90320269016849
48.00187432766,50.651344353241186
46.132095217705,50.98358197840003
44.739134669304,51.186784553622246
46.169323563576,50.5008585072147
46.611685574055,50.4389283141954
48.88355243206,52.33504811952183
45.533590435982,49.1937069697839
47.968122452497,49.412338686402265
47.830667853355,48.27494155114458
50.134896665812,47.58731067152938
46.815892089158,48.13555075085726
46.447532024235,47.318312462921874
47.899640794843,46.48508495642436
46.922962952405,45.307179951525384
44.835222311318,45.2064934946576
45.454414069653,45.00839362769986
35.154304683208,43.32145080859562
44.869249582291,43.20867549185967
47.420341730118,41.363459020625086
35.350602388382,43.48608148466457
37.970044195652,41.164706102401674
36.689848423004,41.84440657649621
39.245292901993,40.16971166918835
37.6348528862,39.76682010265597
34.755741834641,45.398865088427584
39.645038604736,36.39366958913176
40.092205762863,43.79377999946113
37.462607622147,36.99255663172023
40.743775844574,38.33672331166981
38.887936592102,39.79292555532296
39.498785972595,42.27237330554226
36.910998344421,45.77570966285451
38.052748203278,40.00134562260293
38.746435642242,38.756282544269474
40.680035114288,37.97467266270334
38.375008583069,39.48427462643626
36.687917709351,39.4735098023437
39.167950630188,38.96521319929795
40.992416858673,38.58042341914086
36.667971611023,38.36795320577601
42.706998825073,38.42040267907464
44.834424495697,43.11976726317997
47.945833683014,37.4311812979772
40.25698184967,39.09046170660353
40.856598377228,47.34598446594468
34.170162200928,32.005699727373205
34.007266044617,31.71136446927298
33.766977071762,34.33610801618669
36.809859871864,37.876401014338384
34.136785984039,42.31844664738266
34.306676864624,44.93408029470926
37.170654535294,42.1039835871548
15.359537005424,45.889274582137745
54.61734855175,45.202596014569146
33.901346206665,37.55728988936581
32.182045340538,37.873684618509905
33.06208050251,40.17156144912261
38.47937810421,47.23583869443149
31.009202241898,43.7773348057649
32.562010169029,38.69684856425443
31.80069732666,36.17371908103641
31.084291219711,39.15514035041177
33.295502066612,52.07999786465876
32.754640460014,43.471308642141075
33.873757362366,42.763183352164845
31.766073346138,36.595631742184636
30.348688483238003,38.037417380429766
32.407148241997,42.91007292177429
29.58701312542,44.50288292691898
30.137308001518,36.0824164423563
32.88957965374,36.09607686360472
33.691286921501,32.43328507297007
33.817312598228,34.175263114456
30.345820665359,31.844175963790295
26.013334751129,32.53865815744094
30.578371047973995,31.63824722067531
27.34828710556,32.001419889312366
26.430320978165,32.42161321591285
28.312425613403,32.29511153219807
25.512065887451,30.393770223749154
27.387717485428,31.37821137800054
24.814596652985,31.378247848791222
24.42718231678,28.980232237719683
28.588521361351,30.35915384023525
24.247904539108,31.675399759991787
27.750408291817,30.88754170904729
22.098122239113,28.54942487574621
26.046934127808,30.0426938092394
25.106676459312,28.721326491844795
24.528025627136,30.165404515037032
23.272554039955,28.964766861190142
27.988373875618,30.408672733658314
27.099059581757,30.192694555257596
27.566427707672,29.696097031116956
27.86221408844,31.030578286681177
29.08945441246,31.39139897940087
31.407903432846,30.64681885587882
34.414079129696,36.304876240983184
39.397905468941,43.37352788314253
44.738751292229,46.1787569366601
41.962429285049,44.15927129952009
44.812214136124,43.084269545623606
41.798394531012,43.66308335931045
41.853112339973,43.304465906265655
42.24607488513,44.141635799454995
42.717630445957,47.02600244079788
41.9903845191,48.31787697386837
46.036229729652,49.404107249206035
41.074251949787,45.64976482983247
44.797829478979,44.550342659631404
41.089901030064,44.3214280974618
46.014737129211,44.26727643372075
42.714879274368,45.17015554422072
45.888124078512,44.42523821334356
41.680220901966,44.38938922874385
45.486359715462,46.23161221270945
42.784798979759,45.045185358411786
45.150809556246,45.842043098253455
42.151678800583,45.06515972064751
47.967591047287,44.95794339335286
42.023176133633,45.60948857736866
44.242877185345,44.20409110272775
39.979166984558,43.96377512877527
46.962908864021,47.246614466221146
42.751497745514,44.55333730207101
49.992148041725,44.705949895110024
45.88286370039,45.27967763086777
45.33892339468,45.381699466405536
42.804295122623,42.77222723627903
43.23076403141,45.222212144030614
42.488828659058,45.36423208594109
44.215478420258,45.35138841630902
47.078126430511,45.81871648752962
44.414318919182,47.36680366667698
45.394112229347,45.49022974278005
44.847023844719,48.23543299468305
47.138936698437,47.759201137048066
45.389193058014,47.56103636256167
45.823323607445,47.70550828687133
45.604678750038,46.74828549982501
46.958451747894,47.06818488106765
46.872104167938,46.66711637108516
46.881268441677,47.038521659773345
53.145687818527,47.1806164298984
55.713942408562,46.71484913977178
59.101588010788,47.172688677390035
53.698238253593,47.27912371509453
58.216374516487,47.558326069010135
53.245311975479,47.535073551273165
54.497218370438,51.91739252512838
56.235452055931,53.63478915171897
53.47569745779,52.76217519279584
53.060459792614,55.07078089884134
53.205357074738,58.02355117563504
56.736772179604,57.257931649991335
53.510775327682,52.46503320610773
60.314101934433,55.55184208309549
80.326373934746,54.21694254877741
85.624062180519,79.11733474630842
87.067639529705,78.25672966502654
93.380366325378,76.98138088961986
102.14401435852,120.20902906752397
111.513256073,98.3261659861047
112.9814043045,133.76183160661012
106.37602329254,101.27895871922027
134.24808692932,107.33564315069029
156.63170576096,108.05580597551162
155.35752248764,113.34980187520142
151.86430025101,117.97470333795866
192.22052049637,109.34785255491515
185.44197685272,196.12112385101602
207.73723615706,177.0928033993798
205.40343946218,178.48232748766324
207.52303721011,174.69921264709012
203.72389067709,192.91753706902813
219.53430986404,200.9725773130225
218.43308764696,216.6855964700034
218.73533606529,218.7771551851776
207.59314835072,217.15380213842676
206.70206809044,216.65741999507688
210.05088174343,232.13906528116334
203.18265736103,205.35572790530568
193.54072475433,197.80880543217444
195.93323719501,195.62213396882993
184.95177733898,192.94662748942554
175.92455565929,193.0650798362627
184.2853372097,189.99294962010256
182.13491392136,193.56385396180485
184.73800465465,190.40922393405893
181.45603168011,200.75172446013855
183.07808208466,229.7084324523501
169.83479475975,219.4766674423655
172.71602272987,226.43730194949293
169.71428775787,198.06642959547278
161.76485896111,223.9239086737391
162.88119077682,216.3990221531379
157.95738172531,222.46142943057598
143.03567934036,183.67356135062778
151.30134654045,203.80818700550134
155.38367652893,172.0419285726022
141.55786943436,155.9596580638397
133.12731575966,159.94217315370915
130.86260509491,148.61741028549142
136.78937625885,142.39444267473317
135.19287729263,148.40026670602506
129.64700198174,144.1259789160889
101.99047851562,120.48476302449752
102.47291374207,131.60131641309545
98.619584560394,121.08039510995414
109.86852455139,122.61776398543921
100.60704851151,117.99972625432015
100.08879041672,134.89712055174923
98.038484811783,120.30132423560205
97.7945561409,106.41348734975696
92.144348144531,110.32182058527655
81.019571423531,93.06569958920922
88.081251859665,93.23750684721
76.231080174446,78.81637150575098
65.264473080635,66.9620974244161
61.622072100638995,65.18971554583192
52.323283076286,63.36228099443674
50.322529673576,52.96913199681624
54.655913591385,51.600399244359934
52.819471240044,66.94445158930401
55.757457703352,47.025094023499
69.749108016491,47.626026984907774
49.077441811562,49.02477829523072
47.439167737961,50.487319916835
43.094882875681,58.106189500664144
45.98072502017,49.81459385848331
48.70968568325,51.19610068683839
43.641167998314,48.86145358293717
45.358074754477,45.08152456238625
45.683548122644,45.262322868403714
43.977793037891,48.44683460850297
45.265857458115,49.70981642457549
45.607414931059,47.6628336693143
45.357355624437,46.654489178806756
45.212437152863,46.66915959308415
45.646747350693,46.51144472956938
42.620849728584,46.641319746752266
46.975130796432,46.50756974302826
46.855526566505,44.99410548787849
47.210083723068,45.010300701331914
46.142169952393,44.89814340053502
43.296754002571,44.96581432065295
44.046037197113,45.54966518232806
48.104461491108,46.48433083718157
46.601764857769,46.504954493095624
48.432725310326,47.09337388852995
44.64866745472,46.62198092560866
49.953250527382,46.660100410770134
42.967876076698,46.6944753004545
49.286974191666,47.03493684462941
48.064758181572,46.730945127064544
48.711314082146,46.79264666753579
48.604350626469,46.89634007233819
46.587425351143,46.59638206376605
43.971303105354,46.42849072948952
47.196511745453,46.844149821779496
46.314005851746,47.09618541570981
47.376727998257,47.11603799046758
51.095130681992,47.36082947685709
47.721520721912,46.611862739984915
50.182371377945,47.37579969516022
47.15304505825,46.73111065497976
48.472142457962,47.23177626882022
46.97697365284,47.03900589401796
51.997179090977,47.02291832590148
46.054426908493,47.432750349921314
51.626467704773,47.67510301332834
46.930168151855,48.73066836875122
49.273484706879,48.0296735198072
49.524503052235,47.88962429545714
49.700641214848,48.047757283804515
45.795081973076,48.007393540586335
47.988814711571,48.038326046464526
48.435056984425,47.9917156085865
50.01072537899,48.12496500315008
58.453223705292,48.0569480572152
61.785528779029995,50.07151878748252
85.509191930294,61.060130943014464
95.00675714016,75.28256062881057
92.835418343544,81.66878841387724
113.13506055158,135.4364546807339
134.45996913314,138.696960662453
158.93962335587,148.5956949033678
168.90123060346,113.46901593934395
176.89595019817,128.49208445971402
216.61895751953,147.44378316563603
206.81445670128,169.5135961460512
223.80534791946,186.5207410968254
221.50694525242,191.64513334890327
235.07776463032,190.4522803115063
244.54128003120002,191.9638885944385
223.71267843246,198.9745755215333
217.74897456169,186.8129825369092
216.38893604279,219.5050724788348
210.33698785305,196.88559578240623
194.45752608776,216.07906719226233
198.30466163158,228.59134223203475
183.71834635735,216.08288599747905
189.00988900661,227.33806028177366
186.15269446373,195.90477788509136
182.41171455383,203.109617730597
184.43678545952,190.1990253292451
186.96437954903,191.07691919129425
171.17922449112,230.9136732601384
161.93299078941,226.3510897938335
166.06822299957,225.49621567126152
161.8629758358,215.25836016223477
163.05326008797,221.40602055796205
166.5178630352,204.8731382990015
157.70003390312,217.50293860196396
142.70011973381,198.65215883362086
169.9305639267,173.8435926620855
143.65401101112,163.2361447383607
140.02439141273,162.31890711450933
140.39298081398,172.2868939504733
137.24559497833,167.85496287203054
133.84883117676,173.92323575764487
132.05511188507,162.48565310299855
128.55848073959,159.10848657505403
132.11714172363,160.2117744654843
130.39370822906,156.24806218898166
131.29578328133,151.79775815845625
131.79969334602,134.41789600717067
123.62031674384998,144.98869356548047
121.45070290565,119.10297413410757
118.42490816116,137.95369406641382
113.21957421303,118.06829894953009
113.017121315,122.60161860537505
112.87050080299,116.5266598605206
102.85416674614,114.5914362819186
104.22496652603,123.16269573387717
99.137348890305,113.66034339455551
82.700891494751,104.28847028563516
84.477796316147,92.55738291457861
78.495015382767,95.55812247428068
82.995889186859,93.39422611516858
78.428620815277,89.24164560931531
81.639675378799,85.6256038071303
76.208650827408,84.31161160954144
72.265644788742,79.39121698936079
77.912638306618,61.743332425391884
70.297171354294,58.169198090509894
64.259501218796,59.94528933736793
61.18400883674601,57.939587814421195
52.441973805428,55.135139791029935
50.367232561111,55.73198060514111
51.869281888008,53.61382374108537
50.256763696671,52.47931165833474
50.921574681997,54.085524661065776
57.051331043243,54.68867687007097
50.565482258797,52.7591099655955
49.58365547657,52.874755511231164
46.698166906834,52.592448254959976
45.979168385267,53.733609081363795
51.094543278217,51.71922790964522
46.428220897913,52.37967307882523
41.964884400368,50.50328987382937
47.964056015015,49.22073382331121
43.778172850609,49.00399040738286
43.137153178453,48.77634710187447
42.390553027391,46.73868606362481
43.695480853319,47.5758579490437
44.583027750254,47.2195445881839
44.814585238695,45.359089768142866
46.680315852165,46.63854095505612
45.274346590042,46.4987963634815
53.845788836479,44.998925727240916
43.308618277311,45.046151520742164
44.220358848572,48.91950872482746
45.854176282883,47.26109028681484
44.921384811401,46.28687207145483
47.959971547127,45.07531145267542
47.927227973938,46.73361843239539
44.00936293602,45.45508399622053
48.502565979958,46.97328603909423
46.83550298214,46.640307585711334
50.123892307281,46.71203021820724
48.968727350235,46.656721326696136
48.4365478158,46.93597544123519
44.45984518528,47.28121161777832
47.068111002445,47.38554968899965
44.748516142368,47.4954095677572
50.23668885231,47.73248120908497
44.722623407841,46.87659275260479
47.241340875626,47.46021260085765
49.333759129047,47.289115188936414
48.592405438423,46.63898329816333
46.476715683937,46.938679831297144
47.993401408195,46.65426676750926
46.511498987675,47.169790255231504
47.428104817867,46.89577135209437
47.300619840622,47.00765861181131
47.270651876926,47.59364562371424
46.649617373943,47.868564366213825
46.627075314522,47.802576133180516
46.569348156452,47.80407224980627
46.739448428154,47.577730904483666
47.984491229057,47.65092629801524
48.917782068253,47.402008648195164
49.247472286224,46.83541568709974
49.760335326195,47.43894790374279
49.06487172842,47.40435101299121
48.540111660957,47.48723798619304
51.516619801521,49.392852957862004
75.600321292877,60.04382226804065
86.931617975235,74.71263445431642
90.864096522331,89.83837228761833
90.733937084675,83.77456159987632
98.369004487991,91.6148399129954
101.43787038326,98.08736957960876
118.07122945786,125.37720999282334
108.2941737175,126.95700532899586
122.07683551310998,105.16338905247166
172.24198386073,132.28829905002107
176.64110046625,146.43601898742816
175.66581852734,156.97659446369383
183.05407331884,133.26919124585862
204.03034234047,183.86458535956888
204.4104347229,193.19646924092615
195.75500535965,193.73143528426098
219.89596474171,206.36733817224658
230.02518606186,197.473039300937
205.68133020401,187.4124978649183
181.39934945107,207.8753750385076
193.47775256634,184.43301216365236
194.39056503773,185.76315935991715
175.96936178207,190.57378325759655
185.77494907379,185.64598213442125
154.59505856037,178.4308110572692
145.59113359451,196.1476587821434
146.06253314018,223.54810697139098
136.41175270081,201.14208033379194
138.96048688889,176.02409270431815
129.60156726837,178.1287480958605
120.45259785652,181.19079325075415
114.81286430359,155.266118744102
112.4711728096,133.98930990579643
115.67622423172,126.67591566768547
109.90657377243,117.39072756990696
102.16071796417,117.63115857904855
112.86084699631,119.73289018359962
107.71991968155,130.13117013313496
112.53838157654,113.77694247992252
103.79817342758,115.6814284617619
96.052544355392,123.50968133170518
90.917528629303,104.7365164335212
93.82384967804,104.35601560880814
82.121454596519,95.73270757360729
93.723266601562,93.70056008244327
76.782893896103,85.94974567836913
77.549572706223,82.23535725688454
81.684347629547,82.92044496696191
73.135609388351,80.32359164593487
70.670535087585,78.71140738896568
68.865367889404,77.87225503151606
70.524033546448,76.62704013998226
66.362270951271,80.85629987397186
61.562336444855,64.61023570634391
64.933463424444,64.39228274401877
66.497168064117,65.94421467523722
61.365766644478,57.91734885138074
58.581055164337,56.53806199279433
48.508214235306,50.355342619337215
42.797508358955,49.528889293562315
51.352660775185,49.601643289830236
45.054085969925,48.04422084057531
58.008658051491,51.41596033459451
62.562332749367,54.01967608476595
56.81527364254,53.05116656484822
53.268454432487,51.92580919744033
55.098166227341,51.673505421745176
59.075602412224,51.66829193098519
54.552448034286,52.563574812399374
51.975890636444,52.07543254523563
52.977935135365,51.679503890037594
51.310664951801,53.58707974805626
53.453939974308,52.98834419626286
49.37434476614,54.238020096555374
47.388147115707,53.02183691025747
45.623439967632,52.10832807158011
45.26736664772,53.95666336390963
46.894176363945,53.913522345050126
46.234688639641,50.94470772913192
48.456162929535,52.651403419953134
44.911050826311,51.69500070087641
42.640943437815,49.03535236000308
42.37042427063,48.99369894135157
44.671997219324,46.681188508533985
48.270819038153,46.680678400930134
43.373772799969,46.98889682032555
45.797050476074,45.31819918104651
44.529253691435,44.79839567818658
46.274881184101,46.727217103013366
47.716106623411,44.98418339379928
45.053705573082,45.18352147859569
42.2994620502,44.88181514766157
47.798163682222,46.572298094366474
49.27655556798,44.28355867512747
46.92767187953,46.46933219574195
44.420148253441,45.21651055625427
47.387102007866,44.86348585631502
49.242319226265,46.53158531015344
45.524629473686,45.452144293220535
50.107745409012,46.69622592924755
47.724766492844,44.99570204769465
46.370932757854,46.42461170287985
47.303617835045,47.1097910622369
44.029925942421,46.95021513303623
48.313791036606,46.74770732517074
46.480893015862,47.107793174862174
48.497002601624,47.751313947205574
48.180115759373,47.930858410518105
47.558896899223,47.3275657896152
51.5731793046,47.95218484492277
48.391842722893,48.71599447977225
48.228365898132,49.88451868090057
47.760993242264,47.87247475076567
49.743827819824,49.43898590688166
47.022382497787,49.52479197897006
47.247372150421,49.67883379200782
46.814450144768,49.6586199051978
47.930143713951,50.30102901150118
47.994388818741,48.6639613403101
47.931517004967,47.782990693546296
47.746316790581,47.74754615293066
47.35681027174,47.765260162053465
47.508606672287,47.67307879284599
47.272530078888,47.76299166690742
49.038650989532,47.61815394673077
50.465478301048,47.66788948937501
52.005318284035,47.54286375854087
46.825073778629,47.516179537023135
50.789465308189,47.983481910729985
76.702566385269,70.81596591884536
81.987388491631,69.39868346593123
84.209643125534,78.86166891880794
100.47836089134,95.17665359630355
97.056283593178,97.87058989041394
86.64305305481,90.70940300255384
91.128941774368,96.25525469450672
110.51169336587,129.43701689256199
150.86827498674,125.83472336862295
147.21938741207,131.66131858581255
137.62025283277,146.6935168963479
134.97696970403,153.11093279988978
148.47555939853,164.58058344126502
185.35481464863,157.34129147841156
208.92523884773,175.73248236795655
204.12506902218,176.08336596056137
213.4469037056,168.91759915568966
194.9393029213,188.07618291244202
190.03318715096,203.69011447124095
182.71953248978,178.54314017506073
187.20324790478,180.2598382627501
178.5859670639,186.89065100136528
180.27738499641,170.77068523909946
187.42110264301,184.30935387290717
161.64701843262,189.0503212768693
167.09768486023,185.28449869161474
148.0338010788,219.28595179707415
139.47355866432,175.9253272406769
135.77817964554,154.5505763427738
124.6550154686,175.6855902159389
117.79012966156,150.0622699965139
136.13230061531,156.25457836048784
124.72348308563,170.8191038447871
121.84012603759999,163.46063255253412
125.87014365196,124.85501810241969
118.90875720978,161.09238808246522
123.98551845551,133.19137420098883
122.72267985344,135.61672629032333
