timestamp,actual,predicted_lstm,predicted_cnnlstm,predicted_bilstm,predicted_best,best_model
2025-05-19 14:00:00,114.714738512041,134.52406,70.72316,96.48278,134.52406,Bi-LSTM
2025-05-19 15:00:00,96.78922806845787,113.84276,82.14778,77.37714,113.84276,Bi-LSTM
2025-05-19 18:00:00,55.400341396982,47.369286,63.252953,34.981506,47.369286,Bi-LSTM
2025-05-19 19:00:00,52.695326703786805,47.79463,57.177345,35.40537,47.79463,Bi-LSTM
2025-05-19 20:00:00,57.20182946324363,48.55805,52.37363,35.27191,48.55805,Bi-LSTM
2025-05-19 21:00:00,54.52528205784873,48.435024,47.48675,34.7814,48.435024,Bi-LSTM
2025-05-19 22:00:00,56.100505698810814,47.74101,43.211456,33.95139,47.74101,Bi-LSTM
2025-05-19 23:00:00,58.50425903905519,46.896645,40.30286,32.763935,46.896645,Bi-LSTM
2025-05-20 00:00:00,57.90712385872991,46.062714,40.41398,30.857801,46.062714,Bi-LSTM
2025-05-20 01:00:00,58.29950819909583,45.64642,43.543163,28.962612,45.64642,Bi-LSTM
2025-05-20 02:00:00,59.402566040555655,45.87635,49.99958,36.281067,45.87635,Bi-LSTM
2025-05-20 03:00:00,59.36015623683717,47.01086,59.40602,46.3893,47.01086,Bi-LSTM
2025-05-20 04:00:00,59.2028684640925,49.290257,71.6209,60.598194,49.290257,Bi-LSTM
2025-05-20 05:00:00,63.06903074433401,52.93256,86.088356,76.254585,52.93256,Bi-LSTM
2025-05-20 06:00:00,96.00405803074442,74.60447,101.67649,93.00509,74.60447,Bi-LSTM
2025-05-20 07:00:00,145.29554942126163,128.4886,117.54738,110.21863,128.4886,Bi-LSTM
2025-05-20 08:00:00,202.00795238216665,166.86061,132.95284,126.43316,166.86061,Bi-LSTM
2025-05-20 09:00:00,204.09211978316412,163.99815,146.66574,139.19516,163.99815,Bi-LSTM
2025-05-20 10:00:00,179.67464013894167,143.77853,155.71713,146.2116,143.77853,Bi-LSTM
2025-05-20 11:00:00,156.0779356807475,124.99131,159.93698,146.1794,124.99131,Bi-LSTM
2025-05-20 12:00:00,138.33174195885667,113.021515,158.47075,138.49702,113.021515,Bi-LSTM
2025-05-20 13:00:00,128.940965016685,107.83828,150.3382,130.97734,107.83828,Bi-LSTM
2025-05-20 14:00:00,104.517654776573,146.78404,75.545525,125.313194,146.78404,Bi-LSTM
2025-05-20 15:00:00,90.30132240057068,125.395454,89.24655,106.56863,125.395454,Bi-LSTM
2025-05-20 16:00:00,74.35206215580308,94.537025,89.80744,78.9642,94.537025,Bi-LSTM
2025-05-20 17:00:00,60.26345429569475,62.87156,75.4571,51.904575,62.87156,Bi-LSTM
2025-05-20 18:00:00,44.949656548599336,48.147163,65.604225,43.123478,48.147163,Bi-LSTM
2025-05-20 19:00:00,47.03078992664817,48.851112,54.00588,35.22862,48.851112,Bi-LSTM
2025-05-20 20:00:00,47.977199780444245,49.63013,47.496746,31.051773,49.63013,Bi-LSTM
2025-05-20 21:00:00,47.39168359835933,49.598766,42.81908,30.507227,49.598766,Bi-LSTM
2025-05-20 22:00:00,47.2067140017945,49.019985,39.621475,29.955425,49.019985,Bi-LSTM
2025-05-20 23:00:00,48.92067048201958,48.277397,38.441544,29.171366,48.277397,Bi-LSTM
2025-05-21 00:00:00,48.539759491880666,47.723152,40.65255,28.388788,47.723152,Bi-LSTM
2025-05-21 01:00:00,49.29399990042059,47.592316,44.316788,31.851633,47.592316,Bi-LSTM
2025-05-21 02:00:00,49.67607197662184,48.069603,48.918716,34.693142,48.069603,Bi-LSTM
2025-05-21 03:00:00,49.78283372273042,49.32031,55.205967,42.3395,49.32031,Bi-LSTM
2025-05-21 04:00:00,50.16134075323743,51.486126,65.29292,54.67139,51.486126,Bi-LSTM
2025-05-21 05:00:00,54.554841461281,54.76773,77.78212,69.972305,54.76773,Bi-LSTM
2025-05-21 06:00:00,89.99763236939917,84.81868,91.61669,87.709366,84.81868,Bi-LSTM
2025-05-21 07:00:00,152.33673882732583,140.99794,105.04034,106.75037,140.99794,Bi-LSTM
2025-05-21 08:00:00,193.59384387731416,180.26405,117.089005,124.96471,180.26405,Bi-LSTM
2025-05-21 09:00:00,194.9917505085475,174.02628,125.75899,139.31146,174.02628,Bi-LSTM
2025-05-21 10:00:00,172.78387264410665,152.15839,135.55627,146.03699,152.15839,Bi-LSTM
2025-05-21 11:00:00,146.96141960223667,131.4522,140.63849,144.79012,131.4522,Bi-LSTM
2025-05-21 12:00:00,130.762852525712,118.81687,140.43904,136.56271,118.81687,Bi-LSTM
2025-05-21 13:00:00,120.06135695630913,112.25192,134.31358,127.67552,112.25192,Bi-LSTM
2025-05-21 14:00:00,93.88063535094338,125.34778,75.73454,120.24827,125.34778,Bi-LSTM
2025-05-21 15:00:00,77.49249932982708,109.64179,90.93122,100.45904,109.64179,Bi-LSTM
2025-05-21 16:00:00,67.77485586537233,89.57876,94.626366,77.4182,89.57876,Bi-LSTM
2025-05-21 17:00:00,59.2625262022019,61.459644,84.822914,58.94459,61.459644,Bi-LSTM
2025-05-21 18:00:00,45.00355612859125,45.182587,69.14672,45.710133,45.182587,Bi-LSTM
2025-05-21 19:00:00,42.750771210952365,46.27213,59.198647,37.67424,46.27213,Bi-LSTM
2025-05-21 20:00:00,47.89358627796173,47.602764,48.105328,36.055435,47.602764,Bi-LSTM
2025-05-21 21:00:00,46.1409916102886,48.267986,38.467026,35.60546,48.267986,Bi-LSTM
2025-05-21 22:00:00,45.66781723925028,48.173683,37.936752,35.087345,48.173683,Bi-LSTM
2025-05-21 23:00:00,45.56250041392122,47.65499,38.66326,34.60993,47.65499,Bi-LSTM
2025-05-22 00:00:00,46.913051250908005,47.228424,40.377316,33.98943,47.228424,Bi-LSTM
2025-05-22 01:00:00,46.7825349509715,47.015053,43.26205,35.525627,47.015053,Bi-LSTM
2025-05-22 02:00:00,47.120172407892,47.078915,47.53704,42.2266,47.078915,Bi-LSTM
2025-05-22 03:00:00,47.19713613887625,47.424374,53.194168,50.123466,47.424374,Bi-LSTM
2025-05-22 04:00:00,47.18589477376509,47.994835,60.058918,61.600124,47.994835,Bi-LSTM
2025-05-22 05:00:00,51.49687506854521,48.425884,67.7944,73.24077,48.425884,Bi-LSTM
2025-05-22 06:00:00,87.42570027878337,72.690186,75.87702,86.400696,72.690186,Bi-LSTM
2025-05-22 07:00:00,133.85126870328736,109.42412,84.21489,100.299,109.42412,Bi-LSTM
2025-05-22 09:00:00,185.04823142290095,127.625175,106.242325,123.04992,127.625175,Bi-LSTM
2025-05-22 10:00:00,128.73502857034745,124.18204,120.72132,127.50932,124.18204,Bi-LSTM
2025-05-22 11:00:00,133.19699699538145,120.45715,129.53311,126.769806,120.45715,Bi-LSTM
2025-05-22 12:00:00,106.8272026479238,117.310646,131.32368,129.26717,117.310646,Bi-LSTM
2025-05-22 13:00:00,102.390296386348,113.073456,127.20352,126.36248,113.073456,Bi-LSTM
2025-05-22 14:00:00,82.37599959472792,120.71617,75.59858,117.30247,120.71617,Bi-LSTM
2025-05-22 15:00:00,74.47726326518588,100.76304,89.80858,100.923805,100.76304,Bi-LSTM
2025-05-22 16:00:00,75.07457519902123,83.52486,92.401985,84.74545,83.52486,Bi-LSTM
2025-05-22 17:00:00,53.69815903455021,60.51064,82.835686,67.79531,60.51064,Bi-LSTM
2025-05-22 18:00:00,46.074171075224896,44.198845,67.57745,49.129227,44.198845,Bi-LSTM
2025-05-22 19:00:00,43.8480486780403,45.02849,58.035656,43.446377,45.02849,Bi-LSTM
2025-05-22 20:00:00,46.47890625681172,46.55558,49.13546,44.54051,46.55558,Bi-LSTM
2025-05-22 21:00:00,44.328520539734,47.354954,40.754276,45.38916,47.354954,Bi-LSTM
2025-05-23 03:00:00,50.08722269535067,47.98462,51.633575,44.755436,47.98462,Bi-LSTM
2025-05-23 04:00:00,50.48983326283372,48.87644,58.73316,46.799885,48.87644,Bi-LSTM
2025-05-23 05:00:00,55.21372033059591,50.206467,66.533005,54.86592,50.206467,Bi-LSTM
2025-05-23 06:00:00,85.344319999218,69.83126,74.73467,65.58664,69.83126,Bi-LSTM
2025-05-23 07:00:00,139.20253582027908,100.63946,83.057976,76.77397,100.63946,Bi-LSTM
2025-05-23 08:00:00,197.05372951247367,113.320984,90.715805,86.85484,113.320984,Bi-LSTM
2025-05-23 09:00:00,184.489727783204,117.74741,102.13018,94.842285,117.74741,Bi-LSTM
2025-05-23 10:00:00,144.35104681416,116.63303,113.32264,99.19223,116.63303,Bi-LSTM
2025-05-23 11:00:00,120.58295528094,113.63872,120.74199,99.14395,113.63872,Bi-LSTM
2025-05-23 12:00:00,103.44455095132317,110.83858,123.81027,100.15602,110.83858,Bi-LSTM
2025-05-23 13:00:00,90.52245643734938,107.82695,120.74021,98.861496,107.82695,Bi-LSTM
2025-05-23 15:00:00,77.5914754152297,92.242516,73.56326,86.80676,92.242516,Bi-LSTM
2025-05-23 16:00:00,64.3658194433559,78.04743,69.609024,68.53021,78.04743,Bi-LSTM
2025-05-23 17:00:00,50.5779812544583,61.988487,62.439056,55.14147,61.988487,Bi-LSTM
2025-05-23 18:00:00,44.875325696335885,51.501526,57.791737,46.46809,51.501526,Bi-LSTM
2025-05-23 19:00:00,46.449870322431714,51.702854,50.706158,45.265076,51.702854,Bi-LSTM
2025-05-23 20:00:00,51.09647889062751,53.233852,47.179146,46.46071,53.233852,Bi-LSTM
2025-05-23 22:00:00,47.57152855396276,55.344006,45.208668,48.53097,55.344006,Bi-LSTM
2025-05-23 23:00:00,49.9342020541429,55.457344,45.339752,49.45822,55.457344,Bi-LSTM
2025-05-24 00:00:00,50.9916572299871,55.372753,45.727283,50.713203,55.372753,Bi-LSTM
2025-05-24 01:00:00,50.064106409748256,55.14155,46.860054,51.226406,55.14155,Bi-LSTM
2025-05-24 02:00:00,49.36740468306982,54.939816,47.89095,50.957798,54.939816,Bi-LSTM
2025-05-24 03:00:00,50.284946027127376,54.87067,49.744747,49.927746,54.87067,Bi-LSTM
2025-05-24 04:00:00,46.29703947088936,54.6733,52.440376,48.22596,54.6733,Bi-LSTM
2025-05-24 05:00:00,46.8167297020555,54.429802,53.34608,45.932575,54.429802,Bi-LSTM
2025-05-24 06:00:00,48.480911130932185,54.17098,53.718544,43.15681,54.17098,Bi-LSTM
2025-05-24 07:00:00,42.89307917406167,52.505573,55.800068,39.935062,52.505573,Bi-LSTM
2025-05-24 08:00:00,33.72261206619437,49.855766,58.99178,44.89519,49.855766,Bi-LSTM
2025-05-24 09:00:00,42.474929855929446,48.722206,62.458523,51.716835,48.722206,Bi-LSTM
2025-05-24 10:00:00,41.86830452355464,48.245316,66.29749,56.011196,48.245316,Bi-LSTM
2025-05-24 11:00:00,39.530383311212,47.76689,69.91413,56.99511,47.76689,Bi-LSTM
2025-05-24 12:00:00,48.095299800237,46.596256,71.95979,55.430386,46.596256,Bi-LSTM
2025-05-24 13:00:00,43.42502055317166,45.4133,72.22793,53.958324,45.4133,Bi-LSTM
2025-05-24 15:00:00,33.96582099582472,41.678314,58.64551,31.490086,41.678314,Bi-LSTM
2025-05-24 16:00:00,33.1147860884666,44.85296,51.538414,31.250046,44.85296,Bi-LSTM
2025-05-24 17:00:00,32.04786172840344,44.148586,45.265453,35.09695,44.148586,Bi-LSTM
2025-05-24 18:00:00,39.372949957847446,45.422016,44.77842,38.0739,45.422016,Bi-LSTM
2025-05-24 19:00:00,44.45071339607233,45.55137,43.118755,40.27571,45.55137,Bi-LSTM
2025-05-24 20:00:00,44.71165694431827,47.58736,41.00762,42.080612,47.58736,Bi-LSTM
2025-05-24 21:00:00,44.6052572354675,49.600407,39.29417,43.58571,49.600407,Bi-LSTM
2025-05-24 22:00:00,45.15945110537782,51.184116,38.175144,44.952175,51.184116,Bi-LSTM
2025-05-24 23:00:00,45.7020651042462,52.131275,38.394886,46.29121,52.131275,Bi-LSTM
2025-05-25 00:00:00,45.930213159322605,52.22196,40.69343,47.464516,52.22196,Bi-LSTM
2025-05-25 01:00:00,43.764746362964246,51.4617,42.664433,47.81357,51.4617,Bi-LSTM
2025-05-25 02:00:00,43.96851207451391,50.20711,43.89547,47.387074,50.20711,Bi-LSTM
2025-05-25 03:00:00,41.69747061034058,48.649742,45.017822,46.274475,48.649742,Bi-LSTM
2025-05-25 04:00:00,41.74609757794266,46.99068,46.897682,44.643192,46.99068,Bi-LSTM
2025-05-25 05:00:00,43.41870529121834,45.449566,49.012672,42.521534,45.449566,Bi-LSTM
2025-05-25 06:00:00,41.395818024873776,44.377514,52.504807,39.931118,44.377514,Bi-LSTM
2025-05-25 07:00:00,33.1269822879695,44.127895,57.314053,36.97326,44.127895,Bi-LSTM
2025-05-25 08:00:00,29.92679718407728,44.852222,61.850883,33.81551,44.852222,Bi-LSTM
2025-05-25 09:00:00,32.626888177611725,44.530422,65.84257,34.461132,44.530422,Bi-LSTM
2025-05-25 10:00:00,34.703007958152,44.426514,69.079956,39.122486,44.426514,Bi-LSTM
2025-05-25 11:00:00,33.662045598030126,44.0664,71.396385,42.15029,44.0664,Bi-LSTM
2025-05-25 12:00:00,35.283042139477224,43.39372,72.50942,42.645103,43.39372,Bi-LSTM
2025-05-25 15:00:00,29.43809338410691,52.214676,70.98633,24.728094,52.214676,Bi-LSTM
2025-05-25 16:00:00,28.6596907377242,43.88211,65.67591,29.695717,43.88211,Bi-LSTM
2025-05-25 17:00:00,29.31167876554867,40.784843,59.209892,33.620975,40.784843,Bi-LSTM
2025-05-25 18:00:00,40.05666978250854,40.809097,52.37338,36.52705,40.809097,Bi-LSTM
2025-05-25 19:00:00,42.782562163141,42.58862,45.798172,38.66562,42.58862,Bi-LSTM
2025-05-25 20:00:00,43.274421685934,44.9299,40.344112,40.190144,44.9299,Bi-LSTM
2025-05-25 21:00:00,43.0369595885275,46.6205,37.505386,41.1394,46.6205,Bi-LSTM
2025-05-25 22:00:00,44.3332983493805,47.43372,35.30632,41.727234,47.43372,Bi-LSTM
2025-05-25 23:00:00,43.72025445699701,47.178185,33.959045,41.78343,47.178185,Bi-LSTM
2025-05-26 00:00:00,44.507972247070775,46.183155,33.49238,40.996864,46.183155,Bi-LSTM
2025-05-26 01:00:00,44.872211068868594,44.901527,36.37581,39.551064,44.901527,Bi-LSTM
2025-05-26 03:00:00,43.22952934286809,42.59895,49.926872,35.23936,42.59895,Bi-LSTM
2025-05-26 04:00:00,43.235981742541,41.3803,58.255646,32.6946,41.3803,Bi-LSTM
2025-05-26 05:00:00,44.3098072350025,39.937016,72.93461,31.198063,39.937016,Bi-LSTM
2025-05-26 06:00:00,46.6252008497716,60.77897,89.17228,42.220966,60.77897,Bi-LSTM
2025-05-26 07:00:00,53.127850013971305,84.845604,105.591064,53.9516,84.845604,Bi-LSTM
2025-05-26 08:00:00,92.32739205099708,99.91487,120.76701,65.28591,99.91487,Bi-LSTM
2025-05-26 09:00:00,111.11736040645222,109.2447,133.61404,75.29632,109.2447,Bi-LSTM
2025-05-26 10:00:00,114.681716918947,113.99785,143.15425,82.731766,113.99785,Bi-LSTM
2025-05-26 11:00:00,119.274818170069,113.5499,148.60147,86.729515,113.5499,Bi-LSTM
2025-05-26 12:00:00,127.03940219538428,112.22171,152.21687,86.83063,112.22171,Bi-LSTM
2025-05-26 13:00:00,133.515729629992,109.64448,149.93475,86.69725,109.64448,Bi-LSTM
2025-05-26 14:00:00,108.9046308040608,121.02882,71.56314,89.532,121.02882,Bi-LSTM
2025-05-26 15:00:00,97.7289680957791,105.201675,85.9727,69.74363,105.201675,Bi-LSTM
2025-05-26 16:00:00,76.9212231874465,87.42938,90.3069,47.30252,87.42938,Bi-LSTM
2025-05-26 17:00:00,55.394456623122,63.82804,81.94615,31.861511,63.82804,Bi-LSTM
2025-05-26 18:00:00,47.57051379233613,43.650894,72.290085,32.499783,43.650894,Bi-LSTM
2025-05-26 19:00:00,42.959621777137166,43.88413,63.520042,33.09117,43.88413,Bi-LSTM
2025-05-26 20:00:00,42.503994272814886,44.622337,58.85484,33.156963,44.622337,Bi-LSTM
2025-05-26 21:00:00,42.868161158128274,44.78065,54.037178,32.832573,44.78065,Bi-LSTM
2025-05-26 22:00:00,42.0501832962035,44.36038,48.97522,32.163322,44.36038,Bi-LSTM
2025-05-27 00:00:00,43.11467185947611,42.888668,45.323303,29.021923,42.888668,Bi-LSTM
2025-05-27 01:00:00,42.20163332753711,42.447224,48.109467,26.999598,42.447224,Bi-LSTM
2025-05-27 02:00:00,42.3758607983589,42.291958,54.14776,28.888954,42.291958,Bi-LSTM
2025-05-27 03:00:00,42.673933765717855,42.330185,63.340164,34.409817,42.330185,Bi-LSTM
2025-05-27 04:00:00,42.39712616138978,42.242794,75.57543,44.092987,42.242794,Bi-LSTM
2025-05-27 05:00:00,43.57802312241645,41.756397,90.24081,55.921494,41.756397,Bi-LSTM
2025-05-27 06:00:00,59.91459517015345,64.08812,106.2164,69.4682,64.08812,Bi-LSTM
2025-05-27 07:00:00,86.5155511319636,86.1016,122.23487,84.03158,86.1016,Bi-LSTM
2025-05-27 08:00:00,110.3216744422911,101.240166,137.62953,99.40213,101.240166,Bi-LSTM
2025-05-27 09:00:00,138.17756603823668,113.58564,152.62679,113.43082,113.58564,Bi-LSTM
2025-05-27 10:00:00,143.16851866245332,120.74363,170.89125,121.32876,120.74363,Bi-LSTM
2025-05-27 11:00:00,144.16718188921556,122.70571,183.19298,124.483925,122.70571,Bi-LSTM
2025-05-27 12:00:00,149.809425234795,120.571976,185.7577,122.49529,120.571976,Bi-LSTM
2025-05-27 13:00:00,158.72980011834113,116.52412,178.82307,115.97362,116.52412,Bi-LSTM
2025-05-27 14:00:00,138.33174456357798,123.82045,74.46631,83.53835,123.82045,Bi-LSTM
2025-05-27 15:00:00,123.51923786269224,111.588806,90.836235,65.579475,111.588806,Bi-LSTM
2025-05-27 16:00:00,100.9587431550036,96.320305,97.23387,46.448524,96.320305,Bi-LSTM
2025-05-27 17:00:00,73.8444857895375,72.096855,92.22481,41.144596,72.096855,Bi-LSTM
2025-05-27 18:00:00,53.503079812634816,45.40987,83.454895,41.681656,45.40987,Bi-LSTM
2025-05-27 19:00:00,46.125301750997664,45.169712,76.55167,41.784527,45.169712,Bi-LSTM
2025-05-27 20:00:00,45.5491644889117,45.854683,66.27725,41.562866,45.854683,Bi-LSTM
2025-05-27 21:00:00,45.1271017462013,45.761272,60.089474,41.00711,45.761272,Bi-LSTM
2025-05-27 22:00:00,44.60044348902156,45.366978,55.869102,40.23848,45.366978,Bi-LSTM
2025-05-27 23:00:00,45.15728157096433,44.652206,52.485004,39.127903,44.652206,Bi-LSTM
2025-05-28 00:00:00,46.85782537715785,44.209305,50.72859,37.694866,44.209305,Bi-LSTM
2025-05-28 01:00:00,47.86452180147171,43.989,51.459473,37.060204,43.989,Bi-LSTM
2025-05-28 02:00:00,45.500656992197,44.11467,55.10076,40.30437,44.11467,Bi-LSTM
2025-05-28 03:00:00,45.97465037927037,44.543602,61.629124,46.075935,44.543602,Bi-LSTM
2025-05-28 04:00:00,45.83671148493875,44.960316,71.27389,56.64385,44.960316,Bi-LSTM
2025-05-28 05:00:00,49.13448904048328,45.14525,83.31852,69.362785,45.14525,Bi-LSTM
2025-05-28 06:00:00,84.06553784012792,64.25422,96.96623,83.88866,64.25422,Bi-LSTM
2025-05-28 07:00:00,123.33894001195694,102.07786,110.68622,99.339066,102.07786,Bi-LSTM
2025-05-28 08:00:00,169.07643112871446,113.38551,122.94031,113.93899,113.38551,Bi-LSTM
2025-05-28 09:00:00,191.1132736653075,120.34819,134.44705,126.36497,120.34819,Bi-LSTM
2025-05-28 11:00:00,172.18160244551726,120.02462,154.40674,135.93457,120.02462,Bi-LSTM
2025-05-28 12:00:00,173.03808665275668,116.03372,156.8935,130.51833,116.03372,Bi-LSTM
2025-05-28 13:00:00,160.03027874893445,111.743675,152.87291,117.9096,111.743675,Bi-LSTM
2025-05-28 14:00:00,139.78867934147334,144.66412,74.8968,108.91086,144.66412,Bi-LSTM
2025-05-28 15:00:00,132.81708585024,133.13753,90.90914,93.03033,133.13753,Bi-LSTM
2025-05-28 16:00:00,111.63846188121398,106.06188,96.51607,74.37622,106.06188,Bi-LSTM
2025-05-28 18:00:00,54.5910516202449,48.82086,79.085625,52.436794,48.82086,Bi-LSTM
2025-05-28 19:00:00,54.524341450797216,48.3911,68.0606,45.61219,48.3911,Bi-LSTM
2025-05-28 20:00:00,51.3025466501712,49.122517,56.303875,44.926876,49.122517,Bi-LSTM
2025-05-28 21:00:00,52.0713088810444,49.133972,45.356247,45.09968,49.133972,Bi-LSTM
2025-05-28 22:00:00,51.2034624785186,48.688046,43.301582,45.008987,48.688046,Bi-LSTM
2025-05-28 23:00:00,51.80656141373844,48.089664,43.829544,44.617016,48.089664,Bi-LSTM
2025-05-29 00:00:00,53.3819847673178,47.686966,45.23189,44.139633,47.686966,Bi-LSTM
2025-05-29 01:00:00,51.78084412879423,47.57484,47.937202,46.1638,47.57484,Bi-LSTM
2025-05-29 03:00:00,53.70757910940389,48.61677,57.716534,62.161156,48.61677,Bi-LSTM
2025-05-29 04:00:00,53.419213349168906,49.586754,64.43896,72.0117,49.586754,Bi-LSTM
2025-05-29 05:00:00,54.37964388355625,50.38659,71.96503,85.86735,50.38659,Bi-LSTM
2025-05-29 07:00:00,126.1027203857901,111.84397,89.18594,112.66687,111.84397,Bi-LSTM
2025-05-29 08:00:00,176.32515648278363,131.1265,96.82916,123.83427,131.1265,Bi-LSTM
2025-05-29 09:00:00,185.08642325618,139.76451,113.25821,131.63104,139.76451,Bi-LSTM
2025-05-29 10:00:00,143.7723010886781,141.15352,128.2354,134.68198,141.15352,Bi-LSTM
2025-05-29 11:00:00,143.41401322434373,137.2227,137.25972,131.76794,137.2227,Bi-LSTM
2025-05-29 12:00:00,144.98369899392,132.84294,137.89444,125.779106,132.84294,Bi-LSTM
2025-05-29 15:00:00,106.66685013721434,128.59616,88.63021,97.19105,128.59616,Bi-LSTM
2025-05-29 16:00:00,94.06044984608964,100.65213,92.19975,84.96763,100.65213,Bi-LSTM
2025-05-29 17:00:00,73.2705506891012,72.715416,84.066025,69.40401,72.715416,Bi-LSTM
2025-05-29 18:00:00,56.87669338565299,49.516926,71.771965,52.72006,49.516926,Bi-LSTM
2025-05-29 19:00:00,53.8198186725378,49.479786,63.29147,50.833633,49.479786,Bi-LSTM
2025-05-29 20:00:00,51.45923931731111,50.337784,55.90563,52.153572,50.337784,Bi-LSTM
2025-05-29 21:00:00,50.9652843087911,50.675106,48.65284,53.086174,50.675106,Bi-LSTM
2025-05-29 23:00:00,54.2773406267165,50.069546,43.64698,54.18682,50.069546,Bi-LSTM
2025-05-30 00:00:00,54.202489023858725,49.792004,44.792088,54.690918,49.792004,Bi-LSTM
2025-05-30 01:00:00,52.84526031215967,49.7758,47.583908,54.61034,49.7758,Bi-LSTM
2025-05-30 02:00:00,54.60035003586245,50.266712,51.67873,54.149025,50.266712,Bi-LSTM
2025-05-30 03:00:00,54.76684286197025,51.184822,57.196297,53.23411,51.184822,Bi-LSTM
2025-05-30 04:00:00,57.45059473677128,52.4878,63.906433,54.635494,52.4878,Bi-LSTM
2025-05-30 05:00:00,60.26692956144164,53.921185,70.91063,62.806374,53.921185,Bi-LSTM
2025-05-30 06:00:00,94.7782177060839,65.62199,78.63607,72.48008,65.62199,Bi-LSTM
2025-05-30 07:00:00,141.86956831216702,105.23054,86.481575,83.21191,105.23054,Bi-LSTM
2025-05-30 08:00:00,190.25506571928585,123.095085,93.92014,92.6904,123.095085,Bi-LSTM
2025-05-30 09:00:00,184.82484438022,130.13934,103.91458,100.07022,130.13934,Bi-LSTM
2025-05-30 10:00:00,163.88775446415,131.98907,114.73142,103.5852,131.98907,Bi-LSTM
2025-05-30 11:00:00,140.90152857520272,130.13051,121.53024,103.17789,130.13051,Bi-LSTM
2025-05-30 12:00:00,119.0358138614222,125.54275,124.091225,97.94444,125.54275,Bi-LSTM
2025-05-30 13:00:00,109.203920936584,119.67265,121.474686,89.92127,119.67265,Bi-LSTM
2025-05-30 14:00:00,96.05116707086574,113.38089,66.05873,85.22235,113.38089,Bi-LSTM
2025-05-30 15:00:00,89.02768499652558,92.747444,70.63617,70.84543,92.747444,Bi-LSTM
2025-05-30 16:00:00,76.23161915441351,77.54847,65.09603,56.808754,77.54847,Bi-LSTM
2025-05-30 17:00:00,74.73529633879666,59.049545,60.291653,52.34775,59.049545,Bi-LSTM
2025-05-30 18:00:00,64.3802208428581,54.150326,55.327995,50.367943,54.150326,Bi-LSTM
2025-05-30 19:00:00,64.35938144723575,54.623707,50.217236,52.204487,54.623707,Bi-LSTM
2025-05-30 20:00:00,71.5741237650315,56.110836,48.47986,53.590446,56.110836,Bi-LSTM
2025-05-30 21:00:00,68.41028210520741,57.17461,47.87526,54.774593,57.17461,Bi-LSTM
2025-05-30 22:00:00,62.76796063035733,57.47433,47.985092,55.855843,57.47433,Bi-LSTM
2025-05-30 23:00:00,57.24119838327175,57.250168,48.58085,56.848576,57.250168,Bi-LSTM
2025-05-31 00:00:00,57.89283945163093,56.897694,48.67503,58.051357,56.897694,Bi-LSTM
2025-05-31 01:00:00,56.619440269966994,56.567936,49.374744,58.49264,56.567936,Bi-LSTM
2025-05-31 02:00:00,59.43156599253433,56.45121,50.710518,58.263813,56.45121,Bi-LSTM
2025-05-31 03:00:00,57.25827049960692,56.562984,51.417538,57.395584,56.562984,Bi-LSTM
2025-05-31 04:00:00,57.97287107383208,56.8081,50.055874,56.107204,56.8081,Bi-LSTM
2025-05-31 05:00:00,58.74961881587908,57.01253,48.992012,54.300457,57.01253,Bi-LSTM
2025-05-31 06:00:00,58.313693980376,57.097622,48.23179,52.01806,57.097622,Bi-LSTM
2025-05-31 07:00:00,52.30234586199125,54.314556,47.858143,49.228706,54.314556,Bi-LSTM
2025-05-31 08:00:00,47.16553764541942,53.637566,48.36105,53.022118,53.637566,Bi-LSTM
2025-05-31 09:00:00,44.4273530046145,50.937946,49.90823,61.23769,50.937946,Bi-LSTM
2025-05-31 10:00:00,41.61775658528008,47.203026,51.584,66.590836,47.203026,Bi-LSTM
2025-05-31 11:00:00,42.71721537907925,43.36661,53.204258,68.52114,43.36661,Bi-LSTM
2025-05-31 12:00:00,40.1714568634828,41.87672,54.52117,66.553505,41.87672,Bi-LSTM
2025-05-31 13:00:00,33.764729543165735,41.48523,56.13285,60.668728,41.48523,Bi-LSTM
2025-05-31 14:00:00,35.29481147726367,40.252644,57.17432,32.615433,40.252644,Bi-LSTM
2025-05-31 15:00:00,37.07566611965501,37.634686,51.07052,29.471334,37.634686,Bi-LSTM
2025-05-31 16:00:00,30.337254649649,39.70551,45.479275,35.114506,39.70551,Bi-LSTM
2025-05-31 17:00:00,34.1516757955155,39.377014,45.083477,39.72299,39.377014,Bi-LSTM
2025-05-31 18:00:00,43.470682809750336,41.09303,43.315502,43.36875,41.09303,Bi-LSTM
2025-05-31 19:00:00,49.106592963139256,42.924072,41.273052,46.20044,42.924072,Bi-LSTM
2025-05-31 20:00:00,50.56154512117308,43.99875,39.497593,48.520966,43.99875,Bi-LSTM
2025-05-31 21:00:00,52.13997225215025,45.951393,38.277946,50.53912,45.951393,Bi-LSTM
2025-05-31 22:00:00,52.757986836135245,47.83127,38.172794,52.323166,47.83127,Bi-LSTM
2025-05-31 23:00:00,53.89067577819051,49.095585,39.473244,53.904377,49.095585,Bi-LSTM
2025-06-01 00:00:00,56.69325341284258,49.462044,40.450825,54.966778,49.462044,Bi-LSTM
2025-06-01 01:00:00,49.588432428737406,48.941467,41.435562,54.994503,48.941467,Bi-LSTM
2025-06-01 02:00:00,49.342473089695005,47.900806,42.465652,54.44097,47.900806,Bi-LSTM
2025-06-01 03:00:00,47.53447659065333,46.52443,43.51113,53.389225,46.52443,Bi-LSTM
2025-06-01 04:00:00,47.72673132518917,45.01063,44.515816,51.901463,45.01063,Bi-LSTM
2025-06-01 05:00:00,47.75961768627167,43.55881,45.420662,50.068344,43.55881,Bi-LSTM
2025-06-01 06:00:00,47.143732683112255,42.362614,46.16506,48.030266,42.362614,Bi-LSTM
2025-06-01 07:00:00,42.20942483407759,41.34042,46.746853,45.65251,41.34042,Bi-LSTM
2025-06-01 08:00:00,38.82561990122,37.858143,48.447742,42.925392,37.858143,Bi-LSTM
2025-06-01 09:00:00,43.80634025732667,35.063328,50.097065,47.439564,35.063328,Bi-LSTM
2025-06-01 10:00:00,43.53869400421775,33.192673,50.951786,50.76489,33.192673,Bi-LSTM
2025-06-01 11:00:00,41.354293346405,31.93899,50.97003,53.234734,31.93899,Bi-LSTM
2025-06-01 12:00:00,34.03852494557711,31.029053,50.332138,52.16269,31.029053,Bi-LSTM
2025-06-01 14:00:00,31.3089327573776,44.888447,59.645134,43.718338,44.888447,Bi-LSTM
2025-06-01 15:00:00,28.636793223294365,40.29734,54.96629,33.521294,40.29734,Bi-LSTM
2025-06-01 16:00:00,26.161067803700664,36.89672,51.13056,37.913437,36.89672,Bi-LSTM
2025-06-01 17:00:00,27.96867194399238,36.794556,45.61705,41.825768,36.794556,Bi-LSTM
2025-06-01 18:00:00,39.5165033251048,39.789062,42.46221,44.52112,39.789062,Bi-LSTM
2025-06-01 19:00:00,42.757766734470096,42.157272,40.664,46.32594,42.157272,Bi-LSTM
2025-06-01 20:00:00,44.61379561490466,45.01049,38.774117,47.530308,45.01049,Bi-LSTM
2025-06-01 21:00:00,45.39705593748519,47.17803,37.296806,48.43334,47.17803,Bi-LSTM
2025-06-01 22:00:00,45.02895178728633,48.263504,36.126408,49.02123,48.263504,Bi-LSTM
2025-06-01 23:00:00,45.3373889237642,48.5735,36.932686,49.162903,48.5735,Bi-LSTM
2025-06-02 00:00:00,47.34109973410784,48.126236,39.692368,48.68544,48.126236,Bi-LSTM
2025-06-02 01:00:00,46.60974579387245,47.05089,43.02134,47.862186,47.05089,Bi-LSTM
2025-06-02 02:00:00,47.21834910999637,45.987724,46.81465,46.68643,45.987724,Bi-LSTM
2025-06-02 03:00:00,46.643140392171,45.33425,51.00242,45.229977,45.33425,Bi-LSTM
2025-06-02 04:00:00,47.20057921608289,45.167553,57.117702,43.757404,45.167553,Bi-LSTM
2025-06-02 05:00:00,52.16252491871512,45.626545,63.63198,45.12854,45.626545,Bi-LSTM
2025-06-02 06:00:00,87.33489017188533,65.430374,70.19273,55.374146,65.430374,Bi-LSTM
2025-06-02 07:00:00,148.03591743483992,102.42965,79.38056,67.865295,102.42965,Bi-LSTM
2025-06-02 08:00:00,182.417148247734,123.94122,89.96634,79.62757,123.94122,Bi-LSTM
2025-06-02 09:00:00,174.134888224305,122.89418,99.263885,89.79825,122.89418,Bi-LSTM
2025-06-02 10:00:00,160.7274141122009,115.15119,106.69384,96.70426,115.15119,Bi-LSTM
2025-06-02 11:00:00,135.35165514548555,107.161736,111.62137,99.03438,107.161736,Bi-LSTM
2025-06-02 12:00:00,122.56099817156748,101.05943,113.754196,96.33814,101.05943,Bi-LSTM
2025-06-02 14:00:00,97.8491025686267,123.60639,68.52576,84.75993,123.60639,Bi-LSTM
2025-06-02 15:00:00,93.2654072046283,106.67351,78.02922,68.317375,106.67351,Bi-LSTM
2025-06-02 16:00:00,72.33462388813487,87.77548,76.71738,53.39443,87.77548,Bi-LSTM
2025-06-02 17:00:00,58.81703931051823,65.91376,70.16858,42.192802,65.91376,Bi-LSTM
2025-06-02 19:00:00,47.480085421692365,48.61454,58.22169,44.760124,48.61454,Bi-LSTM
2025-06-02 20:00:00,44.749778234296336,49.907234,54.572212,44.988136,49.907234,Bi-LSTM
2025-06-02 21:00:00,45.5786698549987,50.053066,50.704914,44.878826,50.053066,Bi-LSTM
2025-06-02 22:00:00,45.63459801673891,49.411533,47.762817,44.419373,49.411533,Bi-LSTM
2025-06-02 23:00:00,45.76113383065572,48.417507,46.427345,43.619316,48.417507,Bi-LSTM
2025-06-03 00:00:00,46.87440151247109,47.464787,47.775032,42.11855,47.464787,Bi-LSTM
2025-06-03 01:00:00,46.614817980677,46.970375,52.1686,40.53123,46.970375,Bi-LSTM
2025-06-03 02:00:00,46.982869843642,46.950745,59.543793,43.4472,46.950745,Bi-LSTM
2025-06-03 03:00:00,46.58873279595918,47.389164,69.48232,53.927166,47.389164,Bi-LSTM
2025-06-03 04:00:00,48.2094458177685,48.100136,81.59602,68.06341,48.100136,Bi-LSTM
2025-06-03 06:00:00,80.6154613077641,64.6076,109.64517,98.36871,64.6076,Bi-LSTM
2025-06-03 07:00:00,134.4710979807099,106.748604,124.189735,113.74483,106.748604,Bi-LSTM
2025-06-03 08:00:00,167.39027218385183,121.67445,137.793,127.48535,121.67445,Bi-LSTM
2025-06-03 09:00:00,158.57489181648546,129.2682,149.68402,138.05814,129.2682,Bi-LSTM
2025-06-03 10:00:00,134.4539770005,129.97566,157.86397,143.04756,129.97566,Bi-LSTM
2025-06-03 11:00:00,110.0320881605138,128.75168,159.89258,141.75731,128.75168,Bi-LSTM
2025-06-03 12:00:00,100.32362847858089,126.959015,157.42181,133.11407,126.959015,Bi-LSTM
2025-06-03 13:00:00,98.75659359825946,122.43359,149.7658,118.25489,122.43359,Bi-LSTM
2025-06-03 14:00:00,88.27795727252939,118.49841,72.73444,98.80618,118.49841,Bi-LSTM
2025-06-03 15:00:00,86.8558279633518,104.56994,85.90167,82.82906,104.56994,Bi-LSTM
2025-06-03 16:00:00,67.77951971027589,87.37766,87.49315,61.39527,87.37766,Bi-LSTM
2025-06-03 17:00:00,50.10838861763477,62.859787,76.83293,51.914524,62.859787,Bi-LSTM
2025-06-03 18:00:00,46.151960414648,45.48136,68.57163,44.76502,45.48136,Bi-LSTM
2025-06-03 19:00:00,48.8658594846725,46.65755,60.390343,42.69822,46.65755,Bi-LSTM
2025-06-03 20:00:00,45.95143599642645,48.110935,55.39332,42.379223,48.110935,Bi-LSTM
2025-06-03 21:00:00,43.4063850939274,48.74383,52.221714,41.868176,48.74383,Bi-LSTM
2025-06-03 22:00:00,44.02284851918617,48.482113,50.088226,41.513535,48.482113,Bi-LSTM
2025-06-03 23:00:00,43.9147500663996,47.797016,49.318264,40.87024,47.797016,Bi-LSTM
2025-06-04 00:00:00,44.72726947494929,47.1855,49.998615,39.759342,47.1855,Bi-LSTM
2025-06-04 01:00:00,44.79939818111328,46.75782,52.69777,39.759453,46.75782,Bi-LSTM
2025-06-04 02:00:00,44.68906359540089,46.519634,57.960487,47.531467,46.519634,Bi-LSTM
2025-06-04 03:00:00,45.5203918129206,46.560646,65.86796,57.51922,46.560646,Bi-LSTM
2025-06-04 04:00:00,45.83466268248012,46.684395,76.13589,69.722404,46.684395,Bi-LSTM
2025-06-04 06:00:00,77.56634682755572,65.32765,101.40645,99.51844,65.32765,Bi-LSTM
2025-06-04 07:00:00,121.973106149583,102.20348,115.029045,115.354034,102.20348,Bi-LSTM
2025-06-04 08:00:00,152.602822860085,116.0819,126.303566,128.77332,116.0819,Bi-LSTM
2025-06-04 10:00:00,132.8979248702525,128.66985,140.15967,141.79643,128.66985,Bi-LSTM
2025-06-04 11:00:00,118.05546710888414,128.85402,143.77284,139.79028,128.85402,Bi-LSTM
2025-06-04 12:00:00,105.86195696724845,126.91446,141.91064,129.7436,126.91446,Bi-LSTM
2025-06-04 13:00:00,101.77372316519391,124.069916,135.13179,113.11305,124.069916,Bi-LSTM
2025-06-04 14:00:00,93.5647210597985,112.41975,75.34684,103.25123,112.41975,Bi-LSTM
2025-06-04 15:00:00,94.45448725753369,97.91019,90.61982,87.679,97.91019,Bi-LSTM
2025-06-04 16:00:00,79.59238808805281,85.05462,95.016304,73.424904,85.05462,Bi-LSTM
2025-06-04 17:00:00,55.42530338229109,61.37423,87.148155,58.246758,61.37423,Bi-LSTM
2025-06-04 18:00:00,48.68939061628444,44.510086,73.41924,50.422264,44.510086,Bi-LSTM
2025-06-04 19:00:00,45.73207072507255,45.6684,62.86521,44.6642,45.6684,Bi-LSTM
2025-06-04 20:00:00,45.936588940295366,47.2357,51.87366,44.776966,47.2357,Bi-LSTM
2025-06-04 21:00:00,43.86777301268164,48.05672,41.088425,44.744102,48.05672,Bi-LSTM
2025-06-04 22:00:00,42.73644021153455,47.94443,39.927036,44.634987,47.94443,Bi-LSTM
2025-06-04 23:00:00,43.5070952385663,47.50862,41.043343,44.578957,47.50862,Bi-LSTM
2025-06-05 00:00:00,44.028488901257504,46.973465,43.212887,44.6776,46.973465,Bi-LSTM
2025-06-05 01:00:00,45.670036378834,46.558163,46.645588,44.586582,46.558163,Bi-LSTM
2025-06-05 02:00:00,44.15298223164356,46.43248,51.444973,50.507244,46.43248,Bi-LSTM
2025-06-05 03:00:00,44.52009950984609,46.6603,57.609222,58.824333,46.6603,Bi-LSTM
2025-06-05 04:00:00,46.25713168581322,47.206238,64.87994,70.21779,47.206238,Bi-LSTM
2025-06-05 05:00:00,48.89636226909011,47.856556,72.963554,83.694115,47.856556,Bi-LSTM
2025-06-05 08:00:00,155.05182298591998,117.61539,104.12989,120.253105,117.61539,Bi-LSTM
2025-06-05 09:00:00,154.825451636314,122.52751,118.611176,128.02594,122.52751,Bi-LSTM
2025-06-05 10:00:00,128.76979887485498,121.569405,132.11224,131.39636,121.569405,Bi-LSTM
2025-06-05 11:00:00,114.31667297536728,121.375824,140.62793,129.56702,121.375824,Bi-LSTM
2025-06-05 12:00:00,102.58726044676573,120.1067,141.59285,121.12972,120.1067,Bi-LSTM
2025-06-05 13:00:00,97.81351810693752,116.34355,134.92519,110.35465,116.34355,Bi-LSTM
2025-06-05 14:00:00,87.42196960449209,121.370514,74.39326,111.28184,121.370514,Bi-LSTM
2025-06-05 16:00:00,71.2932958994994,86.62663,92.174774,86.36077,86.62663,Bi-LSTM
2025-06-05 17:00:00,56.61506775902073,65.23077,84.613884,70.517746,65.23077,Bi-LSTM
2025-06-05 18:00:00,49.964438091624906,46.971188,72.7639,52.618423,46.971188,Bi-LSTM
2025-06-05 19:00:00,50.9930967479944,47.977894,64.51255,49.436687,47.977894,Bi-LSTM
2025-06-05 20:00:00,53.188076188167,49.634872,58.01604,49.75181,49.634872,Bi-LSTM
2025-06-05 21:00:00,48.172976298765725,50.600273,51.488354,50.2224,50.600273,Bi-LSTM
2025-06-05 22:00:00,45.615750151872696,50.680614,46.049713,50.53271,50.680614,Bi-LSTM
2025-06-05 23:00:00,44.942489117383886,50.291553,43.454063,50.63346,50.291553,Bi-LSTM
2025-06-06 00:00:00,45.45013923943063,49.89699,44.736004,50.947567,49.89699,Bi-LSTM
2025-06-06 01:00:00,45.03776608573056,49.58798,47.561935,50.84866,49.58798,Bi-LSTM
2025-06-06 02:00:00,45.1773856997488,49.445957,51.64454,50.338413,49.445957,Bi-LSTM
2025-06-06 03:00:00,44.846144177019625,49.692627,56.688225,49.435493,49.692627,Bi-LSTM
2025-06-06 04:00:00,44.963602196086455,50.33004,62.316154,53.261097,50.33004,Bi-LSTM
2025-06-06 05:00:00,47.55138752382475,51.186768,69.22988,61.853745,51.186768,Bi-LSTM
2025-06-06 07:00:00,102.79374309215312,99.368744,84.46508,82.969574,99.368744,Bi-LSTM
2025-06-06 08:00:00,100.1081748442219,113.902695,94.27033,91.68258,113.902695,Bi-LSTM
2025-06-06 09:00:00,109.44012477000622,122.09982,104.34239,98.366516,122.09982,Bi-LSTM
2025-06-06 10:00:00,89.38067099722981,124.06823,115.02526,101.61771,124.06823,Bi-LSTM
2025-06-06 11:00:00,72.76563648134476,123.55749,122.11068,100.308815,123.55749,Bi-LSTM
2025-06-06 12:00:00,36.40388700697167,122.47078,125.661736,95.19676,122.47078,Bi-LSTM
2025-06-06 13:00:00,34.541464487711664,119.34111,123.193665,88.63724,119.34111,Bi-LSTM
2025-06-06 14:00:00,31.557300567626875,95.57514,65.85933,80.90604,95.57514,Bi-LSTM
2025-06-06 17:00:00,50.625247942076776,60.41911,63.534428,51.045143,60.41911,Bi-LSTM
2025-06-06 18:00:00,45.090593049472,49.654785,59.66324,49.589745,49.654785,Bi-LSTM
2025-06-06 19:00:00,47.00596339835056,50.37144,53.802322,51.150238,50.37144,Bi-LSTM
2025-06-06 21:00:00,53.0562065005304,53.959373,49.44969,53.34265,53.959373,Bi-LSTM
2025-06-06 22:00:00,48.290110061566,54.870125,49.148537,54.379395,54.870125,Bi-LSTM
2025-06-06 23:00:00,48.87658888527314,55.14591,49.522118,55.44115,55.14591,Bi-LSTM
2025-06-07 00:00:00,56.99731559412815,55.073395,50.103737,56.78824,55.073395,Bi-LSTM
2025-06-07 01:00:00,50.425423735922,54.692154,50.382217,57.497845,54.692154,Bi-LSTM
2025-06-07 02:00:00,51.01949221321529,54.30508,51.37378,57.53743,54.30508,Bi-LSTM
2025-06-07 03:00:00,52.444378895892,53.94324,53.077923,56.97079,53.94324,Bi-LSTM
2025-06-07 04:00:00,52.0727158457042,53.678272,52.689766,55.788483,53.678272,Bi-LSTM
2025-06-07 05:00:00,53.222556520592086,53.523323,51.95549,54.153812,53.523323,Bi-LSTM
2025-06-07 06:00:00,55.2567538201809,53.73371,51.55035,52.065456,53.73371,Bi-LSTM
2025-06-07 07:00:00,48.2108981139025,54.39819,51.597885,49.394825,54.39819,Bi-LSTM
2025-06-07 08:00:00,36.93065586499863,52.984936,52.006966,47.770767,52.984936,Bi-LSTM
2025-06-07 09:00:00,26.3475780308246,51.46467,52.951317,54.842854,51.46467,Bi-LSTM
2025-06-07 10:00:00,36.664141469531664,50.450764,54.53326,59.40801,50.450764,Bi-LSTM
2025-06-07 11:00:00,41.0512100219727,49.123314,56.67174,60.79249,49.123314,Bi-LSTM
2025-06-07 12:00:00,32.43776304381229,47.478535,58.11395,58.66274,47.478535,Bi-LSTM
2025-06-07 13:00:00,31.86197446452256,45.715775,58.72332,53.25957,45.715775,Bi-LSTM
2025-06-07 22:00:00,52.01762459427116,50.87275,40.078983,51.046646,50.87275,Bi-LSTM
2025-06-07 23:00:00,51.72289914786789,52.020706,39.576168,52.206333,52.020706,Bi-LSTM
2025-06-08 00:00:00,52.99825354814519,52.33255,40.45826,53.187954,52.33255,Bi-LSTM
2025-06-08 01:00:00,52.87506386637689,51.66199,41.5118,53.451878,51.66199,Bi-LSTM
2025-06-08 02:00:00,82.51473168200911,50.469593,42.533474,52.98668,50.469593,Bi-LSTM
2025-06-08 04:00:00,77.56215576421145,47.1315,44.541443,50.649574,47.1315,Bi-LSTM
2025-06-08 05:00:00,60.93112863972774,45.413673,45.545433,48.876995,45.413673,Bi-LSTM
2025-06-08 09:00:00,42.97229141659222,37.8577,54.065987,48.60543,37.8577,Bi-LSTM
2025-06-08 15:00:00,25.250947588019773,43.663834,62.66362,33.334656,43.663834,Bi-LSTM
2025-06-08 16:00:00,22.53696368138,38.79041,58.381447,37.92242,38.79041,Bi-LSTM
2025-06-08 22:00:00,62.30888165781884,43.30981,45.229183,42.40358,43.30981,Bi-LSTM
2025-06-08 23:00:00,42.916491863402456,46.31409,40.998055,43.908104,46.31409,Bi-LSTM
2025-06-09 00:00:00,44.80691701546325,48.210663,39.60673,44.4618,48.210663,Bi-LSTM
2025-06-09 01:00:00,44.085380319506,48.447403,39.863285,44.43708,48.447403,Bi-LSTM
2025-06-09 02:00:00,43.675237731801,47.964275,42.879597,43.873173,47.964275,Bi-LSTM
2025-06-09 03:00:00,43.8364918500184,47.116886,49.30852,43.099785,47.116886,Bi-LSTM
2025-06-09 04:00:00,43.79511801492082,46.63118,56.79101,42.03502,46.63118,Bi-LSTM
2025-06-09 05:00:00,48.2383432894945,46.784077,67.67277,45.304768,46.784077,Bi-LSTM
2025-06-09 06:00:00,80.55126593261963,58.347454,79.15627,57.044975,58.347454,Bi-LSTM
2025-06-09 07:00:00,119.5755400620404,96.63486,90.6292,71.92944,96.63486,Bi-LSTM
2025-06-09 12:00:00,75.5971335351467,103.146095,132.53165,109.050354,103.146095,Bi-LSTM
2025-06-09 14:00:00,63.14461300770466,96.08868,125.2866,98.3823,96.08868,Bi-LSTM
2025-06-09 21:00:00,42.66241686684757,47.18388,49.770412,41.40581,47.18388,Bi-LSTM
2025-06-09 22:00:00,41.550162174872,48.35988,48.271885,42.702904,48.35988,Bi-LSTM
2025-06-09 23:00:00,42.724071818217695,48.25247,47.82782,43.14998,48.25247,Bi-LSTM
2025-06-10 00:00:00,44.3700803094545,47.320705,50.356464,42.51309,47.320705,Bi-LSTM
2025-06-10 02:00:00,43.88971485031978,45.90155,60.923218,41.069798,45.90155,Bi-LSTM
2025-06-10 03:00:00,43.5347171097995,45.880455,69.907104,43.450237,45.880455,Bi-LSTM
2025-06-10 05:00:00,48.707592211664,46.774925,93.7765,67.59993,46.774925,Bi-LSTM
2025-06-10 07:00:00,150.36007867091246,105.28826,120.89961,99.68679,105.28826,Bi-LSTM
2025-06-10 08:00:00,185.32609410584,116.91654,133.69635,115.51674,116.91654,Bi-LSTM
2025-06-10 10:00:00,175.769652307033,118.53965,152.85887,135.9013,118.53965,Bi-LSTM
2025-06-10 11:00:00,144.516217505933,117.11887,155.86809,137.68452,117.11887,Bi-LSTM
2025-06-10 12:00:00,132.067633461951,115.46715,153.08101,134.19339,115.46715,Bi-LSTM
2025-06-10 13:00:00,121.96906020424548,111.43509,146.42664,127.23525,111.43509,Bi-LSTM
2025-06-10 14:00:00,110.47190072536428,106.1081,136.7016,116.20949,106.1081,Bi-LSTM
2025-06-10 15:00:00,105.9109330326325,98.98479,124.70094,101.18035,98.98479,Bi-LSTM
2025-06-10 17:00:00,58.94071227583019,57.587074,94.00387,59.092148,57.587074,Bi-LSTM
2025-06-10 18:00:00,53.12771273983855,54.526295,62.553013,41.369526,54.526295,Bi-LSTM
2025-06-10 19:00:00,44.62451879183445,49.379623,62.02688,38.241848,49.379623,Bi-LSTM
2025-06-10 20:00:00,44.52357445792709,47.33001,60.788143,41.101036,47.33001,Bi-LSTM
2025-06-10 21:00:00,44.5087777137756,48.530087,56.225105,42.802578,48.530087,Bi-LSTM
2025-06-10 22:00:00,43.7567026525736,49.527588,50.105953,43.65845,49.527588,Bi-LSTM
2025-06-10 23:00:00,44.87861762805437,49.239113,49.29451,44.13061,49.239113,Bi-LSTM
2025-06-11 00:00:00,45.7899570554495,48.428436,50.82987,43.96513,48.428436,Bi-LSTM
2025-06-11 01:00:00,46.61951398307636,47.821915,53.8139,43.59545,47.821915,Bi-LSTM
2025-06-11 02:00:00,45.092999022454,47.60924,58.585842,49.26837,47.60924,Bi-LSTM
2025-06-11 04:00:00,44.8456811636686,48.801544,75.001,67.59901,48.801544,Bi-LSTM
2025-06-11 05:00:00,47.25289028612054,49.747536,86.166885,79.99641,49.747536,Bi-LSTM
2025-06-11 06:00:00,93.20779890484243,67.61105,98.46543,93.64929,67.61105,Bi-LSTM
2025-06-11 07:00:00,135.37195138798887,111.82651,111.2876,107.86743,111.82651,Bi-LSTM
2025-06-11 08:00:00,176.61906628175092,125.092476,122.13585,120.83784,125.092476,Bi-LSTM
2025-06-11 09:00:00,196.7060085137689,130.27008,129.08041,131.95363,130.27008,Bi-LSTM
2025-06-11 10:00:00,161.42094426353833,129.29794,136.68282,138.69276,129.29794,Bi-LSTM
2025-06-11 11:00:00,137.360812294484,128.06953,141.5628,141.19539,128.06953,Bi-LSTM
2025-06-11 13:00:00,107.244038191709,123.50919,137.46236,132.50781,123.50919,Bi-LSTM
2025-06-11 14:00:00,87.32577625910433,118.11875,125.81202,119.75452,118.11875,Bi-LSTM
2025-06-11 15:00:00,82.7578463196754,110.72644,109.093735,102.14107,110.72644,Bi-LSTM
2025-06-11 16:00:00,69.62073500951134,99.31298,93.865135,80.31769,99.31298,Bi-LSTM
2025-06-11 17:00:00,55.04148373007766,65.12594,79.588486,57.06851,65.12594,Bi-LSTM
2025-06-11 18:00:00,49.560563818975005,54.064907,65.64828,42.655025,54.064907,Bi-LSTM
2025-06-11 19:00:00,46.4015431493521,48.12269,68.25508,39.939568,48.12269,Bi-LSTM
2025-06-11 20:00:00,47.673169746995,46.119724,65.80887,42.506638,46.119724,Bi-LSTM
2025-06-11 23:00:00,47.7442326724528,49.291965,52.187416,47.24064,49.291965,Bi-LSTM
2025-06-12 00:00:00,50.148525133729,48.912617,46.9481,48.151405,48.912617,Bi-LSTM
2025-06-12 01:00:00,48.1457249874419,48.529705,44.646095,48.911655,48.529705,Bi-LSTM
2025-06-12 02:00:00,49.34422961125758,48.460377,47.65229,52.406322,48.460377,Bi-LSTM
2025-06-12 03:00:00,50.2251333713531,48.96055,53.032455,60.584118,48.96055,Bi-LSTM
2025-06-12 04:00:00,49.28656637337478,49.96604,61.0877,69.398346,49.96604,Bi-LSTM
2025-06-12 05:00:00,54.129913866106,51.37464,72.52667,81.512,51.37464,Bi-LSTM
2025-06-12 06:00:00,92.83593784408154,74.45135,87.190834,93.99334,74.45135,Bi-LSTM
2025-06-12 08:00:00,182.45089530945,133.76706,116.53641,115.98218,133.76706,Bi-LSTM
2025-06-12 09:00:00,184.737829744816,133.85057,132.33182,124.549576,133.85057,Bi-LSTM
2025-06-12 11:00:00,132.902229189873,120.73444,152.7543,131.25893,120.73444,Bi-LSTM
2025-06-12 12:00:00,119.897004890442,116.554886,153.48445,127.97564,116.554886,Bi-LSTM
2025-06-12 13:00:00,110.9746504545212,113.16242,146.63058,119.99357,113.16242,Bi-LSTM
2025-06-12 14:00:00,96.61704468727088,106.838844,133.42177,108.431244,106.838844,Bi-LSTM
2025-06-12 15:00:00,85.3771519958974,99.06312,114.82157,93.65439,99.06312,Bi-LSTM
2025-06-12 16:00:00,68.6753346562386,89.70431,97.14992,75.44188,89.70431,Bi-LSTM
2025-06-12 17:00:00,52.54077412188055,59.97439,82.93135,53.392014,59.97439,Bi-LSTM
2025-06-12 18:00:00,52.38841496272518,56.365223,63.635853,50.719944,56.365223,Bi-LSTM
2025-06-12 19:00:00,46.317536605729,50.63425,65.807526,42.60047,50.63425,Bi-LSTM
2025-06-12 20:00:00,43.8154663026333,48.29322,64.28207,46.088757,48.29322,Bi-LSTM
2025-06-12 21:00:00,45.4660537838935,49.327255,61.297478,48.73716,49.327255,Bi-LSTM
2025-06-12 22:00:00,44.45830027924645,50.718304,57.041348,50.92306,50.718304,Bi-LSTM
2025-06-12 23:00:00,44.955855990449415,51.173992,54.891724,52.962513,51.173992,Bi-LSTM
2025-06-13 00:00:00,46.843472562053,51.084217,53.02902,54.93477,51.084217,Bi-LSTM
2025-06-13 01:00:00,47.186879277229295,50.974224,52.39011,56.26981,50.974224,Bi-LSTM
2025-06-13 02:00:00,47.2251692593098,51.314133,53.643677,57.069637,51.314133,Bi-LSTM
2025-06-13 03:00:00,47.79010067383459,52.40235,57.36563,57.399193,52.40235,Bi-LSTM
2025-06-13 04:00:00,48.237804385523,54.29218,63.455517,60.14154,54.29218,Bi-LSTM
2025-06-13 05:00:00,51.18110141090372,57.022316,71.5304,68.19922,57.022316,Bi-LSTM
2025-06-13 06:00:00,86.1601997077461,78.54922,81.77767,78.952385,78.54922,Bi-LSTM
2025-06-13 07:00:00,148.9702527012143,124.293846,93.64756,89.53804,124.293846,Bi-LSTM
2025-06-13 08:00:00,204.67127803961333,137.66852,104.56666,98.79861,137.66852,Bi-LSTM
2025-06-13 09:00:00,190.2823156780645,136.7229,116.32398,106.13391,136.7229,Bi-LSTM
2025-06-13 10:00:00,170.76223454692183,128.9111,126.4704,110.04973,128.9111,Bi-LSTM
2025-06-13 11:00:00,136.36087418596,120.33487,133.15524,109.79863,120.33487,Bi-LSTM
2025-06-13 12:00:00,123.41258517178636,112.99655,134.10641,105.30246,112.99655,Bi-LSTM
2025-06-13 13:00:00,111.345699810982,106.932755,130.52003,96.54926,106.932755,Bi-LSTM
2025-06-13 14:00:00,91.84991812706,101.36588,121.93578,84.5666,101.36588,Bi-LSTM
2025-06-13 15:00:00,84.68092948740137,93.00881,108.54894,69.97488,93.00881,Bi-LSTM
2025-06-13 16:00:00,69.13172388076775,83.18544,93.66104,55.62236,83.18544,Bi-LSTM
2025-06-13 17:00:00,54.887198180637455,55.473953,79.72287,41.19173,55.473953,Bi-LSTM
2025-06-13 18:00:00,52.20961778610949,51.06268,56.540585,38.425343,51.06268,Bi-LSTM
2025-06-13 20:00:00,57.12573670148849,52.678715,50.56434,46.18713,52.678715,Bi-LSTM
2025-06-13 21:00:00,54.471916981041375,54.309193,48.201603,49.665993,54.309193,Bi-LSTM
2025-06-13 22:00:00,52.38821665048589,56.439144,45.76807,52.556995,56.439144,Bi-LSTM
2025-06-13 23:00:00,54.25639789754691,57.806736,45.64179,55.040047,57.806736,Bi-LSTM
2025-06-14 00:00:00,55.61959241195182,58.302994,45.60061,57.466785,58.302994,Bi-LSTM
2025-06-14 01:00:00,56.15193354541601,58.201946,45.913788,59.021076,58.201946,Bi-LSTM
2025-06-14 02:00:00,55.58174875107672,57.970062,44.792015,59.88073,57.970062,Bi-LSTM
2025-06-14 03:00:00,55.396267384290745,57.88776,43.716198,60.092327,57.88776,Bi-LSTM
2025-06-14 04:00:00,55.122457704196506,58.025322,44.004284,59.77879,58.025322,Bi-LSTM
2025-06-14 05:00:00,55.67367138374946,58.308357,44.682457,59.028645,58.308357,Bi-LSTM
2025-06-14 06:00:00,58.077198584874495,58.638294,45.21793,57.87601,58.638294,Bi-LSTM
2025-06-14 07:00:00,51.912917576053005,56.934124,45.54988,56.373127,56.934124,Bi-LSTM
2025-06-14 08:00:00,47.8686380848288,54.276917,45.856487,59.93306,54.276917,Bi-LSTM
2025-06-14 09:00:00,49.83583788871742,51.82925,46.185932,66.29985,51.82925,Bi-LSTM
2025-06-14 10:00:00,51.71287996239122,48.56626,47.088146,70.0194,48.56626,Bi-LSTM
2025-06-14 11:00:00,37.59155145287525,44.9231,49.2525,70.262726,44.9231,Bi-LSTM
2025-06-14 12:00:00,44.43930921554575,42.45589,51.838715,66.5395,42.45589,Bi-LSTM
2025-06-14 13:00:00,37.990434939211006,41.35732,53.75134,59.216938,41.35732,Bi-LSTM
2025-06-14 14:00:00,40.89941096305848,40.68708,54.935776,49.793335,40.68708,Bi-LSTM
2025-06-14 15:00:00,45.585391998291,40.983376,55.35984,38.47685,40.983376,Bi-LSTM
2025-06-14 16:00:00,46.716301429271695,42.212063,54.78752,29.019203,42.212063,Bi-LSTM
2025-06-14 17:00:00,51.1675719812512,44.633205,53.36674,24.209465,44.633205,Bi-LSTM
2025-06-14 18:00:00,67.96703643690455,45.016,50.021885,29.32335,45.016,Bi-LSTM
2025-06-14 19:00:00,67.11134052524976,47.8186,42.76652,35.287235,47.8186,Bi-LSTM
2025-06-14 20:00:00,54.0178446552971,48.159283,36.963074,40.649796,48.159283,Bi-LSTM
2025-06-14 21:00:00,62.1004424273968,49.325043,35.313744,44.87718,49.325043,Bi-LSTM
2025-06-14 22:00:00,55.42258616785217,50.693253,33.563847,48.25447,50.693253,Bi-LSTM
2025-06-14 23:00:00,52.59841763973249,52.2105,33.062225,50.972267,52.2105,Bi-LSTM
2025-06-15 00:00:00,53.56769140064716,53.63926,34.424473,53.016758,53.63926,Bi-LSTM
2025-06-15 01:00:00,47.330727481842,53.882046,35.829525,54.117477,53.882046,Bi-LSTM
2025-06-15 02:00:00,43.54968467354783,53.34515,37.333397,54.3919,53.34515,Bi-LSTM
2025-06-15 03:00:00,43.368384629488,52.23778,38.94067,54.11941,52.23778,Bi-LSTM
2025-06-15 04:00:00,43.6418844699859,50.80899,40.60347,53.373375,50.80899,Bi-LSTM
2025-06-15 05:00:00,44.71606676342592,49.306065,42.280907,52.338467,49.306065,Bi-LSTM
2025-06-15 06:00:00,45.016672730446,47.98857,44.775707,51.031662,47.98857,Bi-LSTM
2025-06-15 07:00:00,39.6495232820512,46.013054,48.852856,49.573723,46.013054,Bi-LSTM
2025-06-15 08:00:00,35.43525677377527,42.383053,52.33065,48.072777,42.383053,Bi-LSTM
2025-06-15 09:00:00,37.46844234069183,39.54497,54.937973,48.97855,39.54497,Bi-LSTM
2025-06-15 10:00:00,41.61836819215236,37.56914,56.767666,53.06628,37.56914,Bi-LSTM
2025-06-15 11:00:00,30.718245327472825,36.118248,59.160004,55.261856,36.118248,Bi-LSTM
2025-06-15 12:00:00,28.732349579984444,34.63829,60.32583,53.9221,34.63829,Bi-LSTM
2025-06-15 13:00:00,35.28311471144356,33.19537,58.98587,49.00386,33.19537,Bi-LSTM
2025-06-15 14:00:00,27.18006058533992,32.16634,55.674442,42.2627,32.16634,Bi-LSTM
2025-06-15 15:00:00,25.17973613739008,31.719751,53.012768,34.47183,31.719751,Bi-LSTM
2025-06-15 16:00:00,24.5670568823814,31.974457,49.98919,27.807634,31.974457,Bi-LSTM
2025-06-15 21:00:00,42.30258694042767,45.905586,38.860622,44.649822,45.905586,Bi-LSTM
2025-06-15 22:00:00,42.7014011085034,48.61521,35.289776,47.347507,48.61521,Bi-LSTM
2025-06-15 23:00:00,42.60436248117023,49.88081,33.33857,49.045036,49.88081,Bi-LSTM
2025-06-16 00:00:00,43.583681136369805,49.751087,35.005306,49.456963,49.751087,Bi-LSTM
2025-06-16 01:00:00,44.1156074777245,49.053436,38.407566,49.146187,49.053436,Bi-LSTM
2025-06-16 02:00:00,44.1851468756795,48.410854,42.840797,48.39298,48.410854,Bi-LSTM
2025-06-16 03:00:00,43.74688701331608,48.29224,51.580917,47.453823,48.29224,Bi-LSTM
2025-06-16 04:00:00,44.48854545752217,49.174213,61.968475,49.5676,49.174213,Bi-LSTM
2025-06-16 05:00:00,46.88320947777127,51.61619,73.33018,51.358883,51.61619,Bi-LSTM
2025-06-16 06:00:00,83.16061952981082,75.7092,85.10923,61.576958,75.7092,Bi-LSTM
2025-06-16 07:00:00,147.38474820418682,124.96291,96.77797,75.3834,124.96291,Bi-LSTM
2025-06-16 08:00:00,212.1137773509727,157.65448,107.70752,87.67528,157.65448,Bi-LSTM
2025-06-16 09:00:00,200.96088531613336,153.50946,117.4082,97.67276,153.50946,Bi-LSTM
2025-06-16 10:00:00,180.6038164430189,137.2673,125.11046,103.59479,137.2673,Bi-LSTM
2025-06-16 11:00:00,143.5570007616809,120.86275,130.17903,105.14275,120.86275,Bi-LSTM
2025-06-16 12:00:00,126.81356627290909,108.522354,132.98412,103.193214,108.522354,Bi-LSTM
2025-06-16 13:00:00,117.48822540044668,101.5169,134.86215,98.55196,101.5169,Bi-LSTM
2025-06-16 14:00:00,102.6877628087997,97.30507,131.60245,89.74515,97.30507,Bi-LSTM
2025-06-16 15:00:00,99.263952547854,89.682304,120.82421,77.74546,89.682304,Bi-LSTM
2025-06-16 16:00:00,87.48323136568051,80.981125,106.75893,63.517174,80.981125,Bi-LSTM
2025-06-16 17:00:00,70.70523596555012,57.106865,91.297,48.020985,57.106865,Bi-LSTM
2025-06-16 20:00:00,47.56137122349299,48.525455,53.743507,40.822746,48.525455,Bi-LSTM
2025-06-16 21:00:00,44.81262742389336,49.809216,49.946934,43.363873,49.809216,Bi-LSTM
2025-06-16 22:00:00,45.921407443285,50.575268,48.02362,44.769825,50.575268,Bi-LSTM
2025-06-16 23:00:00,48.96003787219537,50.02084,47.549625,45.228638,50.02084,Bi-LSTM
2025-06-17 00:00:00,48.220275694673816,48.90492,49.894745,44.599922,48.90492,Bi-LSTM
2025-06-17 01:00:00,46.9427525639533,47.994614,54.224365,43.899555,47.994614,Bi-LSTM
2025-06-17 02:00:00,47.72093814114725,47.775345,61.14328,43.205887,47.775345,Bi-LSTM
2025-06-17 03:00:00,47.6804632768035,48.545578,70.64801,50.818344,48.545578,Bi-LSTM
2025-06-17 04:00:00,49.09373896569012,50.339943,82.26387,64.86879,50.339943,Bi-LSTM
2025-06-17 05:00:00,51.346041148900994,53.050884,95.54144,80.070076,53.050884,Bi-LSTM
2025-06-17 06:00:00,91.4366608023634,76.9306,109.65343,95.79674,76.9306,Bi-LSTM
2025-06-17 07:00:00,151.51132907718582,124.7058,123.87566,112.8939,124.7058,Bi-LSTM
2025-06-17 08:00:00,200.87607981941912,147.54442,136.9172,127.88843,147.54442,Bi-LSTM
2025-06-17 09:00:00,188.5706229643382,145.42401,148.29222,139.37167,145.42401,Bi-LSTM
2025-06-17 10:00:00,164.24081249395374,134.00487,157.01347,146.19878,134.00487,Bi-LSTM
2025-06-17 11:00:00,149.85818755355638,124.024796,161.42526,149.69482,124.024796,Bi-LSTM
2025-06-17 12:00:00,131.72010841369598,118.3303,159.62282,147.48584,118.3303,Bi-LSTM
2025-06-17 13:00:00,119.674784803391,115.47005,152.06061,139.54935,115.47005,Bi-LSTM
2025-06-17 14:00:00,117.21201733025543,109.62582,139.45128,126.730774,109.62582,Bi-LSTM
2025-06-17 15:00:00,132.12636767192274,102.51399,126.38212,110.37345,102.51399,Bi-LSTM
2025-06-17 16:00:00,95.098383632573,92.97986,111.49559,91.13528,92.97986,Bi-LSTM
2025-06-17 17:00:00,75.89017544835801,61.72663,94.454666,63.174423,61.72663,Bi-LSTM
2025-06-17 18:00:00,67.15301357375256,55.062748,62.411842,39.775223,55.062748,Bi-LSTM
2025-06-17 19:00:00,60.52133046918456,49.771492,61.33344,38.671097,49.771492,Bi-LSTM
2025-06-17 20:00:00,55.62007356773709,47.885456,60.086613,41.639244,47.885456,Bi-LSTM
2025-06-17 21:00:00,49.96610503726533,49.079487,55.66526,43.454746,49.079487,Bi-LSTM
2025-06-17 22:00:00,50.31174723668554,49.969643,49.81995,44.482353,49.969643,Bi-LSTM
2025-06-17 23:00:00,52.43391596729109,49.532177,49.0681,45.07496,49.532177,Bi-LSTM
2025-06-18 00:00:00,52.74715312818682,48.59992,50.754005,45.231243,48.59992,Bi-LSTM
2025-06-18 01:00:00,53.693862324953,47.967216,53.94759,45.1698,47.967216,Bi-LSTM
2025-06-18 02:00:00,54.47071540541951,47.880657,59.269974,47.71831,47.880657,Bi-LSTM
2025-06-18 03:00:00,54.79141605984073,48.59966,66.98308,56.64363,48.59966,Bi-LSTM
2025-06-18 04:00:00,55.0316728472709,50.104187,76.97131,67.37878,50.104187,Bi-LSTM
2025-06-18 05:00:00,59.8330129802226,52.01978,88.63863,80.368286,52.01978,Bi-LSTM
2025-06-18 06:00:00,94.51117809329745,77.430565,101.30519,94.59448,77.430565,Bi-LSTM
2025-06-18 07:00:00,152.87153359005916,123.38156,114.23504,109.4058,123.38156,Bi-LSTM
2025-06-18 08:00:00,233.79478249766547,144.88245,125.91492,123.29306,144.88245,Bi-LSTM
2025-06-18 09:00:00,246.22135949134727,144.34613,134.19704,134.23018,144.34613,Bi-LSTM
2025-06-18 10:00:00,221.192179524898,133.48126,143.07094,141.60161,133.48126,Bi-LSTM
2025-06-18 11:00:00,173.90732185790833,124.77186,149.86137,144.75572,124.77186,Bi-LSTM
2025-06-18 12:00:00,147.28128817948547,119.72792,150.55124,143.12257,119.72792,Bi-LSTM
2025-06-18 13:00:00,144.33371775258817,115.31417,144.23622,135.8341,115.31417,Bi-LSTM
2025-06-18 14:00:00,136.25021609664,108.932945,129.89983,121.82802,108.932945,Bi-LSTM
2025-06-18 15:00:00,121.02683062986908,101.4761,111.46297,103.6678,101.4761,Bi-LSTM
2025-06-18 16:00:00,103.24990613460592,91.53944,93.25025,81.511536,91.53944,Bi-LSTM
2025-06-18 17:00:00,65.9203587740661,58.909756,78.009636,58.023224,58.909756,Bi-LSTM
2025-06-18 18:00:00,56.01874454816184,60.840878,65.33953,45.981716,60.840878,Bi-LSTM
2025-06-18 19:00:00,53.42328922284965,52.35568,67.680504,42.56361,52.35568,Bi-LSTM
2025-06-18 20:00:00,52.50433547794824,49.86514,65.856636,42.860775,49.86514,Bi-LSTM
2025-06-18 21:00:00,49.42296815460372,50.531536,63.418137,45.09456,50.531536,Bi-LSTM
2025-06-18 22:00:00,51.58852662642808,51.277462,58.517212,46.607162,51.277462,Bi-LSTM
2025-06-18 23:00:00,51.65759109788466,50.96087,52.824554,47.600998,50.96087,Bi-LSTM
2025-06-19 00:00:00,54.27137071080514,50.18541,47.47461,48.703945,50.18541,Bi-LSTM
2025-06-19 01:00:00,53.81956790859646,49.752407,44.71572,49.528732,49.752407,Bi-LSTM
2025-06-19 02:00:00,53.51962624354791,50.001453,47.598442,56.339706,50.001453,Bi-LSTM
2025-06-19 03:00:00,55.8712643563747,51.102802,53.496544,64.98709,51.102802,Bi-LSTM
2025-06-19 04:00:00,56.1962444424628,53.2372,62.53721,76.05463,53.2372,Bi-LSTM
2025-06-19 05:00:00,61.7928440511227,56.280178,75.746414,89.406456,56.280178,Bi-LSTM
2025-06-19 06:00:00,96.80846705219857,84.505585,91.27252,102.64426,84.505585,Bi-LSTM
2025-06-19 07:00:00,161.652503265439,137.96437,106.02862,114.87332,137.96437,Bi-LSTM
2025-06-19 08:00:00,241.72302526777452,161.76157,121.41116,125.5713,161.76157,Bi-LSTM
2025-06-19 09:00:00,231.0861303372809,159.55235,136.9388,134.39027,159.55235,Bi-LSTM
2025-06-19 10:00:00,197.713493359088,146.1706,149.30023,139.90372,146.1706,Bi-LSTM
2025-06-19 11:00:00,170.157970547675,132.85388,156.3948,141.1247,132.85388,Bi-LSTM
2025-06-19 12:00:00,139.4180695116525,123.57483,156.44756,137.21864,123.57483,Bi-LSTM
2025-06-19 13:00:00,134.65612179041,118.46401,148.58957,128.14397,118.46401,Bi-LSTM
2025-06-19 14:00:00,116.92007177216573,112.739265,134.2679,115.260506,112.739265,Bi-LSTM
2025-06-19 15:00:00,109.039256101305,104.39125,115.144646,99.32069,104.39125,Bi-LSTM
2025-06-19 16:00:00,91.4452680289741,94.557396,97.6134,80.780205,94.557396,Bi-LSTM
2025-06-19 17:00:00,70.61835417586059,62.59975,83.67741,57.778557,62.59975,Bi-LSTM
2025-06-19 18:00:00,53.873018046220224,62.816467,64.007576,53.205757,62.816467,Bi-LSTM
2025-06-19 19:00:00,46.68408056100217,52.84071,65.43591,42.80879,52.84071,Bi-LSTM
2025-06-19 20:00:00,49.35395998259391,50.71726,64.3095,46.318977,50.71726,Bi-LSTM
2025-06-19 21:00:00,47.002121125658505,51.379925,62.23219,48.987682,51.379925,Bi-LSTM
2025-06-19 22:00:00,47.60263130881554,52.257164,58.742783,51.170475,52.257164,Bi-LSTM
2025-06-19 23:00:00,50.11075556820101,52.22282,56.29114,53.14163,52.22282,Bi-LSTM
2025-06-20 00:00:00,50.01901236673192,51.991165,55.00282,55.03172,51.991165,Bi-LSTM
2025-06-20 01:00:00,50.34004079482773,51.93414,54.5947,56.281868,51.93414,Bi-LSTM
2025-06-20 02:00:00,52.37187692305693,52.536472,56.24028,57.015514,52.536472,Bi-LSTM
2025-06-20 03:00:00,51.3872906446457,54.048244,60.416855,57.325302,54.048244,Bi-LSTM
2025-06-20 04:00:00,52.73197165462722,56.50436,66.944115,61.385357,56.50436,Bi-LSTM
2025-06-20 05:00:00,57.51300536096084,60.114223,75.60882,70.48869,60.114223,Bi-LSTM
2025-06-20 06:00:00,94.56132850321846,81.24625,86.34942,81.7881,81.24625,Bi-LSTM
2025-06-20 07:00:00,149.39688097346817,130.51141,98.96244,92.607376,130.51141,Bi-LSTM
2025-06-20 08:00:00,222.92993026429815,147.63174,111.81504,102.12896,147.63174,Bi-LSTM
2025-06-20 09:00:00,227.8347398259436,144.52948,126.01028,109.750404,144.52948,Bi-LSTM
2025-06-20 10:00:00,172.37888978828002,135.40489,136.90004,113.78449,135.40489,Bi-LSTM
2025-06-20 11:00:00,132.94520810672142,124.42446,143.3859,113.22407,124.42446,Bi-LSTM
2025-06-20 12:00:00,123.23916210730832,115.25289,143.95032,108.50567,115.25289,Bi-LSTM
2025-06-20 13:00:00,108.0524277687078,107.977036,137.86963,99.343796,107.977036,Bi-LSTM
2025-06-20 14:00:00,104.770725917816,102.35399,128.87576,86.082756,102.35399,Bi-LSTM
2025-06-20 15:00:00,96.3008748974137,96.311905,115.246376,71.295746,96.311905,Bi-LSTM
2025-06-20 16:00:00,75.90308855474,82.39734,98.86101,56.939045,82.39734,Bi-LSTM
2025-06-20 17:00:00,53.91735323146,58.941307,86.4924,41.98907,58.941307,Bi-LSTM
2025-06-20 18:00:00,51.07235686345536,51.77695,57.467346,40.347477,51.77695,Bi-LSTM
2025-06-20 19:00:00,51.922345887530994,53.39791,54.68134,41.625248,53.39791,Bi-LSTM
2025-06-20 20:00:00,54.92681649823975,53.325718,51.609562,45.333694,53.325718,Bi-LSTM
2025-06-20 21:00:00,63.511404209667,54.96607,48.700817,48.707436,54.96607,Bi-LSTM
2025-06-20 22:00:00,58.0664857685567,57.016712,45.94223,51.53043,57.016712,Bi-LSTM
2025-06-20 23:00:00,56.71300475163882,58.217182,45.824306,53.942467,58.217182,Bi-LSTM
2025-06-21 00:00:00,58.31386171778041,58.5654,45.845875,56.329906,58.5654,Bi-LSTM
2025-06-21 01:00:00,59.61888109553927,58.371365,46.251045,57.799587,58.371365,Bi-LSTM
2025-06-21 02:00:00,60.213879249312726,58.085354,45.600098,58.58441,58.085354,Bi-LSTM
2025-06-21 03:00:00,62.32803939953449,57.9305,44.743496,58.708447,57.9305,Bi-LSTM
2025-06-21 04:00:00,63.18548519299782,57.929165,44.33803,58.32656,57.929165,Bi-LSTM
2025-06-21 05:00:00,67.8603041946888,58.06657,45.055473,57.48877,58.06657,Bi-LSTM
2025-06-21 06:00:00,71.85917055606829,58.18285,45.746807,56.40445,58.18285,Bi-LSTM
2025-06-21 07:00:00,81.63971396237609,56.156742,46.098576,54.960194,56.156742,Bi-LSTM
2025-06-21 08:00:00,133.5241521067089,54.22718,46.16774,56.950066,54.22718,Bi-LSTM
2025-06-21 09:00:00,186.13870227337125,52.883316,47.03735,63.520435,52.883316,Bi-LSTM
2025-06-21 10:00:00,222.20002448558756,50.715107,48.429394,67.710625,50.715107,Bi-LSTM
2025-06-21 12:00:00,255.7142488559078,46.166595,51.875984,65.936935,46.166595,Bi-LSTM
2025-06-21 14:00:00,237.2211821590143,44.77112,53.64022,50.713005,44.77112,Bi-LSTM
2025-06-21 16:00:00,159.53062162134336,46.320843,53.360233,29.786842,46.320843,Bi-LSTM
2025-06-21 18:00:00,78.13729556401556,51.097908,54.74729,30.575802,51.097908,Bi-LSTM
2025-06-21 23:00:00,78.45884387360701,60.474716,34.601868,49.667595,60.474716,Bi-LSTM
2025-06-22 00:00:00,78.4473467841745,60.763573,32.747353,51.470314,60.763573,Bi-LSTM
2025-06-22 01:00:00,78.449581142515,59.892185,33.827312,52.286736,59.892185,Bi-LSTM
2025-06-22 02:00:00,78.4437268674375,58.388405,35.235676,52.478966,58.388405,Bi-LSTM
2025-06-22 03:00:00,78.4399902701378,56.57803,36.924923,52.07887,56.57803,Bi-LSTM
2025-06-22 04:00:00,78.43224179372187,54.75953,38.81097,51.22973,54.75953,Bi-LSTM
2025-06-22 05:00:00,78.41240327466618,53.163055,40.771652,50.09403,53.163055,Bi-LSTM
2025-06-22 06:00:00,78.34310979396125,52.099716,45.347565,48.927017,52.099716,Bi-LSTM
2025-06-22 07:00:00,81.418234473467,51.401527,52.254192,48.55083,51.401527,Bi-LSTM
2025-06-22 08:00:00,126.757165630658,49.066235,60.429752,56.171562,49.066235,Bi-LSTM
2025-06-22 09:00:00,185.7672712405525,47.667076,67.749565,64.48718,47.667076,Bi-LSTM
2025-06-22 10:00:00,224.10439019853453,47.459667,73.750305,69.936806,47.459667,Bi-LSTM
2025-06-22 11:00:00,245.021717524528,48.228703,77.66167,71.63711,48.228703,Bi-LSTM
2025-06-22 12:00:00,254.45783725806572,49.402657,78.91112,69.52196,49.402657,Bi-LSTM
2025-06-22 14:00:00,233.20918853282905,52.062267,73.41201,55.78878,52.062267,Bi-LSTM
2025-06-22 15:00:00,203.9055069684975,53.11959,67.805305,45.564938,53.11959,Bi-LSTM
2025-06-22 16:00:00,153.960869288444,54.316654,60.020905,34.735348,54.316654,Bi-LSTM
2025-06-22 17:00:00,91.54099656370518,55.711933,50.161495,23.991438,55.711933,Bi-LSTM
2025-06-22 18:00:00,78.06196394562733,54.188557,56.99345,42.872993,54.188557,Bi-LSTM
2025-06-23 00:00:00,78.4416719406843,55.63444,43.59034,43.989487,55.63444,Bi-LSTM
2025-06-23 01:00:00,78.441066559404,54.924137,44.729465,44.17491,54.924137,Bi-LSTM
2025-06-23 02:00:00,78.4368474870921,54.10609,47.48869,43.75352,54.10609,Bi-LSTM
2025-06-23 03:00:00,78.43300432629056,54.32089,55.871204,43.00101,54.32089,Bi-LSTM
2025-06-23 06:00:00,78.34591029448946,60.85503,94.03545,79.481186,60.85503,Bi-LSTM
2025-06-23 07:00:00,82.851244364466,80.71164,107.06351,96.317924,80.71164,Bi-LSTM
2025-06-23 08:00:00,135.4136149313286,120.37872,119.324455,111.74329,120.37872,Bi-LSTM
2025-06-23 09:00:00,150.5347003837425,133.08247,135.84282,124.54395,133.08247,Bi-LSTM
2025-06-23 10:00:00,129.08903490413363,134.30804,162.60797,132.62674,134.30804,Bi-LSTM
2025-06-23 11:00:00,120.9255844354625,134.38834,183.76016,134.78937,134.38834,Bi-LSTM
2025-06-23 12:00:00,114.05194417635585,133.97879,194.93526,130.28075,133.97879,Bi-LSTM
2025-06-23 13:00:00,109.4355498751,132.50029,195.53487,123.04167,132.50029,Bi-LSTM
2025-06-23 14:00:00,102.0942782163622,129.40013,180.78426,111.57448,129.40013,Bi-LSTM
2025-06-23 15:00:00,91.9816040039065,124.17343,155.95909,97.27552,124.17343,Bi-LSTM
2025-06-23 16:00:00,73.17508830807427,97.863365,127.91549,81.19661,97.863365,Bi-LSTM
2025-06-23 17:00:00,51.53520258143525,66.50709,105.74119,64.802826,66.50709,Bi-LSTM
2025-06-23 18:00:00,43.1577886164188,62.30292,88.41429,49.97269,62.30292,Bi-LSTM
2025-06-23 20:00:00,41.80792835685944,50.30068,56.21756,35.628742,50.30068,Bi-LSTM
2025-06-23 21:00:00,43.627423756652334,47.895313,54.335655,37.13525,47.895313,Bi-LSTM
2025-06-23 23:00:00,45.09831683744082,49.52012,49.40434,42.6908,49.52012,Bi-LSTM
2025-06-24 00:00:00,45.241674651702,49.4792,50.47777,43.579353,49.4792,Bi-LSTM
2025-06-24 02:00:00,44.12647305428967,48.47383,62.295776,44.082375,48.47383,Bi-LSTM
2025-06-24 03:00:00,44.30850399624227,48.879856,71.31988,47.29793,48.879856,Bi-LSTM
2025-06-24 04:00:00,45.99525595795027,50.41293,82.31526,59.754303,50.41293,Bi-LSTM
2025-06-24 05:00:00,48.60965498040108,53.236496,94.987236,77.058754,53.236496,Bi-LSTM
2025-06-24 06:00:00,82.3554194688797,73.81187,108.64174,94.83513,73.81187,Bi-LSTM
2025-06-24 07:00:00,120.1525391538944,122.36934,122.297745,111.88069,122.36934,Bi-LSTM
2025-06-24 08:00:00,173.70367497205748,150.69884,135.01462,126.8872,150.69884,Bi-LSTM
2025-06-24 09:00:00,180.68723169962504,147.51363,146.33975,139.43373,147.51363,Bi-LSTM
2025-06-24 10:00:00,137.61066052743428,133.24411,157.19554,147.68117,133.24411,Bi-LSTM
2025-06-24 11:00:00,129.82763628165,120.639275,160.76756,150.05273,120.639275,Bi-LSTM
2025-06-24 12:00:00,129.74907482754182,113.87377,158.27313,146.53847,113.87377,Bi-LSTM
2025-06-24 13:00:00,113.42798117796669,111.14799,150.5998,137.98119,111.14799,Bi-LSTM
2025-06-24 14:00:00,103.2726754188542,106.29901,137.7368,127.038345,106.29901,Bi-LSTM
2025-06-24 15:00:00,98.64413699236776,100.06199,123.73846,112.505516,100.06199,Bi-LSTM
2025-06-24 16:00:00,83.2320242762562,91.68969,108.88459,95.24871,91.68969,Bi-LSTM
2025-06-24 17:00:00,56.884143024683006,60.091614,91.49871,77.07635,60.091614,Bi-LSTM
2025-06-24 18:00:00,47.353576053272725,50.35462,74.91306,53.647003,50.35462,Bi-LSTM
2025-06-24 19:00:00,46.93144483728845,49.648815,61.2778,30.119528,49.648815,Bi-LSTM
2025-06-24 20:00:00,44.58180332454764,48.67131,59.500584,33.91407,48.67131,Bi-LSTM
2025-06-24 21:00:00,44.872030690312414,45.64,57.735714,37.93785,45.64,Bi-LSTM
2025-06-24 22:00:00,45.661513805389504,45.944637,55.602802,40.76213,45.944637,Bi-LSTM
2025-06-24 23:00:00,46.45279283324859,47.595463,51.3988,42.712097,47.595463,Bi-LSTM
2025-06-25 00:00:00,45.727574836124,48.143368,48.802147,44.254036,48.143368,Bi-LSTM
2025-06-25 01:00:00,45.864466413855496,48.013214,52.426342,45.606434,48.013214,Bi-LSTM
2025-06-25 02:00:00,46.85151280959444,48.076015,57.84659,46.685154,48.076015,Bi-LSTM
2025-06-25 03:00:00,46.6422546625139,48.806164,65.32276,54.562057,48.806164,Bi-LSTM
2025-06-25 04:00:00,46.78794028339064,50.50911,74.84821,64.701485,50.50911,Bi-LSTM
2025-06-25 05:00:00,49.96986945955581,53.24306,86.08739,77.9388,53.24306,Bi-LSTM
2025-06-25 06:00:00,84.23076896369459,81.30016,98.32364,91.12309,81.30016,Bi-LSTM
2025-06-25 07:00:00,123.725603587925,130.12956,110.33443,104.0133,130.12956,Bi-LSTM
2025-06-25 08:00:00,191.2604200623255,161.86696,120.815956,115.95212,161.86696,Bi-LSTM
2025-06-25 09:00:00,197.6098843812945,154.77478,132.91058,126.419914,154.77478,Bi-LSTM
2025-06-25 10:00:00,162.10814750194555,137.37495,144.32225,133.48735,137.37495,Bi-LSTM
2025-06-25 11:00:00,137.383664035797,122.58862,150.42645,137.20433,122.58862,Bi-LSTM
2025-06-25 12:00:00,120.389409327507,112.96521,151.18742,137.11185,112.96521,Bi-LSTM
2025-06-25 13:00:00,105.81677649021208,108.62966,145.02408,131.7833,108.62966,Bi-LSTM
2025-06-25 14:00:00,85.99032764964622,101.90374,131.83218,122.30793,101.90374,Bi-LSTM
2025-06-25 15:00:00,85.20431674610491,94.836044,113.41212,110.00118,94.836044,Bi-LSTM
2025-06-25 16:00:00,75.8044638514518,86.40142,94.34895,95.075554,86.40142,Bi-LSTM
2025-06-25 17:00:00,66.59242423706579,60.648315,77.26769,74.72277,60.648315,Bi-LSTM
2025-06-25 18:00:00,47.7870599359274,48.26419,69.67564,54.6581,48.26419,Bi-LSTM
2025-06-25 19:00:00,44.1225009977817,48.23116,62.876396,35.808723,48.23116,Bi-LSTM
2025-06-25 20:00:00,47.89397581790883,49.37275,61.96865,36.44825,49.37275,Bi-LSTM
2025-06-25 21:00:00,47.40557724779291,46.170925,62.41917,40.625397,46.170925,Bi-LSTM
2025-06-25 22:00:00,46.104991389645335,46.089092,62.392673,43.830452,46.089092,Bi-LSTM
2025-06-25 23:00:00,48.31100182641646,47.816853,60.66748,46.318493,47.816853,Bi-LSTM
2025-06-26 00:00:00,47.6613096892833,48.770363,57.27474,48.52949,48.770363,Bi-LSTM
2025-06-26 01:00:00,50.06504221937873,48.933506,54.687588,50.76608,48.933506,Bi-LSTM
2025-06-26 02:00:00,50.17506216168389,49.125267,54.581463,52.575726,49.125267,Bi-LSTM
2025-06-26 03:00:00,50.5712509512901,49.81012,59.833138,59.03023,49.81012,Bi-LSTM
2025-06-26 04:00:00,52.139648461342,51.237877,68.304245,68.091675,51.237877,Bi-LSTM
2025-06-26 05:00:00,55.87534368173656,53.706738,80.0289,78.87208,53.706738,Bi-LSTM
2025-06-26 06:00:00,89.9918456494804,82.88248,93.51123,91.003075,82.88248,Bi-LSTM
2025-06-26 07:00:00,149.02684580617446,133.5259,107.714905,102.47033,133.5259,Bi-LSTM
2025-06-26 08:00:00,210.0067822933192,164.76411,123.618355,112.618256,164.76411,Bi-LSTM
2025-06-26 09:00:00,201.28108978271277,160.0381,138.39091,121.3885,160.0381,Bi-LSTM
2025-06-26 10:00:00,175.7290473120925,143.68417,150.83359,127.11182,143.68417,Bi-LSTM
2025-06-26 11:00:00,138.85412421822625,128.1707,156.91107,128.41492,128.1707,Bi-LSTM
2025-06-26 12:00:00,128.71910606731092,116.745255,156.26752,126.290665,116.745255,Bi-LSTM
2025-06-26 13:00:00,117.74900714556247,109.939606,148.40024,119.64131,109.939606,Bi-LSTM
2025-06-26 14:00:00,107.792787837983,103.94151,133.93741,109.10911,103.94151,Bi-LSTM
2025-06-26 15:00:00,96.8018933642998,95.21937,114.63577,95.34039,95.21937,Bi-LSTM
2025-06-26 16:00:00,81.3767877072096,85.46369,98.18211,79.9438,85.46369,Bi-LSTM
2025-06-26 17:00:00,62.50950688259172,60.586704,83.915085,64.39609,60.586704,Bi-LSTM
2025-06-26 18:00:00,55.511731404066,50.823044,69.8918,48.364944,50.823044,Bi-LSTM
2025-06-26 19:00:00,51.80518664826055,51.022842,57.06808,30.150785,51.022842,Bi-LSTM
2025-06-26 20:00:00,47.501022323966,50.937904,60.35493,39.06449,50.937904,Bi-LSTM
2025-06-26 21:00:00,48.99039393663411,48.698326,60.831482,43.041443,48.698326,Bi-LSTM
2025-06-26 22:00:00,49.653344839811496,48.40677,60.84759,46.235645,48.40677,Bi-LSTM
2025-06-26 23:00:00,49.13813519477845,49.88414,59.820705,49.303097,49.88414,Bi-LSTM
2025-06-27 00:00:00,50.320745860536846,51.006496,57.848183,52.336678,51.006496,Bi-LSTM
2025-06-27 01:00:00,49.54304432206689,51.441956,57.7021,54.68509,51.441956,Bi-LSTM
2025-06-27 02:00:00,49.7603440582752,51.862164,58.958797,56.446102,51.862164,Bi-LSTM
2025-06-27 03:00:00,49.4565424419939,52.802963,62.162693,57.70681,52.802963,Bi-LSTM
2025-06-27 04:00:00,50.60554051233655,54.432278,67.33273,58.59175,54.432278,Bi-LSTM
2025-06-27 05:00:00,52.3451778780329,56.736813,74.11162,65.70019,56.736813,Bi-LSTM
2025-06-27 06:00:00,87.591353972753,71.00387,82.330284,75.45675,71.00387,Bi-LSTM
2025-06-27 07:00:00,125.1826265469186,115.45983,92.04091,85.74788,115.45983,Bi-LSTM
2025-06-27 08:00:00,160.55890267545544,131.79074,101.29562,94.576675,131.79074,Bi-LSTM
2025-06-27 09:00:00,192.4858901717436,133.47662,111.12163,100.94703,133.47662,Bi-LSTM
2025-06-27 10:00:00,177.82072339952026,129.395,119.795494,104.28754,129.395,Bi-LSTM
2025-06-27 11:00:00,158.4638814535,122.76639,126.01036,104.12541,122.76639,Bi-LSTM
2025-06-27 12:00:00,127.69681538235,116.39913,129.16418,100.16757,116.39913,Bi-LSTM
2025-06-27 13:00:00,116.91609070517912,110.70714,126.72543,91.7954,110.70714,Bi-LSTM
2025-06-27 14:00:00,105.08234252929908,105.09643,117.78028,80.38152,105.09643,Bi-LSTM
2025-06-27 15:00:00,89.55168082316716,96.948006,104.63307,66.74041,96.948006,Bi-LSTM
2025-06-27 16:00:00,77.73749299844117,85.205734,92.3509,51.767136,85.205734,Bi-LSTM
2025-06-27 17:00:00,61.82315025230268,56.740723,79.60626,37.682182,56.740723,Bi-LSTM
2025-06-27 18:00:00,58.261277667500735,53.931423,66.04473,31.878933,53.931423,Bi-LSTM
2025-06-27 19:00:00,53.7086308687926,53.14168,59.217785,26.513874,53.14168,Bi-LSTM
2025-06-27 20:00:00,60.75805942217516,50.297718,53.89231,36.7011,50.297718,Bi-LSTM
2025-06-27 21:00:00,61.12394142692754,50.53921,50.69049,40.8908,50.53921,Bi-LSTM
2025-06-27 22:00:00,59.1223942703671,51.855488,47.432575,45.11258,51.855488,Bi-LSTM
2025-06-27 23:00:00,62.161295366287085,54.292934,45.56507,48.801735,54.292934,Bi-LSTM
2025-06-28 00:00:00,59.45986474222622,56.30179,44.11174,52.32038,56.30179,Bi-LSTM
2025-06-28 01:00:00,60.57019638352933,57.299236,42.854496,54.87105,57.299236,Bi-LSTM
2025-06-28 02:00:00,61.17624378701058,57.710423,41.708103,56.580814,57.710423,Bi-LSTM
2025-06-28 03:00:00,60.53803449620808,57.967506,41.297325,57.62928,57.967506,Bi-LSTM
2025-06-28 04:00:00,62.02807578444482,58.31103,42.134804,58.140175,58.31103,Bi-LSTM
2025-06-28 05:00:00,63.710450266798254,58.856464,42.845676,58.147785,58.856464,Bi-LSTM
2025-06-28 06:00:00,61.14800990290111,59.381485,43.551826,57.861343,59.381485,Bi-LSTM
2025-06-28 07:00:00,54.27323231101044,58.631577,44.020763,57.276424,58.631577,Bi-LSTM
2025-06-28 08:00:00,53.9799051165579,58.84943,44.10922,58.56626,58.84943,Bi-LSTM
2025-06-28 09:00:00,51.77313986420612,56.169277,44.016006,64.02725,56.169277,Bi-LSTM
2025-06-28 10:00:00,49.41157930547545,52.086666,43.508553,68.29197,52.086666,Bi-LSTM
2025-06-28 11:00:00,46.958500255238,47.741684,44.220814,69.493256,47.741684,Bi-LSTM
2025-06-28 12:00:00,41.650652974844,44.055424,45.5268,66.99514,44.055424,Bi-LSTM
2025-06-28 13:00:00,38.4711465239525,41.407597,46.844273,60.814537,41.407597,Bi-LSTM
2025-06-28 14:00:00,36.3769973615805,40.109013,47.738567,51.5883,40.109013,Bi-LSTM
2025-06-28 15:00:00,35.83669923411489,40.948624,47.988018,43.52335,40.948624,Bi-LSTM
2025-06-28 16:00:00,34.7372469782829,42.627453,47.550804,40.404705,42.627453,Bi-LSTM
2025-06-28 17:00:00,36.860263403505,45.32964,46.596798,36.798416,45.32964,Bi-LSTM
2025-06-28 18:00:00,47.5793130248785,48.87779,45.38911,32.55834,48.87779,Bi-LSTM
2025-06-28 19:00:00,54.5362959325315,53.012833,44.138077,27.33225,53.012833,Bi-LSTM
2025-06-28 20:00:00,58.00906569759049,46.678463,47.66226,29.770739,46.678463,Bi-LSTM
2025-06-28 21:00:00,59.5434088170529,48.27585,40.11599,35.292973,48.27585,Bi-LSTM
2025-06-28 22:00:00,60.48011327286567,49.354977,34.836887,40.282887,49.354977,Bi-LSTM
2025-06-28 23:00:00,61.19956306435827,50.844982,32.70559,44.48051,50.844982,Bi-LSTM
2025-06-29 00:00:00,62.55236287008636,51.56765,31.194084,47.682972,51.56765,Bi-LSTM
2025-06-29 01:00:00,53.999288052320416,52.410156,32.463287,49.815964,52.410156,Bi-LSTM
2025-06-29 02:00:00,47.22993951042491,52.777153,33.9457,51.03689,52.777153,Bi-LSTM
2025-06-29 03:00:00,46.64313313094045,52.383514,35.625706,51.570545,52.383514,Bi-LSTM
2025-06-29 04:00:00,46.55135878920558,51.56234,37.414608,51.58036,51.56234,Bi-LSTM
2025-06-29 05:00:00,46.94649988412866,50.60875,40.2403,51.263756,50.60875,Bi-LSTM
2025-06-29 06:00:00,48.05918137525964,49.8348,44.56764,50.727432,49.8348,Bi-LSTM
2025-06-29 07:00:00,42.29355369673822,46.492924,48.627357,50.266033,46.492924,Bi-LSTM
2025-06-29 08:00:00,38.4001723080875,41.959972,52.2138,52.39854,41.959972,Bi-LSTM
2025-06-29 09:00:00,39.412509699662415,38.167255,55.063927,57.745243,38.167255,Bi-LSTM
2025-06-29 10:00:00,39.79903394835343,35.353447,58.61078,62.33672,35.353447,Bi-LSTM
2025-06-29 11:00:00,39.61641204357162,33.487705,60.647713,64.83503,33.487705,Bi-LSTM
2025-06-29 12:00:00,34.1176431417465,32.33996,60.664562,63.887333,32.33996,Bi-LSTM
2025-06-29 13:00:00,31.88128171861188,31.610905,58.565228,59.461235,31.610905,Bi-LSTM
2025-06-29 14:00:00,28.791281357407623,31.247013,55.336323,52.244484,31.247013,Bi-LSTM
2025-06-29 15:00:00,27.3375088095665,31.184282,52.82839,43.76816,31.184282,Bi-LSTM
2025-06-29 16:00:00,25.61269099062146,31.749346,49.74356,38.558002,31.749346,Bi-LSTM
2025-06-29 17:00:00,26.72604469127133,33.22791,46.30823,35.41043,33.22791,Bi-LSTM
2025-06-29 18:00:00,37.79640426238378,35.93598,42.763508,31.423841,35.93598,Bi-LSTM
2025-06-29 20:00:00,43.95909084214111,47.60219,50.24213,31.595205,47.60219,Bi-LSTM
2025-06-29 21:00:00,42.8829263150693,45.102764,45.285965,34.73262,45.102764,Bi-LSTM
2025-06-29 23:00:00,44.59609043598155,48.391712,37.407845,42.839493,48.391712,Bi-LSTM
2025-06-30 00:00:00,46.05053215677091,49.885056,35.90662,44.79931,49.885056,Bi-LSTM
2025-06-30 01:00:00,46.5953295588494,50.16642,37.171616,45.771587,50.16642,Bi-LSTM
2025-06-30 02:00:00,46.36908155679725,50.066772,44.206375,46.802906,50.066772,Bi-LSTM
2025-06-30 03:00:00,45.652697622776,50.42438,53.238876,50.111412,50.42438,Bi-LSTM
2025-06-30 04:00:00,46.73517742421889,51.868965,63.983143,53.118042,51.868965,Bi-LSTM
2025-06-30 05:00:00,49.8553476870059,54.949642,75.325195,57.958183,54.949642,Bi-LSTM
2025-06-30 06:00:00,82.97830796738475,76.1803,87.0164,71.082306,76.1803,Bi-LSTM
2025-06-30 07:00:00,130.146200708367,125.7296,98.55993,84.990135,125.7296,Bi-LSTM
2025-06-30 08:00:00,218.07364471934093,166.90738,109.55628,97.497765,166.90738,Bi-LSTM
2025-06-30 09:00:00,250.1248139863217,163.99065,119.19967,107.78464,163.99065,Bi-LSTM
2025-06-30 10:00:00,219.0915840731733,147.26976,126.82599,114.24677,147.26976,Bi-LSTM
2025-06-30 11:00:00,185.271835434436,128.97911,132.77362,116.084694,128.97911,Bi-LSTM
2025-06-30 12:00:00,169.73101959445273,114.13086,138.19814,112.746376,114.13086,Bi-LSTM
2025-06-30 13:00:00,150.91023099422375,105.53141,138.60753,103.76717,105.53141,Bi-LSTM
2025-06-30 14:00:00,129.62151045269331,100.51224,130.7817,92.01007,100.51224,Bi-LSTM
2025-06-30 15:00:00,114.68377210034444,92.568474,119.21225,80.43053,92.568474,Bi-LSTM
2025-06-30 16:00:00,107.68413282930857,83.09954,105.00728,67.03808,83.09954,Bi-LSTM
2025-06-30 17:00:00,98.23549938822742,59.054523,89.23129,53.026333,59.054523,Bi-LSTM
2025-06-30 18:00:00,81.09797098487608,44.56198,73.74506,40.26738,44.56198,Bi-LSTM
2025-06-30 19:00:00,63.1513615876439,44.960747,61.863007,29.127752,44.960747,Bi-LSTM
2025-06-30 20:00:00,54.29260636038256,52.209106,56.821095,38.23736,52.209106,Bi-LSTM
2025-06-30 21:00:00,48.12568289041516,49.89362,54.713924,38.238228,49.89362,Bi-LSTM
2025-06-30 22:00:00,47.52283511378555,49.73475,52.29402,41.861664,49.73475,Bi-LSTM
2025-06-30 23:00:00,47.72766255007856,50.807056,49.35984,44.55127,50.807056,Bi-LSTM
2025-07-01 00:00:00,49.653183080876914,50.676067,50.169033,46.01851,50.676067,Bi-LSTM
2025-07-01 01:00:00,49.153522834802665,49.88904,54.51343,46.908134,49.88904,Bi-LSTM
2025-07-01 02:00:00,48.266665783193446,49.508457,61.44185,47.567066,49.508457,Bi-LSTM
2025-07-01 03:00:00,48.8042814850809,50.382698,70.81402,55.990242,50.382698,Bi-LSTM
2025-07-01 05:00:00,50.28825583060578,57.611115,95.78842,86.39203,57.611115,Bi-LSTM
2025-07-01 06:00:00,82.24198146661111,77.04908,109.905464,104.22948,77.04908,Bi-LSTM
2025-07-01 07:00:00,136.76133305827702,128.79214,124.087296,120.71922,128.79214,Bi-LSTM
2025-07-01 08:00:00,226.94343598322365,179.09418,137.493,134.81303,179.09418,Bi-LSTM
2025-07-01 09:00:00,245.6201388835909,180.14876,150.02324,145.89456,180.14876,Bi-LSTM
2025-07-01 10:00:00,202.31855694453,164.19957,161.29112,151.92264,164.19957,Bi-LSTM
2025-07-01 11:00:00,188.529818117617,145.42122,165.87175,151.7152,145.42122,Bi-LSTM
2025-07-01 12:00:00,158.6847426220775,132.3346,163.39474,147.26738,132.3346,Bi-LSTM
2025-07-01 13:00:00,133.49233158429445,124.64079,155.78201,140.56995,124.64079,Bi-LSTM
2025-07-01 14:00:00,117.91872394085,117.50808,143.79303,129.75082,117.50808,Bi-LSTM
2025-07-01 15:00:00,103.0835995316517,109.51635,130.44124,115.34306,109.51635,Bi-LSTM
2025-07-01 16:00:00,88.86681216789644,100.58615,116.83071,98.33563,100.58615,Bi-LSTM
2025-07-01 17:00:00,73.13958930596712,68.355774,100.99045,80.53144,68.355774,Bi-LSTM
2025-07-01 18:00:00,57.85287710753337,54.40891,85.62423,63.283997,54.40891,Bi-LSTM
2025-07-01 19:00:00,53.84641652305925,53.01432,71.93502,42.03272,53.01432,Bi-LSTM
2025-07-01 20:00:00,50.94139968807045,51.74671,59.56131,37.34142,51.74671,Bi-LSTM
2025-07-01 21:00:00,51.92767943938575,49.605015,58.199657,41.327,49.605015,Bi-LSTM
2025-07-01 22:00:00,50.745740695433184,49.51853,56.517944,44.350334,49.51853,Bi-LSTM
2025-07-01 23:00:00,51.833451211452456,50.51298,53.65763,46.551796,50.51298,Bi-LSTM
2025-07-02 00:00:00,52.21834269762041,50.51286,51.32724,48.30524,50.51286,Bi-LSTM
2025-07-02 01:00:00,52.07852481864374,49.980682,53.28628,49.821194,49.980682,Bi-LSTM
2025-07-02 02:00:00,48.55016427419391,49.727333,59.134052,51.19973,49.727333,Bi-LSTM
2025-07-02 03:00:00,48.441554480791,50.441154,67.017746,61.23029,50.441154,Bi-LSTM
2025-07-02 04:00:00,48.19301340977341,52.669605,76.949745,75.19312,52.669605,Bi-LSTM
2025-07-02 05:00:00,51.3583497583867,56.542297,88.5502,89.46967,56.542297,Bi-LSTM
2025-07-02 06:00:00,84.0721962034704,83.83587,101.16642,103.399284,83.83587,Bi-LSTM
2025-07-02 07:00:00,140.147901678627,137.26697,113.97459,116.62516,137.26697,Bi-LSTM
2025-07-02 08:00:00,209.881837534905,187.18867,126.42682,128.43321,187.18867,Bi-LSTM
2025-07-02 09:00:00,246.7776950299737,187.05898,142.51678,138.86841,187.05898,Bi-LSTM
2025-07-02 10:00:00,218.08397017825632,166.08723,154.20953,146.11003,166.08723,Bi-LSTM
2025-07-02 11:00:00,169.87040078639998,144.40457,160.95052,149.32697,144.40457,Bi-LSTM
2025-07-02 12:00:00,143.388142490387,128.00737,161.68823,148.05531,128.00737,Bi-LSTM
2025-07-02 13:00:00,124.85352728101893,119.78336,154.22131,141.18878,119.78336,Bi-LSTM
2025-07-02 15:00:00,101.1964739263055,104.396194,121.388885,117.46207,104.396194,Bi-LSTM
2025-07-02 16:00:00,82.58898962627728,94.91925,101.40725,101.57434,94.91925,Bi-LSTM
2025-07-02 17:00:00,59.9672425892205,65.86016,81.09381,83.38935,65.86016,Bi-LSTM
2025-07-02 20:00:00,46.442399355498274,51.140575,61.773464,36.562534,51.140575,Bi-LSTM
2025-07-02 21:00:00,50.75904802481334,48.837475,61.93248,40.67907,48.837475,Bi-LSTM
2025-07-02 22:00:00,50.46731779792091,48.664898,61.73864,43.78378,48.664898,Bi-LSTM
2025-07-02 23:00:00,51.26038998907263,49.9625,60.386944,46.053986,49.9625,Bi-LSTM
2025-07-03 00:00:00,53.12883949776491,50.46057,57.504658,48.151657,50.46057,Bi-LSTM
2025-07-03 01:00:00,52.3497069060802,50.365913,55.605503,50.123253,50.365913,Bi-LSTM
2025-07-03 02:00:00,51.22026907900984,50.34034,55.35916,54.129078,50.34034,Bi-LSTM
2025-07-03 03:00:00,52.018895302589,51.06609,57.882504,62.89032,51.06609,Bi-LSTM
2025-07-03 04:00:00,52.10481373965726,52.97825,65.7097,73.50298,52.97825,Bi-LSTM
2025-07-03 05:00:00,50.57904983162889,56.111874,77.36467,86.37549,56.111874,Bi-LSTM
2025-07-03 06:00:00,87.04558223485941,76.65707,90.35448,98.69126,76.65707,Bi-LSTM
2025-07-03 07:00:00,144.17910669578555,132.13484,104.810646,110.85978,132.13484,Bi-LSTM
2025-07-03 08:00:00,190.0832262364309,174.95316,120.86156,121.81077,174.95316,Bi-LSTM
2025-07-03 09:00:00,183.201067245006,172.78807,135.87697,131.20512,172.78807,Bi-LSTM
2025-07-03 10:00:00,162.62099970628833,155.97906,148.23938,137.4846,155.97906,Bi-LSTM
2025-07-03 11:00:00,130.46154779195749,136.66376,155.87262,139.83884,136.66376,Bi-LSTM
2025-07-03 12:00:00,121.65482441584442,122.46568,156.6193,137.08708,122.46568,Bi-LSTM
2025-07-03 14:00:00,97.430587638508,109.13445,137.73218,118.73357,109.13445,Bi-LSTM
2025-07-03 15:00:00,103.79213612609324,101.590515,119.15367,103.53541,101.590515,Bi-LSTM
2025-07-03 16:00:00,76.63685146245045,91.6072,99.43883,86.64554,91.6072,Bi-LSTM
2025-07-03 17:00:00,50.51490088552226,68.75642,84.702484,70.80282,68.75642,Bi-LSTM
2025-07-03 19:00:00,41.36562703053156,53.62666,58.396782,32.186325,53.62666,Bi-LSTM
2025-07-03 20:00:00,44.2145452857016,50.517826,61.04666,38.041016,50.517826,Bi-LSTM
2025-07-03 21:00:00,49.4181036055089,48.284492,60.751186,41.159912,48.284492,Bi-LSTM
2025-07-03 22:00:00,43.4943699747324,48.284416,60.701458,43.91557,48.284416,Bi-LSTM
2025-07-03 23:00:00,44.75618229593557,50.002613,60.345894,46.242058,50.002613,Bi-LSTM
2025-07-04 01:00:00,43.7502328485252,51.5579,56.66192,51.053493,51.5579,Bi-LSTM
2025-07-04 02:00:00,44.54535812139511,51.790894,57.796062,52.783985,51.790894,Bi-LSTM
2025-07-04 03:00:00,48.229661140177,52.249107,60.49627,53.925236,52.249107,Bi-LSTM
2025-07-04 04:00:00,47.8068737268448,53.274376,65.5278,58.56764,53.274376,Bi-LSTM
2025-07-04 05:00:00,52.5333864839746,54.919243,72.426186,69.26498,54.919243,Bi-LSTM
2025-07-04 06:00:00,79.43055178059477,68.46219,81.24928,80.31106,68.46219,Bi-LSTM
2025-07-04 07:00:00,103.66282657872556,108.66779,91.74202,90.702225,108.66779,Bi-LSTM
2025-07-04 08:00:00,108.0916842222222,123.66237,104.18695,99.77393,123.66237,Bi-LSTM
2025-07-04 09:00:00,103.46301832199067,129.4808,117.62864,107.32212,129.4808,Bi-LSTM
2025-07-04 10:00:00,77.70474940538425,134.52856,130.29224,111.68766,134.52856,Bi-LSTM
2025-07-04 11:00:00,66.72133791446676,135.8231,138.97108,111.84593,135.8231,Bi-LSTM
2025-07-04 12:00:00,61.80266801516216,134.8856,141.67679,107.29125,134.8856,Bi-LSTM
2025-07-04 13:00:00,58.02013726667928,132.58295,137.99844,98.49122,132.58295,Bi-LSTM
2025-07-04 14:00:00,59.0863049030303,126.01698,125.83022,85.9034,126.01698,Bi-LSTM
2025-07-04 15:00:00,65.4121337912299,113.06442,114.88342,72.24295,113.06442,Bi-LSTM
2025-07-04 16:00:00,56.73140782117841,101.83601,101.0827,58.011974,101.83601,Bi-LSTM
2025-07-04 17:00:00,46.91331459954375,72.249985,88.6815,42.8648,72.249985,Bi-LSTM
2025-07-04 18:00:00,45.864742642641,54.31119,77.229,35.223557,54.31119,Bi-LSTM
2025-07-04 19:00:00,47.223175361752624,52.60652,66.17254,28.136806,52.60652,Bi-LSTM
2025-07-04 20:00:00,49.74752862006425,49.17645,54.081722,38.05723,49.17645,Bi-LSTM
2025-07-04 21:00:00,51.7703383803367,49.06478,49.841923,41.38556,49.06478,Bi-LSTM
2025-07-04 23:00:00,51.05752793699487,52.422565,43.73127,48.713192,52.422565,Bi-LSTM
2025-07-05 00:00:00,54.75172993044067,54.28931,42.97583,52.348602,54.28931,Bi-LSTM
2025-07-05 01:00:00,55.78337263564282,55.206047,41.51044,55.17238,55.206047,Bi-LSTM
2025-07-05 02:00:00,55.50469377885258,55.433723,40.203487,57.165188,55.433723,Bi-LSTM
2025-07-05 03:00:00,59.452498657008,55.3607,41.143734,58.505276,55.3607,Bi-LSTM
2025-07-05 04:00:00,58.54348264386267,55.26449,42.192173,59.309128,55.26449,Bi-LSTM
2025-07-05 05:00:00,61.040300667285926,55.298653,43.27285,59.647377,55.298653,Bi-LSTM
2025-07-05 06:00:00,60.2100560429195,55.566647,44.256268,59.609436,55.566647,Bi-LSTM
2025-07-05 07:00:00,52.63235487509508,56.102127,45.149315,59.25638,56.102127,Bi-LSTM
2025-07-05 08:00:00,48.11671847601741,53.092365,45.977432,60.272896,53.092365,Bi-LSTM
2025-07-05 09:00:00,45.94309349854792,48.79251,46.368282,62.524258,48.79251,Bi-LSTM
2025-07-05 10:00:00,48.68074397246058,45.303036,46.169647,66.45447,45.303036,Bi-LSTM
2025-07-05 11:00:00,46.43759882450092,42.821365,45.671894,67.25566,42.821365,Bi-LSTM
2025-07-05 12:00:00,41.28683594862617,41.264862,46.419907,64.67398,41.264862,Bi-LSTM
2025-07-05 13:00:00,37.69506316383675,40.4849,47.944256,58.772976,40.4849,Bi-LSTM
2025-07-05 14:00:00,37.024007717768335,40.347023,48.730824,49.970856,40.347023,Bi-LSTM
2025-07-05 15:00:00,32.29045985142383,40.824863,48.73452,45.09708,40.824863,Bi-LSTM
2025-07-05 16:00:00,30.303302317857757,42.080833,48.18438,41.61932,42.080833,Bi-LSTM
2025-07-05 17:00:00,32.490862232012084,44.438133,46.949623,37.413902,44.438133,Bi-LSTM
2025-07-05 18:00:00,44.09895733495549,47.49407,45.307747,32.33202,47.49407,Bi-LSTM
2025-07-05 19:00:00,50.700770358244576,48.78938,43.632465,25.84778,48.78938,Bi-LSTM
2025-07-05 20:00:00,54.03093734383583,47.95962,48.53872,33.7292,47.95962,Bi-LSTM
2025-07-05 21:00:00,54.70004078745842,49.745014,41.909763,38.751034,49.745014,Bi-LSTM
2025-07-05 22:00:00,56.83396140982716,51.05766,36.096687,43.35039,51.05766,Bi-LSTM
2025-07-05 23:00:00,58.84407755732525,52.352818,34.241417,47.189713,52.352818,Bi-LSTM
2025-07-06 00:00:00,59.77163364489866,52.634388,31.868921,50.19584,52.634388,Bi-LSTM
2025-07-06 01:00:00,51.70447446405883,53.319904,32.76822,52.21857,53.319904,Bi-LSTM
2025-07-06 02:00:00,45.52485092480983,53.021614,34.11788,53.390984,53.021614,Bi-LSTM
2025-07-06 03:00:00,45.87709430853516,52.044716,35.63569,53.900764,52.044716,Bi-LSTM
2025-07-06 04:00:00,47.36294776201233,50.73667,37.262806,53.899803,50.73667,Bi-LSTM
2025-07-06 05:00:00,47.56225793063658,49.38582,39.2524,53.573097,49.38582,Bi-LSTM
2025-07-06 06:00:00,51.37842396957167,48.21821,41.14028,53.022762,48.21821,Bi-LSTM
2025-07-06 07:00:00,45.28588497840492,47.328358,43.63191,52.294403,47.328358,Bi-LSTM
2025-07-06 08:00:00,43.17005093395699,43.4228,49.167442,54.195625,43.4228,Bi-LSTM
2025-07-06 09:00:00,43.61661877234784,39.905544,54.19728,61.796135,39.905544,Bi-LSTM
2025-07-06 10:00:00,41.57833909988408,37.233578,58.0757,66.97559,37.233578,Bi-LSTM
2025-07-06 11:00:00,40.67660593986517,35.67501,60.328667,68.65487,35.67501,Bi-LSTM
2025-07-06 12:00:00,35.31588455763736,34.984512,60.63399,66.601166,34.984512,Bi-LSTM
2025-07-06 13:00:00,32.03995449013189,34.99076,58.755013,61.6474,34.99076,Bi-LSTM
2025-07-06 14:00:00,28.902772267659444,35.3848,54.8505,53.977383,35.3848,Bi-LSTM
2025-07-06 15:00:00,27.642151191830628,36.198906,49.132626,44.612328,36.198906,Bi-LSTM
2025-07-06 16:00:00,26.145721364021203,37.352047,43.177658,37.603584,37.352047,Bi-LSTM
2025-07-06 17:00:00,27.536191481683,38.926006,40.24744,33.95205,38.926006,Bi-LSTM
2025-07-06 18:00:00,37.77129454504364,41.24825,39.55907,29.25022,41.24825,Bi-LSTM
2025-07-06 19:00:00,41.91341557827864,44.060207,38.966187,23.040377,44.060207,Bi-LSTM
2025-07-06 20:00:00,44.55494150188233,47.800873,50.418114,33.33361,47.800873,Bi-LSTM
2025-07-06 21:00:00,43.68709921836856,46.165955,45.260597,35.758793,46.165955,Bi-LSTM
2025-07-06 22:00:00,43.29103222820489,46.774075,41.03032,40.389656,46.774075,Bi-LSTM
2025-07-06 23:00:00,46.766061017910665,49.267902,38.53545,43.87447,49.267902,Bi-LSTM
2025-07-07 00:00:00,45.9505640447139,50.864395,37.554787,45.899364,50.864395,Bi-LSTM
2025-07-07 01:00:00,45.71008499463409,51.185642,39.65852,47.06416,51.185642,Bi-LSTM
2025-07-07 02:00:00,45.8026120364665,51.006176,45.030552,47.715973,51.006176,Bi-LSTM
2025-07-07 03:00:00,46.826091222465,51.254406,53.28144,50.65936,51.254406,Bi-LSTM
2025-07-07 05:00:00,51.240752182223545,55.440952,76.91979,59.61005,55.440952,Bi-LSTM
2025-07-07 06:00:00,85.84352233674788,71.32222,89.51126,74.43775,71.32222,Bi-LSTM
2025-07-07 07:00:00,153.01434270360198,116.42842,101.6382,88.65631,116.42842,Bi-LSTM
2025-07-07 08:00:00,246.19422463221284,150.05202,113.053215,100.89142,150.05202,Bi-LSTM
2025-07-07 09:00:00,229.7483665157445,149.65462,122.96853,110.86797,149.65462,Bi-LSTM
2025-07-07 10:00:00,199.28985630141332,137.6989,130.848,117.07171,137.6989,Bi-LSTM
2025-07-07 11:00:00,151.63940207795818,122.649216,136.08794,118.904,122.649216,Bi-LSTM
2025-07-07 12:00:00,129.03647457469637,111.232185,140.82394,115.42076,111.232185,Bi-LSTM
2025-07-07 13:00:00,111.90093233585398,104.522896,140.95724,106.60774,104.522896,Bi-LSTM
2025-07-07 14:00:00,100.4335300922404,100.98933,133.56606,96.63624,100.98933,Bi-LSTM
2025-07-07 15:00:00,96.00467539917418,94.43761,122.116165,84.36672,94.43761,Bi-LSTM
2025-07-07 16:00:00,80.17695183103783,85.26011,107.8586,70.131645,85.26011,Bi-LSTM
2025-07-07 17:00:00,57.20886581639451,62.80348,92.49144,55.71089,62.80348,Bi-LSTM
2025-07-07 18:00:00,50.9460132658482,48.473312,77.527756,42.0981,48.473312,Bi-LSTM
2025-07-07 19:00:00,48.469546159108496,48.643906,64.27465,30.15534,48.643906,Bi-LSTM
2025-07-07 20:00:00,51.37903525431945,50.915997,55.62679,38.440395,50.915997,Bi-LSTM
2025-07-07 21:00:00,48.73494082358145,49.04874,52.84594,36.273457,49.04874,Bi-LSTM
2025-07-07 22:00:00,47.75893405350773,49.405975,50.182518,37.842125,49.405975,Bi-LSTM
2025-07-07 23:00:00,48.324655389244,50.675232,48.436687,39.65271,50.675232,Bi-LSTM
2025-07-08 00:00:00,50.21861300685183,50.760357,49.91665,40.156876,50.760357,Bi-LSTM
2025-07-08 01:00:00,52.44055460799818,50.225124,52.91049,40.173763,50.225124,Bi-LSTM
2025-07-08 02:00:00,50.67916738174181,49.96453,60.050488,40.101986,49.96453,Bi-LSTM
2025-07-08 03:00:00,51.06321285499467,50.417553,69.87801,51.636642,50.417553,Bi-LSTM
2025-07-08 04:00:00,54.30266576343112,51.68714,81.46983,64.44152,51.68714,Bi-LSTM
2025-07-08 05:00:00,55.9902138352395,53.881226,93.85018,79.661934,53.881226,Bi-LSTM
2025-07-08 06:00:00,94.21524930993742,67.06342,106.38499,97.0424,67.06342,Bi-LSTM
2025-07-08 07:00:00,134.39687334994517,115.09478,120.04576,113.23868,115.09478,Bi-LSTM
2025-07-08 08:00:00,185.29079431957555,138.71535,133.07726,127.60793,138.71535,Bi-LSTM
2025-07-08 09:00:00,169.77439025315363,140.45175,145.23653,139.45372,140.45175,Bi-LSTM
2025-07-08 10:00:00,145.805902564526,136.77051,156.08011,146.83403,136.77051,Bi-LSTM
2025-07-08 11:00:00,137.379050171377,131.5354,161.71994,149.66626,131.5354,Bi-LSTM
2025-07-08 12:00:00,122.762208604811,128.86363,163.55893,146.79694,128.86363,Bi-LSTM
2025-07-08 13:00:00,99.77895105968793,127.85215,155.53995,138.08286,127.85215,Bi-LSTM
2025-07-08 14:00:00,97.093204069138,124.92699,142.3921,128.27896,124.92699,Bi-LSTM
2025-07-08 15:00:00,92.8024299383161,118.943855,128.409,115.03198,118.943855,Bi-LSTM
2025-07-08 16:00:00,80.41890579462067,109.5658,114.87932,98.284195,109.5658,Bi-LSTM
2025-07-08 17:00:00,60.09309395605873,77.29771,99.7657,80.16678,77.29771,Bi-LSTM
2025-07-08 18:00:00,45.94161406656108,55.915226,83.78577,57.349144,55.915226,Bi-LSTM
2025-07-08 19:00:00,43.50836221738319,54.062927,69.48859,33.947327,54.062927,Bi-LSTM
2025-07-08 20:00:00,42.82696661624055,48.728897,59.45972,35.16793,48.728897,Bi-LSTM
2025-07-08 21:00:00,44.05369554956758,46.32357,57.499287,39.150272,46.32357,Bi-LSTM
2025-07-08 22:00:00,43.37155765543375,46.985435,55.882576,41.878677,46.985435,Bi-LSTM
2025-07-08 23:00:00,45.570487952894666,48.680805,53.084103,43.624477,48.680805,Bi-LSTM
2025-07-09 00:00:00,44.700239559014754,49.251637,50.57054,44.65538,49.251637,Bi-LSTM
2025-07-09 01:00:00,44.5653615474701,49.090652,52.56621,45.71208,49.090652,Bi-LSTM
2025-07-09 02:00:00,44.37145086129511,48.98705,58.231377,46.507317,48.98705,Bi-LSTM
2025-07-09 04:00:00,50.6316289424895,50.884533,75.462814,64.31037,50.884533,Bi-LSTM
2025-07-09 05:00:00,53.73447788465344,53.334496,86.75467,76.66486,53.334496,Bi-LSTM
2025-07-09 06:00:00,83.99654431641117,75.932945,99.16844,90.222626,75.932945,Bi-LSTM
2025-07-09 07:00:00,122.29111588678636,126.488365,111.66516,104.29468,126.488365,Bi-LSTM
2025-07-09 08:00:00,202.49165521065416,148.15627,123.98553,117.30082,148.15627,Bi-LSTM
2025-07-09 09:00:00,190.59125411510377,144.56499,138.77487,128.77467,144.56499,Bi-LSTM
2025-07-09 10:00:00,168.71729705068776,131.60352,150.5907,136.34715,131.60352,Bi-LSTM
2025-07-09 11:00:00,142.41375655342182,120.89981,157.67735,140.09145,120.89981,Bi-LSTM
2025-07-09 12:00:00,128.99390734325817,114.84029,159.1345,139.58809,114.84029,Bi-LSTM
2025-07-09 13:00:00,122.09193942944168,111.837265,153.27376,134.03961,111.837265,Bi-LSTM
2025-07-09 14:00:00,90.58677891322527,107.21361,141.0653,124.17575,107.21361,Bi-LSTM
2025-07-09 15:00:00,88.1824548244477,101.533226,122.9845,109.03096,101.533226,Bi-LSTM
2025-07-09 16:00:00,75.43784872293489,93.504524,102.22445,91.64142,93.504524,Bi-LSTM
2025-07-09 17:00:00,56.39165212214,64.32172,81.80556,74.17153,64.32172,Bi-LSTM
2025-07-09 18:00:00,46.3175926804543,51.316654,69.66059,56.48133,51.316654,Bi-LSTM
2025-07-09 19:00:00,43.56072171709754,50.361263,63.172504,38.486153,50.361263,Bi-LSTM
2025-07-09 20:00:00,44.9473183974625,49.742165,61.38639,37.398464,49.742165,Bi-LSTM
2025-07-09 21:00:00,47.41447375466425,47.307007,61.358788,41.67806,47.307007,Bi-LSTM
2025-07-09 22:00:00,45.0176432107885,47.36727,60.90705,44.930798,47.36727,Bi-LSTM
2025-07-09 23:00:00,46.18714658915992,48.848457,59.35947,47.334545,48.848457,Bi-LSTM
2025-07-10 00:00:00,45.8109311064085,49.517498,56.362255,49.3188,49.517498,Bi-LSTM
2025-07-10 01:00:00,45.80123967925717,49.506065,53.866962,51.196606,49.506065,Bi-LSTM
2025-07-10 02:00:00,47.36565476655958,49.688675,53.47112,52.850708,49.688675,Bi-LSTM
2025-07-10 03:00:00,46.46325008571159,50.686996,56.21094,61.39243,50.686996,Bi-LSTM
2025-07-10 04:00:00,50.76294049248108,53.029217,64.84963,71.58063,53.029217,Bi-LSTM
2025-07-10 05:00:00,56.106793065245,57.357056,76.99187,83.712746,57.357056,Bi-LSTM
2025-07-10 06:00:00,90.97849493225424,85.015594,90.85931,95.85997,85.015594,Bi-LSTM
2025-07-10 07:00:00,146.99225522081085,144.92128,107.066536,107.82345,144.92128,Bi-LSTM
2025-07-10 08:00:00,209.10019712646744,202.01732,124.59953,118.93061,202.01732,Bi-LSTM
2025-07-10 09:00:00,220.65898755192745,200.44667,140.84557,128.80864,200.44667,Bi-LSTM
2025-07-10 10:00:00,199.34620047609,178.06305,154.42815,135.5484,178.06305,Bi-LSTM
2025-07-10 11:00:00,173.1674787799525,151.11508,162.75253,138.25966,151.11508,Bi-LSTM
2025-07-10 12:00:00,149.60970164338667,128.50858,163.93884,136.11665,128.50858,Bi-LSTM
2025-07-10 13:00:00,122.61325273911164,113.949936,157.18164,128.99023,113.949936,Bi-LSTM
2025-07-10 14:00:00,100.74930886427524,106.29708,142.84448,117.473816,106.29708,Bi-LSTM
2025-07-10 15:00:00,90.58277724186584,97.85518,122.346825,102.70197,97.85518,Bi-LSTM
2025-07-10 16:00:00,73.47532236576075,87.220856,99.00769,86.08096,87.220856,Bi-LSTM
2025-07-10 17:00:00,63.89891664559659,63.513603,83.75723,70.07618,63.513603,Bi-LSTM
2025-07-10 18:00:00,53.35278165588775,52.28134,69.26348,50.43358,52.28134,Bi-LSTM
2025-07-10 19:00:00,48.732079689701415,52.089184,56.03069,31.974302,52.089184,Bi-LSTM
2025-07-10 20:00:00,47.53155092895033,51.664986,59.455208,41.403835,51.664986,Bi-LSTM
2025-07-10 21:00:00,48.36068870127209,50.473392,59.246616,45.882824,50.473392,Bi-LSTM
2025-07-10 22:00:00,47.731094673276,50.289124,58.853024,49.637096,50.289124,Bi-LSTM
2025-07-10 23:00:00,50.50885373353959,51.33734,58.318,53.295685,51.33734,Bi-LSTM
2025-07-11 00:00:00,50.13499068220467,52.10999,56.319794,56.861206,52.10999,Bi-LSTM
2025-07-11 01:00:00,49.49682251115642,52.478683,56.31145,59.75624,52.478683,Bi-LSTM
2025-07-11 02:00:00,50.02926372985041,53.275555,58.343117,62.03561,53.275555,Bi-LSTM
2025-07-11 03:00:00,50.57888666912917,55.190308,62.33883,63.74647,55.190308,Bi-LSTM
2025-07-11 04:00:00,52.10954390217867,58.81953,68.19883,68.62795,58.81953,Bi-LSTM
2025-07-11 05:00:00,53.90836108724283,65.0174,75.88125,80.441055,65.0174,Bi-LSTM
2025-07-11 06:00:00,87.46374935905133,86.77525,85.03126,92.12132,86.77525,Bi-LSTM
2025-07-11 07:00:00,140.63158849626709,139.35576,95.63717,103.183525,139.35576,Bi-LSTM
2025-07-11 08:00:00,219.52969526251164,186.91742,108.35953,112.933525,186.91742,Bi-LSTM
2025-07-11 09:00:00,222.10222860177248,192.90869,121.229385,120.77086,192.90869,Bi-LSTM
2025-07-11 10:00:00,198.3040271600075,170.77916,132.83391,124.53748,170.77916,Bi-LSTM
2025-07-11 11:00:00,170.79118414720003,144.27603,140.46182,122.561844,144.27603,Bi-LSTM
2025-07-11 12:00:00,141.89956935969272,123.13964,142.2296,116.38547,123.13964,Bi-LSTM
2025-07-11 13:00:00,97.4233711957927,107.83427,137.2265,106.97941,107.83427,Bi-LSTM
2025-07-11 14:00:00,88.88729622364039,97.44794,126.29471,94.40226,97.44794,Bi-LSTM
2025-07-11 15:00:00,83.42306588093517,88.82082,113.59296,80.02612,88.82082,Bi-LSTM
2025-07-11 16:00:00,67.2166433767839,74.31688,100.794426,64.588486,74.31688,Bi-LSTM
2025-07-11 17:00:00,52.897935619950296,60.344086,87.13398,49.451115,60.344086,Bi-LSTM
2025-07-11 18:00:00,51.161752709320574,58.291473,73.5178,36.18733,58.291473,Bi-LSTM
2025-07-11 19:00:00,50.57848357781775,57.656746,62.58199,27.752878,57.656746,Bi-LSTM
2025-07-11 20:00:00,58.91189265251176,51.01331,53.82033,36.72548,51.01331,Bi-LSTM
2025-07-11 21:00:00,55.35073621164682,51.56184,49.754276,40.755955,51.56184,Bi-LSTM
2025-07-11 22:00:00,58.732153919008,52.792824,46.169296,44.868786,52.792824,Bi-LSTM
2025-07-12 00:00:00,63.22792173425367,56.771782,43.323395,52.128105,56.771782,Bi-LSTM
2025-07-12 01:00:00,65.99374146894974,57.537125,42.220844,54.93122,57.537125,Bi-LSTM
2025-07-12 02:00:00,64.85315373810863,57.734097,41.07261,56.991673,57.734097,Bi-LSTM
2025-07-12 03:00:00,65.2426359713078,57.84707,41.908768,58.381153,57.84707,Bi-LSTM
2025-07-12 04:00:00,67.02813336930491,58.264023,42.923462,59.26269,58.264023,Bi-LSTM
2025-07-12 05:00:00,66.9078617831692,58.970657,43.93014,59.732338,58.970657,Bi-LSTM
2025-07-12 06:00:00,64.69861946105961,59.993744,44.627895,59.767544,59.993744,Bi-LSTM
2025-07-12 07:00:00,55.1829621821643,60.60022,45.20633,59.369457,60.60022,Bi-LSTM
2025-07-12 08:00:00,60.43703699111938,62.075157,45.654438,60.330322,62.075157,Bi-LSTM
2025-07-12 09:00:00,55.6537609815598,59.808212,45.671223,66.38487,59.808212,Bi-LSTM
2025-07-12 10:00:00,48.84217699368799,55.24629,45.2685,70.24134,55.24629,Bi-LSTM
2025-07-12 11:00:00,45.0995087623595,49.96888,44.43483,71.282974,49.96888,Bi-LSTM
2025-07-12 12:00:00,43.37438697285133,45.138447,44.45377,69.03357,45.138447,Bi-LSTM
2025-07-12 13:00:00,38.915566074848,41.59447,45.091015,63.327843,41.59447,Bi-LSTM
2025-07-12 14:00:00,32.24759966135025,39.661697,45.35838,54.761974,39.661697,Bi-LSTM
2025-07-12 15:00:00,30.797440542115226,40.36384,45.363678,47.08016,40.36384,Bi-LSTM
2025-07-12 16:00:00,28.828727629449663,42.018234,44.916443,43.977993,42.018234,Bi-LSTM
2025-07-12 17:00:00,29.51497092572109,44.636887,44.13919,40.337875,44.636887,Bi-LSTM
2025-07-12 19:00:00,50.865194331516,52.690105,41.819763,30.62017,52.690105,Bi-LSTM
2025-07-12 20:00:00,53.27906667192778,46.66567,48.808907,29.542542,46.66567,Bi-LSTM
2025-07-12 21:00:00,53.07760807623458,49.176468,41.71458,34.767475,49.176468,Bi-LSTM
2025-07-12 22:00:00,53.03387577666168,50.390583,35.864845,39.458916,50.390583,Bi-LSTM
2025-07-12 23:00:00,57.986530076373626,51.84422,33.93333,43.389732,51.84422,Bi-LSTM
2025-07-13 00:00:00,63.3942677021026,52.422737,31.811087,46.50704,52.422737,Bi-LSTM
2025-07-13 01:00:00,53.214551299810495,52.87679,33.187996,48.563126,52.87679,Bi-LSTM
2025-07-13 02:00:00,45.846289151907,52.968784,34.90816,49.848057,52.968784,Bi-LSTM
2025-07-13 03:00:00,46.06352099776262,52.262093,36.971153,50.499165,52.262093,Bi-LSTM
2025-07-13 04:00:00,45.303825225148856,51.16802,39.06756,50.640247,51.16802,Bi-LSTM
2025-07-13 06:00:00,48.43326605690856,48.857456,43.947777,50.139874,48.857456,Bi-LSTM
2025-07-13 08:00:00,41.25923734903333,44.083588,56.64769,50.5632,44.083588,Bi-LSTM
2025-07-13 09:00:00,39.65816203753145,41.220577,63.027897,57.71373,41.220577,Bi-LSTM
2025-07-13 10:00:00,38.05727763609445,39.386715,67.95004,62.743153,39.386715,Bi-LSTM
2025-07-13 11:00:00,37.89666944079912,38.404083,70.98456,64.73717,38.404083,Bi-LSTM
2025-07-13 12:00:00,32.794866025448,37.79239,71.77705,63.213333,37.79239,Bi-LSTM
2025-07-13 13:00:00,32.165023619478454,37.203945,70.11855,58.527767,37.203945,Bi-LSTM
2025-07-13 14:00:00,31.3792734622955,36.75616,66.1713,51.551136,36.75616,Bi-LSTM
2025-07-13 15:00:00,30.48591055472692,36.53494,60.261787,42.900547,36.53494,Bi-LSTM
2025-07-13 16:00:00,28.468014738776365,36.473053,52.7641,39.19545,36.473053,Bi-LSTM
2025-07-13 17:00:00,29.88067132234592,37.14635,47.937645,36.02493,37.14635,Bi-LSTM
2025-07-13 18:00:00,39.526270297440725,38.98917,44.85214,31.895325,38.98917,Bi-LSTM
2025-07-13 19:00:00,44.379971715808,42.036385,43.831345,26.337114,42.036385,Bi-LSTM
2025-07-13 20:00:00,47.12781826203527,47.705482,52.153194,30.614544,47.705482,Bi-LSTM
2025-07-13 21:00:00,46.29220059182922,45.9341,47.099754,33.76683,45.9341,Bi-LSTM
2025-07-13 22:00:00,47.215454033829815,46.66213,42.59827,38.153408,46.66213,Bi-LSTM
2025-07-13 23:00:00,47.08770249783992,49.224598,40.749714,41.369343,49.224598,Bi-LSTM
2025-07-14 00:00:00,45.09021145105375,50.807217,40.512337,43.03951,50.807217,Bi-LSTM
2025-07-14 01:00:00,45.5030503094196,51.110367,41.907654,43.82391,51.110367,Bi-LSTM
2025-07-14 02:00:00,46.1555123746395,50.916737,47.866367,44.042423,50.916737,Bi-LSTM
2025-07-14 03:00:00,45.6861780166627,51.108643,57.374496,45.502872,51.108643,Bi-LSTM
2025-07-14 05:00:00,50.068381798267296,54.543644,82.57408,59.140163,54.543644,Bi-LSTM
2025-07-14 06:00:00,87.18809429307782,68.83027,95.78674,74.43552,68.83027,Bi-LSTM
2025-07-14 08:00:00,192.793596348167,134.37297,120.90195,101.9427,134.37297,Bi-LSTM
2025-07-14 09:00:00,178.71687622503816,133.91179,131.54199,112.44162,133.91179,Bi-LSTM
2025-07-14 10:00:00,156.6412490010275,125.18414,139.813,119.38842,125.18414,Bi-LSTM
2025-07-14 11:00:00,119.42687622706084,114.35025,145.68358,121.626236,114.35025,Bi-LSTM
2025-07-14 12:00:00,108.12890180674364,106.80303,149.81822,118.74931,106.80303,Bi-LSTM
2025-07-14 13:00:00,99.65122612317391,103.45275,147.68591,110.225266,103.45275,Bi-LSTM
2025-07-14 14:00:00,94.16205295920388,102.151,140.049,98.86289,102.151,Bi-LSTM
2025-07-14 15:00:00,91.8111324635409,98.11109,128.25122,85.84969,98.11109,Bi-LSTM
2025-07-14 16:00:00,89.39775363355888,90.02213,113.729164,71.31956,90.02213,Bi-LSTM
2025-07-14 17:00:00,58.2636791706086,68.51982,97.865486,56.57759,68.51982,Bi-LSTM
2025-07-14 18:00:00,50.71510713547463,49.47547,82.12307,42.574,49.47547,Bi-LSTM
2025-07-14 19:00:00,51.1994378328324,48.959496,67.85055,29.80333,48.959496,Bi-LSTM
2025-07-14 21:00:00,48.83674082532525,47.551014,53.095295,35.363308,47.551014,Bi-LSTM
2025-07-14 22:00:00,48.1776290476322,48.279175,50.51086,37.07113,48.279175,Bi-LSTM
2025-07-14 23:00:00,49.06172013824627,49.894936,48.885612,39.0782,49.894936,Bi-LSTM
2025-07-15 00:00:00,48.83808153867719,50.10438,49.88567,39.758068,50.10438,Bi-LSTM
2025-07-15 01:00:00,45.419665250182,49.58547,52.562256,39.99383,49.58547,Bi-LSTM
2025-07-15 02:00:00,45.38741162916017,49.301674,59.36353,40.00553,49.301674,Bi-LSTM
2025-07-15 03:00:00,46.51408324142316,49.89331,68.65794,48.273277,49.89331,Bi-LSTM
2025-07-15 04:00:00,46.49177182465792,51.40512,80.348785,59.141857,51.40512,Bi-LSTM
2025-07-15 05:00:00,49.852413837205184,53.84863,92.798004,72.300934,53.84863,Bi-LSTM
2025-07-15 06:00:00,74.78467173377668,69.53588,105.66829,88.94547,69.53588,Bi-LSTM
2025-07-15 07:00:00,117.3813518226146,119.87316,119.497665,106.426605,119.87316,Bi-LSTM
2025-07-15 08:00:00,153.223891258239,139.06447,132.63399,121.13877,139.06447,Bi-LSTM
2025-07-15 09:00:00,152.67049332098364,138.40938,145.40729,132.44522,138.40938,Bi-LSTM
2025-07-15 10:00:00,138.332001471518,131.0038,156.79259,140.07352,131.0038,Bi-LSTM
2025-07-15 11:00:00,130.22222505296855,123.87898,163.37805,142.88768,123.87898,Bi-LSTM
2025-07-15 12:00:00,132.03819320201802,119.61373,166.37152,141.31691,119.61373,Bi-LSTM
2025-07-15 13:00:00,103.5998214284576,118.413246,160.89423,134.20038,118.413246,Bi-LSTM
2025-07-15 14:00:00,97.11192610859813,116.26939,145.91226,123.712906,116.26939,Bi-LSTM
2025-07-15 15:00:00,92.18920540809576,110.153404,131.02748,111.00131,110.153404,Bi-LSTM
2025-07-15 16:00:00,74.0231173157692,101.75352,117.522316,95.947205,101.75352,Bi-LSTM
2025-07-15 17:00:00,55.23157763481144,74.728714,102.811874,78.71724,74.728714,Bi-LSTM
2025-07-15 18:00:00,51.263276571035405,53.02254,87.02021,58.076244,53.02254,Bi-LSTM
2025-07-15 20:00:00,51.44415041506291,48.86646,60.316555,36.840538,48.86646,Bi-LSTM
2025-07-15 21:00:00,49.668334819376376,45.985054,58.93354,40.84058,45.985054,Bi-LSTM
2025-07-15 23:00:00,51.477884545922336,48.447525,54.484905,45.39694,48.447525,Bi-LSTM
2025-07-16 00:00:00,52.87811183267188,49.121685,51.57734,46.539555,49.121685,Bi-LSTM
2025-07-16 01:00:00,52.628994329409096,48.946873,52.908928,47.708725,48.946873,Bi-LSTM
2025-07-16 02:00:00,51.83723352714009,48.67824,58.400795,48.726154,48.67824,Bi-LSTM
2025-07-16 04:00:00,52.086941411210816,49.79423,75.65194,64.18808,49.79423,Bi-LSTM
2025-07-16 05:00:00,56.765156128891896,51.598553,87.30001,77.08751,51.598553,Bi-LSTM
2025-07-16 06:00:00,93.2476081311701,76.26851,100.12541,91.07319,76.26851,Bi-LSTM
2025-07-16 07:00:00,133.3945294022569,123.94082,113.191246,105.24484,123.94082,Bi-LSTM
2025-07-16 08:00:00,181.329028367996,143.96703,125.88491,117.22756,143.96703,Bi-LSTM
2025-07-16 09:00:00,181.1654271537609,140.73642,142.61308,127.15553,140.73642,Bi-LSTM
2025-07-16 10:00:00,179.731130254268,129.08199,155.0405,134.02643,129.08199,Bi-LSTM
2025-07-16 12:00:00,127.35676394809428,114.170456,162.93753,136.30359,114.170456,Bi-LSTM
2025-07-16 13:00:00,115.4031173981729,108.77936,156.55028,129.97673,108.77936,Bi-LSTM
2025-07-16 14:00:00,102.52032311757291,103.54005,143.60666,120.61005,103.54005,Bi-LSTM
2025-07-16 15:00:00,87.0399593830108,97.31277,124.61935,107.10078,97.31277,Bi-LSTM
2025-07-16 16:00:00,76.28870542802755,89.45322,104.04043,90.04936,89.45322,Bi-LSTM
2025-07-16 17:00:00,57.67170661518519,60.599274,83.77646,72.64976,60.599274,Bi-LSTM
2025-07-16 18:00:00,50.58925188250023,50.53791,73.09152,55.95301,50.53791,Bi-LSTM
2025-07-16 19:00:00,49.100138843059625,50.019615,66.035576,39.246193,50.019615,Bi-LSTM
2025-07-16 20:00:00,50.7741254419088,50.489304,61.689392,37.858418,50.489304,Bi-LSTM
2025-07-16 21:00:00,49.17048805681127,47.725548,61.801075,42.15428,47.725548,Bi-LSTM
2025-07-16 22:00:00,48.76839246021389,47.629536,61.47544,45.413235,47.629536,Bi-LSTM
2025-07-16 23:00:00,50.54833729399589,49.303246,60.097916,47.84885,49.303246,Bi-LSTM
2025-07-17 00:00:00,51.32134829163551,50.183205,57.193386,50.032013,50.183205,Bi-LSTM
2025-07-17 01:00:00,50.52929965853679,50.210472,55.030293,52.326855,50.210472,Bi-LSTM
2025-07-17 02:00:00,51.82564779594551,50.159004,55.00829,54.266235,50.159004,Bi-LSTM
2025-07-17 04:00:00,46.56347925133178,52.276405,65.81568,71.344986,52.276405,Bi-LSTM
2025-07-17 05:00:00,50.04578325423327,54.588165,77.893745,83.727356,54.588165,Bi-LSTM
2025-07-17 06:00:00,89.3409379780294,79.1855,91.54543,95.96368,79.1855,Bi-LSTM
2025-07-17 07:00:00,131.16024288286715,129.22844,106.20656,107.640015,129.22844,Bi-LSTM
2025-07-17 08:00:00,188.1437669158,158.42253,122.77362,118.13216,158.42253,Bi-LSTM
2025-07-17 09:00:00,185.0765136805445,155.83907,137.46614,126.658875,155.83907,Bi-LSTM
2025-07-17 10:00:00,175.51165221135,144.02975,149.2869,132.4164,144.02975,Bi-LSTM
2025-07-17 11:00:00,142.42928634087085,131.22946,156.6219,134.37022,131.22946,Bi-LSTM
2025-07-17 12:00:00,124.75399744510554,121.94338,156.43324,131.37119,121.94338,Bi-LSTM
2025-07-17 13:00:00,112.030297017096,115.881065,148.98958,124.434654,115.881065,Bi-LSTM
2025-07-17 14:00:00,97.725588401159,109.88159,135.33304,113.72077,109.88159,Bi-LSTM
2025-07-17 15:00:00,88.1743403474489,100.86652,116.18625,99.61746,100.86652,Bi-LSTM
2025-07-17 16:00:00,78.75999837617066,90.615295,98.45699,83.53744,90.615295,Bi-LSTM
2025-07-17 17:00:00,54.933036098426,63.671803,84.5238,67.44802,63.671803,Bi-LSTM
2025-07-17 18:00:00,57.21631840616458,53.293335,70.309975,51.920845,53.293335,Bi-LSTM
2025-07-17 19:00:00,48.27994761615992,52.953278,57.427235,33.454758,52.953278,Bi-LSTM
2025-07-17 20:00:00,47.339807972312,51.09161,59.55335,40.93017,51.09161,Bi-LSTM
2025-07-17 21:00:00,47.8821949183941,49.62802,59.732277,45.194798,49.62802,Bi-LSTM
2025-07-17 22:00:00,49.82521889968356,49.47279,59.515568,48.705082,49.47279,Bi-LSTM
2025-07-17 23:00:00,52.23354527354225,50.835964,59.013847,51.98759,50.835964,Bi-LSTM
2025-07-18 00:00:00,54.6737378180027,51.870846,56.897324,55.4281,51.870846,Bi-LSTM
2025-07-18 01:00:00,53.75498571991925,52.207245,56.883488,58.28473,52.207245,Bi-LSTM
2025-07-18 02:00:00,54.4319761345785,52.63655,58.302208,60.590435,52.63655,Bi-LSTM
2025-07-18 03:00:00,54.47986087203026,53.9895,61.869434,62.34372,53.9895,Bi-LSTM
2025-07-18 04:00:00,55.53811156749742,56.74591,67.36108,64.705315,56.74591,Bi-LSTM
2025-07-18 05:00:00,59.685969788995,61.426254,74.853584,74.841354,61.426254,Bi-LSTM
2025-07-18 06:00:00,92.17891070722666,79.33651,83.71504,86.43576,79.33651,Bi-LSTM
2025-07-18 08:00:00,194.6320965290075,167.99431,105.98116,106.82426,167.99431,Bi-LSTM
2025-07-18 09:00:00,201.8162961981518,161.91685,118.47609,114.16827,161.91685,Bi-LSTM
2025-07-18 10:00:00,189.51493322849169,146.22562,128.01785,118.32958,146.22562,Bi-LSTM
2025-07-18 11:00:00,161.84749726206002,128.86139,133.80296,118.32297,128.86139,Bi-LSTM
2025-07-18 12:00:00,133.5309690778909,114.44207,134.80852,114.10733,114.44207,Bi-LSTM
2025-07-18 13:00:00,116.38970396735456,104.08385,130.74696,105.486046,104.08385,Bi-LSTM
2025-07-18 14:00:00,102.4427267313008,96.01964,122.679565,93.63205,96.01964,Bi-LSTM
2025-07-18 15:00:00,87.01184272766113,90.00399,110.87319,78.790535,90.00399,Bi-LSTM
2025-07-18 16:00:00,69.02568122744574,78.494774,99.05439,62.58458,78.494774,Bi-LSTM
2025-07-18 17:00:00,55.53206631541239,59.259026,86.05385,46.793064,59.259026,Bi-LSTM
2025-07-18 18:00:00,50.10290669898183,56.851173,72.63921,33.416977,56.851173,Bi-LSTM
2025-07-18 19:00:00,58.5054235241631,56.115025,62.39925,27.65963,56.115025,Bi-LSTM
2025-07-18 20:00:00,52.421944820881,50.873333,54.021233,37.91369,50.873333,Bi-LSTM
2025-07-18 21:00:00,54.00967909230111,51.569626,50.328323,41.420296,51.569626,Bi-LSTM
2025-07-18 22:00:00,55.24653384902263,52.923985,46.595737,45.54931,52.923985,Bi-LSTM
2025-07-18 23:00:00,57.01971332051527,55.18088,44.59155,49.24737,55.18088,Bi-LSTM
2025-07-19 00:00:00,56.49867133299512,56.96567,43.334694,52.757446,56.96567,Bi-LSTM
2025-07-19 01:00:00,56.9675379276275,57.7732,42.08538,55.463764,57.7732,Bi-LSTM
2025-07-19 02:00:00,57.208498075604496,57.97835,40.81564,57.414795,57.97835,Bi-LSTM
2025-07-19 03:00:00,58.785068105567454,58.017994,40.92806,58.653572,58.017994,Bi-LSTM
2025-07-19 04:00:00,57.33196267858142,58.321537,41.839554,59.347553,58.321537,Bi-LSTM
2025-07-19 05:00:00,57.67894164608281,58.964596,42.69623,59.56441,58.964596,Bi-LSTM
2025-07-19 06:00:00,59.95866936987099,59.698326,43.60138,59.482647,59.698326,Bi-LSTM
2025-07-19 07:00:00,57.654156892001694,59.782536,44.406452,59.87715,59.782536,Bi-LSTM
2025-07-19 08:00:00,54.4572724342348,59.028473,44.9904,65.67985,59.028473,Bi-LSTM
2025-07-19 09:00:00,49.83640815994954,55.71014,45.05387,71.601456,55.71014,Bi-LSTM
2025-07-19 10:00:00,46.39160569508875,51.11583,44.706482,74.99352,51.11583,Bi-LSTM
2025-07-19 11:00:00,45.01783826616078,46.746902,44.19645,75.3997,46.746902,Bi-LSTM
2025-07-19 12:00:00,41.77998359998078,43.444313,45.46545,72.551765,43.444313,Bi-LSTM
2025-07-19 13:00:00,36.3422792196274,41.075348,46.39724,66.71829,41.075348,Bi-LSTM
2025-07-19 14:00:00,32.7644059777261,40.34903,47.015244,58.040295,40.34903,Bi-LSTM
2025-07-19 15:00:00,30.765249901347666,41.30961,47.305637,46.939137,41.30961,Bi-LSTM
2025-07-19 16:00:00,29.467508643865504,43.023064,47.07801,43.424957,43.023064,Bi-LSTM
2025-07-19 17:00:00,29.04402624898489,45.70256,46.161312,39.704727,45.70256,Bi-LSTM
2025-07-19 18:00:00,41.5385645687579,49.13027,44.81819,35.326515,49.13027,Bi-LSTM
2025-07-19 19:00:00,49.9438003897667,53.161003,43.496243,29.8722,53.161003,Bi-LSTM
2025-07-19 20:00:00,51.27647299658162,46.538227,48.044643,29.96932,46.538227,Bi-LSTM
2025-07-19 21:00:00,53.61427179972321,48.963345,41.333477,35.352116,48.963345,Bi-LSTM
2025-07-19 22:00:00,53.15320510334444,50.190456,35.6804,40.14656,50.190456,Bi-LSTM
2025-07-19 23:00:00,54.7585114717484,51.622414,33.73134,44.199764,51.622414,Bi-LSTM
2025-07-20 00:00:00,59.25148262977579,52.1939,31.510841,47.46885,52.1939,Bi-LSTM
2025-07-20 01:00:00,48.246981160207184,52.661427,32.903202,49.6763,52.661427,Bi-LSTM
2025-07-20 02:00:00,48.661164323489,52.81342,34.50246,51.02483,52.81342,Bi-LSTM
2025-07-20 03:00:00,46.04228780004711,52.240433,36.32371,51.74602,52.240433,Bi-LSTM
2025-07-20 04:00:00,46.728979535401,51.210335,38.378204,52.003677,51.210335,Bi-LSTM
2025-07-20 05:00:00,46.9085659623146,50.068214,40.697685,51.904743,50.068214,Bi-LSTM
2025-07-20 06:00:00,48.5604545354845,49.09141,43.15704,51.630806,49.09141,Bi-LSTM
2025-07-20 07:00:00,41.9179948292672,47.5233,49.386776,51.22158,47.5233,Bi-LSTM
2025-07-20 08:00:00,38.33802709314566,43.62323,56.334137,52.92156,43.62323,Bi-LSTM
2025-07-20 10:00:00,42.93633349736522,37.32264,67.06453,65.97686,37.32264,Bi-LSTM
2025-07-20 12:00:00,34.890744169553166,34.418114,70.21185,66.544815,34.418114,Bi-LSTM
2025-07-20 13:00:00,33.44249524672825,33.813793,68.229004,61.577427,33.813793,Bi-LSTM
2025-07-20 14:00:00,31.27396599451683,33.560238,63.926952,53.720222,33.560238,Bi-LSTM
2025-07-20 15:00:00,28.99318170547489,33.615746,57.654366,43.772247,33.615746,Bi-LSTM
2025-07-20 17:00:00,25.4986848175526,35.67513,45.95961,36.735638,35.67513,Bi-LSTM
2025-07-20 18:00:00,37.1618767499923,38.114975,42.497997,32.44193,38.114975,Bi-LSTM
2025-07-20 21:00:00,44.01942571726709,46.100895,45.223656,33.17985,46.100895,Bi-LSTM
2025-07-20 22:00:00,43.557992726564414,46.83916,41.223724,37.491623,46.83916,Bi-LSTM
2025-07-20 23:00:00,45.15325522422791,49.299065,38.892677,40.63936,49.299065,Bi-LSTM
2025-07-21 00:00:00,45.69351178407666,50.78553,38.073658,42.24169,50.78553,Bi-LSTM
2025-07-21 01:00:00,46.16672150655218,51.086838,40.455338,42.980667,51.086838,Bi-LSTM
2025-07-21 02:00:00,45.46612361404611,51.05341,46.4978,43.092155,51.05341,Bi-LSTM
2025-07-21 03:00:00,45.23828695880045,51.533688,55.901825,44.326126,51.533688,Bi-LSTM
2025-07-21 04:00:00,45.72633062468645,53.096466,67.67277,48.13969,53.096466,Bi-LSTM
2025-07-21 05:00:00,47.19480166110109,56.092724,80.417206,61.4751,56.092724,Bi-LSTM
2025-07-21 06:00:00,83.13513257106145,68.50417,93.34898,76.71483,68.50417,Bi-LSTM
2025-07-21 07:00:00,141.28882090896428,111.78579,106.14833,91.0721,111.78579,Bi-LSTM
2025-07-21 08:00:00,178.07450345565,149.16084,118.38645,103.88787,149.16084,Bi-LSTM
2025-07-21 09:00:00,183.88662779662224,149.3846,129.13466,114.101326,149.3846,Bi-LSTM
2025-07-21 10:00:00,162.11523011327,136.55132,137.48904,120.41546,136.55132,Bi-LSTM
2025-07-21 11:00:00,141.91297551718728,122.08024,142.6834,122.14375,122.08024,Bi-LSTM
2025-07-21 12:00:00,126.43667793274,111.12707,143.55516,118.752174,111.12707,Bi-LSTM
2025-07-21 13:00:00,118.00321325063632,103.530464,143.82346,109.97989,103.530464,Bi-LSTM
2025-07-21 14:00:00,93.2495672166349,99.89233,137.29376,96.06438,99.89233,Bi-LSTM
2025-07-21 15:00:00,81.61165886123975,95.08768,126.62712,82.817924,95.08768,Bi-LSTM
2025-07-21 16:00:00,70.49476041577083,86.11816,112.65669,67.872765,86.11816,Bi-LSTM
2025-07-21 17:00:00,53.8324909269811,69.70421,97.179985,53.42036,69.70421,Bi-LSTM
2025-07-21 18:00:00,48.18072740236912,48.22439,81.95898,40.26552,48.22439,Bi-LSTM
2025-07-21 19:00:00,43.78118994236,48.393883,68.15296,28.549751,48.393883,Bi-LSTM
2025-07-21 20:00:00,42.97768770564673,49.77025,56.581505,35.87,49.77025,Bi-LSTM
2025-07-21 21:00:00,41.44610775510467,47.113266,53.691177,38.164062,47.113266,Bi-LSTM
2025-07-21 22:00:00,42.530191302299365,47.710583,51.281807,41.529648,47.710583,Bi-LSTM
2025-07-21 23:00:00,42.89876082268636,49.60214,49.620586,43.820885,49.60214,Bi-LSTM
2025-07-22 00:00:00,43.24375064264645,50.14018,51.24253,44.788715,50.14018,Bi-LSTM
2025-07-22 01:00:00,43.53047765186062,49.80396,54.20983,45.397934,49.80396,Bi-LSTM
2025-07-22 03:00:00,43.59246079458145,49.413303,71.380745,46.296974,49.413303,Bi-LSTM
2025-07-22 04:00:00,43.257196630040745,49.963226,83.12261,56.38957,49.963226,Bi-LSTM
2025-07-22 05:00:00,48.10844789580855,50.98582,96.44727,72.34512,50.98582,Bi-LSTM
2025-07-22 06:00:00,72.76067976518101,73.441895,110.82371,90.16351,73.441895,Bi-LSTM
2025-07-22 07:00:00,108.48371267567092,115.94005,125.22949,107.26861,115.94005,Bi-LSTM
2025-07-22 08:00:00,151.683893215658,129.35715,138.99992,122.41137,129.35715,Bi-LSTM
2025-07-22 09:00:00,176.39132008287666,131.68878,152.20952,134.29494,131.68878,Bi-LSTM
2025-07-22 10:00:00,167.37499191761202,129.1393,163.03812,142.10168,129.1393,Bi-LSTM
2025-07-22 11:00:00,158.8338778262791,124.268616,167.42473,144.45499,124.268616,Bi-LSTM
2025-07-22 12:00:00,122.63606671853545,121.11699,166.08138,141.98541,121.11699,Bi-LSTM
2025-07-22 13:00:00,112.8463559150689,117.35781,157.46461,133.58745,117.35781,Bi-LSTM
2025-07-22 14:00:00,103.813734149933,111.69504,144.39635,124.263145,111.69504,Bi-LSTM
2025-07-22 15:00:00,98.91983459212636,104.88809,130.0031,111.505486,104.88809,Bi-LSTM
2025-07-22 16:00:00,86.15956036069164,95.24994,115.50434,96.089935,95.24994,Bi-LSTM
2025-07-22 17:00:00,56.89263541996463,63.439716,98.922615,79.97747,63.439716,Bi-LSTM
2025-07-22 18:00:00,52.187058719496,52.402966,82.882126,58.279037,52.402966,Bi-LSTM
2025-07-22 19:00:00,47.27617084648878,51.28132,69.20338,36.671394,51.28132,Bi-LSTM
2025-07-22 20:00:00,44.73704185485831,49.324642,58.822186,35.644794,49.324642,Bi-LSTM
2025-07-22 21:00:00,44.85047233601417,47.043427,56.86645,39.672497,47.043427,Bi-LSTM
2025-07-22 22:00:00,45.0864884138107,47.436222,55.16401,42.417248,47.436222,Bi-LSTM
2025-07-22 23:00:00,45.97385525703445,48.90731,52.349003,44.05603,48.90731,Bi-LSTM
2025-07-23 00:00:00,48.0681463181974,49.370823,50.81079,45.206997,49.370823,Bi-LSTM
2025-07-23 01:00:00,47.10491202094336,49.116096,53.003357,46.136494,49.116096,Bi-LSTM
2025-07-23 02:00:00,46.18523545066517,48.906292,58.493374,48.140293,48.906292,Bi-LSTM
2025-07-23 03:00:00,45.87874803940455,49.506226,66.06622,58.4855,49.506226,Bi-LSTM
2025-07-23 04:00:00,46.38475996255863,51.05759,75.533455,72.16069,51.05759,Bi-LSTM
2025-07-23 05:00:00,48.63882374831218,53.675793,86.52608,85.46251,53.675793,Bi-LSTM
2025-07-23 06:00:00,87.37245600873773,77.65984,98.68936,99.81971,77.65984,Bi-LSTM
2025-07-23 07:00:00,132.50786097844556,124.77821,111.10766,114.41057,124.77821,Bi-LSTM
2025-07-23 08:00:00,201.647186541558,151.85509,121.875656,127.570335,151.85509,Bi-LSTM
2025-07-23 09:00:00,190.725380945207,146.69054,132.68625,138.6732,146.69054,Bi-LSTM
2025-07-23 10:00:00,181.47780339171416,133.10547,143.67975,146.51006,133.10547,Bi-LSTM
2025-07-23 11:00:00,150.07561305662,122.51581,149.81335,149.89056,122.51581,Bi-LSTM
2025-07-23 12:00:00,130.50546403725917,116.99035,149.4801,148.0555,116.99035,Bi-LSTM
2025-07-23 13:00:00,114.4393271966401,114.32374,142.33931,141.25516,114.32374,Bi-LSTM
2025-07-23 14:00:00,94.332355678081,108.89116,128.52505,129.79932,108.89116,Bi-LSTM
2025-07-23 15:00:00,82.6037641048433,101.951416,109.23142,112.780945,101.951416,Bi-LSTM
2025-07-23 16:00:00,70.48604400455937,92.69556,90.038605,92.759125,92.69556,Bi-LSTM
2025-07-23 17:00:00,51.78414085778336,61.405254,74.228004,72.01394,61.405254,Bi-LSTM
2025-07-23 18:00:00,53.64145330136472,51.50196,66.71465,52.65717,51.50196,Bi-LSTM
2025-07-23 19:00:00,45.510550454258905,50.68713,59.744553,34.77238,50.68713,Bi-LSTM
2025-07-23 20:00:00,42.40159174799913,49.601406,61.974537,35.079453,49.601406,Bi-LSTM
2025-07-23 21:00:00,43.80902634967455,46.62993,61.29451,38.72163,46.62993,Bi-LSTM
2025-07-23 22:00:00,43.34176504070091,46.6919,60.129387,41.385925,46.6919,Bi-LSTM
2025-07-23 23:00:00,44.87469426339309,48.59762,57.664673,43.27702,48.59762,Bi-LSTM
2025-07-24 00:00:00,45.33488082885745,49.71161,53.84038,44.880344,49.71161,Bi-LSTM
2025-07-24 01:00:00,44.49109962853518,49.92793,50.623905,46.467304,49.92793,Bi-LSTM
2025-07-24 02:00:00,43.80091180313709,49.991222,49.36344,50.998817,49.991222,Bi-LSTM
2025-07-24 03:00:00,44.57710935340978,50.44179,50.892868,59.423058,50.44179,Bi-LSTM
2025-07-24 04:00:00,44.19001208411322,51.636936,58.23515,71.3725,51.636936,Bi-LSTM
2025-07-24 05:00:00,47.74921089162425,53.32681,68.26419,84.38741,53.32681,Bi-LSTM
2025-07-24 06:00:00,76.6786824680865,70.0354,79.3096,97.371506,70.0354,Bi-LSTM
2025-07-24 07:00:00,112.38880484496018,116.47708,91.200584,109.648865,116.47708,Bi-LSTM
2025-07-24 08:00:00,140.3309153715778,139.49515,104.919846,120.93982,139.49515,Bi-LSTM
2025-07-24 10:00:00,152.94499817761627,132.64355,133.38322,137.07967,132.64355,Bi-LSTM
2025-07-24 11:00:00,124.23127804199817,123.81027,142.0073,138.5166,123.81027,Bi-LSTM
2025-07-24 12:00:00,126.23294596374032,116.92578,145.01416,135.36343,116.92578,Bi-LSTM
2025-07-24 13:00:00,104.3186018228527,112.8622,140.70062,126.301605,112.8622,Bi-LSTM
2025-07-24 14:00:00,97.29594118085976,108.80214,130.00629,112.79223,108.80214,Bi-LSTM
2025-07-24 15:00:00,87.25761536094812,101.22201,112.147125,97.44197,101.22201,Bi-LSTM
2025-07-24 16:00:00,76.14231261610992,92.08078,94.70019,82.45935,92.08078,Bi-LSTM
2025-07-24 17:00:00,57.39734360078966,69.91689,79.57417,66.56026,69.91689,Bi-LSTM
2025-07-24 18:00:00,49.2919800251722,52.06435,66.01737,48.343056,52.06435,Bi-LSTM
2025-07-24 19:00:00,45.992952398956,51.399265,53.424664,28.708508,51.399265,Bi-LSTM
2025-07-24 21:00:00,43.542791873216494,46.768085,59.896545,43.479187,46.768085,Bi-LSTM
2025-07-24 22:00:00,42.86308482018391,46.664642,59.19792,46.76096,46.664642,Bi-LSTM
2025-07-25 00:00:00,44.3610889375211,50.096924,56.1323,52.40462,50.096924,Bi-LSTM
2025-07-25 01:00:00,43.63967403769484,50.71377,56.042404,55.036015,50.71377,Bi-LSTM
2025-07-25 02:00:00,43.4597240503877,50.96763,57.43168,57.233624,50.96763,Bi-LSTM
2025-07-25 03:00:00,43.02094649606278,51.248695,60.63546,59.07037,51.248695,Bi-LSTM
2025-07-25 04:00:00,42.958926472398886,51.71087,65.594894,60.67941,51.71087,Bi-LSTM
2025-07-25 05:00:00,44.94092340767388,52.65554,72.747765,61.797985,52.65554,Bi-LSTM
2025-07-25 06:00:00,57.86058419346811,72.2583,82.17771,66.430115,72.2583,Bi-LSTM
2025-07-25 07:00:00,73.5701758712528,103.651184,93.89227,75.82091,103.651184,Bi-LSTM
2025-07-25 08:00:00,99.8432508652859,120.03067,107.67422,84.433586,120.03067,Bi-LSTM
2025-07-25 09:00:00,132.45127271612418,129.90376,120.6287,91.47016,129.90376,Bi-LSTM
2025-07-25 10:00:00,148.41594346364556,135.15001,132.26785,96.01223,135.15001,Bi-LSTM
2025-07-25 11:00:00,134.08732923534188,130.00323,140.78325,97.23109,130.00323,Bi-LSTM
2025-07-25 12:00:00,97.91999020359744,120.89477,146.24739,94.60817,120.89477,Bi-LSTM
2025-07-25 13:00:00,100.55088506804545,115.31358,144.67746,87.00627,115.31358,Bi-LSTM
2025-07-25 14:00:00,94.523827265949,107.98831,137.82356,77.11017,107.98831,Bi-LSTM
2025-07-25 15:00:00,81.77097363604445,98.641426,125.92127,66.23023,98.641426,Bi-LSTM
2025-07-25 16:00:00,71.91642584583973,86.67903,110.36162,54.26551,86.67903,Bi-LSTM
2025-07-25 17:00:00,53.500171482563,60.27567,97.14578,41.58452,60.27567,Bi-LSTM
2025-07-25 18:00:00,57.46122560054071,52.198074,82.36137,35.09474,52.198074,Bi-LSTM
2025-07-25 19:00:00,58.936514450745086,51.31483,68.67467,27.330357,51.31483,Bi-LSTM
2025-07-25 20:00:00,65.07762622833246,50.07593,53.303448,38.08574,50.07593,Bi-LSTM
2025-07-25 21:00:00,68.02773537900732,50.200905,49.76978,41.990894,50.200905,Bi-LSTM
2025-07-25 22:00:00,54.505625046789504,51.361263,46.330196,45.905952,51.361263,Bi-LSTM
2025-07-25 23:00:00,54.48121194405992,53.65178,44.56891,49.508533,53.65178,Bi-LSTM
2025-07-26 00:00:00,55.133949421346365,55.550915,43.458576,53.05363,55.550915,Bi-LSTM
2025-07-26 01:00:00,54.77762162685392,56.44309,42.373928,55.77775,56.44309,Bi-LSTM
2025-07-26 02:00:00,55.107105142540455,56.749466,41.33208,57.73568,56.749466,Bi-LSTM
2025-07-26 03:00:00,55.18424779854037,56.8675,42.37658,59.064682,56.8675,Bi-LSTM
2025-07-26 04:00:00,55.42286404696373,57.038246,43.466694,59.89149,57.038246,Bi-LSTM
2025-07-26 05:00:00,55.76892984997137,57.321022,44.488712,60.29922,57.321022,Bi-LSTM
2025-07-26 06:00:00,55.659845362106914,57.76665,45.261677,60.335754,57.76665,Bi-LSTM
2025-07-26 07:00:00,51.4372991263866,58.38979,45.738106,59.98802,58.38979,Bi-LSTM
2025-07-26 08:00:00,45.4137550830842,54.882748,46.189903,59.845657,54.882748,Bi-LSTM
2025-07-26 09:00:00,43.810059607029,52.7799,46.292053,63.897465,52.7799,Bi-LSTM
2025-07-26 10:00:00,44.4476353645323,49.553608,45.947136,66.76116,49.553608,Bi-LSTM
2025-07-26 11:00:00,43.797964572906366,46.25748,45.090073,67.06025,46.25748,Bi-LSTM
2025-07-26 12:00:00,41.174018651247,43.173122,44.972683,64.30016,43.173122,Bi-LSTM
2025-07-26 13:00:00,38.23171412944791,42.183678,46.0751,58.10337,42.183678,Bi-LSTM
2025-07-26 14:00:00,36.24851174652588,42.013073,46.563152,49.356636,42.013073,Bi-LSTM
2025-07-26 15:00:00,34.495506207148225,42.521305,46.581963,44.898327,42.521305,Bi-LSTM
2025-07-26 16:00:00,34.6030660629273,43.85016,46.04487,41.29122,43.85016,Bi-LSTM
2025-07-26 17:00:00,38.04321910730678,46.22567,45.08833,37.04959,46.22567,Bi-LSTM
2025-07-26 18:00:00,45.723895727233455,49.744328,43.826492,31.982445,49.744328,Bi-LSTM
2025-07-26 19:00:00,53.752954289317,52.32503,42.4899,25.680605,52.32503,Bi-LSTM
2025-07-26 20:00:00,55.25508836905144,47.195892,48.51249,33.81511,47.195892,Bi-LSTM
2025-07-26 21:00:00,53.943205287059165,49.65071,41.652668,39.073204,49.65071,Bi-LSTM
2025-07-26 22:00:00,54.21222384486872,51.001667,36.36067,43.87268,51.001667,Bi-LSTM
2025-07-26 23:00:00,55.672841363483,52.31725,34.58879,47.93173,52.31725,Bi-LSTM
2025-07-27 00:00:00,58.233393388986606,52.61937,32.35495,51.07566,52.61937,Bi-LSTM
2025-07-27 01:00:00,46.13299350606089,52.937798,33.46404,53.318146,52.937798,Bi-LSTM
2025-07-27 02:00:00,47.71820382096555,52.728077,35.001442,54.825752,52.728077,Bi-LSTM
2025-07-27 03:00:00,48.68007820844655,51.82639,36.69983,55.561207,51.82639,Bi-LSTM
2025-07-27 04:00:00,47.13918859263267,50.61161,38.42839,55.819412,50.61161,Bi-LSTM
2025-07-27 05:00:00,47.227842216690334,49.346973,40.39758,55.85912,49.346973,Bi-LSTM
2025-07-27 06:00:00,48.25526439059854,48.259365,42.3224,55.60822,48.259365,Bi-LSTM
2025-07-27 07:00:00,42.8267154626548,47.22907,44.001854,55.208183,47.22907,Bi-LSTM
2025-07-27 08:00:00,39.18251718084009,43.635506,46.745037,54.59153,43.635506,Bi-LSTM
2025-07-27 09:00:00,42.30168602863959,40.74295,50.4297,58.991734,40.74295,Bi-LSTM
2025-07-27 10:00:00,39.8506391525269,38.68891,53.644463,63.89823,38.68891,Bi-LSTM
2025-07-27 11:00:00,37.9014684677123,37.421967,55.174908,66.26653,37.421967,Bi-LSTM
2025-07-27 12:00:00,33.963460713625004,36.777443,54.81164,65.268745,36.777443,Bi-LSTM
2025-07-27 13:00:00,31.93739352443,36.49865,52.51057,60.60552,36.49865,Bi-LSTM
2025-07-27 14:00:00,29.50543717543283,36.508934,48.26035,53.312504,36.508934,Bi-LSTM
2025-07-27 15:00:00,28.1423967719078,36.79063,45.062187,43.944374,36.79063,Bi-LSTM
2025-07-27 16:00:00,28.405600428581224,37.46828,42.16372,40.971813,37.46828,Bi-LSTM
2025-07-27 17:00:00,28.4253813147546,38.747353,39.602493,37.302616,38.747353,Bi-LSTM
2025-07-27 18:00:00,40.90145164479812,40.878506,38.99665,32.68459,40.878506,Bi-LSTM
2025-07-27 19:00:00,46.73195541988719,43.246758,38.502785,26.60831,43.246758,Bi-LSTM
2025-07-27 20:00:00,48.077618889510624,47.87689,50.078674,34.34427,47.87689,Bi-LSTM
2025-07-27 21:00:00,48.927086320790366,46.222393,44.64748,36.397697,46.222393,Bi-LSTM
2025-07-27 22:00:00,49.73933247544545,46.829044,40.12231,41.02012,46.829044,Bi-LSTM
2025-07-27 23:00:00,49.220901012420725,49.296726,37.220505,44.523197,49.296726,Bi-LSTM
2025-07-28 00:00:00,48.16107176989325,50.895916,35.698765,46.538193,50.895916,Bi-LSTM
2025-07-28 01:00:00,46.36627960205073,51.205814,38.184555,47.68729,51.205814,Bi-LSTM
2025-07-28 02:00:00,44.97464954311191,50.957333,43.343407,48.769936,50.957333,Bi-LSTM
2025-07-28 03:00:00,45.24211782962088,51.011482,50.429474,52.31066,51.011482,Bi-LSTM
2025-07-28 04:00:00,45.32778473695125,52.088234,61.19494,55.625957,52.088234,Bi-LSTM
2025-07-28 05:00:00,46.010691734877454,54.715687,72.93787,60.968525,54.715687,Bi-LSTM
2025-07-28 06:00:00,81.1941359370947,67.66211,85.29144,75.31869,67.66211,Bi-LSTM
2025-07-28 07:00:00,138.0510613627069,111.01488,97.44799,90.30963,111.01488,Bi-LSTM
2025-07-28 08:00:00,169.03295565975998,143.51282,109.25892,102.99217,143.51282,Bi-LSTM
2025-07-28 09:00:00,175.3358938694,141.46126,119.81721,112.24167,141.46126,Bi-LSTM
2025-07-28 10:00:00,178.39639176428375,130.54593,128.13574,117.374374,130.54593,Bi-LSTM
2025-07-28 11:00:00,134.052979290486,118.27821,133.73299,117.775276,118.27821,Bi-LSTM
2025-07-28 12:00:00,121.0893038988108,108.980225,136.16757,113.05887,108.980225,Bi-LSTM
2025-07-28 13:00:00,111.83421677350918,103.94592,135.22424,102.55661,103.94592,Bi-LSTM
2025-07-28 14:00:00,98.49000605669882,100.73814,131.08559,90.28502,100.73814,Bi-LSTM
2025-07-28 15:00:00,79.8324808478355,93.660286,120.57228,78.37919,93.660286,Bi-LSTM
2025-07-28 16:00:00,71.54549194466027,85.30816,106.95953,64.3201,85.30816,Bi-LSTM
2025-07-28 17:00:00,56.634093024514,64.35822,91.90853,50.408382,64.35822,Bi-LSTM
2025-07-28 18:00:00,47.51768049349375,48.595303,77.06255,37.91937,48.595303,Bi-LSTM
2025-07-28 19:00:00,46.42428690195091,48.84745,63.733112,26.986376,48.84745,Bi-LSTM
2025-07-28 22:00:00,46.39819114738056,48.08308,52.015396,40.35365,48.08308,Bi-LSTM
2025-07-28 23:00:00,48.0887766540052,49.83515,49.792538,42.530388,49.83515,Bi-LSTM
2025-07-29 00:00:00,48.8473292390505,50.224525,50.94713,43.414917,50.224525,Bi-LSTM
2025-07-29 01:00:00,47.378393318918,49.699406,53.343876,43.8195,49.699406,Bi-LSTM
2025-07-29 02:00:00,48.170957771688606,49.25762,60.21021,43.928246,49.25762,Bi-LSTM
2025-07-29 03:00:00,49.5148604944349,49.31003,69.37132,47.70714,49.31003,Bi-LSTM
2025-07-29 04:00:00,49.03456858071409,50.02672,81.123215,60.797523,50.02672,Bi-LSTM
2025-07-29 05:00:00,54.54778977235159,51.292423,93.73073,74.98678,51.292423,Bi-LSTM
2025-07-29 06:00:00,80.17472338134591,63.601433,106.52233,92.13255,63.601433,Bi-LSTM
2025-07-29 07:00:00,122.27982166138516,109.80907,120.322266,108.66132,109.80907,Bi-LSTM
2025-07-29 08:00:00,167.11894475329998,125.045715,133.74724,123.45644,125.045715,Bi-LSTM
2025-07-29 09:00:00,156.43719293177125,129.75403,145.62694,135.2217,129.75403,Bi-LSTM
2025-07-29 10:00:00,148.31665331125333,131.03703,156.98773,142.56165,131.03703,Bi-LSTM
2025-07-29 11:00:00,144.39089291745907,129.74516,162.51721,144.94167,129.74516,Bi-LSTM
2025-07-29 13:00:00,115.07719544931,128.71437,154.99467,133.48982,128.71437,Bi-LSTM
2025-07-29 14:00:00,102.94488504197813,123.834595,142.99365,123.57659,123.834595,Bi-LSTM
2025-07-29 16:00:00,77.73489291138122,105.56087,115.42261,94.05822,105.56087,Bi-LSTM
2025-07-29 17:00:00,61.62368375604809,70.05754,98.72927,77.253006,70.05754,Bi-LSTM
2025-07-29 18:00:00,57.74369669502446,52.878098,82.59493,57.661453,52.878098,Bi-LSTM
2025-07-29 19:00:00,50.980277114444334,51.375126,68.850204,35.803234,51.375126,Bi-LSTM
2025-07-29 20:00:00,50.11218529939658,49.311146,58.853256,36.342064,49.311146,Bi-LSTM
2025-07-29 21:00:00,48.47468281454522,47.164062,57.962105,40.50964,47.164062,Bi-LSTM
2025-07-29 22:00:00,50.228714280658224,47.552643,56.647755,43.33738,47.552643,Bi-LSTM
2025-07-30 00:00:00,49.91942525761486,49.4264,51.211994,46.496407,49.4264,Bi-LSTM
2025-07-30 01:00:00,46.82154975997078,49.06707,53.025795,47.711395,49.06707,Bi-LSTM
2025-07-30 02:00:00,46.866001817915226,48.867954,58.709213,48.58325,48.867954,Bi-LSTM
2025-07-30 03:00:00,47.00892244685773,49.336338,66.3255,56.786938,49.336338,Bi-LSTM
2025-07-30 04:00:00,47.007872581482,50.85166,75.93316,70.50493,50.85166,Bi-LSTM
2025-07-30 05:00:00,47.00739288330082,53.481167,87.17062,84.72383,53.481167,Bi-LSTM
2025-07-30 06:00:00,46.98144314024189,76.34995,99.43043,98.93708,76.34995,Bi-LSTM
2025-07-30 07:00:00,53.25905525833371,126.13372,112.15872,112.780396,126.13372,Bi-LSTM
2025-07-30 08:00:00,192.57532740963944,146.61661,123.47209,125.2264,146.61661,Bi-LSTM
2025-07-30 09:00:00,188.8488286236933,142.58568,136.3171,135.18446,142.58568,Bi-LSTM
2025-07-30 10:00:00,184.66694375601728,130.85353,147.5349,142.37082,130.85353,Bi-LSTM
2025-07-30 11:00:00,157.3269070928773,122.13999,153.62166,145.03601,122.13999,Bi-LSTM
2025-07-30 12:00:00,131.39208043705182,117.78646,152.55916,142.74948,117.78646,Bi-LSTM
2025-07-30 13:00:00,127.26871974468,114.36872,145.4104,136.9906,114.36872,Bi-LSTM
2025-07-30 14:00:00,101.31248948309178,109.56442,132.29074,126.97834,109.56442,Bi-LSTM
2025-07-30 15:00:00,91.5355170965201,103.056305,113.87273,113.18944,103.056305,Bi-LSTM
2025-07-30 16:00:00,74.5920484423639,94.45114,95.22283,93.92998,94.45114,Bi-LSTM
2025-07-30 18:00:00,58.60753894394082,51.71325,69.1885,55.075993,51.71325,Bi-LSTM
2025-07-30 19:00:00,48.812662282586,50.611492,62.08791,36.916885,50.611492,Bi-LSTM
2025-07-30 20:00:00,51.52615480422971,49.52166,61.629642,37.318096,49.52166,Bi-LSTM
2025-07-30 21:00:00,52.96121205687529,46.805084,61.3518,41.573456,46.805084,Bi-LSTM
2025-07-30 22:00:00,52.99538037776959,46.879925,60.718765,44.846783,46.879925,Bi-LSTM
2025-07-30 23:00:00,55.17394069333892,48.647774,58.419262,47.36335,48.647774,Bi-LSTM
2025-07-31 00:00:00,54.81196830272669,49.581142,55.20827,49.668633,49.581142,Bi-LSTM
2025-07-31 01:00:00,54.82133606572942,49.828583,53.11373,51.91067,49.828583,Bi-LSTM
2025-07-31 02:00:00,54.68907426297659,50.05177,53.15177,54.07543,50.05177,Bi-LSTM
2025-07-31 03:00:00,54.85660672850067,50.909485,56.402145,63.044796,50.909485,Bi-LSTM
2025-07-31 04:00:00,56.63054637387379,52.732727,65.24599,73.346436,52.732727,Bi-LSTM
2025-07-31 05:00:00,59.61352956791709,55.75166,77.321106,85.80298,55.75166,Bi-LSTM
2025-07-31 06:00:00,93.90273573001132,82.57552,90.51311,98.014305,82.57552,Bi-LSTM
2025-07-31 07:00:00,154.33118816018,136.92017,105.111145,109.88503,136.92017,Bi-LSTM
2025-07-31 08:00:00,216.68028954664888,174.3589,121.65436,120.702866,174.3589,Bi-LSTM
2025-07-31 09:00:00,196.933871912958,168.1953,136.82828,129.40051,168.1953,Bi-LSTM
2025-07-31 10:00:00,193.85708849959667,151.41368,148.98492,134.93007,151.41368,Bi-LSTM
2025-07-31 11:00:00,161.53109024871455,133.71954,156.00238,136.67142,133.71954,Bi-LSTM
2025-07-31 12:00:00,137.5438308000565,120.2167,156.37788,134.20895,120.2167,Bi-LSTM
2025-07-31 13:00:00,109.98881198962556,111.562355,150.14548,127.497856,111.562355,Bi-LSTM
2025-07-31 14:00:00,98.42247325181958,106.83678,136.9356,116.50288,106.83678,Bi-LSTM
2025-07-31 15:00:00,85.53452550281155,97.962,118.19056,102.71727,97.962,Bi-LSTM
2025-07-31 16:00:00,74.85439537871963,87.9896,99.05955,86.82123,87.9896,Bi-LSTM
2025-07-31 17:00:00,69.07336472381255,66.05271,85.1631,70.76331,66.05271,Bi-LSTM
2025-07-31 18:00:00,56.23984563350667,52.425865,71.33586,56.378326,52.425865,Bi-LSTM
2025-07-31 19:00:00,45.653122764826,52.14069,58.46676,37.13402,52.14069,Bi-LSTM
2025-07-31 20:00:00,46.287825801155726,51.662594,59.90017,41.60435,51.662594,Bi-LSTM
2025-07-31 21:00:00,46.207763530991365,50.238235,59.725708,46.06398,50.238235,Bi-LSTM
2025-07-31 22:00:00,46.5642338514328,50.125874,59.536556,49.87599,50.125874,Bi-LSTM
2025-07-31 23:00:00,48.43849306305242,51.339928,59.000492,53.613564,51.339928,Bi-LSTM
2025-08-01 00:00:00,48.4377446422975,52.17812,56.851925,57.39387,52.17812,Bi-LSTM
2025-08-01 01:00:00,48.76599989334741,52.379158,56.35861,60.41402,52.379158,Bi-LSTM
2025-08-01 02:00:00,48.90094271031282,52.834263,57.845932,62.815777,52.834263,Bi-LSTM
2025-08-01 03:00:00,49.25644860168308,54.317234,61.42018,64.635475,54.317234,Bi-LSTM
2025-08-01 04:00:00,50.2108199546735,57.462177,67.03843,67.7851,57.462177,Bi-LSTM
2025-08-01 05:00:00,52.93299193680276,62.988407,74.691734,78.66944,62.988407,Bi-LSTM
2025-08-01 06:00:00,88.92145506461908,77.53009,85.908165,90.53542,77.53009,Bi-LSTM
2025-08-01 07:00:00,138.0655198267979,131.35675,99.2209,101.94962,131.35675,Bi-LSTM
2025-08-01 08:00:00,214.58203913768168,181.03844,113.8608,112.153,181.03844,Bi-LSTM
2025-08-01 09:00:00,209.1892349611645,179.31084,128.99887,119.9761,179.31084,Bi-LSTM
2025-08-01 10:00:00,190.504141914844,160.2024,141.53052,123.94632,160.2024,Bi-LSTM
2025-08-01 11:00:00,171.9286837354292,138.60243,149.24359,123.6638,138.60243,Bi-LSTM
2025-08-01 12:00:00,145.817973891895,120.885284,151.27463,118.33663,120.885284,Bi-LSTM
2025-08-01 13:00:00,131.21168496211334,106.35817,148.44437,109.47003,106.35817,Bi-LSTM
2025-08-01 14:00:00,106.43905409899654,95.82357,137.32803,96.1916,95.82357,Bi-LSTM
2025-08-01 15:00:00,91.7576711972556,86.85212,120.69503,80.615295,86.85212,Bi-LSTM
2025-08-01 16:00:00,76.5277634208852,66.5051,105.85911,63.98369,66.5051,Bi-LSTM
2025-08-01 17:00:00,65.99277137716625,60.159878,91.80153,47.518475,60.159878,Bi-LSTM
2025-08-01 18:00:00,53.6057891011238,57.914753,77.859695,33.91767,57.914753,Bi-LSTM
2025-08-01 19:00:00,54.16633978982768,57.29083,65.86138,26.704514,57.29083,Bi-LSTM
2025-08-01 20:00:00,57.7835556566715,51.507214,52.706116,41.08965,51.507214,Bi-LSTM
2025-08-01 21:00:00,61.1063404430945,52.994774,48.75033,43.991463,52.994774,Bi-LSTM
2025-08-01 22:00:00,60.887018488513,54.440754,44.800495,48.19359,54.440754,Bi-LSTM
2025-08-01 23:00:00,63.34980104186317,56.192192,43.515045,52.035446,56.192192,Bi-LSTM
2025-08-02 00:00:00,63.50131775574264,57.312424,42.59585,55.71911,57.312424,Bi-LSTM
2025-08-02 01:00:00,65.29905577003942,57.518826,41.154713,58.6768,57.518826,Bi-LSTM
2025-08-02 02:00:00,62.43323178182963,57.280464,39.61613,60.90695,57.280464,Bi-LSTM
2025-08-02 03:00:00,62.57346267998217,56.98297,40.448616,62.47588,56.98297,Bi-LSTM
2025-08-02 04:00:00,63.15495867078955,57.050816,41.498592,63.518703,57.050816,Bi-LSTM
2025-08-02 05:00:00,64.02115329820667,57.509026,42.39611,64.07024,57.509026,Bi-LSTM
2025-08-02 06:00:00,63.49007626622919,58.526844,43.099937,65.37584,58.526844,Bi-LSTM
2025-08-02 07:00:00,57.54692827413484,63.50384,43.791836,67.404594,63.50384,Bi-LSTM
2025-08-02 08:00:00,56.524690272658994,64.76221,44.075493,72.378456,64.76221,Bi-LSTM
2025-08-02 09:00:00,52.98883666310986,61.779892,43.923298,79.05931,61.779892,Bi-LSTM
2025-08-02 10:00:00,48.53554248809809,56.149963,43.328835,83.248215,56.149963,Bi-LSTM
2025-08-02 11:00:00,48.233595544641545,49.911263,42.294846,84.09422,49.911263,Bi-LSTM
2025-08-02 12:00:00,43.21519615433418,44.826694,41.09616,81.27213,44.826694,Bi-LSTM
2025-08-02 13:00:00,45.0969358980655,40.986378,41.414276,75.17485,40.986378,Bi-LSTM
2025-08-02 14:00:00,42.67110707543118,40.103962,41.81415,65.827576,40.103962,Bi-LSTM
2025-08-02 15:00:00,49.12984592264355,41.33851,41.870754,54.242878,41.33851,Bi-LSTM
2025-08-02 16:00:00,47.08268855015433,43.41322,41.566418,44.145206,43.41322,Bi-LSTM
2025-08-02 17:00:00,44.25721260634318,46.379467,40.743587,39.64692,46.379467,Bi-LSTM
2025-08-02 18:00:00,57.81133954392544,49.955315,39.563595,34.945877,49.955315,Bi-LSTM
2025-08-02 19:00:00,65.2001580331061,53.70353,38.546524,29.502218,53.70353,Bi-LSTM
2025-08-02 20:00:00,65.85013073682784,47.74701,48.134468,30.625757,47.74701,Bi-LSTM
2025-08-02 21:00:00,67.7890691161155,50.10415,40.580288,35.832897,50.10415,Bi-LSTM
2025-08-02 23:00:00,70.7031305253506,52.457947,34.15254,44.50859,52.457947,Bi-LSTM
2025-08-03 00:00:00,75.0708037257194,52.50533,31.837809,47.699306,52.50533,Bi-LSTM
2025-08-03 01:00:00,63.672971208890246,52.706417,33.19351,49.97549,52.706417,Bi-LSTM
2025-08-03 02:00:00,57.13593426075836,52.475067,34.72198,51.430214,52.475067,Bi-LSTM
2025-08-03 03:00:00,56.34123942255962,51.67883,36.408684,52.289295,51.67883,Bi-LSTM
2025-08-03 04:00:00,55.99303371707591,50.593094,38.27072,52.722427,50.593094,Bi-LSTM
2025-08-03 05:00:00,56.90295359823433,49.487206,40.35211,52.854557,49.487206,Bi-LSTM
2025-08-03 06:00:00,56.050807395329166,48.566143,42.653778,52.78524,48.566143,Bi-LSTM
2025-08-03 07:00:00,53.45480616556255,47.92468,46.390774,53.08292,47.92468,Bi-LSTM
2025-08-03 08:00:00,55.8224185943604,44.501965,51.54954,54.82659,44.501965,Bi-LSTM
2025-08-03 09:00:00,55.18315837118378,41.26328,56.154263,60.07111,41.26328,Bi-LSTM
2025-08-03 10:00:00,54.500680247942505,38.851517,60.35634,65.27963,38.851517,Bi-LSTM
2025-08-03 11:00:00,53.112398730384,37.27982,63.34211,67.21202,37.27982,Bi-LSTM
2025-08-03 12:00:00,44.3111133456231,36.53399,64.11073,66.77999,36.53399,Bi-LSTM
2025-08-03 13:00:00,33.429926713307744,36.42918,62.662785,63.14603,36.42918,Bi-LSTM
2025-08-03 14:00:00,30.413400718144,36.673626,59.09419,56.00856,36.673626,Bi-LSTM
2025-08-03 15:00:00,27.52392040358656,37.161503,53.574833,46.352882,37.161503,Bi-LSTM
2025-08-03 16:00:00,26.30233168602,38.038,47.026478,41.499077,38.038,Bi-LSTM
2025-08-03 17:00:00,24.77928243171082,39.496136,44.212826,38.615402,39.496136,Bi-LSTM
2025-08-03 18:00:00,36.964630541702,41.63605,43.375923,34.795547,41.63605,Bi-LSTM
2025-08-03 19:00:00,42.003043714496776,44.629654,42.586384,28.885466,44.629654,Bi-LSTM
2025-08-03 20:00:00,42.5640116259455,48.441303,51.760162,32.796055,48.441303,Bi-LSTM
2025-08-03 21:00:00,43.02618306544089,46.850506,45.772827,32.499588,46.850506,Bi-LSTM
2025-08-03 22:00:00,43.94178424098282,47.623825,42.134453,36.527428,47.623825,Bi-LSTM
2025-08-03 23:00:00,43.60832643779828,49.80607,40.055466,39.622684,49.80607,Bi-LSTM
2025-08-04 00:00:00,44.82735720818691,51.015,39.50281,41.30099,51.015,Bi-LSTM
2025-08-04 01:00:00,46.4628497898578,51.125446,42.92497,42.12282,51.125446,Bi-LSTM
2025-08-04 02:00:00,44.69391143321991,50.83502,49.494095,42.40919,50.83502,Bi-LSTM
2025-08-04 03:00:00,45.21821317573384,51.06819,57.4344,45.563824,51.06819,Bi-LSTM
2025-08-04 04:00:00,45.087825623425545,52.495842,69.01089,51.347103,52.495842,Bi-LSTM
2025-08-04 05:00:00,48.97797049582013,55.52502,82.88061,60.174488,55.52502,Bi-LSTM
2025-08-04 06:00:00,84.870307910442,61.545765,97.324066,76.82555,61.545765,Bi-LSTM
2025-08-04 08:00:00,134.43626221641918,143.1162,125.03383,106.871124,143.1162,Bi-LSTM
2025-08-04 09:00:00,110.72117090970274,142.01817,136.96558,117.94944,142.01817,Bi-LSTM
2025-08-04 10:00:00,98.5316162705425,131.17027,147.23462,124.252045,131.17027,Bi-LSTM
2025-08-04 12:00:00,68.02054963509251,110.05659,164.77327,121.303795,110.05659,Bi-LSTM
2025-08-04 13:00:00,68.17082808415144,105.303116,163.94493,112.1502,105.303116,Bi-LSTM
2025-08-04 14:00:00,60.476461909033816,103.695366,151.77629,100.098274,103.695366,Bi-LSTM
2025-08-04 15:00:00,57.91036978634927,101.53292,132.19827,86.84039,101.53292,Bi-LSTM
2025-08-04 16:00:00,58.85733796490567,94.00603,114.7111,72.20466,94.00603,Bi-LSTM
2025-08-04 17:00:00,47.073138768022815,73.395805,98.08258,57.414608,73.395805,Bi-LSTM
2025-08-04 18:00:00,42.75245971029455,52.47592,81.88758,44.128178,52.47592,Bi-LSTM
2025-08-04 19:00:00,41.1446653485299,51.42576,67.37349,32.51911,51.42576,Bi-LSTM
2025-08-04 20:00:00,42.494050761064,48.300583,56.10296,37.08067,48.300583,Bi-LSTM
2025-08-04 21:00:00,43.03285741264182,46.00236,52.542736,37.211445,46.00236,Bi-LSTM
2025-08-04 22:00:00,43.823153441150914,46.777065,49.587833,40.724476,46.777065,Bi-LSTM
2025-08-04 23:00:00,44.3308113038539,48.404697,49.232704,43.105766,48.404697,Bi-LSTM
2025-08-05 00:00:00,45.81547346982091,48.773457,50.67281,44.182945,48.773457,Bi-LSTM
2025-08-05 01:00:00,44.7771206259728,48.377377,53.15612,44.719517,48.377377,Bi-LSTM
2025-08-05 02:00:00,46.0755695402623,48.06652,59.278473,45.835617,48.06652,Bi-LSTM
2025-08-05 03:00:00,47.06068510313825,48.377613,68.79148,48.0895,48.377613,Bi-LSTM
2025-08-05 04:00:00,45.08357408913682,49.578,80.28844,55.46179,49.578,Bi-LSTM
2025-08-05 05:00:00,49.49636268073864,51.57727,93.44341,72.147316,51.57727,Bi-LSTM
2025-08-05 06:00:00,80.58485244711233,72.53954,107.26052,91.73279,72.53954,Bi-LSTM
2025-08-05 07:00:00,107.7008422821759,115.43537,121.23843,110.5866,115.43537,Bi-LSTM
2025-08-05 08:00:00,159.541458065809,128.8646,134.7531,126.88974,128.8646,Bi-LSTM
2025-08-05 10:00:00,153.285336101055,119.23544,159.84169,150.58617,119.23544,Bi-LSTM
2025-08-05 11:00:00,141.21423684960916,111.531,167.66626,155.56697,111.531,Bi-LSTM
2025-08-05 12:00:00,121.70275193317455,108.23522,170.48038,153.64732,108.23522,Bi-LSTM
2025-08-05 13:00:00,114.35451489145144,107.05834,163.2491,147.09135,107.05834,Bi-LSTM
2025-08-05 14:00:00,97.08585074419824,103.862976,145.58296,133.64438,103.862976,Bi-LSTM
2025-08-05 15:00:00,80.63276422023691,99.26015,127.54385,118.84961,99.26015,Bi-LSTM
2025-08-05 16:00:00,70.57541332021408,90.40144,111.557396,101.19569,90.40144,Bi-LSTM
2025-08-05 17:00:00,54.5839062452318,61.240726,93.47421,80.395065,61.240726,Bi-LSTM
2025-08-05 18:00:00,48.37374520301817,50.096138,76.4783,57.694633,50.096138,Bi-LSTM
2025-08-05 19:00:00,45.08293530344958,48.85527,63.838852,36.314682,48.85527,Bi-LSTM
2025-08-05 20:00:00,47.67892071604728,48.317245,58.079697,36.473454,48.317245,Bi-LSTM
2025-08-05 21:00:00,44.766929312185816,45.93498,54.94416,38.474724,45.93498,Bi-LSTM
2025-08-05 22:00:00,45.34676702456027,46.66048,51.52548,41.44415,46.66048,Bi-LSTM
2025-08-05 23:00:00,45.32822203636172,48.360394,48.177628,43.703323,48.360394,Bi-LSTM
2025-08-06 00:00:00,47.011009529233,48.955055,47.934494,45.310646,48.955055,Bi-LSTM
2025-08-06 01:00:00,45.7125746071337,48.82621,48.773678,46.42852,48.82621,Bi-LSTM
2025-08-06 02:00:00,45.8416790962219,48.78218,53.35396,47.12697,48.78218,Bi-LSTM
2025-08-06 03:00:00,45.56124733794818,49.400394,61.209385,52.263107,49.400394,Bi-LSTM
2025-08-06 04:00:00,46.7034522369505,50.797043,71.303406,65.02082,50.797043,Bi-LSTM
2025-08-06 05:00:00,50.147951549953895,52.807083,83.00506,79.3298,52.807083,Bi-LSTM
2025-08-06 06:00:00,81.27288624915201,79.36104,95.57484,94.51115,79.36104,Bi-LSTM
2025-08-06 07:00:00,114.6097675457593,118.26717,108.22045,109.697525,118.26717,Bi-LSTM
2025-08-06 08:00:00,175.3592365450311,128.3435,120.068474,123.767555,128.3435,Bi-LSTM
2025-08-06 09:00:00,179.23698413371915,128.07831,131.73328,133.69118,128.07831,Bi-LSTM
2025-08-06 10:00:00,177.31442030993455,121.67443,139.145,140.05331,121.67443,Bi-LSTM
2025-08-06 11:00:00,142.55740041319572,116.1922,142.48453,141.99214,116.1922,Bi-LSTM
2025-08-06 12:00:00,141.301401120425,112.559135,142.40729,138.54689,112.559135,Bi-LSTM
2025-08-06 13:00:00,127.39138990098692,108.26857,136.71869,129.57742,108.26857,Bi-LSTM
2025-08-06 14:00:00,112.13797882944408,103.558266,124.02821,119.33814,103.558266,Bi-LSTM
2025-08-06 15:00:00,106.59372496604728,97.88998,108.4192,107.68502,97.88998,Bi-LSTM
2025-08-06 17:00:00,71.79544680813959,64.56982,81.02497,74.82596,64.56982,Bi-LSTM
2025-08-06 18:00:00,57.1860460519792,52.097588,72.15592,58.00705,52.097588,Bi-LSTM
2025-08-06 19:00:00,50.53115571357964,51.18526,65.50862,40.62025,51.18526,Bi-LSTM
2025-08-06 20:00:00,49.5568376332522,49.35603,60.91316,36.536957,49.35603,Bi-LSTM
2025-08-06 21:00:00,48.402647430698245,46.99265,59.491627,40.369953,46.99265,Bi-LSTM
2025-08-06 22:00:00,49.01992800583442,47.270657,57.457077,43.36996,47.270657,Bi-LSTM
2025-08-06 23:00:00,50.329419504512366,48.90672,54.464703,45.66942,48.90672,Bi-LSTM
2025-08-07 00:00:00,49.5357150942085,49.74129,50.29602,47.835087,49.74129,Bi-LSTM
2025-08-07 01:00:00,49.43084239297444,49.933403,47.78489,50.0262,49.933403,Bi-LSTM
2025-08-07 02:00:00,49.33974637226636,50.20492,48.08328,51.82858,50.20492,Bi-LSTM
2025-08-07 03:00:00,49.0248851120472,51.1416,51.555367,55.098106,51.1416,Bi-LSTM
2025-08-07 04:00:00,49.5246062974135,53.020313,57.178097,66.17861,53.020313,Bi-LSTM
2025-08-07 05:00:00,53.255282173554086,56.254242,69.0416,79.36745,56.254242,Bi-LSTM
2025-08-07 06:00:00,84.1200726509095,82.77135,83.551865,92.82805,82.77135,Bi-LSTM
2025-08-07 07:00:00,114.61095019802474,139.18025,102.16527,106.08506,139.18025,Bi-LSTM
2025-08-07 08:00:00,181.81418256958327,163.67126,122.280365,118.38719,163.67126,Bi-LSTM
2025-08-07 09:00:00,188.88971988721275,161.70728,140.82982,128.55109,161.70728,Bi-LSTM
2025-08-07 10:00:00,171.60202868418273,146.06221,155.8522,134.603,146.06221,Bi-LSTM
2025-08-07 11:00:00,169.68757751881898,129.55396,167.24158,135.90218,129.55396,Bi-LSTM
2025-08-07 12:00:00,151.7643218462675,117.37577,172.31049,131.88168,117.37577,Bi-LSTM
2025-08-07 13:00:00,135.2046708106993,110.31758,165.43008,123.48477,110.31758,Bi-LSTM
2025-08-07 14:00:00,120.70045401404307,101.96341,148.89052,112.70562,101.96341,Bi-LSTM
2025-08-07 15:00:00,115.3730309659781,94.32998,129.4056,100.715706,94.32998,Bi-LSTM
2025-08-07 16:00:00,97.02917724847708,85.44948,106.163376,87.770775,85.44948,Bi-LSTM
2025-08-07 17:00:00,77.54176669650623,62.599545,86.85612,74.578926,62.599545,Bi-LSTM
2025-08-07 18:00:00,54.33741637816033,53.55726,73.29195,62.17484,53.55726,Bi-LSTM
2025-08-07 19:00:00,47.592785713573335,53.087833,61.06043,45.571796,53.087833,Bi-LSTM
2025-08-07 20:00:00,47.28730370781655,52.20503,60.05778,41.13933,52.20503,Bi-LSTM
2025-08-07 21:00:00,45.22943690915892,50.89622,59.464706,44.934624,50.89622,Bi-LSTM
2025-08-07 22:00:00,45.522211803330336,50.776344,59.162487,48.13909,50.776344,Bi-LSTM
2025-08-07 23:00:00,46.43016287955364,51.921413,58.179832,51.210682,51.921413,Bi-LSTM
2025-08-08 00:00:00,48.948123547766,52.745117,56.38905,54.438374,52.745117,Bi-LSTM
2025-08-08 02:00:00,47.72925457027233,53.46331,58.377895,59.340958,53.46331,Bi-LSTM
2025-08-08 03:00:00,47.65689397709728,54.83175,62.038944,60.951496,54.83175,Bi-LSTM
2025-08-08 04:00:00,47.576112252473806,57.279232,67.60809,62.54057,57.279232,Bi-LSTM
2025-08-08 05:00:00,52.216429129243,60.98043,74.956924,73.54591,60.98043,Bi-LSTM
2025-08-08 06:00:00,88.6673391461375,70.06253,84.19681,85.05779,70.06253,Bi-LSTM
2025-08-08 07:00:00,125.764585938719,112.12378,96.78753,95.988174,112.12378,Bi-LSTM
2025-08-08 08:00:00,219.42180830240247,146.06505,110.48115,105.67097,146.06505,Bi-LSTM
2025-08-08 09:00:00,214.65212563276296,141.5948,123.78201,113.21333,141.5948,Bi-LSTM
2025-08-08 11:00:00,168.71512250940816,118.81917,142.45187,118.09296,118.81917,Bi-LSTM
2025-08-08 12:00:00,142.7869700855689,108.718796,144.3819,113.69002,108.718796,Bi-LSTM
2025-08-08 13:00:00,124.944476914407,99.73905,141.07979,105.96995,99.73905,Bi-LSTM
2025-08-08 14:00:00,107.3388108491896,91.37258,131.42857,95.092995,91.37258,Bi-LSTM
2025-08-08 15:00:00,91.8561979055406,84.4641,119.78819,80.91292,84.4641,Bi-LSTM
2025-08-08 16:00:00,76.0478282094001,65.37657,106.6594,66.73074,65.37657,Bi-LSTM
2025-08-08 17:00:00,56.25391619404166,60.216488,93.422585,51.688953,60.216488,Bi-LSTM
2025-08-08 18:00:00,52.12448639919359,57.63189,79.90644,37.78416,57.63189,Bi-LSTM
2025-08-08 19:00:00,51.76535541902891,56.748497,69.21449,28.52561,56.748497,Bi-LSTM
2025-08-08 20:00:00,55.6681831300258,51.317898,53.1103,39.33035,51.317898,Bi-LSTM
2025-08-08 21:00:00,62.81233763694771,52.75888,49.619167,42.502903,52.75888,Bi-LSTM
2025-08-08 22:00:00,65.102379657328,54.30823,45.764523,46.590862,54.30823,Bi-LSTM
2025-08-08 23:00:00,61.435474477031,56.136997,44.07048,50.3487,56.136997,Bi-LSTM
2025-08-09 00:00:00,60.527090425292585,57.258656,42.88495,53.99164,57.258656,Bi-LSTM
2025-08-09 01:00:00,60.18108063394373,57.39838,41.364193,56.987087,57.39838,Bi-LSTM
2025-08-09 02:00:00,60.973363429308,56.875874,39.859695,59.239826,56.875874,Bi-LSTM
2025-08-09 03:00:00,61.42814595103251,56.22088,40.925766,60.93159,56.22088,Bi-LSTM
2025-08-09 04:00:00,61.64784053780809,55.602818,41.968742,62.090103,55.602818,Bi-LSTM
2025-08-09 05:00:00,60.46829255587534,55.369324,42.90042,62.79574,55.369324,Bi-LSTM
2025-08-09 06:00:00,61.73932567797601,55.569366,43.624073,63.06509,55.569366,Bi-LSTM
2025-08-09 07:00:00,56.74788512289525,56.213234,44.221252,64.46754,56.213234,Bi-LSTM
2025-08-09 08:00:00,78.12682140889491,57.408234,44.574837,65.83228,57.408234,Bi-LSTM
2025-08-09 09:00:00,92.71289517662736,55.20965,44.511265,70.00069,55.20965,Bi-LSTM
2025-08-09 10:00:00,76.45354062860663,51.391888,44.011044,74.00052,51.391888,Bi-LSTM
2025-08-09 11:00:00,61.5292588710784,47.452446,42.988907,74.94031,47.452446,Bi-LSTM
2025-08-09 12:00:00,63.626610851288,44.668407,41.854023,72.20973,44.668407,Bi-LSTM
2025-08-09 13:00:00,55.38003536462799,43.76486,41.525543,66.77316,43.76486,Bi-LSTM
2025-08-09 14:00:00,50.80413255095484,44.451607,41.777187,58.238453,44.451607,Bi-LSTM
2025-08-09 15:00:00,40.36798291405033,45.66674,41.667316,49.412735,45.66674,Bi-LSTM
2025-08-09 16:00:00,34.91274965802833,47.431385,41.31424,44.005665,47.431385,Bi-LSTM
2025-08-09 17:00:00,32.451566950841546,49.829548,40.532867,39.621952,49.829548,Bi-LSTM
2025-08-09 18:00:00,47.34612940251825,52.827316,39.413532,34.8985,52.827316,Bi-LSTM
2025-08-09 19:00:00,55.00576913952821,55.96261,38.25865,29.409842,55.96261,Bi-LSTM
2025-08-09 20:00:00,54.70735982308784,48.029114,47.981544,31.566069,48.029114,Bi-LSTM
2025-08-09 21:00:00,55.15627629558233,50.373943,40.788994,36.861248,50.373943,Bi-LSTM
2025-08-09 23:00:00,59.381423085928,52.819557,33.936028,45.73831,52.819557,Bi-LSTM
2025-08-10 00:00:00,63.03398800979955,52.76092,31.69058,49.05069,52.76092,Bi-LSTM
2025-08-10 01:00:00,52.08662063425236,52.717056,32.94325,51.451973,52.717056,Bi-LSTM
2025-08-10 02:00:00,45.35713798891418,52.33594,34.40085,53.04291,52.33594,Bi-LSTM
2025-08-10 03:00:00,46.3187121748924,51.31672,36.153656,53.990963,51.31672,Bi-LSTM
2025-08-10 04:00:00,46.6866992056371,50.03366,38.037403,54.408703,50.03366,Bi-LSTM
2025-08-10 05:00:00,47.651558968153815,48.82697,40.079212,54.497253,48.82697,Bi-LSTM
2025-08-10 06:00:00,47.0689650230109,47.81527,42.399998,54.368484,47.81527,Bi-LSTM
2025-08-10 07:00:00,41.0336082283407,47.201527,47.212822,54.362587,47.201527,Bi-LSTM
2025-08-10 08:00:00,37.79835173216736,45.056896,52.0357,56.131744,45.056896,Bi-LSTM
2025-08-10 09:00:00,39.910743872324666,42.03689,56.302856,60.20772,42.03689,Bi-LSTM
2025-08-10 10:00:00,39.596091429392416,39.844257,60.32412,65.726814,39.844257,Bi-LSTM
2025-08-10 11:00:00,36.8018489599228,38.593094,62.992874,68.03364,38.593094,Bi-LSTM
2025-08-10 12:00:00,38.001328229904274,38.04622,63.57978,66.963875,38.04622,Bi-LSTM
2025-08-10 13:00:00,34.21192735975436,38.184387,61.896095,63.126854,38.184387,Bi-LSTM
2025-08-10 14:00:00,31.52044291929773,38.66634,58.135216,56.04391,38.66634,Bi-LSTM
2025-08-10 15:00:00,29.1403949975968,39.347084,52.494583,46.44102,39.347084,Bi-LSTM
2025-08-10 16:00:00,28.415837738249117,40.23586,45.982018,42.092274,40.23586,Bi-LSTM
2025-08-10 17:00:00,27.033736219008745,41.634865,42.793713,39.07502,41.634865,Bi-LSTM
2025-08-10 18:00:00,40.16600982912564,43.677692,42.088085,34.984337,43.677692,Bi-LSTM
2025-08-10 19:00:00,45.86662326587567,45.490414,41.431202,28.976519,45.490414,Bi-LSTM
2025-08-10 20:00:00,46.9869583070278,48.21415,50.44487,34.716953,48.21415,Bi-LSTM
2025-08-10 21:00:00,45.0454996049404,46.760544,44.459408,36.26075,46.760544,Bi-LSTM
2025-08-10 22:00:00,42.97868356379609,47.570095,41.09743,40.8517,47.570095,Bi-LSTM
2025-08-10 23:00:00,44.63306360353136,49.768772,38.826767,44.41704,49.768772,Bi-LSTM
2025-08-11 00:00:00,45.462841749191085,50.957897,38.1589,46.531754,50.957897,Bi-LSTM
2025-08-11 01:00:00,45.6680926799774,51.08311,41.2464,47.81235,51.08311,Bi-LSTM
2025-08-11 02:00:00,45.49039796807554,51.018585,47.510345,48.787224,51.018585,Bi-LSTM
2025-08-11 03:00:00,45.46886377984836,51.574444,55.16977,52.12246,51.574444,Bi-LSTM
2025-08-11 04:00:00,46.64759616719366,53.59436,65.88997,58.11857,53.59436,Bi-LSTM
2025-08-11 05:00:00,49.11006992558642,57.75004,78.74224,64.7849,57.75004,Bi-LSTM
2025-08-11 06:00:00,83.95807147026072,75.36408,91.89263,74.76377,75.36408,Bi-LSTM
2025-08-11 07:00:00,125.29693808338828,129.59764,104.75427,90.10917,129.59764,Bi-LSTM
2025-08-11 08:00:00,223.01787133616543,178.48648,116.98925,103.72176,178.48648,Bi-LSTM
2025-08-11 09:00:00,214.21505753560453,175.66792,128.14038,114.35947,175.66792,Bi-LSTM
2025-08-11 10:00:00,195.196202973525,158.18492,136.89626,120.7911,158.18492,Bi-LSTM
2025-08-11 11:00:00,181.853124561905,135.01762,142.32585,122.51281,135.01762,Bi-LSTM
2025-08-11 13:00:00,123.078393959998,107.00746,144.15764,110.52042,107.00746,Bi-LSTM
2025-08-11 14:00:00,108.6622164011014,100.44794,136.72676,100.18794,100.44794,Bi-LSTM
2025-08-11 15:00:00,93.5559755146498,94.82389,124.82349,87.73718,94.82389,Bi-LSTM
2025-08-11 16:00:00,73.78215058644679,86.59587,109.97029,73.48072,86.59587,Bi-LSTM
2025-08-11 17:00:00,58.71251977152299,68.04984,93.674805,59.21909,68.04984,Bi-LSTM
2025-08-11 18:00:00,54.7340771913529,49.25132,77.77891,46.26138,49.25132,Bi-LSTM
2025-08-11 19:00:00,49.1339254260062,49.082058,63.467487,34.85224,49.082058,Bi-LSTM
2025-08-11 20:00:00,53.128656430376765,50.70699,55.50044,40.23911,50.70699,Bi-LSTM
2025-08-11 22:00:00,48.29057585001,49.639923,49.190166,41.706753,49.639923,Bi-LSTM
2025-08-11 23:00:00,47.79205886274575,50.89075,49.022957,44.26293,50.89075,Bi-LSTM
2025-08-12 00:00:00,49.327304614914674,50.843517,50.6073,45.612705,50.843517,Bi-LSTM
2025-08-12 01:00:00,48.854909528385456,50.136932,52.974266,46.62187,50.136932,Bi-LSTM
2025-08-12 02:00:00,49.18652456005409,49.80703,58.929356,47.385384,49.80703,Bi-LSTM
2025-08-12 03:00:00,50.10388910499473,50.460136,68.41167,50.89514,50.460136,Bi-LSTM
2025-08-12 04:00:00,49.686246836727264,52.873882,80.39548,64.490906,52.873882,Bi-LSTM
2025-08-12 05:00:00,49.5998089969158,57.49008,93.52586,82.247246,57.49008,Bi-LSTM
2025-08-12 06:00:00,90.762058951638,78.49822,107.715126,99.841034,78.49822,Bi-LSTM
2025-08-12 07:00:00,121.79457389315,137.51761,122.37293,116.633995,137.51761,Bi-LSTM
2025-08-12 08:00:00,204.50247348348336,182.59567,136.46443,131.48212,182.59567,Bi-LSTM
2025-08-12 09:00:00,203.1050669252884,176.12206,151.51752,143.43114,176.12206,Bi-LSTM
2025-08-12 10:00:00,162.4510251608773,154.65692,165.4592,151.21164,154.65692,Bi-LSTM
2025-08-12 11:00:00,134.20284779866418,133.71939,178.52834,153.8782,133.71939,Bi-LSTM
2025-08-12 12:00:00,126.41870015859584,120.24906,182.62038,151.30765,120.24906,Bi-LSTM
2025-08-12 13:00:00,121.8148748874675,114.331665,175.8056,144.42007,114.331665,Bi-LSTM
2025-08-12 14:00:00,105.22147111459344,111.17704,158.65143,133.32594,111.17704,Bi-LSTM
2025-08-12 15:00:00,93.5857206583024,105.162605,133.54893,118.62891,105.162605,Bi-LSTM
2025-08-12 16:00:00,73.75353338983322,97.24632,118.40297,103.17446,97.24632,Bi-LSTM
2025-08-12 17:00:00,55.15784822404382,65.14737,101.38279,86.68538,65.14737,Bi-LSTM
2025-08-12 18:00:00,50.97726795348254,54.172802,84.83148,70.17188,54.172802,Bi-LSTM
2025-08-12 19:00:00,47.75100727213756,52.862003,70.56471,48.73717,52.862003,Bi-LSTM
2025-08-12 20:00:00,51.429164946079176,49.806316,58.98953,38.092617,49.806316,Bi-LSTM
2025-08-12 21:00:00,52.27047438422855,47.528114,56.643497,40.779232,47.528114,Bi-LSTM
2025-08-13 01:00:00,47.3318523049355,49.531235,50.97678,48.635895,49.531235,Bi-LSTM
2025-08-13 02:00:00,48.294810310006085,49.179714,54.616028,49.786594,49.179714,Bi-LSTM
2025-08-13 03:00:00,49.1139679849148,49.53284,62.416252,52.435207,49.53284,Bi-LSTM
2025-08-13 04:00:00,48.69385733207067,50.805004,72.481155,66.98717,50.805004,Bi-LSTM
2025-08-13 05:00:00,52.34149683713899,53.157707,84.29948,82.13194,53.157707,Bi-LSTM
2025-08-13 06:00:00,86.41386839321672,77.71911,97.53086,97.60905,77.71911,Bi-LSTM
2025-08-13 09:00:00,192.58850644529,138.42714,137.78386,136.40028,138.42714,Bi-LSTM
2025-08-13 10:00:00,158.729084724188,130.85617,150.63667,144.35509,130.85617,Bi-LSTM
2025-08-13 11:00:00,137.68397659063112,125.72158,158.57542,147.92343,125.72158,Bi-LSTM
2025-08-13 12:00:00,127.28033049901336,124.641594,160.30042,146.57428,124.641594,Bi-LSTM
2025-08-13 13:00:00,128.23794687878092,123.51946,154.36848,139.67674,123.51946,Bi-LSTM
2025-08-13 14:00:00,111.313090234995,119.8698,140.83607,129.8026,119.8698,Bi-LSTM
2025-08-13 17:00:00,57.06031105253433,65.552475,81.5442,84.90562,65.552475,Bi-LSTM
2025-08-13 18:00:00,52.04652239216689,54.25097,69.80884,65.04822,54.25097,Bi-LSTM
2025-08-13 19:00:00,47.71135836568746,52.630978,62.69762,44.674282,52.630978,Bi-LSTM
2025-08-13 20:00:00,49.33405315024514,50.22154,61.387527,37.929417,50.22154,Bi-LSTM
2025-08-13 21:00:00,55.3123839437961,47.86579,60.029827,42.07307,47.86579,Bi-LSTM
2025-08-13 22:00:00,48.25397947182267,48.156673,58.034355,45.447014,48.156673,Bi-LSTM
2025-08-13 23:00:00,47.14973141998058,49.538727,55.328617,48.063454,49.538727,Bi-LSTM
2025-08-14 00:00:00,49.26837721715366,50.05501,51.738358,50.443184,50.05501,Bi-LSTM
2025-08-14 01:00:00,47.98684983452167,49.93349,49.387054,52.805412,49.93349,Bi-LSTM
2025-08-14 02:00:00,49.30224814414981,50.03463,49.78547,54.666695,50.03463,Bi-LSTM
2025-08-14 04:00:00,49.1994402527809,53.025215,61.307888,71.31318,53.025215,Bi-LSTM
2025-08-14 05:00:00,52.8981203198434,56.495495,73.78083,85.293274,56.495495,Bi-LSTM
2025-08-14 06:00:00,89.3784281993285,84.03876,89.153465,99.40398,84.03876,Bi-LSTM
2025-08-14 07:00:00,123.32189510040976,135.46936,106.69594,113.04124,135.46936,Bi-LSTM
2025-08-14 08:00:00,190.52752537077183,158.12381,125.63668,125.69813,158.12381,Bi-LSTM
2025-08-14 09:00:00,187.356055545808,152.93573,142.36986,136.11436,152.93573,Bi-LSTM
2025-08-14 10:00:00,164.99807405471898,137.4333,155.59451,142.86263,137.4333,Bi-LSTM
2025-08-14 11:00:00,130.03906538089083,125.12188,163.44681,145.25613,125.12188,Bi-LSTM
2025-08-14 12:00:00,127.0364700423344,118.86914,167.55519,142.24974,118.86914,Bi-LSTM
2025-08-14 13:00:00,117.02358921369002,117.20991,160.124,133.74408,117.20991,Bi-LSTM
2025-08-14 14:00:00,101.55125223506565,113.597466,142.51108,123.62148,113.597466,Bi-LSTM
2025-08-14 15:00:00,92.65356217731129,107.38958,121.8302,110.78609,107.38958,Bi-LSTM
2025-08-14 16:00:00,79.4293752710025,96.05152,98.72806,94.89216,96.05152,Bi-LSTM
2025-08-14 17:00:00,58.295108172628666,62.57019,83.29604,77.577065,62.57019,Bi-LSTM
2025-08-14 18:00:00,50.87815785408022,54.506824,69.03075,60.395233,54.506824,Bi-LSTM
2025-08-14 20:00:00,50.93299737572663,51.4426,59.33018,40.355988,51.4426,Bi-LSTM
2025-08-14 21:00:00,49.60501326620575,49.945038,58.51983,44.23154,49.945038,Bi-LSTM
2025-08-14 22:00:00,49.20407024025918,50.11401,57.302338,47.591694,50.11401,Bi-LSTM
2025-08-14 23:00:00,50.490327788724,51.41271,55.370804,50.803726,51.41271,Bi-LSTM
2025-08-15 00:00:00,48.569138544798,52.180172,53.517467,54.18584,52.180172,Bi-LSTM
2025-08-15 01:00:00,47.736825532383335,52.344,53.090775,56.912045,52.344,Bi-LSTM
2025-08-15 02:00:00,48.1433520019053,52.662926,53.956955,59.01175,52.662926,Bi-LSTM
2025-08-15 03:00:00,48.543611998359246,53.83349,56.853485,60.552574,53.83349,Bi-LSTM
2025-08-15 04:00:00,47.23175113068689,56.256237,61.772255,63.065266,56.256237,Bi-LSTM
2025-08-15 05:00:00,50.36140637506145,60.464516,68.12893,70.48848,60.464516,Bi-LSTM
2025-08-15 06:00:00,84.499040190053,74.44459,76.285866,82.56067,74.44459,Bi-LSTM
2025-08-15 07:00:00,105.997111910954,123.53017,86.6286,94.39077,123.53017,Bi-LSTM
2025-08-15 08:00:00,168.35787989695916,154.62088,100.44755,105.25102,154.62088,Bi-LSTM
2025-08-15 09:00:00,180.16851715246665,146.35559,115.14611,113.78328,146.35559,Bi-LSTM
2025-08-15 10:00:00,133.80374262730166,131.7725,128.0986,118.5759,131.7725,Bi-LSTM
2025-08-15 11:00:00,119.5762920596391,117.94501,135.00278,118.909996,117.94501,Bi-LSTM
2025-08-15 12:00:00,112.64386889338626,107.03503,137.93573,114.93023,107.03503,Bi-LSTM
2025-08-15 13:00:00,112.36917302012375,100.262405,135.42973,106.06957,100.262405,Bi-LSTM
2025-08-15 14:00:00,92.12229063294136,95.807274,124.75929,95.09514,95.807274,Bi-LSTM
2025-08-15 15:00:00,82.60958051681511,91.12192,113.3163,81.88822,91.12192,Bi-LSTM
2025-08-15 16:00:00,68.4213701486588,75.951805,99.938416,65.52376,75.951805,Bi-LSTM
2025-08-15 17:00:00,56.17343332767491,60.536728,86.32834,47.888435,60.536728,Bi-LSTM
2025-08-15 18:00:00,51.462979511781086,57.54682,72.65715,36.056206,57.54682,Bi-LSTM
2025-08-15 19:00:00,50.3708809961875,56.37024,63.80318,27.738163,56.37024,Bi-LSTM
2025-08-15 20:00:00,55.4057238757612,50.5476,52.819096,39.408405,50.5476,Bi-LSTM
2025-08-15 21:00:00,62.81685848127718,51.363983,48.589737,41.96882,51.363983,Bi-LSTM
2025-08-15 22:00:00,61.80854178965083,52.746532,44.283318,46.01297,52.746532,Bi-LSTM
2025-08-15 23:00:00,61.7387966141105,54.755634,42.882416,49.7952,54.755634,Bi-LSTM
2025-08-16 00:00:00,63.08182785908389,56.16076,42.122097,53.499886,56.16076,Bi-LSTM
2025-08-16 02:00:00,60.862882435322,56.33064,39.38268,58.802437,56.33064,Bi-LSTM
2025-08-16 03:00:00,59.496362702413,55.84477,40.350937,60.48081,55.84477,Bi-LSTM
2025-08-16 04:00:00,56.681395108049536,55.360657,41.481403,61.662617,55.360657,Bi-LSTM
2025-08-16 05:00:00,58.77310835231409,54.96099,42.57793,62.414116,54.96099,Bi-LSTM
2025-08-16 06:00:00,59.74043219028546,54.841663,43.52397,62.770588,54.841663,Bi-LSTM
2025-08-16 07:00:00,53.65778266909445,55.04424,44.468727,64.70174,55.04424,Bi-LSTM
2025-08-16 08:00:00,47.491729205305,52.359726,45.170612,66.16694,52.359726,Bi-LSTM
2025-08-16 09:00:00,44.76176407602089,49.765343,45.429375,66.832794,49.765343,Bi-LSTM
2025-08-16 10:00:00,44.96947133541113,46.59574,45.18145,70.286354,46.59574,Bi-LSTM
2025-08-16 11:00:00,41.16870305754927,44.033543,44.375652,71.330826,44.033543,Bi-LSTM
2025-08-16 12:00:00,37.6085926890372,43.3683,43.150238,69.157684,43.3683,Bi-LSTM
2025-08-16 13:00:00,34.62411271442055,43.436516,43.23701,63.719563,43.436516,Bi-LSTM
2025-08-16 14:00:00,32.75611958720473,44.097397,43.97706,55.845848,44.097397,Bi-LSTM
2025-08-16 15:00:00,30.609003435481725,45.21561,44.057888,49.565613,45.21561,Bi-LSTM
2025-08-16 16:00:00,29.5424654722214,46.816914,43.661186,44.22364,46.816914,Bi-LSTM
2025-08-16 19:00:00,49.06598444283,53.796124,40.58889,29.291672,53.796124,Bi-LSTM
2025-08-16 20:00:00,57.18869021203766,47.877007,47.880737,31.793634,47.877007,Bi-LSTM
2025-08-16 21:00:00,61.202702018618496,49.842415,39.993572,36.874557,49.842415,Bi-LSTM
2025-08-16 22:00:00,62.07342423995345,51.00977,35.81899,41.450863,51.00977,Bi-LSTM
2025-08-16 23:00:00,63.7372200489044,51.874733,33.74553,45.413177,51.874733,Bi-LSTM
2025-08-17 00:00:00,67.94798544545975,51.58912,31.747425,48.5633,51.58912,Bi-LSTM
2025-08-17 01:00:00,57.61836095367143,51.902985,33.056282,50.756638,51.902985,Bi-LSTM
2025-08-17 02:00:00,52.23823518057659,51.374054,34.608894,52.15554,51.374054,Bi-LSTM
2025-08-17 03:00:00,52.87435674170675,50.285355,36.352646,52.848984,50.285355,Bi-LSTM
2025-08-17 04:00:00,46.78706713698118,48.967896,38.188534,53.050644,48.967896,Bi-LSTM
2025-08-17 05:00:00,46.29355156963509,47.689835,40.127335,52.8911,47.689835,Bi-LSTM
2025-08-17 06:00:00,48.24549975178464,46.674534,42.27584,52.46509,46.674534,Bi-LSTM
2025-08-17 07:00:00,42.035956579571,46.049755,46.338562,52.82049,46.049755,Bi-LSTM
2025-08-17 08:00:00,38.49469831585901,44.362988,51.112236,54.431602,44.362988,Bi-LSTM
2025-08-17 09:00:00,39.87771606445311,41.060307,55.400436,59.279747,41.060307,Bi-LSTM
2025-08-17 10:00:00,38.80582003159946,38.7074,59.14293,65.067604,38.7074,Bi-LSTM
2025-08-17 11:00:00,35.14759750799718,37.442497,61.80683,67.51531,37.442497,Bi-LSTM
2025-08-17 12:00:00,32.585432191689755,37.158676,62.308018,66.52785,37.158676,Bi-LSTM
2025-08-17 13:00:00,30.441619743000366,37.428616,60.565727,61.825222,37.428616,Bi-LSTM
2025-08-17 14:00:00,29.908214241266165,37.954407,56.633625,54.05358,37.954407,Bi-LSTM
2025-08-17 15:00:00,27.333806445201333,38.66043,50.786667,44.120224,38.66043,Bi-LSTM
2025-08-17 16:00:00,26.09510766466475,39.567436,44.547703,38.560772,39.567436,Bi-LSTM
2025-08-17 17:00:00,23.349224686622637,40.860226,42.724937,35.509293,40.860226,Bi-LSTM
2025-08-17 18:00:00,36.54207123680536,42.85679,42.155552,31.591543,42.85679,Bi-LSTM
2025-08-17 19:00:00,42.289983024199664,43.798077,41.608948,26.095104,43.798077,Bi-LSTM
2025-08-17 20:00:00,42.31829209625701,48.178864,49.91645,35.240074,48.178864,Bi-LSTM
2025-08-17 21:00:00,44.214095638557005,46.805126,44.00227,36.584286,46.805126,Bi-LSTM
2025-08-17 22:00:00,48.50909552971508,47.64553,40.67762,41.248756,47.64553,Bi-LSTM
2025-08-17 23:00:00,49.13453727463883,49.804073,38.329975,44.898685,49.804073,Bi-LSTM
2025-08-18 00:00:00,51.27848162434301,51.002487,37.63554,47.09968,51.002487,Bi-LSTM
2025-08-18 01:00:00,51.56527649760259,51.131947,40.695553,48.48424,51.131947,Bi-LSTM
2025-08-18 02:00:00,51.34741063551464,51.01087,46.556404,49.3875,51.01087,Bi-LSTM
2025-08-18 03:00:00,52.42120635509489,51.66092,54.051723,52.0204,51.66092,Bi-LSTM
2025-08-18 04:00:00,53.5518810868264,53.946365,64.64952,57.22988,53.946365,Bi-LSTM
2025-08-18 05:00:00,56.005412296815365,58.56796,77.54246,62.98135,58.56796,Bi-LSTM
2025-08-18 06:00:00,85.66690802077458,79.29215,90.70166,72.85653,79.29215,Bi-LSTM
2025-08-18 07:00:00,131.78332571549825,133.8432,103.80614,87.64166,133.8432,Bi-LSTM
2025-08-18 08:00:00,181.13277186961363,174.6656,116.15468,101.035736,174.6656,Bi-LSTM
2025-08-18 09:00:00,195.53690670927327,170.81389,126.93058,111.63793,170.81389,Bi-LSTM
2025-08-18 10:00:00,177.95771160059556,153.37662,135.50793,118.47851,153.37662,Bi-LSTM
2025-08-18 11:00:00,159.93705526987915,132.2721,140.59018,120.488396,132.2721,Bi-LSTM
2025-08-18 12:00:00,134.6102275740018,115.67153,142.58029,117.27111,115.67153,Bi-LSTM
2025-08-18 13:00:00,118.89972352981732,105.34069,143.699,109.44749,105.34069,Bi-LSTM
2025-08-18 14:00:00,110.1150454878817,100.74749,135.82832,99.63162,100.74749,Bi-LSTM
2025-08-18 15:00:00,89.39642235365864,96.27492,123.46758,87.02999,96.27492,Bi-LSTM
2025-08-18 16:00:00,87.1244112074371,87.83126,108.29357,72.8782,87.83126,Bi-LSTM
2025-08-18 17:00:00,74.55905316770088,67.595726,91.88446,58.80351,67.595726,Bi-LSTM
2025-08-18 18:00:00,57.13606506884109,49.174652,75.95445,46.05647,49.174652,Bi-LSTM
2025-08-18 19:00:00,43.8940757691858,48.716877,61.749123,35.174355,48.716877,Bi-LSTM
2025-08-18 20:00:00,44.53095263784592,51.200176,54.78954,41.90697,51.200176,Bi-LSTM
2025-08-18 21:00:00,47.5622060865164,49.884163,51.27096,41.85124,49.884163,Bi-LSTM
2025-08-18 22:00:00,45.05446812013767,50.276585,48.183266,43.055233,50.276585,Bi-LSTM
2025-08-18 23:00:00,47.07583089172837,51.183655,48.4341,45.69865,51.183655,Bi-LSTM
2025-08-19 00:00:00,49.46559380491574,50.82145,50.2522,47.04973,50.82145,Bi-LSTM
2025-08-19 01:00:00,49.589116652806666,50.011677,53.472984,47.88528,50.011677,Bi-LSTM
2025-08-19 02:00:00,56.76506254347882,49.594902,59.521538,48.66027,49.594902,Bi-LSTM
2025-08-19 03:00:00,57.07169524106109,50.470284,69.47,52.365047,50.470284,Bi-LSTM
2025-08-19 04:00:00,58.4561449967325,52.959293,81.81347,68.63414,52.959293,Bi-LSTM
2025-08-19 05:00:00,59.848839865624896,57.842113,94.940956,86.3771,57.842113,Bi-LSTM
2025-08-19 06:00:00,98.2539485275752,80.27812,107.9083,104.16417,80.27812,Bi-LSTM
2025-08-19 07:00:00,141.522535922005,133.91412,121.65646,120.61033,133.91412,Bi-LSTM
2025-08-19 08:00:00,208.46773850917887,184.02924,134.91849,134.87077,184.02924,Bi-LSTM
2025-08-19 09:00:00,241.18835530016332,181.22348,148.02034,146.2857,181.22348,Bi-LSTM
2025-08-19 10:00:00,194.39461777607664,161.16344,159.52664,153.40552,161.16344,Bi-LSTM
2025-08-19 11:00:00,179.63088873841454,139.7842,169.07428,155.59508,139.7842,Bi-LSTM
2025-08-19 12:00:00,159.88151538372,124.26744,172.92267,152.63338,124.26744,Bi-LSTM
2025-08-19 13:00:00,139.712397527695,116.5831,165.92169,145.21198,116.5831,Bi-LSTM
2025-08-19 14:00:00,116.448274421693,112.023834,149.15613,134.48355,112.023834,Bi-LSTM
2025-08-19 15:00:00,101.56853118809715,105.25633,131.48802,120.049,105.25633,Bi-LSTM
2025-08-19 16:00:00,82.74639024517737,96.8116,115.922134,103.33514,96.8116,Bi-LSTM
2025-08-19 17:00:00,65.3477988004684,64.66559,98.8431,85.49833,64.66559,Bi-LSTM
2025-08-19 18:00:00,54.5081910848617,54.183174,82.50311,68.53733,54.183174,Bi-LSTM
2025-08-19 19:00:00,45.37531026701142,52.889576,68.05291,46.050743,52.889576,Bi-LSTM
2025-08-19 20:00:00,46.13570393486464,50.833927,58.103477,40.77321,50.833927,Bi-LSTM
2025-08-19 21:00:00,48.14935150494191,49.15105,55.04497,38.750084,49.15105,Bi-LSTM
2025-08-19 22:00:00,47.60531597832841,49.50424,51.97188,41.304028,49.50424,Bi-LSTM
2025-08-19 23:00:00,46.87747030953559,50.407814,48.28777,43.523605,50.407814,Bi-LSTM
2025-08-20 00:00:00,49.95043695514854,50.293797,48.213158,45.195854,50.293797,Bi-LSTM
2025-08-20 01:00:00,48.2220373749732,49.89922,49.53704,46.4779,49.89922,Bi-LSTM
2025-08-20 02:00:00,50.44355121751641,49.83352,54.81597,47.444016,49.83352,Bi-LSTM
2025-08-20 03:00:00,50.87659361687573,50.96161,62.716618,59.40461,50.96161,Bi-LSTM
2025-08-20 04:00:00,52.1222305774689,53.781334,72.67314,74.13943,53.781334,Bi-LSTM
2025-08-20 05:00:00,56.750380577892,59.157246,84.413376,89.47124,59.157246,Bi-LSTM
2025-08-20 06:00:00,88.78622211857392,85.19618,97.20118,104.79411,85.19618,Bi-LSTM
2025-08-20 07:00:00,140.59084897962546,146.60077,110.394485,119.67845,146.60077,Bi-LSTM
2025-08-20 08:00:00,210.7516250718718,209.08974,124.88631,133.80547,209.08974,Bi-LSTM
2025-08-20 09:00:00,237.3890965093264,204.57056,137.6455,145.5208,204.57056,Bi-LSTM
2025-08-20 10:00:00,213.3217675252391,176.98752,150.37242,153.84045,176.98752,Bi-LSTM
2025-08-20 11:00:00,186.51816767996,148.23827,158.85281,157.69263,148.23827,Bi-LSTM
2025-08-20 12:00:00,160.4042060483582,127.08593,164.34265,156.22519,127.08593,Bi-LSTM
2025-08-20 13:00:00,134.36619077788444,116.64865,158.05168,148.80528,116.64865,Bi-LSTM
2025-08-20 14:00:00,123.776952266694,111.76117,141.88875,136.80186,111.76117,Bi-LSTM
2025-08-20 15:00:00,105.970179486273,104.31759,122.38208,123.109985,104.31759,Bi-LSTM
2025-08-20 16:00:00,84.89866833253326,95.56006,99.982864,108.386444,95.56006,Bi-LSTM
2025-08-20 17:00:00,54.757495772838496,64.184654,79.7273,88.131516,64.184654,Bi-LSTM
2025-08-20 18:00:00,49.28873901876309,54.15443,66.54192,66.66877,54.15443,Bi-LSTM
2025-08-20 19:00:00,47.42160949381928,53.00819,59.363014,46.5517,53.00819,Bi-LSTM
2025-08-20 20:00:00,49.52005600432559,51.17642,61.227478,35.70764,51.17642,Bi-LSTM
2025-08-20 21:00:00,48.69966349502408,48.958424,59.723553,39.037525,48.958424,Bi-LSTM
2025-08-20 22:00:00,48.7524996876716,49.014668,57.576744,41.822033,49.014668,Bi-LSTM
2025-08-20 23:00:00,48.90894330541301,50.24935,54.805553,43.911945,50.24935,Bi-LSTM
2025-08-21 00:00:00,50.77720240029418,50.619892,50.831966,45.97428,50.619892,Bi-LSTM
2025-08-21 01:00:00,50.66978682713073,50.408207,47.947193,47.81811,50.408207,Bi-LSTM
2025-08-21 02:00:00,51.620085221528896,50.54796,47.734432,49.23223,50.54796,Bi-LSTM
2025-08-21 03:00:00,49.998907300559,51.59294,50.619057,58.795734,51.59294,Bi-LSTM
2025-08-21 04:00:00,49.391659590331,53.96793,57.399776,72.48332,53.96793,Bi-LSTM
2025-08-21 05:00:00,53.545688851313095,58.12912,69.48986,86.38173,58.12912,Bi-LSTM
2025-08-21 06:00:00,86.331984512508,82.103424,83.93873,100.57984,82.103424,Bi-LSTM
2025-08-21 07:00:00,116.11841234266812,141.91006,100.86703,114.45762,141.91006,Bi-LSTM
2025-08-21 08:00:00,174.90797512531302,184.39014,119.63275,127.537094,184.39014,Bi-LSTM
2025-08-21 09:00:00,198.834536711375,176.1063,136.87329,138.45647,176.1063,Bi-LSTM
2025-08-21 10:00:00,154.486630454658,155.46257,150.559,145.23325,155.46257,Bi-LSTM
2025-08-21 11:00:00,129.107534241676,134.94,161.73282,148.0335,134.94,Bi-LSTM
2025-08-21 12:00:00,128.54770704110584,120.39075,167.83456,145.48859,120.39075,Bi-LSTM
2025-08-21 13:00:00,129.32925844192582,113.58964,162.16621,138.98682,113.58964,Bi-LSTM
2025-08-21 14:00:00,113.18020545111776,111.10181,145.42195,130.47597,111.10181,Bi-LSTM
2025-08-21 15:00:00,95.90535792437544,104.82386,122.771416,117.30846,104.82386,Bi-LSTM
2025-08-21 16:00:00,77.4691027760506,95.57538,99.20511,100.68714,95.57538,Bi-LSTM
2025-08-21 17:00:00,57.07171196407744,66.81583,82.55346,79.56125,66.81583,Bi-LSTM
2025-08-21 18:00:00,47.53064944843459,55.482864,68.04753,58.33239,55.482864,Bi-LSTM
2025-08-21 19:00:00,45.90560796856892,54.109715,54.31388,38.50521,54.109715,Bi-LSTM
2025-08-21 20:00:00,44.18250002215308,50.409344,58.936203,39.993847,50.409344,Bi-LSTM
2025-08-21 21:00:00,44.05089926968009,48.88219,57.6262,39.47807,48.88219,Bi-LSTM
2025-08-21 22:00:00,45.98733950203127,49.03455,55.701588,42.150238,49.03455,Bi-LSTM
2025-08-21 23:00:00,45.5920000046493,50.37643,53.643116,44.623985,50.37643,Bi-LSTM
2025-08-22 00:00:00,48.35459653784816,51.324615,50.536106,47.35431,51.324615,Bi-LSTM
2025-08-22 01:00:00,48.15864994625242,51.679527,49.34098,49.48665,51.679527,Bi-LSTM
2025-08-22 02:00:00,49.65408227096,52.097412,49.681087,50.980896,52.097412,Bi-LSTM
2025-08-22 03:00:00,50.12575125396249,53.28002,52.458458,53.28033,53.28002,Bi-LSTM
2025-08-22 04:00:00,50.7255294268781,55.6323,57.306854,58.536396,55.6323,Bi-LSTM
2025-08-22 05:00:00,53.26105894012891,59.45729,63.977947,70.552284,59.45729,Bi-LSTM
2025-08-22 06:00:00,80.63920160382983,72.65892,73.93654,82.937706,72.65892,Bi-LSTM
2025-08-22 07:00:00,104.41484761644465,122.7686,87.6161,95.20118,122.7686,Bi-LSTM
2025-08-22 08:00:00,164.59677756577832,140.24654,104.352264,106.18393,140.24654,Bi-LSTM
2025-08-22 09:00:00,159.67565372315363,135.16916,119.02006,114.76,135.16916,Bi-LSTM
2025-08-22 10:00:00,130.335775566101,123.07133,131.80464,119.60899,123.07133,Bi-LSTM
2025-08-22 11:00:00,116.87655487927456,113.26101,142.96149,119.89327,113.26101,Bi-LSTM
2025-08-22 12:00:00,114.21461629867584,107.79724,152.10045,117.89229,107.79724,Bi-LSTM
2025-08-22 13:00:00,118.52472684118445,106.20275,149.65663,115.695366,106.20275,Bi-LSTM
2025-08-22 14:00:00,106.06555342674336,106.21702,136.76666,107.446594,106.21702,Bi-LSTM
2025-08-22 15:00:00,101.19868641549992,106.01042,117.08533,92.64884,106.01042,Bi-LSTM
2025-08-22 16:00:00,82.025951469938,97.81191,102.60838,72.345985,97.81191,Bi-LSTM
2025-08-22 17:00:00,59.32481235265734,68.85991,88.490036,51.42766,68.85991,Bi-LSTM
2025-08-22 18:00:00,52.29276293764508,57.189518,75.892006,38.749214,57.189518,Bi-LSTM
2025-08-22 19:00:00,53.50026184817167,54.93472,62.76305,29.413057,54.93472,Bi-LSTM
2025-08-22 20:00:00,55.22400978478518,50.96385,53.74567,39.71904,50.96385,Bi-LSTM
2025-08-22 21:00:00,55.98525860092864,51.810673,49.50711,38.77615,51.810673,Bi-LSTM
2025-08-22 22:00:00,62.50471381707618,53.099846,44.672756,42.224133,53.099846,Bi-LSTM
2025-08-22 23:00:00,60.268180444836666,54.954197,42.63054,45.458054,54.954197,Bi-LSTM
2025-08-23 00:00:00,60.08119839971719,56.122494,42.219135,48.65822,56.122494,Bi-LSTM
2025-08-23 01:00:00,60.83318752050408,56.364677,40.4987,51.132175,56.364677,Bi-LSTM
2025-08-23 02:00:00,61.734383349617325,56.033875,38.776676,52.79442,56.033875,Bi-LSTM
2025-08-23 03:00:00,63.55708536505691,55.511654,39.474827,53.755543,55.511654,Bi-LSTM
2025-08-23 04:00:00,63.836678033073845,55.021034,40.609272,54.128506,55.021034,Bi-LSTM
2025-08-23 05:00:00,63.94311493039131,54.655186,41.757404,55.06987,54.655186,Bi-LSTM
2025-08-23 06:00:00,66.62596613603341,54.49544,42.817116,56.93031,54.49544,Bi-LSTM
2025-08-23 07:00:00,59.67593486048276,54.555614,43.953182,58.387005,54.555614,Bi-LSTM
2025-08-23 08:00:00,49.47327230374008,54.620266,45.67517,63.518692,54.620266,Bi-LSTM
2025-08-23 09:00:00,44.009268939495165,50.963074,48.792175,71.178764,50.963074,Bi-LSTM
2025-08-23 10:00:00,42.21086045106258,46.714622,51.080166,76.04868,46.714622,Bi-LSTM
2025-08-23 11:00:00,39.0417200724285,43.568016,52.69547,77.50306,43.568016,Bi-LSTM
2025-08-23 12:00:00,36.37996724247933,42.011223,53.22704,75.08539,42.011223,Bi-LSTM
2025-08-23 13:00:00,37.92434919873867,43.086987,52.675255,68.74624,43.086987,Bi-LSTM
2025-08-23 14:00:00,35.434435367584086,44.702843,50.275818,60.623863,44.702843,Bi-LSTM
2025-08-23 15:00:00,34.85359719395617,46.543365,51.057407,50.101627,46.543365,Bi-LSTM
2025-08-23 16:00:00,32.963856091102,48.578465,51.130245,41.91773,48.578465,Bi-LSTM
2025-08-23 17:00:00,31.106499095757915,51.10209,50.26891,37.43405,51.10209,Bi-LSTM
2025-08-23 18:00:00,43.88046082109208,54.315914,48.668518,31.131554,54.315914,Bi-LSTM
2025-08-23 19:00:00,51.076654965678834,55.618168,46.73387,23.952694,55.618168,Bi-LSTM
2025-08-23 20:00:00,52.308358356356585,47.861725,48.825302,28.990852,47.861725,Bi-LSTM
2025-08-23 21:00:00,53.35052576661108,50.312046,40.950665,33.163727,50.312046,Bi-LSTM
2025-08-23 22:00:00,55.09429173916576,51.4718,35.546864,37.488026,51.4718,Bi-LSTM
2025-08-23 23:00:00,57.69410820553709,52.481445,33.43486,41.255558,52.481445,Bi-LSTM
2025-08-24 00:00:00,58.24300218125183,52.266132,31.33151,44.248245,52.266132,Bi-LSTM
2025-08-24 01:00:00,57.00403115153309,52.57426,32.591427,46.28611,52.57426,Bi-LSTM
2025-08-24 02:00:00,46.03537587324783,51.969215,34.142635,47.467358,51.969215,Bi-LSTM
2025-08-24 03:00:00,45.81003047774225,50.708817,35.99852,47.955566,50.708817,Bi-LSTM
2025-08-24 04:00:00,45.756903370221416,49.11316,38.10838,47.938774,49.11316,Bi-LSTM
2025-08-24 05:00:00,45.42487224439791,47.466854,42.538017,47.60884,47.466854,Bi-LSTM
2025-08-24 06:00:00,46.29369390507542,46.01933,48.924248,48.249348,46.01933,Bi-LSTM
2025-08-24 07:00:00,41.3627894166855,45.018627,55.63704,50.118458,45.018627,Bi-LSTM
2025-08-24 08:00:00,36.529000053803166,44.82229,62.386692,51.849678,44.82229,Bi-LSTM
2025-08-24 09:00:00,37.42709930737808,43.20777,68.48693,60.287018,43.20777,Bi-LSTM
2025-08-24 10:00:00,38.42780355612433,42.52365,74.19895,66.147446,42.52365,Bi-LSTM
2025-08-24 11:00:00,35.81343033909775,43.113052,78.15214,68.71541,43.113052,Bi-LSTM
2025-08-24 12:00:00,34.20616127053892,44.287617,79.39616,67.60349,44.287617,Bi-LSTM
2025-08-24 13:00:00,33.983292887608165,45.412277,77.79767,62.744553,45.412277,Bi-LSTM
2025-08-24 14:00:00,32.89238844315208,46.101734,73.4477,54.512394,46.101734,Bi-LSTM
2025-08-24 15:00:00,33.04034471511833,46.257877,66.6255,43.86633,46.257877,Bi-LSTM
2025-08-24 16:00:00,30.77061655124033,46.178944,57.910583,37.17949,46.178944,Bi-LSTM
2025-08-24 17:00:00,31.056642176583413,46.368774,50.61695,34.02634,46.368774,Bi-LSTM
2025-08-24 18:00:00,39.493488797297,45.802517,47.501358,29.037308,45.802517,Bi-LSTM
2025-08-24 19:00:00,45.604824821154246,45.75259,46.10237,23.101728,45.75259,Bi-LSTM
2025-08-24 20:00:00,46.53706459701058,47.830555,51.47119,32.329655,47.830555,Bi-LSTM
2025-08-24 21:00:00,45.98414451877284,46.31243,45.43187,31.306896,46.31243,Bi-LSTM
2025-08-24 22:00:00,44.7913311819235,47.294125,41.471325,35.1727,47.294125,Bi-LSTM
2025-08-24 23:00:00,45.916600940128085,49.45999,39.37356,38.064743,49.45999,Bi-LSTM
2025-08-25 00:00:00,46.29765644421192,50.543335,38.912533,39.492916,50.543335,Bi-LSTM
2025-08-25 01:00:00,46.2216676076255,50.551384,42.832092,40.0021,50.551384,Bi-LSTM
2025-08-25 02:00:00,46.49564965566,50.184635,49.508312,39.945763,50.184635,Bi-LSTM
2025-08-25 03:00:00,44.77948222557709,50.101387,57.631912,41.825207,50.101387,Bi-LSTM
2025-08-25 04:00:00,43.814244329929245,50.6524,67.27997,44.365776,50.6524,Bi-LSTM
2025-08-25 05:00:00,45.41701759149641,51.913345,81.09759,48.770798,51.913345,Bi-LSTM
2025-08-25 06:00:00,60.03664907068,64.93222,95.54442,64.164986,64.93222,Bi-LSTM
2025-08-25 07:00:00,80.55328147361692,100.66563,109.99429,79.439606,100.66563,Bi-LSTM
2025-08-25 08:00:00,92.46487316551315,112.49594,123.86338,93.47393,112.49594,Bi-LSTM
2025-08-25 09:00:00,102.30107603470444,117.18196,135.97815,105.206154,117.18196,Bi-LSTM
2025-08-25 10:00:00,107.87699870268666,120.089775,147.96367,113.53723,120.089775,Bi-LSTM
2025-08-25 11:00:00,120.73992397387832,123.393196,162.2032,118.40071,123.393196,Bi-LSTM
2025-08-25 12:00:00,127.52489721774998,127.09343,169.37946,120.37771,127.09343,Bi-LSTM
2025-08-25 13:00:00,138.16127918163832,132.07077,171.40218,116.509125,132.07077,Bi-LSTM
2025-08-25 14:00:00,129.05539341767667,136.00058,159.29764,108.403625,136.00058,Bi-LSTM
2025-08-25 15:00:00,125.36970063050669,135.2854,139.08086,95.2935,135.2854,Bi-LSTM
2025-08-25 16:00:00,110.01648103197324,124.58435,115.52411,78.605606,124.58435,Bi-LSTM
2025-08-25 17:00:00,71.90386878450708,87.0944,97.53501,60.06659,87.0944,Bi-LSTM
2025-08-25 18:00:00,52.50790679454792,54.54877,79.638626,42.011063,54.54877,Bi-LSTM
2025-08-25 19:00:00,48.94272509713958,51.480747,63.69355,25.329525,51.480747,Bi-LSTM
2025-08-25 20:00:00,45.968994105855664,49.243736,56.892822,45.816006,49.243736,Bi-LSTM
2025-08-25 21:00:00,44.84193581839408,47.44647,53.485565,37.861317,47.44647,Bi-LSTM
2025-08-25 22:00:00,44.59307051201667,48.18634,51.02024,35.943638,48.18634,Bi-LSTM
2025-08-25 23:00:00,43.79344404737159,49.40954,49.325344,36.95705,49.40954,Bi-LSTM
2025-08-26 00:00:00,44.46890414257825,49.422672,50.65671,37.32632,49.422672,Bi-LSTM
2025-08-26 01:00:00,45.30892350027967,48.7976,52.733437,36.91946,48.7976,Bi-LSTM
2025-08-26 02:00:00,45.6667882576585,48.226334,56.439854,34.4166,48.226334,Bi-LSTM
2025-08-26 03:00:00,45.1826904937625,48.11321,65.32657,33.79022,48.11321,Bi-LSTM
2025-08-26 04:00:00,44.978864823778416,48.45977,77.46262,43.525047,48.45977,Bi-LSTM
2025-08-26 05:00:00,46.58786917477867,49.05422,90.54261,58.138336,49.05422,Bi-LSTM
2025-08-26 06:00:00,50.15910400698592,68.23344,103.85306,74.597885,68.23344,Bi-LSTM
2025-08-26 07:00:00,70.61719933214268,95.76114,117.334015,92.324005,95.76114,Bi-LSTM
2025-08-26 08:00:00,89.92013224959366,113.7875,131.54257,110.28251,113.7875,Bi-LSTM
2025-08-26 09:00:00,105.90420327583884,131.16002,149.60892,126.42607,131.16002,Bi-LSTM
2025-08-26 10:00:00,116.93642600377416,157.12457,172.36511,140.42746,157.12457,Bi-LSTM
2025-08-26 11:00:00,143.30606953303166,182.19037,186.62167,150.28708,182.19037,Bi-LSTM
2025-08-26 12:00:00,157.09320219357917,205.02983,191.11151,154.27248,205.02983,Bi-LSTM
2025-08-26 13:00:00,159.15881552299,221.11015,185.17436,151.71072,221.11015,Bi-LSTM
2025-08-26 14:00:00,158.306375309825,222.3824,168.31755,142.62445,222.3824,Bi-LSTM
2025-08-26 15:00:00,141.01764434824335,208.90024,141.56209,128.20139,208.90024,Bi-LSTM
2025-08-26 16:00:00,121.32772284653132,175.15688,113.129326,107.919685,175.15688,Bi-LSTM
2025-08-26 17:00:00,90.82915125476848,110.01452,96.33219,83.018715,110.01452,Bi-LSTM
2025-08-26 18:00:00,63.16533023615684,60.14529,78.249115,58.015377,60.14529,Bi-LSTM
2025-08-26 19:00:00,54.04232014218959,52.770596,62.435726,33.873844,52.770596,Bi-LSTM
2025-08-26 20:00:00,53.07128959397475,48.981182,59.68944,45.430702,48.981182,Bi-LSTM
2025-08-26 21:00:00,50.07079607248308,46.89292,57.87174,44.2995,46.89292,Bi-LSTM
2025-08-26 22:00:00,49.94484998285767,47.297062,56.011307,42.090324,47.297062,Bi-LSTM
2025-08-26 23:00:00,48.315513605873,48.27625,52.57048,42.371494,48.27625,Bi-LSTM
2025-08-27 00:00:00,49.29638077318658,48.358402,50.381073,42.988636,48.358402,Bi-LSTM
2025-08-27 01:00:00,47.33626911044124,47.81611,51.207222,43.21629,47.81611,Bi-LSTM
2025-08-27 02:00:00,46.27368432097142,47.225075,53.597553,38.49044,47.225075,Bi-LSTM
2025-08-27 03:00:00,45.61988567560908,46.897606,60.02912,36.45118,46.897606,Bi-LSTM
2025-08-27 04:00:00,46.704880610108255,46.871403,69.70965,43.268826,46.871403,Bi-LSTM
2025-08-27 05:00:00,45.015120136241165,47.20156,81.2545,56.551807,47.20156,Bi-LSTM
2025-08-27 06:00:00,49.64853180199859,63.881596,94.12843,71.57721,63.881596,Bi-LSTM
2025-08-27 07:00:00,81.41040983051042,90.906906,107.67122,87.48214,90.906906,Bi-LSTM
2025-08-27 08:00:00,94.16719035307575,109.31664,121.844185,103.65903,109.31664,Bi-LSTM
2025-08-27 09:00:00,119.88363968084248,125.01584,135.96545,117.9364,125.01584,Bi-LSTM
2025-08-27 10:00:00,121.9143717686325,146.8594,150.71947,128.56013,146.8594,Bi-LSTM
2025-08-27 11:00:00,122.78696399927249,163.8548,161.87807,136.50174,163.8548,Bi-LSTM
2025-08-27 12:00:00,117.94485652446669,176.2045,168.02794,141.46164,176.2045,Bi-LSTM
2025-08-27 13:00:00,122.74641889333832,181.36966,162.27197,139.66069,181.36966,Bi-LSTM
2025-08-27 14:00:00,109.85699729124674,175.74815,144.47339,131.12749,175.74815,Bi-LSTM
2025-08-27 15:00:00,96.472422560056,157.23799,124.20275,116.878296,157.23799,Bi-LSTM
2025-08-27 16:00:00,86.63018079598726,116.60064,100.83026,98.45717,116.60064,Bi-LSTM
2025-08-27 17:00:00,61.547398978223335,75.415474,77.90687,77.30081,75.415474,Bi-LSTM
2025-08-27 18:00:00,52.69019099076583,52.385612,63.422653,56.360847,52.385612,Bi-LSTM
2025-08-27 19:00:00,51.66372461865342,49.238373,55.550903,36.730877,49.238373,Bi-LSTM
2025-08-27 20:00:00,49.72812486936641,47.715763,59.946285,38.86518,47.715763,Bi-LSTM
2025-08-27 21:00:00,45.42441704869291,45.24908,57.96315,40.353413,45.24908,Bi-LSTM
2025-08-27 22:00:00,46.33770537376424,45.80384,55.54177,43.213696,45.80384,Bi-LSTM
2025-08-27 23:00:00,44.34232435375458,47.50369,52.046005,45.338543,47.50369,Bi-LSTM
2025-08-28 00:00:00,44.699665109316335,48.438297,47.7373,47.231335,48.438297,Bi-LSTM
2025-08-28 01:00:00,45.24950754642484,48.663116,44.86561,48.82677,48.663116,Bi-LSTM
2025-08-28 02:00:00,44.66486557324717,48.903362,45.486275,50.240265,48.903362,Bi-LSTM
2025-08-28 03:00:00,46.02436162531367,49.786568,48.684605,56.33639,49.786568,Bi-LSTM
2025-08-28 04:00:00,45.03242586553117,51.84399,55.11191,69.61121,51.84399,Bi-LSTM
2025-08-28 05:00:00,47.93137841423367,55.69695,65.856,83.37626,55.69695,Bi-LSTM
2025-08-28 06:00:00,81.63938432435192,79.89095,80.64857,97.55791,79.89095,Bi-LSTM
2025-08-28 07:00:00,102.69688668971324,133.03426,97.54563,111.764824,133.03426,Bi-LSTM
2025-08-28 08:00:00,157.2631158232675,161.29784,116.76659,125.22103,161.29784,Bi-LSTM
2025-08-28 09:00:00,150.91362488518084,151.48528,133.93666,136.2972,151.48528,Bi-LSTM
2025-08-28 10:00:00,134.51705872019,131.74828,147.76514,143.8354,131.74828,Bi-LSTM
2025-08-28 11:00:00,121.02793091535666,116.011215,156.15698,146.39757,116.011215,Bi-LSTM
2025-08-28 12:00:00,115.62805595000584,108.113754,161.05212,143.32831,108.113754,Bi-LSTM
2025-08-28 13:00:00,111.69422626495184,106.80423,155.14247,139.65747,106.80423,Bi-LSTM
2025-08-28 14:00:00,89.82383263111109,105.52803,137.53557,130.6358,105.52803,Bi-LSTM
2025-08-28 15:00:00,84.02874773740776,100.84376,116.85809,116.92449,100.84376,Bi-LSTM
2025-08-28 16:00:00,72.51491954922675,93.40346,93.52128,99.98459,93.40346,Bi-LSTM
2025-08-28 17:00:00,56.108681028088,63.097973,77.852875,78.68477,63.097973,Bi-LSTM
2025-08-28 18:00:00,54.58211749792108,52.251663,63.224285,55.939045,52.251663,Bi-LSTM
2025-08-28 19:00:00,49.60704298317425,50.540848,49.721367,36.351524,50.540848,Bi-LSTM
2025-08-28 20:00:00,49.589783261219765,49.76399,58.361984,40.279163,49.76399,Bi-LSTM
2025-08-28 21:00:00,50.76198247323434,47.90478,56.92591,42.729225,47.90478,Bi-LSTM
2025-08-28 22:00:00,49.39277629057566,48.153397,54.69543,45.827904,48.153397,Bi-LSTM
2025-08-28 23:00:00,50.76159705221658,49.799637,52.42994,48.70094,49.799637,Bi-LSTM
2025-08-29 00:00:00,49.696997779111086,51.00577,50.252377,51.817116,51.00577,Bi-LSTM
2025-08-29 01:00:00,51.45769529541325,51.54154,49.390926,54.30875,51.54154,Bi-LSTM
2025-08-29 02:00:00,50.469567934672085,52.13182,50.20549,56.16788,52.13182,Bi-LSTM
2025-08-29 03:00:00,50.20285238325599,53.47621,53.17515,57.799316,53.47621,Bi-LSTM
2025-08-29 04:00:00,50.387970690926,56.158,57.982048,61.36467,56.158,Bi-LSTM
2025-08-29 05:00:00,53.48251650234075,60.923695,64.20688,69.3897,60.923695,Bi-LSTM
2025-08-29 06:00:00,77.06057804326217,82.61518,72.08618,81.734406,82.61518,Bi-LSTM
2025-08-29 07:00:00,99.12692172747718,134.00858,84.308235,94.07025,134.00858,Bi-LSTM
2025-08-29 08:00:00,132.77356419464,160.0154,98.952065,105.49332,160.0154,Bi-LSTM
2025-08-29 09:00:00,125.1871684839325,149.89755,114.34902,114.585655,149.89755,Bi-LSTM
2025-08-29 10:00:00,114.6537351012225,130.78752,126.6248,120.01307,130.78752,Bi-LSTM
2025-08-29 11:00:00,114.908589502175,113.62575,135.10068,120.94628,113.62575,Bi-LSTM
2025-08-29 12:00:00,108.67870819568748,102.07882,138.88011,116.92699,102.07882,Bi-LSTM
2025-08-29 13:00:00,96.34127769867634,95.730515,135.2425,111.30625,95.730515,Bi-LSTM
2025-08-29 14:00:00,91.66574150323866,92.404686,123.42576,103.21574,92.404686,Bi-LSTM
2025-08-29 15:00:00,79.17228622237833,89.64025,110.63264,88.998535,89.64025,Bi-LSTM
2025-08-29 16:00:00,73.64504903554901,81.939285,96.33261,70.46933,81.939285,Bi-LSTM
2025-08-29 17:00:00,54.25925271709757,59.13308,82.19343,51.636917,59.13308,Bi-LSTM
2025-08-29 18:00:00,49.915071584284334,56.045013,67.92418,37.572918,56.045013,Bi-LSTM
2025-08-29 19:00:00,55.69366936882359,54.924408,59.254623,28.528423,54.924408,Bi-LSTM
2025-08-29 20:00:00,58.17936371266825,50.272415,52.217865,38.633835,50.272415,Bi-LSTM
2025-08-29 21:00:00,65.10431960473458,50.74872,47.20517,40.464096,50.74872,Bi-LSTM
2025-08-29 22:00:00,63.50948961327467,51.942905,42.48724,44.37108,51.942905,Bi-LSTM
2025-08-29 23:00:00,63.54223698377601,53.9107,41.82525,48.046165,53.9107,Bi-LSTM
2025-08-30 00:00:00,64.40501849850024,55.396114,40.884502,51.706078,55.396114,Bi-LSTM
2025-08-30 01:00:00,61.79643017550308,55.95005,38.96287,54.701653,55.95005,Bi-LSTM
2025-08-30 02:00:00,58.27496073146667,55.900417,38.83221,56.953957,55.900417,Bi-LSTM
2025-08-30 03:00:00,57.50291190048041,55.62552,39.91903,58.532562,55.62552,Bi-LSTM
2025-08-30 04:00:00,59.857867812117085,55.410618,41.102077,59.564465,55.410618,Bi-LSTM
2025-08-30 05:00:00,59.31384155650934,55.345284,42.31202,60.160416,55.345284,Bi-LSTM
2025-08-30 06:00:00,60.96837135132708,55.447506,43.409153,61.562378,55.447506,Bi-LSTM
2025-08-30 07:00:00,56.89979596063491,55.69003,44.451378,63.578403,55.69003,Bi-LSTM
2025-08-30 08:00:00,51.09180071949959,52.22859,45.416904,64.919586,52.22859,Bi-LSTM
2025-08-30 09:00:00,51.79317283630366,48.455597,45.813343,70.362404,48.455597,Bi-LSTM
2025-08-30 10:00:00,50.37643913427999,43.73047,45.501827,74.352615,43.73047,Bi-LSTM
2025-08-30 11:00:00,47.68371647596367,40.318813,44.494648,75.09829,40.318813,Bi-LSTM
2025-08-30 12:00:00,41.52234045664475,39.27052,43.023476,72.205086,39.27052,Bi-LSTM
2025-08-30 13:00:00,39.20474783579508,39.305283,43.694225,65.67497,39.305283,Bi-LSTM
2025-08-30 14:00:00,40.170043468475335,40.171005,44.62563,56.043243,40.171005,Bi-LSTM
2025-08-30 15:00:00,37.72934419578967,41.604202,44.743885,48.0965,41.604202,Bi-LSTM
2025-08-30 16:00:00,34.89664622715543,43.63511,44.357674,42.092667,43.63511,Bi-LSTM
2025-08-30 17:00:00,33.7054333925249,46.379116,43.502064,37.8045,46.379116,Bi-LSTM
2025-08-30 18:00:00,45.17814492517066,49.85225,42.314323,33.062893,49.85225,Bi-LSTM
2025-08-30 19:00:00,53.94523959755899,52.4359,40.9596,27.63996,52.4359,Bi-LSTM
2025-08-30 20:00:00,61.712286689064825,47.796383,48.13753,31.890806,47.796383,Bi-LSTM
2025-08-30 21:00:00,65.0150618751845,50.09443,40.39992,36.47215,50.09443,Bi-LSTM
2025-08-30 22:00:00,66.50176920132209,51.27199,36.155075,40.814827,51.27199,Bi-LSTM
2025-08-30 23:00:00,70.1669716184791,52.222927,34.273373,44.584965,52.222927,Bi-LSTM
2025-08-31 00:00:00,68.55576119422919,52.072403,32.17988,47.593952,52.072403,Bi-LSTM
2025-08-31 01:00:00,65.77089127898225,52.453854,33.714897,49.71854,52.453854,Bi-LSTM
2025-08-31 03:00:00,52.75241245826066,50.977707,37.509266,51.79002,50.977707,Bi-LSTM
2025-08-31 04:00:00,50.20821229616788,49.657963,39.6704,52.100983,49.657963,Bi-LSTM
2025-08-31 05:00:00,46.9767011478545,48.320053,41.82032,52.07271,48.320053,Bi-LSTM
2025-08-31 06:00:00,47.72316757051478,47.209335,44.24397,51.856766,47.209335,Bi-LSTM
2025-08-31 07:00:00,42.48433523997664,46.497543,47.18108,52.462006,46.497543,Bi-LSTM
2025-08-31 08:00:00,38.16431549522622,45.661545,52.476547,54.05247,45.661545,Bi-LSTM
2025-08-31 09:00:00,38.710310846567126,43.62166,57.02121,56.475693,43.62166,Bi-LSTM
2025-08-31 10:00:00,40.083569248517335,42.483818,60.60399,61.131634,42.483818,Bi-LSTM
2025-08-31 11:00:00,37.342779648304,41.93891,63.475792,62.770317,41.93891,Bi-LSTM
2025-08-31 12:00:00,33.297702598571696,41.73249,64.14795,61.44801,41.73249,Bi-LSTM
2025-08-31 13:00:00,32.22016595469577,41.656075,62.549286,57.15399,41.656075,Bi-LSTM
2025-08-31 14:00:00,30.86188846826541,41.551193,58.80216,50.186176,41.551193,Bi-LSTM
2025-08-31 15:00:00,27.841053830252665,41.58922,53.16901,43.69665,41.58922,Bi-LSTM
2025-08-31 16:00:00,26.206833308393364,41.92225,47.2322,39.37416,41.92225,Bi-LSTM
2025-08-31 17:00:00,25.44035413048482,42.81399,45.304653,36.028915,42.81399,Bi-LSTM
2025-08-31 18:00:00,36.08938807790927,44.501427,44.10952,31.761982,44.501427,Bi-LSTM
2025-08-31 19:00:00,42.834864401155,45.17943,43.09864,25.925207,45.17943,Bi-LSTM
2025-08-31 20:00:00,43.26903118599537,48.39845,52.0139,34.58054,48.39845,Bi-LSTM
2025-08-31 21:00:00,45.195014918844,46.903805,46.43257,36.01825,46.903805,Bi-LSTM
2025-08-31 22:00:00,43.97850603527489,47.630726,42.680775,40.201992,47.630726,Bi-LSTM
2025-08-31 23:00:00,45.6346136987209,49.8176,40.758587,43.372612,49.8176,Bi-LSTM
2025-09-01 00:00:00,47.0077088296414,51.012268,40.15229,45.127316,51.012268,Bi-LSTM
2025-09-01 01:00:00,46.39413597848678,51.001263,41.88456,46.11357,51.001263,Bi-LSTM
2025-09-01 02:00:00,47.33492552150372,50.573654,48.05457,46.5515,50.573654,Bi-LSTM
2025-09-01 03:00:00,55.98000905343457,50.5601,55.413895,46.607357,50.5601,Bi-LSTM
2025-09-01 04:00:00,55.09727156758301,51.683517,65.52033,51.18321,51.683517,Bi-LSTM
2025-09-01 05:00:00,57.97177926983157,54.46363,78.884514,57.022907,54.46363,Bi-LSTM
2025-09-01 07:00:00,130.6228414211,105.84149,106.88124,86.32511,105.84149,Bi-LSTM
2025-09-01 08:00:00,186.3962367657909,146.84358,120.50384,100.485916,146.84358,Bi-LSTM
2025-09-01 09:00:00,210.83162725499415,146.67743,132.58662,111.79626,146.67743,Bi-LSTM
2025-09-01 10:00:00,185.1158516108989,137.56679,141.54593,118.86776,137.56679,Bi-LSTM
2025-09-01 11:00:00,158.618924093245,125.40849,153.38132,120.46347,125.40849,Bi-LSTM
2025-09-01 13:00:00,128.41331126473273,109.33124,162.94342,109.42849,109.33124,Bi-LSTM
2025-09-01 14:00:00,102.66409320301634,106.462074,151.18234,100.25238,106.462074,Bi-LSTM
2025-09-01 16:00:00,76.70537702739237,95.63858,117.70707,74.02468,95.63858,Bi-LSTM
2025-09-01 17:00:00,56.36840404404522,73.20833,102.01489,59.800907,73.20833,Bi-LSTM
2025-09-01 19:00:00,47.335087158850286,50.82384,71.40936,36.116634,50.82384,Bi-LSTM
2025-09-01 20:00:00,45.0399066074329,50.65001,56.7511,42.802536,50.65001,Bi-LSTM
2025-09-01 21:00:00,45.39387245972944,49.376,53.044746,37.196686,49.376,Bi-LSTM
2025-09-01 22:00:00,46.13405907154088,49.72492,50.334232,39.98792,49.72492,Bi-LSTM
2025-09-01 23:00:00,46.7370350420475,50.497528,50.079483,42.05201,50.497528,Bi-LSTM
2025-09-02 00:00:00,46.87127842754138,50.16594,50.64134,42.882267,50.16594,Bi-LSTM
2025-09-02 01:00:00,46.6763121068478,49.47709,52.420654,43.9294,49.47709,Bi-LSTM
2025-09-02 02:00:00,49.00914438565578,49.139355,56.325417,46.825024,49.139355,Bi-LSTM
2025-09-02 03:00:00,48.1644115507603,49.695164,65.330444,50.11955,49.695164,Bi-LSTM
2025-09-02 04:00:00,48.45874000340725,51.372,76.55069,62.299034,51.372,Bi-LSTM
2025-09-02 05:00:00,57.6687948703765,54.574867,89.548615,78.70272,54.574867,Bi-LSTM
2025-09-02 07:00:00,141.633842896204,119.224075,118.8758,113.1788,119.224075,Bi-LSTM
2025-09-02 08:00:00,212.3895457992325,144.96051,136.49553,129.84271,144.96051,Bi-LSTM
2025-09-02 09:00:00,212.420034730434,141.8465,163.30292,143.163,141.8465,Bi-LSTM
2025-09-02 10:00:00,184.685504591465,133.32552,185.24298,151.97038,133.32552,Bi-LSTM
2025-09-02 11:00:00,160.28109344569,126.29607,197.99162,157.27333,126.29607,Bi-LSTM
2025-09-02 12:00:00,143.737211251258,121.72998,201.65346,160.5163,121.72998,Bi-LSTM
2025-09-02 13:00:00,131.573502802848,120.82238,196.55536,157.1224,120.82238,Bi-LSTM
2025-09-02 14:00:00,115.547287726401,119.92845,180.29694,148.00072,119.92845,Bi-LSTM
2025-09-02 15:00:00,93.5502807855607,113.818924,154.25958,134.9078,113.818924,Bi-LSTM
2025-09-02 16:00:00,80.00990150191572,103.822784,121.835884,118.59944,103.822784,Bi-LSTM
2025-09-02 17:00:00,63.17091539773073,70.43405,102.780106,100.245995,70.43405,Bi-LSTM
2025-09-02 18:00:00,51.74388555354545,57.156563,86.04257,80.0141,57.156563,Bi-LSTM
2025-09-02 19:00:00,47.2096397191286,54.549706,70.99567,57.07613,54.549706,Bi-LSTM
2025-09-02 20:00:00,43.87352257221937,49.892437,59.208626,44.69967,49.892437,Bi-LSTM
2025-09-02 21:00:00,48.92638625039,47.987015,55.998505,40.037968,47.987015,Bi-LSTM
2025-09-02 23:00:00,46.48201439115744,49.42071,49.13881,39.70022,49.42071,Bi-LSTM
2025-09-03 00:00:00,47.743955658541886,49.46569,48.266716,40.70256,49.46569,Bi-LSTM
2025-09-03 01:00:00,46.45199096865122,49.005844,48.32629,41.38248,49.005844,Bi-LSTM
2025-09-03 03:00:00,47.09812336618237,48.97757,57.566063,39.903896,48.97757,Bi-LSTM
2025-09-03 04:00:00,47.39475124532528,50.055847,67.19437,53.339554,50.055847,Bi-LSTM
2025-09-03 05:00:00,52.542753338813625,52.29152,78.8011,68.7173,52.29152,Bi-LSTM
2025-09-03 06:00:00,90.1522995203733,67.78633,92.15735,86.25494,67.78633,Bi-LSTM
2025-09-03 07:00:00,135.13138356974136,114.742714,106.81961,103.77666,114.742714,Bi-LSTM
2025-09-03 08:00:00,196.521229220555,128.82133,123.837006,120.47384,128.82133,Bi-LSTM
2025-09-03 09:00:00,202.48370346758225,131.94264,137.73283,134.40688,131.94264,Bi-LSTM
2025-09-03 10:00:00,161.05922305583888,128.70802,153.61713,143.6093,128.70802,Bi-LSTM
2025-09-03 13:00:00,110.1784907341,126.79528,170.49217,154.41592,126.79528,Bi-LSTM
2025-09-03 14:00:00,98.0150969982148,124.66957,155.08647,147.51987,124.66957,Bi-LSTM
2025-09-03 15:00:00,90.02882525053882,118.58441,130.0341,135.09085,118.58441,Bi-LSTM
2025-09-03 16:00:00,72.47906930446621,106.37612,107.45707,116.95581,106.37612,Bi-LSTM
2025-09-03 17:00:00,57.47108474671839,71.346375,85.20878,96.25215,71.346375,Bi-LSTM
2025-09-03 18:00:00,54.55724453113301,56.410053,70.42041,74.80401,56.410053,Bi-LSTM
2025-09-03 19:00:00,48.79012233515575,53.595425,61.527008,54.61869,53.595425,Bi-LSTM
