timestamp,actual,predicted_rf,predicted_xgb,predicted_persist,predicted_best,best_model
2025-05-19 14:00:00,116.33706951141666,117.60506012079709,117.12719384300622,55.59339498480167,117.12719384300622,XGBoost
2025-05-19 15:00:00,97.83002324899083,119.59306329335944,114.46132149049681,56.06153942892967,114.46132149049681,XGBoost
2025-05-19 18:00:00,58.058432940925854,46.54834476728386,46.557163549631206,45.17528925623214,46.557163549631206,XGBoost
2025-05-19 19:00:00,53.072092987597,45.99672952106835,46.32552474115539,40.74008229374888,46.32552474115539,XGBoost
2025-05-19 20:00:00,57.460667747259194,46.25934851189429,46.066697443797,40.3052842140198,46.066697443797,XGBoost
2025-05-19 21:00:00,54.3409470140934,47.00999784451561,46.352033395037026,39.861406230926605,46.352033395037026,XGBoost
2025-05-19 22:00:00,57.038128923624626,44.079309814937666,41.532626080820314,34.27753807604312,41.532626080820314,XGBoost
2025-05-19 23:00:00,57.423771550258,37.101576466133785,41.57469573819687,31.587385137875998,41.57469573819687,XGBoost
2025-05-20 00:00:00,57.626818815867004,36.98165686228795,44.71498567304994,32.505583710140556,44.71498567304994,XGBoost
2025-05-20 01:00:00,58.256892281770796,32.050516896968325,40.71780857344071,28.3664642155171,40.71780857344071,XGBoost
2025-05-20 02:00:00,59.50204168632637,51.04638774357284,50.519328561724514,44.11345466971412,50.519328561724514,XGBoost
2025-05-20 03:00:00,58.732266720384246,53.7242577682572,53.22913661770081,49.30655359849337,53.22913661770081,XGBoost
2025-05-20 04:00:00,58.981009658426125,54.110231139551004,54.926662591992965,51.67925783619275,54.926662591992965,XGBoost
2025-05-20 05:00:00,62.81353875994677,56.129482905152784,65.08084561244897,53.422565675444226,65.08084561244897,XGBoost
2025-05-20 06:00:00,97.00374834984538,99.55824118130472,91.75860247768281,53.84588836133475,91.75860247768281,XGBoost
2025-05-20 07:00:00,150.6154502265989,153.22545495071296,150.37189063215965,48.935969928900334,150.37189063215965,XGBoost
2025-05-20 08:00:00,200.39424358714635,206.99431515002362,208.16551155658345,47.57859449765919,208.16551155658345,XGBoost
2025-05-20 09:00:00,198.12157393991998,201.29999238503203,206.98594871255474,43.8944680909625,206.98594871255474,XGBoost
2025-05-20 10:00:00,181.272546231744,200.90573435276352,198.62690134105517,39.0071584105491,198.62690134105517,XGBoost
2025-05-20 11:00:00,152.92006310820625,130.4947407002258,168.3485622120684,40.81550353765488,168.3485622120684,XGBoost
2025-05-20 12:00:00,138.47430802881752,116.96125710667802,154.3496617323802,38.35761228203775,154.3496617323802,XGBoost
2025-05-20 13:00:00,132.93953027044142,107.66164774536703,137.6722560893474,33.64397425310957,137.6722560893474,XGBoost
2025-05-20 14:00:00,103.50813188552861,99.38620492862512,117.32967128817207,27.0496455311774,117.32967128817207,XGBoost
2025-05-20 15:00:00,90.73017752170615,102.07411354644933,111.99931161460007,27.659817627498,111.99931161460007,XGBoost
2025-05-20 16:00:00,76.3002992073695,94.75726991041488,93.91895977949224,40.5806928326685,93.91895977949224,XGBoost
2025-05-20 17:00:00,59.999883148074105,52.11074591789993,56.0325434216874,44.399058896303096,56.0325434216874,XGBoost
2025-05-20 18:00:00,45.2609484940766,43.293942520421396,48.58910182523364,45.9691904395818,48.58910182523364,XGBoost
2025-05-20 19:00:00,47.86708678801867,45.80340418683331,51.13211073931934,47.332812941736556,51.13211073931934,XGBoost
2025-05-20 20:00:00,47.859035964523,49.4423102020425,49.07008796181135,48.36618500096457,49.07008796181135,XGBoost
2025-05-20 21:00:00,46.72802184149612,49.73557461247786,48.70761244604135,48.8509508408605,48.70761244604135,XGBoost
2025-05-20 22:00:00,46.99693092703787,50.00255147085066,49.34847216015553,53.70243054628375,49.34847216015553,XGBoost
2025-05-20 23:00:00,49.555930607020876,51.472152183420576,53.35225156211954,125.73655462265087,53.35225156211954,XGBoost
2025-05-21 00:00:00,48.767570367455406,50.81905332385132,53.27404186717913,189.819161626698,53.27404186717913,XGBoost
2025-05-21 01:00:00,49.44566788727591,51.8026981661864,52.525297633276516,173.15888695554182,52.525297633276516,XGBoost
2025-05-21 02:00:00,49.3956763520835,56.01928287125601,52.23069711520102,146.01629948616,52.23069711520102,XGBoost
2025-05-21 03:00:00,50.2447776682675,54.22967516060433,53.017652444069185,119.883923456074,53.017652444069185,XGBoost
2025-05-21 04:00:00,50.26949831346678,54.86341701127965,53.44183692361284,86.41159538427989,53.44183692361284,XGBoost
2025-05-21 05:00:00,55.604682779974446,59.10427192987181,58.96644088938025,59.75192037224767,58.96644088938025,XGBoost
2025-05-21 06:00:00,91.45698744910113,88.34180160119386,81.05992828403154,53.42870745488572,81.05992828403154,XGBoost
2025-05-21 07:00:00,153.1776397228225,140.17482363019235,118.72374603996212,55.87420433759687,118.72374603996212,XGBoost
2025-05-21 08:00:00,192.70506374402365,187.6736022357195,157.06594856849867,56.26320565559645,157.06594856849867,XGBoost
2025-05-21 09:00:00,193.98852927982875,161.5894071987908,139.57540042819093,57.92014505714175,139.57540042819093,XGBoost
2025-05-21 10:00:00,169.6467867344625,109.45297978245713,110.88587818689608,57.610990218818124,110.88587818689608,XGBoost
2025-05-21 11:00:00,146.81319157282667,106.09003472627583,115.0571675111713,57.94134196639077,115.0571675111713,XGBoost
2025-05-21 12:00:00,129.72646815436286,111.91063409324569,119.40021767104824,60.72085779798871,119.40021767104824,XGBoost
2025-05-21 13:00:00,119.09813043806334,129.85741581105776,135.06758524315484,58.284944680829895,135.06758524315484,XGBoost
2025-05-21 14:00:00,88.5464693546296,123.30121748744958,127.83964820645993,59.17449694275861,127.83964820645993,XGBoost
2025-05-21 15:00:00,78.25524318218233,106.93351441373,107.69646178762048,60.309015234311495,107.69646178762048,XGBoost
2025-05-21 16:00:00,64.82296560207983,86.66598090992987,89.3425142160973,80.37070621053367,89.3425142160973,XGBoost
2025-05-21 17:00:00,58.33895409107214,52.822099355301354,59.54608369803509,100.45858242256186,59.54608369803509,XGBoost
2025-05-21 18:00:00,44.28754231333733,52.28690998974157,50.257121862546065,147.20760769645332,50.257121862546065,XGBoost
2025-05-21 19:00:00,42.4914287209512,52.96608061282568,50.764740396114846,176.206875538828,50.764740396114846,XGBoost
2025-05-21 20:00:00,47.93739091977475,49.83043796960544,49.118426070133005,197.0086910575625,49.118426070133005,XGBoost
2025-05-21 21:00:00,46.375064942571775,49.913693351541404,48.39035701221843,207.16821801662445,48.39035701221843,XGBoost
2025-05-21 22:00:00,45.74671707053967,48.09657405605534,49.50942489759964,185.71467506885335,49.50942489759964,XGBoost
2025-05-21 23:00:00,45.277121524016,47.34038345762389,50.342111929925544,176.49354940652665,50.342111929925544,XGBoost
2025-05-22 00:00:00,47.476113833487005,48.06852072386063,51.52053900992587,167.20168276131,51.52053900992587,XGBoost
2025-05-22 01:00:00,47.368452821459,48.28492226111104,51.64732742121839,148.05662100655715,51.64732742121839,XGBoost
2025-05-22 02:00:00,47.679539974246715,48.04093885866266,50.807353794642076,138.65424518925857,50.807353794642076,XGBoost
2025-05-22 03:00:00,47.8322353313365,48.36916963224602,51.92985331750606,135.865938981375,51.92985331750606,XGBoost
2025-05-22 04:00:00,47.25709504634138,48.35106539221803,55.73358195917574,108.5872874557975,55.73358195917574,XGBoost
2025-05-22 05:00:00,52.503918418660625,50.23325664230083,59.64514484616065,92.04468204081113,59.64514484616065,XGBoost
2025-05-22 06:00:00,89.41292137652637,79.08877595926906,73.20151071812096,79.78995984792712,73.20151071812096,XGBoost
2025-05-22 07:00:00,136.89047985076908,117.35205836862099,113.30006719424041,59.999883148074105,113.30006719424041,XGBoost
2025-05-22 09:00:00,186.14281749725401,113.75828080425086,130.52760412925903,44.11654894948,130.52760412925903,XGBoost
2025-05-22 10:00:00,125.818416782786,118.3675853519197,131.7416490744715,47.44595152565428,131.7416490744715,XGBoost
2025-05-22 11:00:00,132.843966388702,110.3427427755101,133.24765154506278,49.741411453485604,133.24765154506278,XGBoost
2025-05-22 12:00:00,87.59094015508725,93.12867543071968,117.76457675072425,46.24707872420525,117.76457675072425,XGBoost
2025-05-22 13:00:00,102.28941707100171,102.72919095504355,120.8987967378644,46.65357344491128,120.8987967378644,XGBoost
2025-05-22 14:00:00,95.3143944144246,101.38097270325363,107.10030450427848,47.470946455001595,107.10030450427848,XGBoost
2025-05-22 15:00:00,71.383604168892,82.28986471797832,93.19568205477519,47.781410266955504,93.19568205477519,XGBoost
2025-05-22 16:00:00,73.75762958824637,93.14359528034612,92.96441113295668,48.758016712963624,92.96441113295668,XGBoost
2025-05-22 17:00:00,54.99086275483886,60.72114277683515,64.53410994280857,49.279211614813,64.53410994280857,XGBoost
2025-05-22 18:00:00,46.315236645937,47.00243135246006,51.59540710094147,49.3326358735562,51.59540710094147,XGBoost
2025-05-22 19:00:00,43.80654885868216,51.15047251120302,54.549286455955006,48.57587496439617,54.549286455955006,XGBoost
2025-05-22 20:00:00,46.931539803743,50.573651644471425,51.54422839079701,50.84755979478325,51.54422839079701,XGBoost
2025-05-22 21:00:00,46.7983412206172,49.65343919120047,49.08840086206857,49.169007384777004,49.08840086206857,XGBoost
2025-05-23 03:00:00,49.19457907974725,53.41276629394513,50.59008352177733,51.73884497582925,50.59008352177733,XGBoost
2025-05-23 04:00:00,49.635412340363,52.34316850490075,50.800904582334,49.833654311796,50.800904582334,XGBoost
2025-05-23 05:00:00,61.196528211236,53.074562571090915,54.03038045092225,52.406460814178004,54.03038045092225,XGBoost
2025-05-23 06:00:00,82.82210034132,81.58750086289095,81.4501848156896,80.321065157652,81.4501848156896,XGBoost
2025-05-23 07:00:00,144.80579057584333,116.12259032428774,113.4560486685063,102.45243605474633,113.4560486685063,XGBoost
2025-05-23 08:00:00,196.738798952102,116.46352579845345,129.3460073657606,161.25539678335,129.3460073657606,XGBoost
2025-05-23 09:00:00,186.0221261467257,126.2941296007839,138.97652723322565,180.00643866402714,138.97652723322565,XGBoost
2025-05-23 10:00:00,143.20091536641127,132.7838504826701,140.045019477738,201.7491492480025,140.045019477738,XGBoost
2025-05-23 11:00:00,119.98914086818833,120.95097134812393,122.05032410147346,193.94532728195335,122.05032410147346,XGBoost
2025-05-23 12:00:00,102.14632550875467,106.34114489180787,114.58767565454157,171.08808964491,114.58767565454157,XGBoost
2025-05-23 13:00:00,90.877053976059,105.60849040081062,115.65240156592274,150.411003311475,115.65240156592274,XGBoost
2025-05-23 15:00:00,78.18121647834775,93.63826455573077,100.4286638905535,128.712261378765,100.4286638905535,XGBoost
2025-05-23 16:00:00,63.54999635616934,85.97672920211478,83.37522010126327,124.58587074279832,83.37522010126327,XGBoost
2025-05-23 17:00:00,48.76245624323667,61.25804471127793,61.8965553277288,106.31778339544984,61.8965553277288,XGBoost
2025-05-23 18:00:00,45.8612759172916,55.61111638133586,57.23956232956907,81.4282548904418,57.23956232956907,XGBoost
2025-05-23 19:00:00,46.53508173674325,60.95718648710556,65.56160304176211,79.6651987433435,65.56160304176211,XGBoost
2025-05-23 20:00:00,52.829554811120005,58.548230606502536,56.93389867026518,69.74995970725999,56.93389867026518,XGBoost
2025-05-23 22:00:00,47.719747707247826,58.3914280651863,56.5199769192477,58.979884604613,56.5199769192477,XGBoost
2025-05-23 23:00:00,49.18998131155975,55.28665272727274,52.58409618638734,46.83899948745975,52.58409618638734,XGBoost
2025-05-24 00:00:00,51.032284259796334,51.7829001295738,48.34889932076492,42.61151875058834,48.34889932076492,XGBoost
2025-05-24 01:00:00,50.05090973774583,49.98868853066569,49.076667795417286,45.53368843098483,49.076667795417286,XGBoost
2025-05-24 02:00:00,49.32447990402575,51.3873396089423,51.57722280352308,48.531108599156,51.57722280352308,XGBoost
2025-05-24 03:00:00,49.81976037555289,49.57984088298143,48.14956282069744,45.110340671406775,48.14956282069744,XGBoost
2025-05-24 04:00:00,45.1557716677585,50.38794990597217,48.335841047906946,46.078060309092166,48.335841047906946,XGBoost
2025-05-24 05:00:00,47.509553873539,50.22543918052732,49.6606077190756,47.910912168026,49.6606077190756,XGBoost
2025-05-24 06:00:00,49.2833110702535,50.70756763064994,54.38452543057312,47.008727371692494,54.38452543057312,XGBoost
2025-05-24 07:00:00,42.76749266187367,54.56759129462059,49.87718941885455,47.73771647612267,49.87718941885455,XGBoost
2025-05-24 08:00:00,28.69054909050475,43.16997793865796,43.21606963928329,47.687054812908,43.21606963928329,XGBoost
2025-05-24 09:00:00,34.818349480628754,39.64107612450436,39.73509047550401,48.224323876202,39.73509047550401,XGBoost
2025-05-24 10:00:00,44.15195928514,40.42670025053442,36.82783116448151,47.11987645924088,36.82783116448151,XGBoost
2025-05-24 11:00:00,41.3593572616578,42.0788138033505,35.63323066508826,48.0989762723444,35.63323066508826,XGBoost
2025-05-24 12:00:00,54.2000872612,54.65933101290932,50.42706695925608,62.40407229512921,50.42706695925608,XGBoost
2025-05-24 13:00:00,35.729803912341495,43.86949067469314,40.70202993206482,85.7538549266755,40.70202993206482,XGBoost
2025-05-24 15:00:00,38.21503849327561,43.041817226906694,41.452314552919205,94.78627223968519,41.452314552919205,XGBoost
2025-05-24 16:00:00,32.828368028005,38.42771868130698,38.44904018843692,134.48570402463335,38.44904018843692,XGBoost
2025-05-24 17:00:00,32.073925336202,39.629899171003046,41.03190476318424,153.88985367616,41.03190476318424,XGBoost
2025-05-24 18:00:00,38.5756646752356,53.288777344844924,52.347272753757046,161.92810935974,52.347272753757046,XGBoost
2025-05-24 19:00:00,43.88499583800634,53.47845405591668,50.37600164279737,179.74286941687333,50.37600164279737,XGBoost
2025-05-24 20:00:00,43.5858474612236,54.89852581646435,52.68381009387868,176.354954719544,52.68381009387868,XGBoost
2025-05-24 21:00:00,45.637641936540504,54.615426890246326,54.790567220381476,120.460839956998,54.790567220381476,XGBoost
2025-05-24 22:00:00,45.5187868714332,53.76613043798333,51.90208554373775,133.16046772003,51.90208554373775,XGBoost
2025-05-24 23:00:00,45.88101146050857,49.35270218107558,50.43065379952505,97.65794742532987,50.43065379952505,XGBoost
2025-05-25 00:00:00,45.89563200871134,48.384699215757244,50.33458294917228,102.47470912337366,50.33458294917228,XGBoost
2025-05-25 01:00:00,44.3698140621184,48.298478856526245,47.624696447564176,95.3143944144246,47.624696447564176,XGBoost
2025-05-25 02:00:00,44.16264856606725,48.93038251527397,48.712239538384516,72.45304071903237,48.712239538384516,XGBoost
2025-05-25 03:00:00,41.54299160838138,47.26424502331809,47.473737503621734,69.33728647418324,47.473737503621734,XGBoost
2025-05-25 04:00:00,41.58298260825014,46.64504750048122,45.40021163094236,52.05155647652486,45.40021163094236,XGBoost
2025-05-25 05:00:00,43.22009406983875,46.26488472806877,45.23436025199044,44.58769447356475,45.23436025199044,XGBoost
2025-05-25 06:00:00,41.4977077394725,54.98782610087125,47.64412996542049,42.59064419567575,47.64412996542049,XGBoost
2025-05-25 07:00:00,30.969659721479,43.00119731218185,42.11786979187801,47.7984231263395,42.11786979187801,XGBoost
2025-05-25 08:00:00,28.075704574585252,34.48240304536081,37.40094985071387,46.393879637122,37.40094985071387,XGBoost
2025-05-25 09:00:00,31.479965229829332,35.16469546508057,34.23114305948911,46.44846318165467,34.23114305948911,XGBoost
2025-05-25 10:00:00,38.17277749379466,38.89042272354451,33.661254293400596,47.02592818625266,33.661254293400596,XGBoost
2025-05-25 11:00:00,33.8314870357512,44.60600011302329,41.2670393498569,49.238296586275204,41.2670393498569,XGBoost
2025-05-25 12:00:00,39.01052419344567,50.316085249358196,53.665066493209174,49.493435253699666,53.665066493209174,XGBoost
2025-05-25 15:00:00,22.3476508855818,50.57814818504279,46.18819013854973,69.20365110784775,46.18819013854973,XGBoost
2025-05-25 16:00:00,26.209798404148632,38.40897976966816,34.04553876618057,105.937699043325,34.04553876618057,XGBoost
2025-05-25 17:00:00,28.182005226612166,45.25304185946405,40.868025688691446,168.75749890009666,40.868025688691446,XGBoost
2025-05-25 18:00:00,37.30443537235275,48.464660015863565,50.94711074093243,212.32365792989748,50.94711074093243,XGBoost
2025-05-25 19:00:00,42.29561110337567,51.250987482541824,50.9654664188076,177.57249764601332,50.9654664188076,XGBoost
2025-05-25 20:00:00,42.644595255454334,49.947904384100404,50.10199450071945,139.28895189364835,50.10199450071945,XGBoost
2025-05-25 21:00:00,42.84150080879517,49.26854121104535,51.999003066944056,123.02054508527165,51.999003066944056,XGBoost
2025-05-25 22:00:00,44.46169314781816,48.5056062772963,49.232663308901415,102.52584624290633,49.232663308901415,XGBoost
2025-05-25 23:00:00,43.8658004760744,49.16855933849189,50.06477017353361,94.749709939957,50.06477017353361,XGBoost
2025-05-26 00:00:00,44.269944761480716,50.73783293771289,49.51085410372944,84.21709040233057,49.51085410372944,XGBoost
2025-05-26 01:00:00,44.996283778122425,49.16997460871187,48.14524340407869,77.93541189602443,48.14524340407869,XGBoost
2025-05-26 03:00:00,43.28397788604084,47.968606775605195,45.48099481829369,46.92042323450233,45.48099481829369,XGBoost
2025-05-26 04:00:00,43.05963155627225,48.56979332174032,45.106992144406526,46.65100178867575,45.106992144406526,XGBoost
2025-05-26 05:00:00,44.093376651406246,47.0689402065705,49.89591617606639,46.53508173674325,49.89591617606639,XGBoost
2025-05-26 06:00:00,46.3657621860506,77.63208415974599,73.72813241351017,50.3652904033662,73.72813241351017,XGBoost
2025-05-26 07:00:00,53.593320146203,86.66885866351802,75.30507068265578,46.77153067290775,75.30507068265578,XGBoost
2025-05-26 08:00:00,90.22011311817937,100.07062201487423,83.25904467042191,48.92275653034463,83.25904467042191,XGBoost
2025-05-26 09:00:00,111.71846514940334,93.33486814122142,99.8421635494705,50.92531781395267,99.8421635494705,XGBoost
2025-05-26 10:00:00,113.780639807385,89.69665319739464,99.38304271533663,49.28694206972917,99.38304271533663,XGBoost
2025-05-26 11:00:00,118.950570440292,85.4345055172973,98.86155991379124,49.723901939392,98.86155991379124,XGBoost
2025-05-26 12:00:00,121.504948318005,87.6190101799202,116.79313844467916,49.837539598346,116.79313844467916,XGBoost
2025-05-26 13:00:00,135.23151504993334,78.39325467017126,115.32810042443579,49.678854693969335,115.32810042443579,XGBoost
2025-05-26 14:00:00,112.65167864163733,99.505450383668,108.42844862737574,49.02125580112167,108.42844862737574,XGBoost
2025-05-26 15:00:00,96.04181917508566,87.71433732582493,98.00811607729543,45.692280133565,98.00811607729543,XGBoost
2025-05-26 16:00:00,77.36823874711975,80.87935258265912,83.63380630204698,45.038998104632,83.63380630204698,XGBoost
2025-05-26 17:00:00,58.1724162191152,50.373461825317406,48.03943223325264,48.3720339477062,48.03943223325264,XGBoost
2025-05-26 18:00:00,49.4069713503125,50.13750039085066,48.29786616251549,48.884477593004746,48.29786616251549,XGBoost
2025-05-26 19:00:00,44.4105685591698,46.39877649381349,45.68111499472262,41.2849376156928,45.68111499472262,XGBoost
2025-05-26 20:00:00,42.410252937248856,43.58532042308848,43.92621096692126,32.20924815109786,43.92621096692126,XGBoost
2025-05-26 21:00:00,43.33275587856775,46.53114933550158,44.94689915908765,45.152789771556755,44.94689915908765,XGBoost
2025-05-26 22:00:00,42.280320191383204,42.868536439971926,42.357638220517984,43.7141653299332,42.357638220517984,XGBoost
2025-05-27 00:00:00,43.15506818039057,41.34551341501648,44.62460242027246,36.407916799187646,44.62460242027246,XGBoost
2025-05-27 01:00:00,42.365446573496,41.58418944219004,45.15380123787045,38.21503849327561,45.15380123787045,XGBoost
2025-05-27 02:00:00,42.61917988955975,35.943633774432215,42.05009636580027,32.39232221245775,42.05009636580027,XGBoost
2025-05-27 03:00:00,42.8352976590395,38.97527847763467,39.74795105937017,35.60202233990017,39.74795105937017,XGBoost
2025-05-27 04:00:00,42.21271690726267,45.90386078222152,45.455094860517185,43.55474852522216,45.455094860517185,XGBoost
2025-05-27 05:00:00,43.73644656936316,46.43795970003908,49.86632282395433,44.91773578524584,49.86632282395433,XGBoost
2025-05-27 06:00:00,57.2197344243526,72.92116007283532,68.17588366712565,45.478398561477604,68.17588366712565,XGBoost
2025-05-27 07:00:00,80.61583283117857,74.05948395821011,80.51593994712184,45.67853835650843,80.51593994712184,XGBoost
2025-05-27 08:00:00,110.97189977765137,98.37122556493753,94.98335240943202,46.19102468341575,94.98335240943202,XGBoost
2025-05-27 09:00:00,134.73049860000398,106.38207479557317,118.52435188310524,43.434890997409795,118.52435188310524,XGBoost
2025-05-27 10:00:00,141.001929193735,103.51214200888163,116.02057106462675,43.694297373295,116.02057106462675,XGBoost
2025-05-27 11:00:00,140.65899785359667,113.22466742758324,123.32830573783849,43.68337507049233,123.32830573783849,XGBoost
2025-05-27 12:00:00,156.34382919470332,132.39642194404055,142.38603451973037,41.026045938333,142.38603451973037,XGBoost
2025-05-27 13:00:00,151.4744866490375,124.62954726281467,135.09615185244047,41.755538120866,135.09615185244047,XGBoost
2025-05-27 14:00:00,133.85784420967,121.27148509938407,130.26240545668685,41.518279981613,130.26240545668685,XGBoost
2025-05-27 15:00:00,123.85896388122,135.59335666094606,135.21248837431156,42.601769515446435,135.21248837431156,XGBoost
2025-05-27 16:00:00,106.1993832826618,135.3842455280081,128.2108523361823,32.9074919030072,128.2108523361823,XGBoost
2025-05-27 17:00:00,71.6179454823335,54.24725465761605,68.87506073387328,27.629466831684336,68.87506073387328,XGBoost
2025-05-27 18:00:00,54.72134207934113,44.00059886654045,48.714888540876416,37.843236386776,48.714888540876416,XGBoost
2025-05-27 19:00:00,46.24550132317973,45.67652385682375,48.95810801552879,38.006033355539365,48.95810801552879,XGBoost
2025-05-27 20:00:00,45.351172361523,44.240301499546035,47.45047289909717,19.94123990833745,47.45047289909717,XGBoost
2025-05-27 21:00:00,45.29121509620099,41.14789878368042,45.563925371784514,28.752174053873286,45.563925371784514,XGBoost
2025-05-27 22:00:00,45.1744284451006,38.057584077500294,43.934199230671055,30.015417027473603,43.934199230671055,XGBoost
2025-05-27 23:00:00,44.062074889739336,49.23570754675901,50.86015548298341,39.566791892052,50.86015548298341,XGBoost
2025-05-28 00:00:00,46.9808872759344,47.051612825670915,47.49250460858683,42.9776050329208,47.49250460858683,XGBoost
2025-05-28 01:00:00,46.41852708160875,48.635098808012636,45.92411334350645,41.48689144849775,45.92411334350645,XGBoost
2025-05-28 02:00:00,44.11518105864525,50.32485147485591,47.79922102926834,42.3631355315445,47.79922102926834,XGBoost
2025-05-28 03:00:00,45.749857664108504,50.358347790045265,46.96880307059044,43.7153327316045,46.96880307059044,XGBoost
2025-05-28 04:00:00,46.90960218757375,49.982320467172116,47.032116345029024,42.9478283673525,47.032116345029024,XGBoost
2025-05-28 05:00:00,45.333584892750004,51.07670624984213,52.68233705590389,45.2086571216582,52.68233705590389,XGBoost
2025-05-28 06:00:00,82.94352554849199,74.10091694501853,69.74656157630422,44.17490081276229,69.74656157630422,XGBoost
2025-05-28 07:00:00,123.55369347664912,111.47603549487025,107.76720464834705,44.14116968048945,107.76720464834705,XGBoost
2025-05-28 08:00:00,168.62136815488375,114.15788549643271,114.08490125123032,45.311513513326624,114.08490125123032,XGBoost
2025-05-28 09:00:00,189.046654415128,164.0743621649443,152.2626970237486,43.1674335718152,152.2626970237486,XGBoost
2025-05-28 11:00:00,174.98321703502285,143.336842046616,144.89511811721255,45.735345644610284,144.89511811721255,XGBoost
2025-05-28 12:00:00,174.6958930194375,138.26725522468763,147.2202677283761,52.003511570394,147.2202677283761,XGBoost
2025-05-28 13:00:00,166.26077075799,148.87718520559795,156.19634390099986,59.054234703382,156.19634390099986,XGBoost
2025-05-28 14:00:00,136.10650643706,127.23103253531733,141.08394862559635,97.56996756978175,141.08394862559635,XGBoost
2025-05-28 15:00:00,145.50869524479,103.14750989017674,115.75465027226534,103.604111969475,115.75465027226534,XGBoost
2025-05-28 16:00:00,110.81228089332599,105.17837036359755,104.34451203891622,111.71846514940334,104.34451203891622,XGBoost
2025-05-28 18:00:00,56.29306325316425,51.90664069962155,53.92306052696735,115.66098061203999,53.92306052696735,XGBoost
2025-05-28 19:00:00,55.0855050981045,51.56631381429719,53.43542148085289,130.135561923185,53.43542148085289,XGBoost
2025-05-28 20:00:00,51.68344093362484,51.14018045792298,50.954749215588585,104.3467489083615,50.954749215588585,XGBoost
2025-05-28 21:00:00,52.551265811920395,50.510115006124394,50.713734116368705,74.9879754781722,50.713734116368705,XGBoost
2025-05-28 22:00:00,50.363743925094795,50.30728114843915,50.49822563682813,56.6152785271406,50.49822563682813,XGBoost
2025-05-28 23:00:00,51.280123005310664,49.06787602745572,49.43310854722947,46.648883819580334,49.43310854722947,XGBoost
2025-05-29 00:00:00,53.81250859797025,47.41987001649379,46.14854284628524,44.533448010683,46.14854284628524,XGBoost
2025-05-29 01:00:00,51.37043089419625,45.92611483662233,43.20857755647539,42.96583820879475,43.20857755647539,XGBoost
2025-05-29 03:00:00,52.40026171008767,46.30810760309905,43.52344242341559,42.75649766127267,43.52344242341559,XGBoost
2025-05-29 04:00:00,52.94977477937925,46.5714369892793,44.69442541793532,43.33275587856775,44.69442541793532,XGBoost
2025-05-29 05:00:00,54.68445152044317,46.986492268625966,46.7306094342591,42.367535750071,46.7306094342591,XGBoost
2025-05-29 07:00:00,112.07272521654683,110.00966539479424,99.61875758969633,43.53482587138783,99.61875758969633,XGBoost
2025-05-29 08:00:00,173.10755033493,135.2886941898703,120.25336152424843,41.8237554967406,120.25336152424843,XGBoost
2025-05-29 09:00:00,194.19447584152198,110.70869951105492,115.30390929150443,42.8123393952846,115.30390929150443,XGBoost
2025-05-29 10:00:00,148.84420565196288,150.00605318151833,138.65786783472453,42.62528873341429,138.65786783472453,XGBoost
2025-05-29 11:00:00,145.9101250519355,115.95890795357566,126.63233855476814,42.284749890367,126.63233855476814,XGBoost
2025-05-29 12:00:00,133.5233095288275,102.361692839597,119.76283987864979,42.468968860805,119.76283987864979,XGBoost
2025-05-29 15:00:00,96.5300640285014,98.79476908710389,103.41640356007588,75.8420165419574,103.41640356007588,XGBoost
2025-05-29 16:00:00,100.94129617015618,86.28614482047642,88.85534014409103,97.33570285638234,88.85534014409103,XGBoost
2025-05-29 17:00:00,72.5449070073665,63.07314637857657,65.79523903188323,122.215432047845,65.79523903188323,XGBoost
2025-05-29 18:00:00,56.810260267928,49.24917280170198,48.66728209181275,134.52380260824998,48.66728209181275,XGBoost
2025-05-29 19:00:00,54.23596617579475,49.647035264319285,49.731288343267764,134.611589342355,49.731288343267764,XGBoost
2025-05-29 20:00:00,51.279390801986004,50.59316700491348,47.049323686848595,145.20207913716666,47.049323686848595,XGBoost
2025-05-29 21:00:00,49.8839728236198,48.83828074718841,49.09376168355446,142.73380591869198,49.09376168355446,XGBoost
2025-05-29 23:00:00,55.88535572588425,49.19942224948656,51.18633182005123,147.6866620183,51.18633182005123,XGBoost
2025-05-30 00:00:00,53.537409335374605,50.65351911391646,55.51423240352316,127.29829475879401,55.51423240352316,XGBoost
2025-05-30 01:00:00,53.02468311786634,50.5836383859234,54.669014588966284,116.47670209408,54.669014588966284,XGBoost
2025-05-30 02:00:00,55.85522773861875,50.295575248635785,56.688719022945655,114.15505591035,56.688719022945655,XGBoost
2025-05-30 03:00:00,55.02272321922429,51.34302081786798,56.13403272460262,79.35059350728973,56.13403272460262,XGBoost
2025-05-30 04:00:00,57.06020811200156,51.08732401533724,53.2046209328419,56.958137598302336,53.2046209328419,XGBoost
2025-05-30 05:00:00,57.472326308488995,47.14981898282857,49.15705011937617,46.653099661072,49.15705011937617,XGBoost
2025-05-30 06:00:00,94.10804511606716,70.2776758749011,67.04912361007837,45.379449918866165,67.04912361007837,XGBoost
2025-05-30 07:00:00,147.72330680063715,100.70952604945285,99.02315429836275,45.61637085250457,99.02315429836275,XGBoost
2025-05-30 08:00:00,189.41745746135626,127.64695330231433,105.79961701227529,45.103961203247124,105.79961701227529,XGBoost
2025-05-30 09:00:00,183.934704113007,156.45830412690606,138.73033920491434,45.2407441288232,138.73033920491434,XGBoost
2025-05-30 10:00:00,166.33951152695556,138.22947669801943,129.8892567952445,45.78608119487767,129.8892567952445,XGBoost
2025-05-30 11:00:00,141.31143765790142,129.0481141420909,121.63809579901445,45.89735677412586,121.63809579901445,XGBoost
2025-05-30 12:00:00,119.89681680997167,135.82661019062525,129.8949952757007,46.497189924120995,129.8949952757007,XGBoost
2025-05-30 13:00:00,113.30136275291666,106.40822810041034,113.46618090429888,68.74451948205633,113.46618090429888,XGBoost
2025-05-30 14:00:00,96.7451237837475,104.58549104117593,110.03527195239012,82.6719983766475,110.03527195239012,XGBoost
2025-05-30 15:00:00,87.9167930245398,91.1040857691535,104.4173494230105,135.4217025548212,104.4173494230105,XGBoost
2025-05-30 16:00:00,75.62460293088627,80.39747554209694,90.02182261779099,170.20395542894,90.02182261779099,XGBoost
2025-05-30 17:00:00,74.66205838322637,64.00291013880047,63.986862180255166,190.48229676485,63.986862180255166,XGBoost
2025-05-30 18:00:00,65.2950848698616,55.0150490334034,52.682277299231416,178.92589662075198,52.682277299231416,XGBoost
2025-05-30 19:00:00,66.196575164795,56.35256126841899,58.88173460619843,171.50610136985833,58.88173460619843,XGBoost
2025-05-30 20:00:00,70.081215109144,54.6997124949746,58.123128705852324,149.02976257460142,58.123128705852324,XGBoost
2025-05-30 21:00:00,67.20210486277938,57.35836778366078,61.97594080719636,119.486384481192,61.97594080719636,XGBoost
2025-05-30 22:00:00,61.76411482319237,57.541108867858796,57.86243906505454,79.0686482936135,57.86243906505454,XGBoost
2025-05-30 23:00:00,57.74167921021588,57.21691103615451,52.00156222443891,54.582492478191874,52.00156222443891,XGBoost
2025-05-31 00:00:00,57.688231348991394,58.548257048482824,54.34449337973367,51.68080478906641,54.34449337973367,XGBoost
2025-05-31 01:00:00,56.74647040499589,58.46003278254281,54.80217637393278,51.30089060134367,54.80217637393278,XGBoost
2025-05-31 02:00:00,58.956438446045105,54.99847303750985,54.49198616668698,52.511583450436795,54.49198616668698,XGBoost
2025-05-31 03:00:00,57.216651919213184,54.80150411965849,54.94230286198308,53.81209369410181,54.94230286198308,XGBoost
2025-05-31 04:00:00,57.804226693511,57.21150483963962,56.32378268420509,89.0804058253761,56.32378268420509,XGBoost
2025-05-31 05:00:00,58.51913994976457,55.37522013455373,59.389226032559385,164.90190022332285,59.389226032559385,XGBoost
2025-05-31 06:00:00,58.69579121470466,56.00799712296945,65.1167436134905,175.74715423583888,65.1167436134905,XGBoost
2025-05-31 07:00:00,51.94594996422538,57.29550977189404,55.03601190294268,146.50401845201787,55.03601190294268,XGBoost
2025-05-31 08:00:00,47.41184392571437,49.33852816861839,53.95568461031499,127.76684054732337,53.95568461031499,XGBoost
2025-05-31 09:00:00,45.10367502106566,42.357407502508266,45.62669770491651,111.45010096165822,45.62669770491651,XGBoost
2025-05-31 10:00:00,40.792539702521445,40.93211023347432,42.66902520112218,81.33283679518478,42.66902520112218,XGBoost
2025-05-31 11:00:00,40.695137160165004,40.666811508962496,46.751465301484174,56.07793584998158,46.751465301484174,XGBoost
2025-05-31 12:00:00,43.57250687054223,43.46083415714498,48.80502083619974,50.22029707261486,48.80502083619974,XGBoost
2025-05-31 13:00:00,33.4798316657545,40.589395038235814,37.15712822777357,51.49860735237625,37.15712822777357,XGBoost
2025-05-31 14:00:00,38.426032572984624,39.20762801661177,36.9431457932561,54.185980129986746,36.9431457932561,XGBoost
2025-05-31 15:00:00,36.83831434590472,38.72262951223227,37.56790868228369,53.55658317037972,37.56790868228369,XGBoost
2025-05-31 16:00:00,30.0070192173123,36.381257451798305,36.04548582890864,55.1219408780335,36.04548582890864,XGBoost
2025-05-31 17:00:00,33.92828252580445,39.773933987041474,41.1696870908586,57.243132925695996,41.1696870908586,XGBoost
2025-05-31 18:00:00,41.93743456403422,48.60720298088344,47.884093203212636,64.659983923038,47.884093203212636,XGBoost
2025-05-31 19:00:00,49.64025481873089,54.55641117035032,53.022746260423105,122.85865415467167,53.022746260423105,XGBoost
2025-05-31 20:00:00,50.81586312705818,54.93852799785695,55.64152007194991,182.46634386886183,55.64152007194991,XGBoost
2025-05-31 21:00:00,52.37600553780775,57.35090715992413,56.00860574464247,183.63582831621125,56.00860574464247,XGBoost
2025-05-31 22:00:00,52.912541329860545,57.5475281650047,54.549585348402275,166.3680161671209,54.549585348402275,XGBoost
2025-05-31 23:00:00,54.0564024865629,57.355670993510316,53.89622546126177,132.806521785259,53.89622546126177,XGBoost
2025-06-01 00:00:00,56.9375509381293,48.48967186756987,53.3383278074554,106.672875189782,53.3383278074554,XGBoost
2025-06-01 01:00:00,49.58843242873741,49.52801843593232,50.89094906826122,88.0988612174986,50.89094906826122,XGBoost
2025-06-01 02:00:00,49.510676616972184,49.78882002731612,49.72280950631577,72.89650007811454,49.72280950631577,XGBoost
2025-06-01 03:00:00,47.534476590653334,49.83201761266084,48.86849918716042,69.14739362398784,48.86849918716042,XGBoost
2025-06-01 04:00:00,47.59789666202322,49.93098340566806,49.153634909550064,69.16165090269523,49.153634909550064,XGBoost
2025-06-01 05:00:00,47.704891751209885,50.25693008252685,50.85486657749291,66.79770084884433,50.85486657749291,XGBoost
2025-06-01 06:00:00,47.37947282360656,48.39318756934091,49.86470571400211,61.38567627800833,49.86470571400211,XGBoost
2025-06-01 07:00:00,40.958707308396754,43.90091131047816,46.52829110023325,57.207077458500876,46.52829110023325,XGBoost
2025-06-01 08:00:00,38.93152340975673,40.26859872867035,41.33182860756079,57.50856358625681,41.33182860756079,XGBoost
2025-06-01 09:00:00,44.22532135790036,37.24648078421091,44.95861257956018,56.94697119702009,44.95861257956018,XGBoost
2025-06-01 10:00:00,43.38140455159273,40.09048931855657,40.566308980513064,58.317801662466735,40.566308980513064,XGBoost
2025-06-01 11:00:00,42.00515073537825,43.75937917856754,46.17204818740452,58.8504018802195,46.17204818740452,XGBoost
2025-06-01 12:00:00,34.564319065639,46.68786462557457,49.67529706110846,56.519518722381,49.67529706110846,XGBoost
2025-06-01 14:00:00,30.612526694933333,48.193180867446266,44.93309032802406,56.90218471487367,44.93309032802406,XGBoost
2025-06-01 15:00:00,29.070130790983,40.55385344929708,42.49779610733934,59.374556715999574,42.49779610733934,XGBoost
2025-06-01 16:00:00,26.088770389556817,36.91385164311543,36.604648419550486,52.44704475186091,36.604648419550486,XGBoost
2025-06-01 17:00:00,27.139083340764,39.246923985098114,37.72438434045981,47.807739575703835,37.72438434045981,XGBoost
2025-06-01 18:00:00,41.835831557710996,47.181034689838704,43.60527666652522,44.913800915082334,43.60527666652522,XGBoost
2025-06-01 19:00:00,42.534926227161,48.54518542303485,49.22029165495234,45.03542276791171,49.22029165495234,XGBoost
2025-06-01 20:00:00,45.13525989225915,45.926367743862464,44.57220065251893,37.83498791285915,44.57220065251893,XGBoost
2025-06-01 21:00:00,43.927651876210994,48.54141554165011,48.16699544997202,47.0877376556398,48.16699544997202,XGBoost
2025-06-01 22:00:00,44.911499896219716,47.0516668627538,45.91878538304785,40.36157085214337,45.91878538304785,XGBoost
2025-06-01 23:00:00,45.12009036540983,41.16034105134858,41.737243486823736,36.121725896994334,41.737243486823736,XGBoost
2025-06-02 00:00:00,46.71968451568072,46.63920497453249,41.855364566465674,37.675707629748715,41.855364566465674,XGBoost
2025-06-02 01:00:00,45.88288250991271,39.84828573854786,40.57002065435023,36.83831434590472,40.57002065435023,XGBoost
2025-06-02 02:00:00,48.005958532293505,37.56693389769338,36.93582905068449,30.474127511183337,36.93582905068449,XGBoost
2025-06-02 03:00:00,46.73535973685129,42.356527763070325,36.5899382828314,30.326425341623285,36.5899382828314,XGBoost
2025-06-02 04:00:00,47.5118378028275,45.74342575873163,37.31718071534755,34.12671616673475,37.31718071534755,XGBoost
2025-06-02 05:00:00,52.923907319704675,46.95577426729867,44.95241285206098,37.29491041104017,44.95241285206098,XGBoost
2025-06-02 06:00:00,87.03319054841987,76.7750785827488,76.03121324784595,46.84316272661087,76.03121324784595,XGBoost
2025-06-02 07:00:00,144.73749038576892,117.81216213833393,117.9286844124883,50.156795594096295,117.9286844124883,XGBoost
2025-06-02 08:00:00,182.41714824773402,135.49676609039003,137.50815902127914,51.8277634978293,137.50815902127914,XGBoost
2025-06-02 09:00:00,179.418914854528,138.461686761929,151.7731012465935,51.521903145313004,151.7731012465935,XGBoost
2025-06-02 10:00:00,162.17421190653712,141.43353623024413,147.16607634599046,53.391667847122285,147.16607634599046,XGBoost
2025-06-02 11:00:00,134.80955248077666,118.97197759812177,123.2788696906549,53.03370546797917,123.2788696906549,XGBoost
2025-06-02 12:00:00,119.97053980827333,122.6375584940326,115.27648649852607,52.55871145923933,115.27648649852607,XGBoost
2025-06-02 14:00:00,97.516240994137,113.5168348158317,103.84910282547882,55.35398274660133,103.84910282547882,XGBoost
2025-06-02 15:00:00,93.0673491160075,100.51348867557681,95.2955783233207,58.09238307674699,95.2955783233207,XGBoost
2025-06-02 16:00:00,73.65584390504014,87.68122574453919,86.33699683365897,55.111886697156145,86.33699683365897,XGBoost
2025-06-02 17:00:00,51.09286714997125,53.00501814463432,61.44707715664908,47.964588701725,61.44707715664908,XGBoost
2025-06-02 19:00:00,46.85873797110172,52.563457799845985,54.76434396632181,48.74694593889371,54.76434396632181,XGBoost
2025-06-02 20:00:00,44.2467378079892,51.039832464896826,51.0315085812897,50.0794283866882,51.0315085812897,XGBoost
2025-06-02 21:00:00,45.909069322049746,49.513629154295266,50.06495106346086,47.786258194595746,50.06495106346086,XGBoost
2025-06-02 22:00:00,46.8960205376148,49.4949113378251,49.803028748446664,47.6058814227582,49.803028748446664,XGBoost
2025-06-02 23:00:00,45.82134588559467,49.60033668644703,50.22226740339556,47.54425167044,50.22226740339556,XGBoost
2025-06-03 00:00:00,47.20867086734086,49.818136517357814,48.38886240973017,47.150824270078,48.38886240973017,XGBoost
2025-06-03 01:00:00,46.7778450906278,50.14230489434734,49.235740657541115,48.1014129281044,49.235740657541115,XGBoost
2025-06-03 02:00:00,47.1959083229305,50.68049160360801,46.61298358418347,48.9640641361475,46.61298358418347,XGBoost
2025-06-03 03:00:00,47.639666929841,49.51560814489109,45.33344923428035,47.124718517065006,45.33344923428035,XGBoost
2025-06-03 04:00:00,48.06951440870767,49.73876896298964,45.08600741292861,47.183169444402004,45.08600741292861,XGBoost
2025-06-03 06:00:00,82.65350761264575,76.90102550011349,61.80794626187107,39.74298655800525,61.80794626187107,XGBoost
2025-06-03 07:00:00,132.18933545332237,122.17271650366862,110.39414736862946,39.156549334526126,110.39414736862946,XGBoost
2025-06-03 08:00:00,159.5136240550443,126.46289457802708,122.44677945366823,40.50506104741758,122.44677945366823,XGBoost
2025-06-03 09:00:00,158.92080831527832,138.69571269747232,140.22784669711479,44.547301173210165,140.22784669711479,XGBoost
2025-06-03 10:00:00,134.4539770005,140.33373858109184,129.37252122649517,44.92296821730472,129.37252122649517,XGBoost
2025-06-03 11:00:00,110.89398749669333,117.62739641444074,119.02932312408689,42.498792648315664,119.02932312408689,XGBoost
2025-06-03 12:00:00,100.55893699328,121.92470986182707,123.77654197807438,41.921990076700666,123.77654197807438,XGBoost
2025-06-03 13:00:00,99.80658638477101,117.88592687697492,122.28308114053843,41.9510128498075,122.28308114053843,XGBoost
2025-06-03 14:00:00,91.57819824218741,112.34866445025958,105.33621553650637,42.671304607391406,105.33621553650637,XGBoost
2025-06-03 15:00:00,88.38119049866934,100.16091030277971,99.17648981710992,37.01587764422117,99.17648981710992,XGBoost
2025-06-03 16:00:00,66.39873120188717,85.23998982920655,87.52555019264072,33.067860186099836,87.52555019264072,XGBoost
2025-06-03 17:00:00,49.968001348277,52.672313004692406,58.346794194031936,29.391587277253333,58.346794194031936,XGBoost
2025-06-03 18:00:00,46.6549855947494,36.16808170111381,45.497055083987505,29.735300159454404,45.497055083987505,XGBoost
2025-06-03 19:00:00,48.779264668623554,42.18201583106759,49.263125612626446,25.996150626076442,49.263125612626446,XGBoost
2025-06-03 20:00:00,48.227473668754,42.375428470847964,45.4539858222733,25.95405781269075,45.4539858222733,XGBoost
2025-06-03 21:00:00,43.72861448923749,45.173092624123115,45.27871068236353,32.329244350393665,45.27871068236353,XGBoost
2025-06-03 22:00:00,42.87748481829967,47.09898327321067,45.944067032397335,41.568832914034665,45.944067032397335,XGBoost
2025-06-03 23:00:00,43.76643363138033,48.53944325135626,47.4576519493361,43.793220495184336,47.4576519493361,XGBoost
2025-06-04 00:00:00,46.121515651544,50.05885243457205,45.31223201574834,44.769756346940675,45.31223201574834,XGBoost
2025-06-04 01:00:00,45.623219589392335,49.34819873684804,47.70927013812934,45.42620800932233,47.70927013812934,XGBoost
2025-06-04 02:00:00,42.429903169473,47.941836936546316,45.786859586398954,44.38281184434866,45.786859586398954,XGBoost
2025-06-04 03:00:00,44.43331065773975,47.74334309481081,46.503437184208536,43.67017519474025,46.503437184208536,XGBoost
2025-06-04 04:00:00,44.224867423375336,49.365994408156006,46.20111011910842,44.49075287580467,46.20111011910842,XGBoost
2025-06-04 06:00:00,79.18537470325825,68.1544425791563,66.52603163813865,45.83393998444075,66.52603163813865,XGBoost
2025-06-04 07:00:00,124.3397343307725,112.25977636848305,109.24063750112923,46.51434248313325,109.24063750112923,XGBoost
2025-06-04 08:00:00,131.627025127415,131.87783239912716,119.83607060084128,45.4033481031655,119.83607060084128,XGBoost
2025-06-04 10:00:00,138.43758658568,117.09178702448247,106.6085843654172,46.41063133875533,106.6085843654172,XGBoost
2025-06-04 11:00:00,122.24873743057,119.29320498782693,111.75653866469364,47.7273809731006,111.75653866469364,XGBoost
2025-06-04 12:00:00,106.0576948642732,124.42346325530784,114.3124640195351,46.775795000791604,114.3124640195351,XGBoost
2025-06-04 13:00:00,104.57394413948,120.9274075044325,108.31801589675561,47.4140286445618,108.31801589675561,XGBoost
2025-06-04 14:00:00,98.12764716148332,145.25486014252635,133.62627990137162,48.131533354521004,133.62627990137162,XGBoost
2025-06-04 15:00:00,95.25705215334875,99.41509792575008,100.60870066531452,64.474670767784,100.60870066531452,XGBoost
2025-06-04 16:00:00,76.1890139579775,81.83427334909597,89.98940539435304,82.3662458509205,89.98940539435304,XGBoost
2025-06-04 17:00:00,56.53073836180067,58.069155862986264,62.19455633372289,101.31161472697916,62.19455633372289,XGBoost
2025-06-04 18:00:00,48.542562770843396,53.66738092961126,51.196351322121316,153.280343151092,51.196351322121316,XGBoost
2025-06-04 19:00:00,45.57135475426925,51.82030996802619,54.704650804585164,172.7131079435325,54.704650804585164,XGBoost
2025-06-04 20:00:00,45.766390221459574,50.59024226272728,50.70550003773554,186.87873795415712,50.70550003773554,XGBoost
2025-06-04 21:00:00,44.23467915398743,49.91532585128912,52.84468657556903,179.15922209461,52.84468657556903,XGBoost
2025-06-04 22:00:00,42.98423508803055,50.54449105962197,49.4903417602326,154.21503059400555,49.4903417602326,XGBoost
2025-06-04 23:00:00,43.0965320169924,50.654718104426706,49.47615543018982,123.64816045760999,49.47615543018982,XGBoost
2025-06-05 00:00:00,44.1550015211104,50.27507869220059,52.88163203828327,111.13545885086322,52.88163203828327,XGBoost
2025-06-05 01:00:00,44.49162095040075,50.094289535178135,54.83244998816487,93.59290510416025,54.83244998816487,XGBoost
2025-06-05 02:00:00,45.511655906836005,50.13247284132884,54.58315816982909,92.80905079841632,54.58315816982909,XGBoost
2025-06-05 03:00:00,45.387453682720746,50.16872353492785,51.90641592260322,79.9216187894345,51.90641592260322,XGBoost
2025-06-05 04:00:00,45.8833813965322,50.119538251603686,50.15046988139717,60.534084272384405,50.15046988139717,XGBoost
2025-06-05 05:00:00,40.715824127197,50.209943203941016,55.052396840557336,48.795861657709,55.052396840557336,XGBoost
2025-06-05 08:00:00,137.57064348459,100.73496784678272,120.17934748567544,44.339914903045,120.17934748567544,XGBoost
2025-06-05 09:00:00,162.559686660765,124.9177722891322,125.69766380156683,44.10363819450125,125.69766380156683,XGBoost
2025-06-05 10:00:00,123.1691989004625,136.86126582790493,123.86533883347516,46.734810166060996,123.86533883347516,XGBoost
2025-06-05 11:00:00,113.46341594060333,117.41434417313,124.55543140608737,46.058966550562225,124.55543140608737,XGBoost
2025-06-05 12:00:00,99.56852209568133,123.33574454646727,129.34484391054693,46.23220270375416,129.34484391054693,XGBoost
2025-06-05 13:00:00,96.1662017901735,116.57191443773509,114.2542778195985,47.40292987724133,114.2542778195985,XGBoost
2025-06-05 14:00:00,87.493846019109,109.76916514644603,103.99375717048906,47.0898814996085,103.99375717048906,XGBoost
2025-06-05 16:00:00,70.072585086028,75.70580337043424,74.44972471207916,48.06951440870767,74.44972471207916,XGBoost
2025-06-05 17:00:00,53.625668755422,55.28021526949599,52.134591916760904,57.21263115108,52.134591916760904,XGBoost
2025-06-05 18:00:00,50.675196995337835,48.60300200706271,47.34125483083929,102.57786090175233,47.34125483083929,XGBoost
2025-06-05 19:00:00,51.057369091681,49.3569029129935,56.334700979083586,137.45819097224998,56.334700979083586,XGBoost
2025-06-05 20:00:00,52.91563307245584,49.456612662218326,54.48895141567525,171.76485141118334,54.48895141567525,XGBoost
2025-06-05 21:00:00,48.2515528827906,49.34996767704972,53.66828471400451,145.63207878693999,53.66828471400451,XGBoost
2025-06-05 22:00:00,45.53570893406886,49.42121766870675,52.06647162428393,113.15952348709,52.06647162428393,XGBoost
2025-06-05 23:00:00,45.31722095608717,49.38625651439313,52.07882202227376,96.23460010687434,52.07882202227376,XGBoost
2025-06-06 00:00:00,46.1231381416322,50.33076808946398,53.062497486900085,87.415210008621,53.062497486900085,XGBoost
2025-06-06 01:00:00,45.807090640068,49.99399866519694,53.79929671868021,85.5482929944985,53.79929671868021,XGBoost
2025-06-06 02:00:00,43.920716291666004,49.819376454895725,51.7412011424884,64.9860416054726,51.7412011424884,XGBoost
2025-06-06 03:00:00,44.846144177019625,49.579937438546,51.14070976048804,48.713826099410625,51.14070976048804,XGBoost
2025-06-06 04:00:00,45.84198889881375,49.60430209136271,52.83503371308285,48.25156415253875,52.83503371308285,XGBoost
2025-06-06 05:00:00,48.080396383535124,50.11280044267666,52.915464484343964,48.67243158444762,52.915464484343964,XGBoost
2025-06-06 07:00:00,111.028348237275,120.12799302165513,101.07359857775526,42.2063054144385,101.07359857775526,XGBoost
2025-06-06 08:00:00,102.18579761187233,115.09391739669589,103.87882037067529,44.31570029258734,103.87882037067529,XGBoost
2025-06-06 09:00:00,103.4979761739575,109.45079316401369,113.1132865550074,42.87748481829967,113.1132865550074,XGBoost
2025-06-06 10:00:00,92.12127803904714,113.73077037169644,114.829498703057,43.405709453991435,114.829498703057,XGBoost
2025-06-06 11:00:00,70.89131523030157,128.74069765007712,125.257129589591,45.40445922528,125.257129589591,XGBoost
2025-06-06 12:00:00,33.3119911193848,116.75029059851529,116.65825323568049,44.2369157791138,116.65825323568049,XGBoost
2025-06-06 13:00:00,33.336043548584,136.49332667911577,132.81753165602882,45.051497721672,132.81753165602882,XGBoost
2025-06-06 14:00:00,31.795073917933713,121.58780539627257,124.2606803905481,82.97358418894613,124.2606803905481,XGBoost
2025-06-06 17:00:00,46.2767289161682,63.86297271969077,69.14613187944039,133.145341181756,69.14613187944039,XGBoost
2025-06-06 18:00:00,45.20350220613187,67.67922884898438,59.914096219765966,143.0263558775175,59.914096219765966,XGBoost
2025-06-06 19:00:00,46.40431344136587,69.73692036052248,65.3036603051475,110.105028182267,65.3036603051475,XGBoost
2025-06-06 21:00:00,49.926172375678995,57.80048211047762,58.97796264779809,104.86252323786334,58.97796264779809,XGBoost
2025-06-06 22:00:00,48.943618616887576,59.263663310439945,59.20303977165735,95.04818853310171,59.20303977165735,XGBoost
2025-06-06 23:00:00,49.1360174492,58.876534832529536,57.62947173769935,68.54454785585425,57.62947173769935,XGBoost
2025-06-07 00:00:00,59.724514707923,54.396009684620765,55.66478753995139,59.888669669628,55.66478753995139,XGBoost
2025-06-07 01:00:00,50.480447341998335,53.60487418790952,53.48283624059065,50.818881996596836,53.48283624059065,XGBoost
2025-06-07 02:00:00,51.183185115456666,57.402600817708596,54.687086182660515,46.1477270374695,54.687086182660515,XGBoost
2025-06-07 03:00:00,54.849100507795754,56.252557538287064,55.3311644175533,45.58544083684675,55.3311644175533,XGBoost
2025-06-07 04:00:00,53.113081957612856,58.2681636351842,53.11624722530696,45.75474108116986,53.11624722530696,XGBoost
2025-06-07 05:00:00,53.039566323161104,61.819647904273324,55.90183686000328,42.8174320518971,55.90183686000328,XGBoost
2025-06-07 06:00:00,55.1166207840045,58.05348865771933,59.43165678411433,42.92771952350916,59.43165678411433,XGBoost
2025-06-07 07:00:00,48.447530643748145,53.29655227750902,56.195179433970786,44.04297996844558,56.195179433970786,XGBoost
2025-06-07 08:00:00,33.29450079798675,37.733216928882335,43.93925856894486,44.491282120347,43.93925856894486,XGBoost
2025-06-07 09:00:00,29.192070916295,41.20724300947815,42.51662768728562,45.880799241364,42.51662768728562,XGBoost
2025-06-07 10:00:00,36.34047770500186,40.17309312193856,41.50143124645724,45.77666693500114,41.50143124645724,XGBoost
2025-06-07 11:00:00,48.62691497802734,40.74425394213514,44.294745073893694,68.67760369926667,44.294745073893694,XGBoost
2025-06-07 12:00:00,32.72124145428334,50.84900742719757,51.83011607131433,79.62145381917567,51.83011607131433,XGBoost
2025-06-07 13:00:00,33.760376572609,52.383459705595385,45.41681099233124,146.056297183035,45.41681099233124,XGBoost
2025-06-07 22:00:00,51.472547633307286,57.73204976300746,58.55256833562324,87.37662526539386,58.55256833562324,XGBoost
2025-06-07 23:00:00,52.4939944028852,57.05279621355639,58.28191884657646,84.4117069244386,58.28191884657646,XGBoost
2025-06-08 00:00:00,56.7834900096055,50.487877711633175,53.5913425984797,59.4598508924245,53.5913425984797,XGBoost
2025-06-08 01:00:00,53.683454407112855,50.03696121997687,48.86803069896219,50.499411677675575,48.86803069896219,XGBoost
2025-06-08 02:00:00,82.84940142432866,50.017964595430406,49.286357918949506,49.31939718127267,49.286357918949506,XGBoost
2025-06-08 04:00:00,77.40526157120884,49.95022439581822,48.041270050914875,52.91563307245584,48.041270050914875,XGBoost
2025-06-08 05:00:00,61.625455309947334,50.822095325934725,49.599709670146645,50.328500270843506,49.599709670146645,XGBoost
2025-06-08 09:00:00,42.614330155508995,38.10958663020845,35.823420623046836,46.26094308921272,35.823420623046836,XGBoost
2025-06-08 15:00:00,24.0850964188574,34.8994329360379,37.08034432343887,43.920716291666004,37.08034432343887,XGBoost
2025-06-08 16:00:00,21.37923596302667,34.535907449614264,32.71223283908666,46.31912753979367,32.71223283908666,XGBoost
2025-06-08 22:00:00,59.138493545353256,47.89004979409849,45.59214702885002,44.621714502573,45.59214702885002,XGBoost
2025-06-08 23:00:00,42.99463835784371,47.831992381456985,45.67801690438076,44.64991822679143,45.67801690438076,XGBoost
2025-06-09 00:00:00,44.66920084257933,48.42315033293847,48.019091685903724,49.464435310413336,48.019091685903724,XGBoost
2025-06-09 01:00:00,43.56537066400075,50.036563701116705,52.1309552192682,73.802966788411,52.1309552192682,XGBoost
2025-06-09 02:00:00,44.683268584311,49.05516210419784,53.48125532862278,101.991937637328,53.48125532862278,XGBoost
2025-06-09 03:00:00,43.92968184500925,48.432824125877175,53.9084975378986,104.44537164271,53.9084975378986,XGBoost
2025-06-09 04:00:00,44.235823967627006,49.43450277468763,53.48336866808561,99.50353361879101,53.48336866808561,XGBoost
2025-06-09 05:00:00,56.980119625727006,50.70618233617686,61.5285226214076,87.379225254059,61.5285226214076,XGBoost
2025-06-09 06:00:00,77.88359055916466,88.46018887197614,85.9778739740555,94.96791138251666,85.9778739740555,XGBoost
2025-06-09 07:00:00,102.92560589313433,110.5999205469924,106.91336739375849,41.570196787516004,106.91336739375849,XGBoost
2025-06-09 12:00:00,71.86204820871333,116.18006347339087,104.76495902657985,34.03056208292633,104.76495902657985,XGBoost
2025-06-09 14:00:00,60.60234514474901,106.30342550667717,106.63948120494535,45.7271951913832,106.63948120494535,XGBoost
2025-06-09 21:00:00,41.5990186184645,48.56899428932389,47.55719480635227,44.502592794597,47.55719480635227,XGBoost
2025-06-09 22:00:00,41.615432590246,48.961516682482035,48.59816864035352,45.67992991209034,48.59816864035352,XGBoost
2025-06-09 23:00:00,42.61786703818614,48.22720112950865,47.59281919405835,45.27336733468943,47.59281919405835,XGBoost
2025-06-10 00:00:00,44.74029587581775,49.404928601317486,51.233276805948066,49.4405847117305,51.233276805948066,XGBoost
2025-06-10 02:00:00,43.4454912543295,50.14259621967278,51.00989754468722,57.106586739421004,51.00989754468722,XGBoost
2025-06-10 03:00:00,43.81396824547243,50.398289356713114,49.38735269511644,50.132001472370995,49.38735269511644,XGBoost
2025-06-10 05:00:00,47.686161667109,50.59542399090975,53.58907112496533,48.385650604963,53.58907112496533,XGBoost
2025-06-10 07:00:00,144.490785762668,118.92265067179918,130.59894747654786,51.432276651263,130.59894747654786,XGBoost
2025-06-10 08:00:00,189.70344046751666,149.55854123697614,149.44183602168846,51.368307123581666,149.44183602168846,XGBoost
2025-06-10 10:00:00,173.17726218700332,167.0013719365519,149.86441889041686,52.948644667863995,149.86441889041686,XGBoost
2025-06-10 11:00:00,146.3308924675,146.32749829739151,146.52648556121673,56.0250821053982,146.52648556121673,XGBoost
2025-06-10 12:00:00,130.528243017196,143.5793486602892,141.00403451556525,50.374319744110196,141.00403451556525,XGBoost
2025-06-10 13:00:00,122.17088407277751,131.48570862380296,138.80426396845857,54.021815650164996,138.80426396845857,XGBoost
2025-06-10 14:00:00,113.678177547454,109.41427281936635,112.41372526965475,52.977308934926995,112.41372526965475,XGBoost
2025-06-10 15:00:00,105.95608167648399,110.56114474499407,118.13774061132021,55.72141649127,118.13774061132021,XGBoost
2025-06-10 17:00:00,54.8991052925586,61.07261081008009,61.458276133040854,45.6977633945642,61.458276133040854,XGBoost
2025-06-10 18:00:00,51.2089205384256,41.11970205507845,46.657028571564965,31.986387991905,46.657028571564965,XGBoost
2025-06-10 19:00:00,45.274862761298664,44.29906666789276,48.22258295461541,32.520873556534504,48.22258295461541,XGBoost
2025-06-10 20:00:00,44.548285921414504,43.404933764554045,44.93986095100601,44.31262524922683,44.93986095100601,XGBoost
2025-06-10 21:00:00,43.8162141501904,41.34588139822861,43.2084184453354,32.26487405300141,43.2084184453354,XGBoost
2025-06-10 22:00:00,44.6032220840454,39.63304554216249,43.067171670576684,34.7264053344728,43.067171670576684,XGBoost
2025-06-10 23:00:00,44.93089291453386,34.95479819542354,40.044172221616655,30.068182706832857,40.044172221616655,XGBoost
2025-06-11 00:00:00,46.90046724677067,36.21505878681737,41.29043156727541,29.864468773206,41.29043156727541,XGBoost
2025-06-11 01:00:00,47.508007198572166,32.397683291216815,41.57653823559852,27.786452015241167,41.57653823559852,XGBoost
2025-06-11 02:00:00,44.92673621575034,32.998716042254756,41.35993169720268,27.447629253069334,41.35993169720268,XGBoost
2025-06-11 04:00:00,44.9941301718355,50.468684337512954,50.87090748426472,49.92601877450975,50.87090748426472,XGBoost
2025-06-11 05:00:00,57.0906404852865,52.64914554233826,58.55550037235456,51.671174719929994,58.55550037235456,XGBoost
2025-06-11 06:00:00,91.75937421917861,81.4333319151153,75.44961559375979,51.4915150940418,75.44961559375979,XGBoost
2025-06-11 07:00:00,141.90351292491167,107.94797450476244,111.3339068386914,52.619317526618495,111.3339068386914,XGBoost
2025-06-11 08:00:00,166.482772827145,138.58779579451112,127.32606192520157,53.644098937511004,127.32606192520157,XGBoost
2025-06-11 09:00:00,197.25026935339,130.96190180339246,131.60464867468454,55.096822418272254,131.60464867468454,XGBoost
2025-06-11 10:00:00,165.470580911638,117.95881324590657,119.66744375072551,48.4760834872722,119.66744375072551,XGBoost
2025-06-11 11:00:00,135.1710964739325,131.47866135494561,128.69350517995045,68.5563773177565,128.69350517995045,XGBoost
2025-06-11 13:00:00,102.26524289449151,128.59354235018228,127.94197562841929,77.000639602542,127.94197562841929,XGBoost
2025-06-11 14:00:00,86.822349488735,117.56922151944285,115.61428148861621,54.199612565338754,115.61428148861621,XGBoost
2025-06-11 15:00:00,87.22521535555533,99.37788785616249,97.97927688318852,75.81344437599166,97.97927688318852,XGBoost
2025-06-11 16:00:00,68.61706171716972,95.40813977815404,93.36213112901623,39.77616286277786,93.36213112901623,XGBoost
2025-06-11 17:00:00,54.6173475742339,57.234499417997725,62.87571484382298,37.5439249813557,62.87571484382298,XGBoost
2025-06-11 18:00:00,51.0503978331885,42.651055002128444,47.353201965570314,35.03776140014317,47.353201965570314,XGBoost
2025-06-11 19:00:00,46.58510149802486,43.02644092406886,47.2474528827155,23.941163131168715,47.2474528827155,XGBoost
2025-06-11 20:00:00,48.14639416005889,50.37639209666711,50.88259703333924,47.92365272177589,50.88259703333924,XGBoost
2025-06-11 23:00:00,47.28886423792143,49.11813902451132,50.15784761914374,44.261243735041,50.15784761914374,XGBoost
2025-06-12 00:00:00,49.882400375604604,48.25280496312157,48.978216757603825,44.276404416561,48.978216757603825,XGBoost
2025-06-12 01:00:00,46.94037469476475,48.71054539521586,49.44028054786095,43.991424188017746,49.44028054786095,XGBoost
2025-06-12 02:00:00,48.0485795915126,49.367201497311825,50.78186392260163,51.7924270391462,50.78186392260163,XGBoost
2025-06-12 03:00:00,49.921141223774995,49.3692395641436,54.276035271782035,107.40809074375412,54.276035271782035,XGBoost
2025-06-12 04:00:00,48.49042768776425,48.22193192140648,54.02933650905352,148.3213477134725,54.02933650905352,XGBoost
2025-06-12 05:00:00,57.02098947577175,49.019498513207886,67.18886002894035,120.39325571060249,67.18886002894035,XGBoost
2025-06-12 06:00:00,94.1298005978275,78.9013219496103,73.65445939594761,76.833279261987,73.65445939594761,XGBoost
2025-06-12 08:00:00,174.46752750873668,154.82994589198117,139.8459511627368,56.60464769601867,139.8459511627368,XGBoost
2025-06-12 09:00:00,185.333414167165,143.536294434711,140.32490389254355,52.7334561944005,140.32490389254355,XGBoost
2025-06-12 11:00:00,135.72814428806,143.51961241584135,144.12899746389232,41.810525208711496,144.12899746389232,XGBoost
2025-06-12 12:00:00,122.721888828278,128.74227964772453,133.5740972071334,43.2499884523452,133.5740972071334,XGBoost
2025-06-12 13:00:00,111.494105905295,158.3799300767381,157.46780630038464,44.020668933168125,157.46780630038464,XGBoost
2025-06-12 14:00:00,96.0985397696485,110.33986669965167,129.47458428603255,43.7907544597985,129.47458428603255,XGBoost
2025-06-12 15:00:00,81.13161903619775,104.41711566852425,111.35328875942085,43.4684201702475,111.35328875942085,XGBoost
2025-06-12 16:00:00,66.61372379958638,87.7833473630584,92.10357576805364,94.076599989087,92.10357576805364,XGBoost
2025-06-12 17:00:00,51.67812645932034,65.1807118032637,68.77759096141865,187.97361049387112,68.77759096141865,XGBoost
2025-06-12 18:00:00,52.493482861254,52.67461544958226,53.61430651974762,153.44748318195332,53.61430651974762,XGBoost
2025-06-12 19:00:00,45.75144404172883,53.35167456791722,57.43314886981958,128.93004675706166,57.43314886981958,XGBoost
2025-06-12 20:00:00,44.22788216386528,51.635575598677,54.684387275804646,115.18489411898858,54.684387275804646,XGBoost
2025-06-12 21:00:00,45.4533866643904,50.1173337707643,55.056162950843756,105.95608167648399,55.056162950843756,XGBoost
2025-06-12 22:00:00,44.150851571559805,50.29870108676088,51.83172962146475,75.75550081729901,51.83172962146475,XGBoost
2025-06-12 23:00:00,45.176253105912714,49.685764282266014,49.27079478557318,52.212705893176,49.27079478557318,XGBoost
2025-06-13 00:00:00,46.94276252388966,50.331478484219105,51.63275526123174,46.24152206381151,51.63275526123174,XGBoost
2025-06-13 01:00:00,47.36335343122483,50.28035924441493,50.19964446314032,43.9523362567025,50.19964446314032,XGBoost
2025-06-13 02:00:00,47.021588228643,49.19298388419421,52.55914327587508,44.112197380512995,52.55914327587508,XGBoost
2025-06-13 03:00:00,48.038074091077,49.94301474917521,53.069120128122314,44.7978240922095,53.069120128122314,XGBoost
2025-06-13 04:00:00,47.8217853643,49.90184998049341,57.70355156260908,46.81272774189713,57.70355156260908,XGBoost
2025-06-13 05:00:00,52.126869367228664,51.264637599578926,59.5763981242803,45.686668702297666,59.5763981242803,XGBoost
2025-06-13 06:00:00,87.33361586502572,97.54793968128216,81.19320109138724,48.84486295921457,81.19320109138724,XGBoost
2025-06-13 07:00:00,140.71036640803,128.34680107325656,124.36817383341213,82.85567746559768,124.36817383341213,XGBoost
2025-06-13 08:00:00,197.483388781545,107.35926654492197,132.5576398079493,105.11491934955001,132.5576398079493,XGBoost
2025-06-13 09:00:00,184.65113461017398,154.5189975560209,149.70844629565653,139.059330904486,149.70844629565653,XGBoost
2025-06-13 10:00:00,165.125000834466,130.81306832771403,145.90075400470025,175.029803228378,145.90075400470025,XGBoost
2025-06-13 11:00:00,135.94945176442667,125.74166463347682,140.319595988111,181.54378495613832,140.319595988111,XGBoost
2025-06-13 12:00:00,129.08802887371715,121.41870424655767,121.62015439807054,138.16037329605572,121.62015439807054,XGBoost
2025-06-13 13:00:00,110.20422720909201,126.33222433479065,125.21849160398104,122.914382648472,125.21849160398104,XGBoost
2025-06-13 14:00:00,93.63044015566533,110.29801288041479,104.84572892895665,110.83463303248,104.84572892895665,XGBoost
2025-06-13 15:00:00,77.550407886505,97.03692052190002,94.34290097258315,93.733442942303,94.34290097258315,XGBoost
2025-06-13 16:00:00,67.39885369368942,81.85506560899005,82.78716558958045,88.39817728315113,82.78716558958045,XGBoost
2025-06-13 17:00:00,54.640719124248854,63.22667546576783,60.78938657975133,73.40986222880244,60.78938657975133,XGBoost
2025-06-13 18:00:00,51.322635471821,56.174209785221436,55.01690497690031,59.851907968521004,55.01690497690031,XGBoost
2025-06-13 20:00:00,62.669562280178,50.81410682421174,54.30197542732015,54.268022418022,54.30197542732015,XGBoost
2025-06-13 21:00:00,54.458943128585666,52.14727844762771,50.44153119382392,54.648812135060666,50.44153119382392,XGBoost
2025-06-13 22:00:00,53.552180826663665,50.92697444325396,51.976735306910804,47.45198353131633,51.976735306910804,XGBoost
2025-06-13 23:00:00,54.74138849973667,48.72114395560795,48.879951349453684,46.438335547844666,48.879951349453684,XGBoost
2025-06-14 00:00:00,55.05130746534915,53.926070625477585,51.21448135256152,47.052117428609435,51.21448135256152,XGBoost
2025-06-14 01:00:00,56.634460903704124,55.41087567568236,55.447518488447194,49.01820639520888,55.447518488447194,XGBoost
2025-06-14 02:00:00,53.0438222438095,53.84115608884961,55.09568083031453,47.12529063969875,55.09568083031453,XGBoost
2025-06-14 03:00:00,55.744259668721114,56.51628144480973,55.96044827626199,47.96566496623878,55.96044827626199,XGBoost
2025-06-14 04:00:00,55.4000970676543,56.466215922649056,56.00724763026825,48.0999638140202,56.00724763026825,XGBoost
2025-06-14 05:00:00,55.53669053316122,60.28168529422526,59.280814583671095,49.23948518104022,59.280814583671095,XGBoost
2025-06-14 06:00:00,58.09595511853688,64.09104859902646,58.634444876377565,49.28617076296362,58.634444876377565,XGBoost
2025-06-14 07:00:00,52.6527155041695,52.21703925276266,55.31522720500735,65.76477884873725,55.31522720500735,XGBoost
2025-06-14 08:00:00,52.86539116129275,41.92662882925005,45.17029371949658,93.77302634716075,45.17029371949658,XGBoost
2025-06-14 09:00:00,41.41838890314053,43.61079657424875,45.42059558158868,142.07090179125584,45.42059558158868,XGBoost
2025-06-14 10:00:00,41.193710041046,45.385297992469,45.15601439463215,191.306535053252,45.15601439463215,XGBoost
2025-06-14 11:00:00,38.3093492031098,41.60189967737228,37.12646495523937,146.56086232662201,37.12646495523937,XGBoost
2025-06-14 12:00:00,45.75380539894125,44.37105333591906,44.16605403997614,135.72814428806,44.16605403997614,XGBoost
2025-06-14 13:00:00,36.715880652268666,48.28378785116072,44.16423314137177,120.85173690319168,44.16423314137177,XGBoost
2025-06-14 14:00:00,33.74584760665896,45.35867853563248,44.38053549670586,113.90589065551801,44.38053549670586,XGBoost
2025-06-14 15:00:00,44.457580327988,38.13345914234018,39.75698895610035,104.08224105835,39.75698895610035,XGBoost
2025-06-14 16:00:00,53.684142271677665,39.50555136897979,39.39899009105077,99.02286640802966,39.39899009105077,XGBoost
2025-06-14 17:00:00,49.978898942471005,38.297415936613625,43.076292122709816,97.0828677415825,43.076292122709816,XGBoost
2025-06-14 18:00:00,68.8679721951485,51.53748030582122,49.82471214102005,81.1809445619585,49.82471214102005,XGBoost
2025-06-14 19:00:00,59.891976565123,50.77325481867625,54.65730624093857,81.082293510437,54.65730624093857,XGBoost
2025-06-14 20:00:00,55.20620460311583,51.9052277009033,53.15276522039591,68.77865916490566,53.15276522039591,XGBoost
2025-06-14 21:00:00,63.7994354367256,61.132704891724735,57.71248743502042,57.944777369499,57.71248743502042,XGBoost
2025-06-14 22:00:00,55.3291030302645,60.088920368949715,56.21476131499414,51.918996011838374,56.21476131499414,XGBoost
2025-06-14 23:00:00,52.56492620706575,62.3857958880354,56.31563759775931,50.48284056782725,56.31563759775931,XGBoost
2025-06-15 00:00:00,53.18547201156615,49.31591888313992,47.23662417142003,44.70024036509643,47.23662417142003,XGBoost
2025-06-15 01:00:00,47.1893253698945,49.31114006065838,48.47007787301048,44.3580359220505,48.47007787301048,XGBoost
2025-06-15 02:00:00,43.82973179646915,49.46211383246269,47.8991600785085,44.743257207529716,47.8991600785085,XGBoost
2025-06-15 03:00:00,43.60538130998611,49.58134150116612,47.70009264917226,45.39436778095022,47.70009264917226,XGBoost
2025-06-15 04:00:00,43.234691076808446,48.960753314265375,47.02644416088116,46.81102319558467,47.02644416088116,XGBoost
2025-06-15 05:00:00,44.7986407622696,51.45111885648528,49.31946191557346,47.8281804442406,49.31946191557346,XGBoost
2025-06-15 06:00:00,45.50435980728714,49.32812119821499,51.80289584419908,47.64610611540943,51.80289584419908,XGBoost
2025-06-15 07:00:00,43.1844569683078,44.04934185380129,50.316484716961405,48.0071204423906,50.316484716961405,XGBoost
2025-06-15 08:00:00,35.984782695770164,41.13321760084275,43.98797975593501,47.857701162497335,43.98797975593501,XGBoost
2025-06-15 09:00:00,38.85736441612243,37.66541590758688,40.302016092307994,48.35348670716786,40.302016092307994,XGBoost
2025-06-15 10:00:00,44.5020239830014,41.68460013561206,43.156568372575364,61.4512472465636,43.156568372575364,XGBoost
2025-06-15 11:00:00,3.4718232154846,55.85481449777837,46.20979523548296,80.091102600098,46.20979523548296,XGBoost
2025-06-15 12:00:00,36.37248627344767,44.82777160232908,36.45481663557009,82.79726970195766,36.45481663557009,XGBoost
2025-06-15 13:00:00,29.615170180797747,41.38863571063648,33.88387279702378,109.95143668353501,33.88387279702378,XGBoost
2025-06-15 14:00:00,27.38279789686225,46.12354750854802,35.17050865148391,194.7618111968025,35.17050865148391,XGBoost
2025-06-15 15:00:00,24.84522366523733,46.04491956134489,38.2560909326996,181.10320794582165,38.2560909326996,XGBoost
2025-06-15 16:00:00,21.234149992466,36.2464133801314,38.024505328404,151.1129986941825,38.024505328404,XGBoost
2025-06-15 21:00:00,40.8933508992196,49.510382221044026,50.03655998440094,134.688537406924,50.03655998440094,XGBoost
2025-06-15 22:00:00,42.7014011085034,49.512983247098944,51.83815850347635,124.45632579326801,51.83815850347635,XGBoost
2025-06-15 23:00:00,43.11195990443233,50.17849670146253,52.473842425801365,94.56096824010133,52.473842425801365,XGBoost
2025-06-16 00:00:00,44.357386267185404,50.44972891887328,52.48473181943206,75.4937351703642,52.48473181943206,XGBoost
2025-06-16 01:00:00,45.983759582043,50.058618818030666,51.26984266980004,63.20190513134,51.26984266980004,XGBoost
2025-06-16 02:00:00,44.0197401195765,50.07767484137639,51.17976218587734,60.861519873142,51.17976218587734,XGBoost
2025-06-16 03:00:00,43.40025757749867,50.020074809813536,49.93042865425991,53.048138151566,49.93042865425991,XGBoost
2025-06-16 04:00:00,44.88682126998911,50.09358880450933,49.63472252047723,49.635471390353445,49.63472252047723,XGBoost
2025-06-16 05:00:00,47.68305119540944,49.91470095342851,53.997121602921105,55.30894327163678,53.997121602921105,XGBoost
2025-06-16 06:00:00,83.06640819708517,88.95691072095724,80.04323244098218,52.919041822354,80.04323244098218,XGBoost
2025-06-16 07:00:00,137.89991652965332,125.66606577105252,125.75122041929895,56.28410406907417,125.75122041929895,XGBoost
2025-06-16 08:00:00,208.919171595325,145.3575619085691,142.94591734299377,57.272003302971505,142.94591734299377,XGBoost
2025-06-16 09:00:00,205.55285498831,134.57945440188706,152.4527267620575,54.83899504608567,152.4527267620575,XGBoost
2025-06-16 10:00:00,181.71145824591335,120.97854102732065,134.10361812108138,55.24804582198467,134.10361812108138,XGBoost
2025-06-16 11:00:00,144.04209705591,122.1359396648098,122.66697816346475,55.7212639749052,122.66697816346475,XGBoost
2025-06-16 12:00:00,128.16870709828,128.56017490991056,126.91317623077761,55.13677412910129,126.91317623077761,XGBoost
2025-06-16 13:00:00,117.34007736046999,117.06811584177433,119.43133553826861,55.842760394017,119.43133553826861,XGBoost
2025-06-16 14:00:00,101.12844364983614,114.60176510215503,109.30736299984586,58.07516647236686,109.30736299984586,XGBoost
2025-06-16 15:00:00,100.85889077186643,110.53619460908295,100.44107934206373,50.91899232353472,100.44107934206373,XGBoost
2025-06-16 16:00:00,82.14790060122816,85.0948375549179,83.67929396909373,41.180057990054365,83.67929396909373,XGBoost
2025-06-16 17:00:00,68.9460924148562,61.932877579556,65.41514051743926,52.4485243439668,65.41514051743926,XGBoost
2025-06-16 20:00:00,46.801230152448,45.02464728272392,48.055784442689735,35.91369982560483,48.055784442689735,XGBoost
2025-06-16 21:00:00,44.724618703127,45.52321984282701,48.33810592178882,42.09361610809967,48.33810592178882,XGBoost
2025-06-16 22:00:00,45.8662865012885,43.22651817026078,47.936772969771674,30.7813962697982,47.936772969771674,XGBoost
2025-06-16 23:00:00,48.631384980678796,49.11308738251351,48.83223120672099,50.7890315532686,48.83223120672099,XGBoost
2025-06-17 00:00:00,48.798814356327,50.72748850246262,50.73525623792237,62.3275969028475,50.73525623792237,XGBoost
2025-06-17 01:00:00,44.89180137217025,51.0024202657921,50.59194821794285,55.13630853593375,50.59194821794285,XGBoost
2025-06-17 02:00:00,47.68365670740625,51.16446775826742,51.54582040214682,57.8664354234935,51.54582040214682,XGBoost
2025-06-17 03:00:00,47.5442006126046,51.36721463276673,53.06202951295893,59.6409667253494,53.06202951295893,XGBoost
2025-06-17 04:00:00,49.22727517570771,51.543552014776274,53.19312557295407,52.398864839758424,53.19312557295407,XGBoost
2025-06-17 05:00:00,54.0589713096618,53.27357021753336,59.61771734344455,52.3791125178338,59.61771734344455,XGBoost
2025-06-17 06:00:00,89.8604824781408,86.44070328108565,84.36739469262085,53.661768078804,84.36739469262085,XGBoost
2025-06-17 07:00:00,157.87222363693573,114.01048785327298,113.55508738216682,47.88168785401757,113.55508738216682,XGBoost
2025-06-17 08:00:00,202.88321681817334,169.10032915813363,165.18437140812077,43.67578759789467,165.18437140812077,XGBoost
2025-06-17 09:00:00,187.61125772339855,111.24701979387218,126.35895417801191,43.347036463873856,126.35895417801191,XGBoost
2025-06-17 10:00:00,165.35532093048002,124.5022793781382,129.8117511111017,42.335867822170165,129.8117511111017,XGBoost
2025-06-17 11:00:00,152.855362191795,126.6357186998166,129.79447807294036,43.98449676235517,129.79447807294036,XGBoost
2025-06-17 12:00:00,133.991831719875,132.58652753241773,124.17053073904837,45.256095967255625,124.17053073904837,XGBoost
2025-06-17 13:00:00,120.6162981987,120.92027695526853,117.73506045146439,45.26281963927429,117.73506045146439,XGBoost
2025-06-17 14:00:00,111.50232197557143,117.21880962188632,118.55674761059731,39.189514032432,118.55674761059731,XGBoost
2025-06-17 15:00:00,135.84368770321166,105.4821847272349,110.39832613593734,36.586426297823664,110.39832613593734,XGBoost
2025-06-17 16:00:00,91.5984089374543,89.98742050687626,93.47771657842463,38.241058179310144,93.47771657842463,XGBoost
2025-06-17 17:00:00,73.86850927770134,59.23486252612591,62.46239461930986,36.4981836080551,62.46239461930986,XGBoost
2025-06-17 18:00:00,67.660333275795,41.60808881334256,46.68278369740636,29.27052021026633,46.68278369740636,XGBoost
2025-06-17 19:00:00,55.964674025774,43.079092482402096,51.3807128960585,27.928515553474497,51.3807128960585,XGBoost
2025-06-17 20:00:00,56.106056911604576,42.655369540785685,45.99536134753298,26.715531723839856,45.99536134753298,XGBoost
2025-06-17 21:00:00,49.81433882032128,43.01192472322918,46.925679657605905,26.202780127525426,46.925679657605905,XGBoost
2025-06-17 22:00:00,49.65028860171666,46.04227152539369,47.04356100773989,41.1147157251835,47.04356100773989,XGBoost
2025-06-17 23:00:00,51.8576445082825,48.44818381887208,49.366515855403264,43.045065353314165,49.366515855403264,XGBoost
2025-06-18 00:00:00,52.17850952015978,48.18052869756956,50.12962976186664,43.457333200507776,50.12962976186664,XGBoost
2025-06-18 01:00:00,54.61467835732857,47.74302183045067,49.90244801234504,44.179242542812,49.90244801234504,XGBoost
2025-06-18 02:00:00,53.567113173753,49.756191173680214,50.123700332043356,44.437875843048,50.123700332043356,XGBoost
2025-06-18 03:00:00,54.6825347319245,51.51414510556159,50.535314371564354,44.30724569410087,50.535314371564354,XGBoost
2025-06-18 04:00:00,54.7864405363795,51.321752438790526,51.04575424802836,44.91151612997075,51.04575424802836,XGBoost
2025-06-18 05:00:00,56.2667290925978,50.169857912092155,55.6203789728156,44.220781302452,55.6203789728156,XGBoost
2025-06-18 06:00:00,96.8154023140675,89.4519304514509,82.0993935448939,52.01088856160625,82.0993935448939,XGBoost
2025-06-18 07:00:00,179.908949494362,127.20283118122367,115.21011723425843,81.1849661111832,115.21011723425843,XGBoost
2025-06-18 08:00:00,234.99314186307998,151.21964322408147,138.29128253351973,144.58542159365166,138.29128253351973,XGBoost
2025-06-18 09:00:00,245.92283236980333,187.80271717341918,171.11306127260914,221.03635181610832,171.11306127260914,XGBoost
2025-06-18 10:00:00,211.45881654818834,155.82435007214863,144.99599718553688,200.99949453274334,144.99599718553688,XGBoost
2025-06-18 11:00:00,174.85733070596876,139.38576741248434,133.1706685718131,179.76190311461625,133.1706685718131,XGBoost
2025-06-18 12:00:00,146.25767908493833,143.86623257544818,138.70025975987008,138.09780661265,138.70025975987008,XGBoost
2025-06-18 13:00:00,142.9554701911089,119.97175450136325,116.50258782381486,122.06991614235777,116.50258782381486,XGBoost
2025-06-18 14:00:00,140.324034780265,112.85524387543315,116.14780597962742,112.43273806571675,116.14780597962742,XGBoost
2025-06-18 15:00:00,118.62060972054667,105.36387199292328,107.14072953323516,97.91950158278117,107.14072953323516,XGBoost
2025-06-18 16:00:00,102.91556787490913,99.70697390393542,101.45596388597419,99.26546357572138,101.45596388597419,XGBoost
2025-06-18 17:00:00,68.79388268079086,64.78402415161722,63.95982826419387,75.15138122013657,63.95982826419387,XGBoost
2025-06-18 18:00:00,55.8760880927245,52.827986468031064,51.36258370557152,53.76138078173017,51.36258370557152,XGBoost
2025-06-18 19:00:00,51.48383660614483,56.33002019005293,56.08929690140419,47.41967773437517,56.08929690140419,XGBoost
2025-06-18 20:00:00,52.5792223364115,51.44118513516574,47.45449927489087,44.7986671850085,47.45449927489087,XGBoost
2025-06-18 21:00:00,50.290026883284334,49.64838365732417,45.71405004075449,44.832023243109326,45.71405004075449,XGBoost
2025-06-18 22:00:00,51.30164125561725,50.37380473717264,48.93719641179699,48.677802175283624,48.93719641179699,XGBoost
2025-06-18 23:00:00,51.84634378552433,50.52538942123271,50.31339212917029,46.244341115156665,50.31339212917029,XGBoost
2025-06-19 00:00:00,54.731033179909,50.20105504191901,49.675118871030875,47.68365670740625,49.675118871030875,XGBoost
2025-06-19 01:00:00,53.45843709628883,50.499433520189115,49.981064634625945,47.705851169923996,49.981064634625945,XGBoost
2025-06-19 02:00:00,53.74281547963625,51.635571547264185,50.61657894639562,48.395481340587125,50.61657894639562,XGBoost
2025-06-19 03:00:00,55.739575275353,53.21213671123917,49.45722274730196,48.95562593426014,49.45722274730196,XGBoost
2025-06-19 04:00:00,56.7736841042835,56.62655489852809,52.200599641160665,87.25697700182518,52.200599641160665,XGBoost
2025-06-19 05:00:00,63.42320890227967,57.7846036196111,64.87374914449062,152.92713811497165,64.87374914449062,XGBoost
2025-06-19 06:00:00,98.34624273578201,105.56621990603355,100.81488458408762,199.587237656115,100.81488458408762,XGBoost
2025-06-19 07:00:00,163.1548648987486,126.81036010495595,130.36312332255906,192.50380926472715,130.36312332255906,XGBoost
2025-06-19 08:00:00,242.11803469062,119.65850521773466,139.4866203718547,166.380826860665,139.4866203718547,XGBoost
2025-06-19 09:00:00,223.42073291540123,145.44387573171397,155.2193247057232,160.1801701746875,155.2193247057232,XGBoost
2025-06-19 10:00:00,196.43052859306198,143.96810163521823,155.87663370386895,134.28580584526,155.87663370386895,XGBoost
2025-06-19 11:00:00,171.3630544841275,121.91966447025143,125.44979510398544,127.21052071452125,125.44979510398544,XGBoost
2025-06-19 12:00:00,137.86594092846,117.2880841118221,112.17584235602101,114.048483252525,112.17584235602101,XGBoost
2025-06-19 13:00:00,132.31327597300333,115.93496820608188,114.01057858984281,111.09179584185334,114.01057858984281,XGBoost
2025-06-19 14:00:00,117.3304910659775,136.13398866471454,124.75210985416687,128.9700383543975,124.75210985416687,XGBoost
2025-06-19 15:00:00,106.16610634326916,94.98150046895206,98.38912126125204,118.29545496900784,98.38912126125204,XGBoost
2025-06-19 16:00:00,91.71733455998528,85.57282793756964,80.62460863882858,83.38358296666829,80.62460863882858,XGBoost
2025-06-19 17:00:00,71.97512684017413,63.46096083153614,63.02185761595105,66.311265271157,63.02185761595105,XGBoost
2025-06-19 18:00:00,53.012971572578,50.15026014590842,47.09227754498896,54.932942740619,47.09227754498896,XGBoost
2025-06-19 19:00:00,47.22949708004783,50.60119334791707,50.73345873801507,50.32987136642151,50.73345873801507,XGBoost
2025-06-19 20:00:00,49.736595898866696,50.13193403513645,49.46358529015046,50.6595209181311,49.46358529015046,XGBoost
2025-06-19 21:00:00,47.146250075764335,49.776571457078184,50.21264313931689,51.711976435449444,50.21264313931689,XGBoost
2025-06-19 22:00:00,47.256428539752775,49.943305350538495,49.99325895559255,54.32821508248633,49.99325895559255,XGBoost
2025-06-19 23:00:00,50.130293795040714,49.924660836840154,48.434641574830756,53.41911599518986,48.434641574830756,XGBoost
2025-06-20 00:00:00,49.170115927855164,51.878537635936844,51.218489729357486,55.227005292972,51.218489729357486,XGBoost
2025-06-20 01:00:00,49.8511762376875,52.0360408270065,52.2006828865252,55.164191044866755,52.2006828865252,XGBoost
2025-06-20 02:00:00,53.01069251075389,55.94891110843144,58.72186010871318,127.687944471837,58.72186010871318,XGBoost
2025-06-20 03:00:00,51.611135706305504,58.290052106451014,55.99967104216598,218.6052919030175,55.99967104216598,XGBoost
2025-06-20 04:00:00,53.95145240000329,60.252515713230174,60.41863139645818,258.06163150923425,60.41863139645818,XGBoost
2025-06-20 05:00:00,60.22047247205457,65.72241637722344,78.33131108257399,214.39073574543,78.33131108257399,XGBoost
2025-06-20 06:00:00,93.36591531833,116.55923201129333,110.54020383556339,173.71903260217667,110.54020383556339,XGBoost
2025-06-20 07:00:00,148.38433255751667,134.64944187880948,125.98738406866887,143.822361409665,125.98738406866887,XGBoost
2025-06-20 08:00:00,227.4693312304343,145.54450313423231,142.68563315104737,142.86514101709716,142.68563315104737,XGBoost
2025-06-20 09:00:00,223.35050269535714,133.21089352535546,122.92619150075531,134.2754813603,122.92619150075531,XGBoost
2025-06-20 10:00:00,175.722314327955,113.83818985698258,107.16470869796987,113.27870078384875,107.16470869796987,XGBoost
2025-06-20 11:00:00,130.934701824188,164.63863893442834,135.81933682232253,95.429009628296,135.81933682232253,XGBoost
2025-06-20 12:00:00,122.2509433031075,125.90110473139721,109.84404760060255,71.381620168686,109.84404760060255,XGBoost
2025-06-20 13:00:00,108.89011704921768,113.9101754489645,114.1401701736138,54.204182321826664,114.1401701736138,XGBoost
2025-06-20 14:00:00,105.87015724182126,126.70374588058873,130.7010377917104,55.478475354611746,130.7010377917104,XGBoost
2025-06-20 15:00:00,96.597046395145,98.42348098511981,101.3469193580528,51.37118867039683,101.3469193580528,XGBoost
2025-06-20 16:00:00,75.4075735330582,88.07400482621787,88.65882948666822,53.0367854833602,88.65882948666822,XGBoost
2025-06-20 17:00:00,53.233667014166834,69.61274174276387,66.38830000764125,51.111584911743996,66.38830000764125,XGBoost
2025-06-20 18:00:00,51.96499057114125,52.97574195900238,52.47503395945153,51.51186795532725,52.47503395945153,XGBoost
2025-06-20 19:00:00,50.286136503021,55.7225790912606,60.538516549297334,51.45379754900933,60.538516549297334,XGBoost
2025-06-20 20:00:00,53.67936175399345,59.329050213671245,58.988154480272065,53.341280919784225,58.988154480272065,XGBoost
2025-06-20 21:00:00,62.9253876507285,57.035264348898465,56.95043614938566,53.22313255071649,56.95043614938566,XGBoost
2025-06-20 22:00:00,57.82611221926557,58.56183710362268,57.050268104589286,54.85079894747057,57.050268104589286,XGBoost
2025-06-20 23:00:00,57.401099852153145,57.665717468282956,55.70534185313754,56.040352421147425,55.70534185313754,XGBoost
2025-06-21 00:00:00,58.37047286033631,58.48357185432265,57.629022842695804,60.61065773367879,57.629022842695804,XGBoost
2025-06-21 01:00:00,59.380615512529886,60.03651947807735,59.90913679592849,106.84739563200021,59.90913679592849,XGBoost
2025-06-21 02:00:00,59.827113972769894,59.93171836134093,60.44179233532673,221.97129518456,60.44179233532673,XGBoost
2025-06-21 03:00:00,62.559692706380716,59.74910296302339,61.835539239658495,218.37589934894,61.835539239658495,XGBoost
2025-06-21 04:00:00,63.48804406928143,58.86691730256309,61.96738858342177,194.02975162437858,61.96738858342177,XGBoost
2025-06-21 05:00:00,69.68076566606763,60.40571996906758,63.1427496841493,159.36773104965624,63.1427496841493,XGBoost
2025-06-21 06:00:00,69.49818740572242,54.890753145600975,60.80410924564286,134.86320608002856,60.80410924564286,XGBoost
2025-06-21 07:00:00,81.41397488117217,58.684774831982146,60.094547271458225,115.76204009850666,60.094547271458225,XGBoost
2025-06-21 08:00:00,136.29975554943002,44.55974814320254,48.63852311323909,104.044084000587,48.63852311323909,XGBoost
2025-06-21 09:00:00,181.995987772945,40.14019253455074,43.04100058789759,94.83117362856925,43.04100058789759,XGBoost
2025-06-21 10:00:00,223.14112365245802,43.245177699362785,45.42227932783028,77.68440501689899,45.42227932783028,XGBoost
2025-06-21 12:00:00,255.14314162731,38.326602796881176,39.37330162149767,67.2786523252725,39.37330162149767,XGBoost
2025-06-21 14:00:00,235.91597640514252,47.399137789669105,47.067531172975734,47.82091070711625,47.067531172975734,XGBoost
2025-06-21 16:00:00,159.909830927848,37.41544292480684,44.20436706653841,48.515032494067995,44.20436706653841,XGBoost
2025-06-21 18:00:00,78.12553429603567,45.33910860935907,47.45310780237418,46.925636832912836,47.45310780237418,XGBoost
2025-06-21 23:00:00,78.45900733768975,50.888084427909725,51.82351883867723,48.27169963717475,51.82351883867723,XGBoost
2025-06-22 00:00:00,78.44581237435342,48.85759524935274,49.284234894311716,50.36498114040915,49.284234894311716,XGBoost
2025-06-22 01:00:00,78.44944659868884,47.91093746826459,47.2487399824727,48.92980992794033,47.2487399824727,XGBoost
2025-06-22 02:00:00,78.44323163479575,47.23536909194282,47.37192122319976,51.1285643577575,47.37192122319976,XGBoost
2025-06-22 03:00:00,78.43947413563725,47.88677747836868,47.54586083747748,49.5052943713965,47.54586083747748,XGBoost
2025-06-22 04:00:00,78.43432427446066,50.07850122060202,49.828961704385684,52.84904272854367,49.828961704385684,XGBoost
2025-06-22 05:00:00,78.42507313489921,50.075778826388614,51.062296946858176,53.429543171077796,51.062296946858176,XGBoost
2025-06-22 06:00:00,78.33807024359716,46.99573136853695,50.78451049522883,51.601413418849326,50.78451049522883,XGBoost
2025-06-22 07:00:00,83.441281080246,41.3954255775658,44.90830426822082,52.89409381151201,44.90830426822082,XGBoost
2025-06-22 08:00:00,127.44452512264125,39.022494803442854,37.758648432484556,54.332511633634624,37.758648432484556,XGBoost
2025-06-22 09:00:00,184.23758018016875,40.04390004831981,42.92352247959505,80.55303927510975,42.92352247959505,XGBoost
2025-06-22 10:00:00,222.07127082348,42.26308973462399,41.295142354958045,114.02325981110225,41.295142354958045,XGBoost
2025-06-22 11:00:00,245.52468383312168,44.76525258975085,42.53258679861215,204.45993485053168,42.53258679861215,XGBoost
2025-06-22 12:00:00,254.03006255626752,48.806878000125636,42.64440707196782,250.03462281823,42.64440707196782,XGBoost
2025-06-22 14:00:00,235.4101640780767,40.64928408142543,46.118315329486244,204.80894094705664,46.118315329486244,XGBoost
2025-06-22 15:00:00,203.594041132926,42.720720706650184,44.95125347662011,148.836102867126,44.95125347662011,XGBoost
2025-06-22 16:00:00,149.992098689078,35.313970594755844,36.302050382266565,127.873089933396,36.302050382266565,XGBoost
2025-06-22 17:00:00,84.78658084323,39.89612812785131,37.96528892583358,116.99897913138,37.96528892583358,XGBoost
2025-06-22 18:00:00,78.08801163733025,48.34557157447341,47.582450999976395,104.3826537132265,47.582450999976395,XGBoost
2025-06-23 00:00:00,78.42954518397633,50.301881413214495,52.63168283655349,107.00888959566834,52.63168283655349,XGBoost
2025-06-23 01:00:00,78.44079709053,50.03493850630641,53.06918087473967,95.9910346269605,53.06918087473967,XGBoost
2025-06-23 02:00:00,78.43858021497734,50.039479046982905,53.03459160082249,95.54905295372299,53.03459160082249,XGBoost
2025-06-23 03:00:00,78.43153603871667,50.03587876370779,53.23922100615773,93.60988036791633,53.23922100615773,XGBoost
2025-06-23 06:00:00,78.3040397763255,72.01831744576774,76.21642833425581,60.289360165595994,76.21642833425581,XGBoost
2025-06-23 07:00:00,84.69726569652559,114.7889038165307,123.413724901324,49.5601233221592,123.413724901324,XGBoost
2025-06-23 08:00:00,140.23307728075372,123.49045282645908,122.90069257779028,51.22727063723986,122.90069257779028,XGBoost
2025-06-23 09:00:00,149.785166609287,120.35715527305793,124.66732485536826,52.74368242323381,124.66732485536826,XGBoost
2025-06-23 10:00:00,128.49940327235714,113.35130965465939,119.54045043370017,62.17690134899986,119.54045043370017,XGBoost
2025-06-23 11:00:00,120.54252970218499,114.32890964969559,119.79739165465502,58.20759582519538,119.79739165465502,XGBoost
2025-06-23 12:00:00,112.76689532824857,143.34741124636932,133.09378418164536,56.81759742328086,133.09378418164536,XGBoost
2025-06-23 13:00:00,109.19603507859428,113.18490961374182,106.72100061987173,58.65875728641229,106.72100061987173,XGBoost
2025-06-23 14:00:00,99.92604385103458,134.70546226296003,118.98374863330345,58.40890517405099,118.98374863330345,XGBoost
2025-06-23 15:00:00,93.70996852715815,98.64077830859709,101.09885357144621,59.86639227469767,101.09885357144621,XGBoost
2025-06-23 16:00:00,70.17665759154728,91.71195834697802,106.56077559904803,60.15840557643343,106.56077559904803,XGBoost
2025-06-23 17:00:00,50.466452223913855,61.93462235659591,67.33820928394593,62.559692706380716,67.33820928394593,XGBoost
2025-06-23 18:00:00,42.8677185177805,53.45260183643454,51.50124138450248,64.6348809339105,51.50124138450248,XGBoost
2025-06-23 20:00:00,43.094665259123,51.59633570412864,49.65287750952764,59.894850090146,49.65287750952764,XGBoost
2025-06-23 21:00:00,43.0085173308848,49.38257771488351,47.85384888734908,64.5122017621992,47.85384888734908,XGBoost
2025-06-23 23:00:00,43.2828678786755,50.050112161214386,47.64818153981102,62.9275659024715,47.64818153981102,XGBoost
2025-06-24 00:00:00,45.98724532127367,49.60923410527505,49.25350014861459,68.73553123076766,49.25350014861459,XGBoost
2025-06-24 02:00:00,44.66573110222787,48.62032535459227,51.13560569470486,76.0672286227345,51.13560569470486,XGBoost
2025-06-24 03:00:00,44.52743446826944,49.77243149233222,55.59061047045667,133.87170128027634,55.59061047045667,XGBoost
2025-06-24 04:00:00,47.464037636916,51.62364305646559,57.327648944519154,196.92640705903668,57.327648944519154,XGBoost
2025-06-24 05:00:00,51.816829810539836,55.20885035876685,70.50403362550242,234.50486266612833,70.50403362550242,XGBoost
2025-06-24 06:00:00,82.78292065007342,109.19693257390747,103.79291543995372,252.57992936883429,103.79291543995372,XGBoost
2025-06-24 07:00:00,126.16729039947182,165.4121440480698,157.11633507184757,233.40556101004168,157.11633507184757,XGBoost
2025-06-24 08:00:00,172.7893012497167,156.4977098715902,160.68528513702037,142.7844456144501,160.68528513702037,XGBoost
2025-06-24 09:00:00,179.94879013841728,136.85089604160837,146.58264177964622,78.20271228118374,146.58264177964622,XGBoost
2025-06-24 10:00:00,134.92226805687,125.3216372095296,143.94577198669228,78.4225809812548,143.94577198669228,XGBoost
2025-06-24 11:00:00,126.7816767096525,130.47752458670016,140.99632950461415,78.45817389339226,140.99632950461415,XGBoost
2025-06-24 12:00:00,130.9316352009775,127.76317758194355,126.78045290710996,78.4486342668535,126.78045290710996,XGBoost
2025-06-24 13:00:00,115.0181299845389,130.0323804444855,131.81128256840105,78.45159126983756,131.81128256840105,XGBoost
2025-06-24 14:00:00,104.82347628474288,110.78530276026834,111.664986402726,78.4413528852165,111.664986402726,XGBoost
2025-06-24 15:00:00,99.62592577934286,99.68545781303237,101.01807475528004,78.42855776633543,101.01807475528004,XGBoost
2025-06-24 16:00:00,79.36595191061488,89.97129437394136,99.850679175283,78.3915981277825,99.850679175283,XGBoost
2025-06-24 17:00:00,57.55974996834988,68.52804562744171,72.80198426550999,99.95854042470413,72.80198426550999,XGBoost
2025-06-24 18:00:00,46.57979826132467,56.25669077206026,53.11810815025391,149.51809330781336,53.11810815025391,XGBoost
2025-06-24 19:00:00,47.75299187997984,56.8341733152857,55.54955675650791,189.20173919200832,55.54955675650791,XGBoost
2025-06-24 20:00:00,44.96884108866958,52.28694052371743,51.24261018622443,219.78554809093572,51.24261018622443,XGBoost
2025-06-24 21:00:00,44.83510348626543,49.78778130743164,47.3779811000449,244.45991899286,47.3779811000449,XGBoost
2025-06-24 22:00:00,45.73335538970111,49.13569696877201,50.30778864119712,250.10856987370445,50.30778864119712,XGBoost
2025-06-24 23:00:00,46.06885198752067,49.47891586846549,50.92419511697509,222.78175967269445,50.92419511697509,XGBoost
2025-06-25 00:00:00,46.66778032978366,49.75390492000147,54.63764233591123,155.89286315440998,54.63764233591123,XGBoost
2025-06-25 01:00:00,45.841886639595,52.326864539099994,54.29340340464805,83.09085331298412,54.29340340464805,XGBoost
2025-06-25 02:00:00,47.22474273613515,54.035413079860284,54.06629192264223,78.35927640540243,54.06629192264223,XGBoost
2025-06-25 03:00:00,46.43738313019288,54.979802990846686,54.15061960547761,78.43297725170851,54.15061960547761,XGBoost
2025-06-25 04:00:00,46.4995094724,52.1804313874563,54.00828578125058,80.03415556748716,54.00828578125058,XGBoost
2025-06-25 05:00:00,50.453445802546106,55.85769520831412,67.66557168354001,128.88318172552377,67.66557168354001,XGBoost
2025-06-25 06:00:00,86.0103056788442,110.7939100526839,110.42724068584812,150.648223018646,110.42724068584812,XGBoost
2025-06-25 07:00:00,123.725603587925,148.24976252278776,144.11835885629674,137.00886449217833,144.11835885629674,XGBoost
2025-06-25 08:00:00,194.04114454984702,135.97233007758854,136.82422806556104,119.94706165790399,136.82422806556104,XGBoost
2025-06-25 09:00:00,197.45028988520335,179.41584175211227,162.48275384606177,110.66818004184333,162.48275384606177,XGBoost
2025-06-25 10:00:00,151.53075452645666,138.99659718943474,139.87430558383798,107.53217116991668,139.87430558383798,XGBoost
2025-06-25 11:00:00,137.596089076996,143.90127062351695,137.98893600950316,105.74347705841019,137.98893600950316,XGBoost
2025-06-25 12:00:00,121.19900069918,125.09294624340225,131.6589513937276,90.53199143069128,131.6589513937276,XGBoost
2025-06-25 13:00:00,105.46814605924901,122.19685115256526,130.25969616755197,71.48344188266333,130.25969616755197,XGBoost
2025-06-25 14:00:00,85.542762184143,109.25139571828785,113.67275084157677,51.397349143027995,113.67275084157677,XGBoost
2025-06-25 15:00:00,83.12716313203184,109.82645855873893,113.0729975984736,43.026683037479664,113.0729975984736,XGBoost
2025-06-25 16:00:00,84.22320210933681,100.34522569186265,106.45325493484265,43.1486330688,106.45325493484265,XGBoost
2025-06-25 17:00:00,68.09245556592934,63.784653477002045,69.55085890246075,44.522325853506835,69.55085890246075,XGBoost
2025-06-25 18:00:00,47.73621292784812,54.48290340599008,52.92876664362126,43.97638750821338,52.92876664362126,XGBoost
2025-06-25 19:00:00,45.236844390630665,56.81503557866085,58.30068436163009,45.76783315340683,58.30068436163009,XGBoost
2025-06-25 20:00:00,46.58393168283833,53.401477873737086,54.6634972961934,45.43718861043456,54.6634972961934,XGBoost
2025-06-25 21:00:00,47.1885897159575,49.97752588355001,53.59900549177612,67.1820318654179,53.59900549177612,XGBoost
2025-06-25 22:00:00,47.03669305642433,50.606302348051024,56.22690643870027,108.06188940008484,56.22690643870027,XGBoost
2025-06-25 23:00:00,47.4933641791344,49.646178425931105,51.40930754378282,145.820267105104,51.40930754378282,XGBoost
2025-06-26 00:00:00,47.4464995165665,49.52789220595773,55.93152668674322,184.53314350048666,55.93152668674322,XGBoost
2025-06-26 01:00:00,50.4458937868475,51.27405253250171,55.868205462747305,180.59222994744624,55.868205462747305,XGBoost
2025-06-26 02:00:00,49.83848992983483,54.00942093355821,56.85453148977866,156.69587300221335,56.85453148977866,XGBoost
2025-06-26 03:00:00,51.515330314636,54.99452276401897,57.349824909663944,130.50587373971752,57.349824909663944,XGBoost
2025-06-26 04:00:00,52.17553975184783,59.47076993031508,57.307299277678055,133.69365886847334,57.307299277678055,XGBoost
2025-06-26 05:00:00,57.35307573952857,62.04708131595409,72.07041320260244,119.99883168084286,72.07041320260244,XGBoost
2025-06-26 06:00:00,90.38891724745389,105.33846524280794,101.43100227594635,114.83429508739111,101.43100227594635,XGBoost
2025-06-26 07:00:00,155.44489728212199,126.53471861924918,125.281316745601,99.95595941543661,125.281316745601,XGBoost
2025-06-26 08:00:00,221.91016716616429,161.20317233685435,151.05967816169823,99.62592577934286,151.05967816169823,XGBoost
2025-06-26 09:00:00,203.94045133060666,163.34374977615073,151.08781156653515,77.28225354353577,151.08781156653515,XGBoost
2025-06-26 10:00:00,177.40708499082714,135.68169444630627,151.40554484517816,57.12361901998514,151.40554484517816,XGBoost
2025-06-26 11:00:00,138.85412421822625,144.21237856955992,144.87847302979844,46.3918387778105,144.87847302979844,XGBoost
2025-06-26 12:00:00,125.864638614654,141.20382417757799,139.14810314198203,48.034418457746405,139.14810314198203,XGBoost
2025-06-26 13:00:00,117.03424076239166,151.85011427895395,123.70224211541733,44.911970992883,123.70224211541733,XGBoost
2025-06-26 14:00:00,111.69710558653,202.58974012273873,128.03264497955126,44.63897569477575,128.03264497955126,XGBoost
2025-06-26 15:00:00,96.61632776260424,106.83521147387893,127.55971411442064,44.98545256257063,127.55971411442064,XGBoost
2025-06-26 16:00:00,82.1898965239525,96.25367513788201,109.47156134227471,47.111152033011,109.47156134227471,XGBoost
2025-06-26 17:00:00,64.1270038709045,59.85939110189033,61.39884584238066,45.735948463280835,61.39884584238066,XGBoost
2025-06-26 18:00:00,54.4120067834852,51.318348019703606,49.42147303514593,46.665928709507,49.42147303514593,XGBoost
2025-06-26 19:00:00,52.119602579623624,50.199368073628335,51.653580401596386,45.89278292655938,51.653580401596386,XGBoost
2025-06-26 20:00:00,47.66234709999773,50.17554721779568,49.79029625744773,46.578435020013266,49.79029625744773,XGBoost
2025-06-26 21:00:00,49.0090479925275,49.6148175881352,48.76628692878825,46.64905396848913,48.76628692878825,XGBoost
2025-06-26 22:00:00,48.584659179052004,49.59488206348146,47.47493398699627,46.522827498614994,47.47493398699627,XGBoost
2025-06-26 23:00:00,50.463953956961504,49.437635176816386,48.46707923998755,47.069374841638,48.46707923998755,XGBoost
2025-06-27 00:00:00,50.33877800570578,54.385718110686476,53.837269704177466,61.56324245532333,53.837269704177466,XGBoost
2025-06-27 01:00:00,49.620128504932,56.58410937026195,57.72182639498608,104.49508775025575,57.72182639498608,XGBoost
2025-06-27 02:00:00,49.80019041470114,57.286093243389054,58.248091118824455,142.4943216570786,58.248091118824455,XGBoost
2025-06-27 03:00:00,49.3202957883478,56.41608346367798,59.58495628772414,192.161852359772,59.58495628772414,XGBoost
2025-06-27 04:00:00,49.041822838783204,56.5833055096533,57.98424998208725,202.537713694572,57.98424998208725,XGBoost
2025-06-27 05:00:00,53.64110060781225,57.84696968893803,68.63302401154188,197.97466588020376,68.63302401154188,XGBoost
2025-06-27 06:00:00,87.98429049924025,103.09796623552884,94.40925637762254,142.82158862054376,94.40925637762254,XGBoost
2025-06-27 07:00:00,131.11363568653533,116.53897043537069,111.32611807240414,123.07447528839167,111.32611807240414,XGBoost
2025-06-27 08:00:00,156.7012080252175,132.60334383081556,132.84214546542373,107.06053262949112,132.84214546542373,XGBoost
2025-06-27 09:00:00,196.4650340974325,132.17500775304933,142.3526601781604,89.08997085690463,142.3526601781604,XGBoost
2025-06-27 10:00:00,175.9641413092613,129.185273643837,138.3918385341196,83.7548240065575,138.3918385341196,XGBoost
2025-06-27 11:00:00,151.65562339127,158.41248070486174,159.75460776122753,72.48085689544675,159.75460776122753,XGBoost
2025-06-27 12:00:00,128.029552817345,134.44345416108806,134.92377965088232,52.993127346038825,134.92377965088232,XGBoost
2025-06-27 13:00:00,116.98314820395666,160.01229280300197,143.47807131032175,45.47681698203078,143.47807131032175,XGBoost
2025-06-27 14:00:00,105.76103508472717,131.50166806496642,132.92545172656494,45.15305765221516,132.92545172656494,XGBoost
2025-06-27 15:00:00,89.50561058521266,110.65621695046922,121.26166441751127,48.26181361079217,121.26166441751127,XGBoost
2025-06-27 16:00:00,77.5082214077315,85.82526702765593,87.45585327367154,46.28087928891167,87.45585327367154,XGBoost
2025-06-27 17:00:00,59.014452762901996,66.03371577168843,60.58383532574866,47.48486199975,60.58383532574866,XGBoost
2025-06-27 18:00:00,58.83130789101121,47.802120600296725,52.925549592760795,47.604730510711605,52.925549592760795,XGBoost
2025-06-27 19:00:00,53.53531174734238,50.49670348858852,61.59759917492147,49.784817531704874,61.59759917492147,XGBoost
2025-06-27 20:00:00,61.4329269856215,53.85888368307003,58.834524435068275,50.4899440228937,58.834524435068275,XGBoost
2025-06-27 21:00:00,62.355793642998,59.56190061866804,57.965059450700394,51.8616826057436,57.965059450700394,XGBoost
2025-06-27 22:00:00,58.0845821499825,58.094938273271076,56.54272195270426,53.15684832260025,56.54272195270426,XGBoost
2025-06-27 23:00:00,62.52494013309467,58.3422456471286,58.74015988970094,63.82052165145683,58.74015988970094,XGBoost
2025-06-28 00:00:00,60.124853752553626,57.46625466530169,58.76448313527571,90.5932539030905,58.76448313527571,XGBoost
2025-06-28 01:00:00,58.366748523712396,61.44978975882922,59.625422354395674,155.44489728212199,59.625422354395674,XGBoost
2025-06-28 02:00:00,61.34896149805628,60.759157067640736,61.40318171522591,221.91016716616429,61.40318171522591,XGBoost
2025-06-28 03:00:00,60.71205900236963,60.93226923041344,61.21068866979909,205.80050510167874,61.21068866979909,XGBoost
2025-06-28 04:00:00,62.690220279619,62.24096093886053,61.94006160510804,178.8637020122275,61.94006160510804,XGBoost
2025-06-28 05:00:00,64.03139434258134,59.04583092637535,61.71868603227301,137.7604484823022,61.71868603227301,XGBoost
2025-06-28 06:00:00,61.665606004851284,57.178629774365334,59.18918722874212,122.05927981649143,59.18918722874212,XGBoost
2025-06-28 07:00:00,52.9421786665916,55.79430936340833,56.12027161659588,113.89247922897201,56.12027161659588,XGBoost
2025-06-28 08:00:00,54.61324427525184,46.12414860710439,59.88942709345135,100.8795272906625,59.88942709345135,XGBoost
2025-06-28 09:00:00,52.12635131676967,41.91811923683559,49.53925223668228,94.22777956724217,49.53925223668228,XGBoost
2025-06-28 10:00:00,49.263312476022,43.72443913841403,53.222724667603515,75.42233380249571,53.222724667603515,XGBoost
2025-06-28 11:00:00,46.549365202585996,45.95604033412848,50.24723981282204,58.01404650261,50.24723981282204,XGBoost
2025-06-28 12:00:00,42.18408528963734,45.88247854327546,49.82161051373229,52.35655437906589,49.82161051373229,XGBoost
2025-06-28 13:00:00,37.744475109236575,49.399237139405905,62.51292380562266,48.012792889561,62.51292380562266,XGBoost
2025-06-28 14:00:00,36.438333916664,49.45774127185912,63.691483058263046,47.1160726487636,63.691483058263046,XGBoost
2025-06-28 15:00:00,34.709067600114146,42.090797781500086,51.96338056484726,49.420519718102,51.96338056484726,XGBoost
2025-06-28 16:00:00,33.2944162786005,41.57357281597933,48.5194095260072,47.9706808626655,48.5194095260072,XGBoost
2025-06-28 17:00:00,36.887495835622,44.1578493365696,40.379607885941574,50.172398269176334,40.379607885941574,XGBoost
2025-06-28 18:00:00,50.17843956748633,51.22633803033103,49.81564184609394,50.3486280639965,49.81564184609394,XGBoost
2025-06-28 19:00:00,54.7942970097065,54.181271141346315,53.45976812512472,49.380709171294995,53.45976812512472,XGBoost
2025-06-28 20:00:00,57.0056353449822,56.72894384374575,54.95932618314064,50.059049141407,54.95932618314064,XGBoost
2025-06-28 21:00:00,59.5949320912362,61.711206805259664,57.507100151887144,50.0400437355042,57.507100151887144,XGBoost
2025-06-28 22:00:00,61.109952112039,62.929691414308536,58.096716119478366,49.52241096893933,58.096716119478366,XGBoost
2025-06-28 23:00:00,61.098277747631,56.339035103589254,54.2462376739004,49.56372778011229,54.2462376739004,XGBoost
2025-06-29 00:00:00,62.2003390908244,52.36191286065533,49.711475046559215,49.0734060525892,49.711475046559215,XGBoost
2025-06-29 01:00:00,51.8791021804015,50.63904709261144,49.50958328877971,49.73645308613783,49.50958328877971,XGBoost
2025-06-29 02:00:00,47.31510828435425,51.3207729997498,48.96737398137727,71.06089645624162,48.96737398137727,XGBoost
2025-06-29 03:00:00,47.2712262034416,52.081386733153956,50.06015883031347,92.561402541399,50.06015883031347,XGBoost
2025-06-29 04:00:00,46.29673930009199,51.11335033955164,54.00651587980647,137.89456237107333,54.00651587980647,XGBoost
2025-06-29 05:00:00,46.59919941425338,51.59407675379833,56.279866839632355,161.22759330272748,56.279866839632355,XGBoost
2025-06-29 06:00:00,50.038986920379,48.479532056580716,62.758660521922145,197.944365143775,62.758660521922145,XGBoost
2025-06-29 07:00:00,41.509371265768834,49.25550764198751,56.14937395604971,195.04771908124167,56.14937395604971,XGBoost
2025-06-29 08:00:00,38.2131768941882,51.04906106555977,48.29353344378031,191.46232757568401,48.29353344378031,XGBoost
2025-06-29 09:00:00,38.3972280979156,43.95734745699259,46.60385881229087,140.6034092307086,46.60385881229087,XGBoost
2025-06-29 10:00:00,39.799033948353426,46.10355687777744,43.185433930928475,129.95631275858287,43.185433930928475,XGBoost
2025-06-29 11:00:00,39.5897829532625,53.00815919813594,45.10004543123004,125.0778797268875,45.10004543123004,XGBoost
2025-06-29 12:00:00,33.1357199668884,45.58780982646899,42.855553134426955,110.507362985612,42.855553134426955,XGBoost
2025-06-29 13:00:00,32.16766019662233,46.92570224381532,45.7250822264339,105.76103508472717,45.7250822264339,XGBoost
2025-06-29 14:00:00,28.711279650529335,40.49144849155663,39.63685944543955,89.50561058521266,39.63685944543955,XGBoost
2025-06-29 15:00:00,27.497705856958998,40.71992289979413,42.79451781314193,84.43881662686667,42.79451781314193,XGBoost
2025-06-29 16:00:00,25.21351605653783,35.61043032214021,36.01414957384907,65.40008282661466,36.01414957384907,XGBoost
2025-06-29 17:00:00,27.90417178720225,35.01361075294349,34.899279954689945,54.5137598216535,34.899279954689945,XGBoost
2025-06-29 18:00:00,35.346429407596666,46.31424458273013,42.69782359750088,71.38201145331067,42.69782359750088,XGBoost
2025-06-29 20:00:00,41.978105783463,47.782674477944674,49.506880439286256,72.168588757515,49.506880439286256,XGBoost
2025-06-29 21:00:00,42.8462485551836,49.66236380685403,48.548533884234914,54.35503064394,48.548533884234914,XGBoost
2025-06-29 23:00:00,44.62065222859366,50.83996236035433,49.77041936428051,51.879112953941,49.77041936428051,XGBoost
2025-06-30 00:00:00,46.528810943876,50.72374542412552,50.99799043629878,56.18286186882428,50.99799043629878,XGBoost
2025-06-30 01:00:00,46.5618480443956,50.398291134863264,50.766075201787,61.0880262196064,50.766075201787,XGBoost
2025-06-30 02:00:00,46.080719137192,50.120817444825065,51.36515312249509,65.0478642225268,51.36515312249509,XGBoost
2025-06-30 03:00:00,45.4472063660622,49.90915229222294,51.46927876432166,59.7323978781702,51.46927876432166,XGBoost
2025-06-30 04:00:00,48.298604965210004,50.081479118345406,51.23285652935091,60.2778822183605,51.23285652935091,XGBoost
2025-06-30 05:00:00,55.76718815167734,53.936636198703916,60.00426069901144,60.97973322868334,60.00426069901144,XGBoost
2025-06-30 06:00:00,81.42955704530101,87.28768068622043,87.86744635435961,60.99892912308389,87.86744635435961,XGBoost
2025-06-30 07:00:00,157.3598954081525,127.9256511995365,128.59249840445167,60.68592843413375,128.59249840445167,XGBoost
2025-06-30 08:00:00,219.81007137298403,142.64021695306215,143.37962863204277,58.1935029983522,143.37962863204277,XGBoost
2025-06-30 09:00:00,248.78483242609363,177.9680977909407,191.50099223754194,61.10750803215945,191.50099223754194,XGBoost
2025-06-30 10:00:00,230.62398386002,188.3914879698776,175.5177400007365,62.827843854824664,175.5177400007365,XGBoost
2025-06-30 11:00:00,182.3042687475675,181.44267541934158,179.66901563946172,63.87631753832075,179.66901563946172,XGBoost
2025-06-30 12:00:00,171.1143947839743,188.7883686287857,180.720890952135,64.55129107407157,180.720890952135,XGBoost
2025-06-30 13:00:00,149.76135787963798,166.0764398402103,150.77128567208825,60.5345953822136,150.77128567208825,XGBoost
2025-06-30 14:00:00,128.347072601315,171.4288263482091,152.72918496764942,62.664361417293506,152.72918496764942,XGBoost
2025-06-30 15:00:00,111.192875099184,102.23238058868517,128.24591726361305,61.004287612438205,128.24591726361305,XGBoost
2025-06-30 16:00:00,101.8728608876482,89.01627760094932,115.49835318401378,52.820456790924005,115.49835318401378,XGBoost
2025-06-30 17:00:00,103.94082701206185,73.91868081105571,71.90019128130724,53.60811181863133,71.90019128130724,XGBoost
2025-06-30 18:00:00,79.118500954575,50.67002786928983,45.46764896144966,51.05698384179,45.46764896144966,XGBoost
2025-06-30 19:00:00,59.772790670395196,51.379128425194324,52.46182125519298,48.554444885254,52.46182125519298,XGBoost
2025-06-30 20:00:00,55.633719454209334,50.24789709718893,48.7841414845681,45.933469613393335,48.7841414845681,XGBoost
2025-06-30 21:00:00,48.56260055303575,49.65899221824699,48.85260967195847,45.3728502988815,48.85260967195847,XGBoost
2025-06-30 22:00:00,47.497415944934,48.91488544664996,46.99440754482077,40.1966856718065,46.99440754482077,XGBoost
2025-06-30 23:00:00,48.00488196100514,47.24735975832278,45.521004447524525,38.69855449880872,45.521004447524525,XGBoost
2025-07-01 00:00:00,49.37523986399175,56.464569482674484,62.90356685290069,37.220869243145,62.90356685290069,XGBoost
2025-07-01 01:00:00,48.997240667231374,55.482115922218185,60.878230982504455,35.43589435517787,60.878230982504455,XGBoost
2025-07-01 02:00:00,48.0673070450625,54.98036876229194,59.49943920969094,33.649611830711336,59.49943920969094,XGBoost
2025-07-01 03:00:00,48.0346731066706,55.923070887210315,61.92438465806936,40.4055805921554,61.92438465806936,XGBoost
2025-07-01 05:00:00,48.28733323017733,54.91638764676341,60.0982334661947,56.42485890785866,60.0982334661947,XGBoost
2025-07-01 06:00:00,81.9135480225085,83.53379887293069,85.59439692774303,56.886394013961166,85.59439692774303,XGBoost
2025-07-01 07:00:00,131.3210782366133,141.8155168328438,142.01502032228885,61.219011289732855,142.01502032228885,XGBoost
2025-07-01 08:00:00,225.02502825856124,156.17585280545794,168.20205667014093,60.878336742520375,168.20205667014093,XGBoost
2025-07-01 09:00:00,244.985738503933,187.69176846655864,206.18651062878126,55.097538703680094,206.18651062878126,XGBoost
2025-07-01 10:00:00,196.52142724991,188.3397432832198,188.31714311371053,45.232133352756605,188.31714311371053,XGBoost
2025-07-01 11:00:00,184.44292440017,153.5187601743551,163.08234645810958,48.80616738398867,163.08234645810958,XGBoost
2025-07-01 12:00:00,159.445655083656,150.37200965957942,153.33439478690644,45.8756201267242,153.33439478690644,XGBoost
2025-07-01 13:00:00,125.92501004537,153.68624432597935,145.92681655342298,45.80033493042,145.92681655342298,XGBoost
2025-07-01 14:00:00,118.83729583025,132.0887586092151,123.61886415826847,48.1764919012785,123.61886415826847,XGBoost
2025-07-01 15:00:00,101.9234604120266,98.08279622247116,110.86362854585389,47.1331901855768,110.86362854585389,XGBoost
2025-07-01 16:00:00,92.757220163942,94.54889393056897,111.13207327767127,49.401298848291,111.13207327767127,XGBoost
2025-07-01 17:00:00,71.5034449756146,66.26701760719132,70.58975517214989,40.2136103212832,70.58975517214989,XGBoost
2025-07-01 18:00:00,55.23258707353043,47.53791695499164,52.51110909348664,38.14194388049014,52.51110909348664,XGBoost
2025-07-01 19:00:00,53.786141656339254,51.424588462530444,58.61040676492527,39.6948263943195,58.61040676492527,XGBoost
2025-07-01 20:00:00,50.81857516084386,51.94913386300281,55.5706383825903,38.35899720873157,55.5706383825903,XGBoost
2025-07-01 21:00:00,49.8706074476242,54.624751529322886,57.83028295564806,32.6536801815034,57.83028295564806,XGBoost
2025-07-01 22:00:00,50.38808499276637,54.530388007886884,58.09412531374582,30.903103217482624,58.09412531374582,XGBoost
2025-07-01 23:00:00,52.07475453615185,52.672460123928055,56.15708481238961,27.986713613782715,56.15708481238961,XGBoost
2025-07-02 00:00:00,52.10560924559825,54.17605114828879,57.76432877826656,26.185133982449877,57.76432877826656,XGBoost
2025-07-02 01:00:00,51.6482162152725,52.87627109334562,57.04576064129893,36.62749457359317,57.04576064129893,XGBoost
2025-07-02 02:00:00,48.8235288560388,53.43897586087023,57.159219123431946,42.852730894089,57.159219123431946,XGBoost
2025-07-02 03:00:00,48.902588643133626,53.22715450633113,55.0448701096788,45.61163143068538,55.0448701096788,XGBoost
2025-07-02 04:00:00,48.861197223266004,49.24608105240602,53.36581755670534,45.93356371919333,53.36581755670534,XGBoost
2025-07-02 05:00:00,51.510118186474,54.92751162880188,62.942248756065155,46.638893221106,62.942248756065155,XGBoost
2025-07-02 06:00:00,84.26884278059019,86.62994969712265,85.26901776628496,44.997969555854795,85.26901776628496,XGBoost
2025-07-02 07:00:00,152.8153629948695,147.48621261944328,144.4770104849976,51.90629244844117,144.4770104849976,XGBoost
2025-07-02 08:00:00,213.27188260214714,183.2894459904134,177.5522033985862,79.25161195652856,177.5522033985862,XGBoost
2025-07-02 09:00:00,255.265342473984,185.7817655738241,187.39029840449794,126.9839983582478,187.39029840449794,XGBoost
2025-07-02 10:00:00,217.90184836387598,189.9239874988965,192.51274404420866,206.31640215814,192.51274404420866,XGBoost
2025-07-02 11:00:00,164.44551728169168,204.98632566477713,205.29392113208783,242.67021536578832,205.29392113208783,XGBoost
2025-07-02 12:00:00,143.64934523900334,209.1284091874096,208.9491983901831,255.71965138117665,208.9491983901831,XGBoost
2025-07-02 13:00:00,127.274521410465,196.1380325655441,178.9218304460176,247.52947857976,178.9218304460176,XGBoost
2025-07-02 15:00:00,100.38596313340285,121.23736891587745,128.02390260922203,181.50346226351573,128.02390260922203,XGBoost
2025-07-02 16:00:00,82.89962708949983,92.12008933628334,104.20790324589429,154.60037881136,104.20790324589429,XGBoost
2025-07-02 17:00:00,58.54209349676975,61.25376146147683,60.07794199611294,138.02544945478252,60.07794199611294,XGBoost
2025-07-02 20:00:00,46.553714269399805,52.43609228716846,54.65971126701614,104.8635524272942,54.65971126701614,XGBoost
2025-07-02 21:00:00,50.43774735927586,51.15790864257097,54.008471428055806,102.283066462193,54.008471428055806,XGBoost
2025-07-02 22:00:00,50.9124208569526,51.0873043935087,52.386367296801055,83.052337360382,52.386367296801055,XGBoost
2025-07-02 23:00:00,50.958279997110374,51.32602924893621,52.626479326307816,67.46765670180338,52.626479326307816,XGBoost
2025-07-03 00:00:00,53.645809471607144,50.33952180287742,51.888319601714485,52.747725397348574,51.888319601714485,XGBoost
2025-07-03 01:00:00,51.87240213155743,48.958954127807,50.65479840388252,47.600338246141284,50.65479840388252,XGBoost
2025-07-03 02:00:00,51.402846047655004,48.661096413093816,49.60307248289045,48.620725594461,49.60307248289045,XGBoost
2025-07-03 03:00:00,52.09487062227012,47.971736535348484,48.69481560862551,49.028373246081124,48.69481560862551,XGBoost
2025-07-03 04:00:00,52.31018180506557,48.15156416994345,49.09480829955999,48.193772920540574,49.09480829955999,XGBoost
2025-07-03 05:00:00,48.6131283998492,49.2304161638739,56.219076034731586,48.0346731066706,56.219076034731586,XGBoost
2025-07-03 06:00:00,89.55346342495514,77.66631820976032,76.71137351638966,48.83534998553129,76.71137351638966,XGBoost
2025-07-03 07:00:00,144.66465352688573,124.2382372275085,125.6344338367749,83.504336280482,125.6344338367749,XGBoost
2025-07-03 08:00:00,193.49829540650168,147.05006115657622,149.3272808006267,137.69974697132832,149.3272808006267,XGBoost
2025-07-03 09:00:00,178.33385084072665,182.86836385410098,187.47978990121806,214.87540594736666,187.47978990121806,XGBoost
2025-07-03 10:00:00,161.17612250977112,210.44219621123415,196.22443016121068,254.64911660883112,196.22443016121068,XGBoost
2025-07-03 11:00:00,133.45799263318335,158.73506829506545,155.87482900436254,210.36263469855166,155.87482900436254,XGBoost
2025-07-03 12:00:00,121.95310929843572,136.9923174615806,145.94391251573037,187.20682634626,145.94391251573037,XGBoost
2025-07-03 14:00:00,95.936351696651,107.63811417295295,104.63402471757769,139.84440461794335,104.63402471757769,XGBoost
2025-07-03 15:00:00,102.84861777722737,103.36240811933261,103.15062261992689,114.11713048815787,103.15062261992689,XGBoost
2025-07-03 16:00:00,72.0839155515035,89.42255931080065,97.63677155539068,98.82753869642933,97.63677155539068,XGBoost
2025-07-03 17:00:00,49.3410833626985,57.60116630261494,52.19461137461367,73.32987912744301,52.19461137461367,XGBoost
2025-07-03 19:00:00,41.518948942423,51.45610690280604,55.48741101705585,60.7965028584,55.48741101705585,XGBoost
2025-07-03 20:00:00,45.451162482301164,51.0596077586106,51.19676733895566,53.098957826694004,51.19676733895566,XGBoost
2025-07-03 21:00:00,49.272664922476,49.039968252096095,50.37527376332889,53.5891895055772,50.37527376332889,XGBoost
2025-07-03 22:00:00,43.275631606579,48.73067408109883,49.15848463949578,53.627401351928675,49.15848463949578,XGBoost
2025-07-03 23:00:00,44.322021842003004,48.68258518850475,49.27193652199628,50.60539410511634,49.27193652199628,XGBoost
2025-07-04 01:00:00,43.11048550903825,49.371945435797386,50.700182490982776,51.44188284873975,50.700182490982776,XGBoost
2025-07-04 02:00:00,44.20868031183866,48.183159877121305,49.88454500926294,51.08635954062134,49.88454500926294,XGBoost
2025-07-04 03:00:00,47.5850805163384,48.749921855212364,53.17404663535318,51.6151365756988,53.17404663535318,XGBoost
2025-07-04 04:00:00,47.845400825143,48.22620206771586,52.08928663955788,52.8474557101725,52.08928663955788,XGBoost
2025-07-04 05:00:00,55.71394708255917,48.648202689369974,55.23271259978327,52.165045589208496,55.23271259978327,XGBoost
2025-07-04 06:00:00,77.36667536837729,64.87966291820861,68.82336109845052,50.39529569021271,68.82336109845052,XGBoost
2025-07-04 07:00:00,99.59884701669274,111.6610601529814,100.73480524325731,49.399707555770746,100.73480524325731,XGBoost
2025-07-04 08:00:00,108.7392088532454,123.30316270103526,125.64336874495423,48.9737512290477,125.64336874495423,XGBoost
2025-07-04 09:00:00,102.66929610570133,111.7633569399358,123.93690704824239,49.02893030643483,123.93690704824239,XGBoost
2025-07-04 10:00:00,76.52386048861929,114.22005321451445,117.94540393861446,65.67877363307143,117.94540393861446,XGBoost
2025-07-04 11:00:00,69.17985093593575,115.70489848242224,117.17094640667115,104.61715612560575,117.17094640667115,XGBoost
2025-07-04 12:00:00,61.18357690175378,122.68251889549212,129.05689594475538,185.34029397699555,129.05689594475538,XGBoost
2025-07-04 13:00:00,57.929837306340666,137.57593643882134,146.56596816265196,252.3678528865183,146.56596816265196,XGBoost
2025-07-04 14:00:00,59.10619282722457,123.7036172990146,125.62274888744425,219.24210299764286,125.62274888744425,XGBoost
2025-07-04 15:00:00,66.7779078880945,105.08762101295751,118.44047391379927,160.865366439025,118.44047391379927,XGBoost
2025-07-04 16:00:00,57.9367993116378,83.07759538556077,105.08865660167604,120.430013418198,105.08865660167604,XGBoost
2025-07-04 17:00:00,43.83653114549813,54.50147817697293,56.573062863189,99.47347027063275,56.573062863189,XGBoost
2025-07-04 18:00:00,44.6408458948134,57.66881989540995,51.24588600381251,73.586643600464,51.24588600381251,XGBoost
2025-07-04 19:00:00,46.9242652505635,52.848709495963796,57.291770942364025,55.630419831723,57.291770942364025,XGBoost
2025-07-04 20:00:00,50.862005725502996,52.33215344835103,56.32877956595675,43.764502823353,56.32877956595675,XGBoost
2025-07-04 21:00:00,51.0214840829372,51.106764487535685,51.37433189138089,47.823912459612,51.37433189138089,XGBoost
2025-07-04 23:00:00,50.5136372372505,51.17869097776383,50.61406178656215,50.187182590365495,50.61406178656215,XGBoost
2025-07-05 00:00:00,54.1055342674254,49.92388473800708,51.45389394101625,50.3894901514052,51.45389394101625,XGBoost
2025-07-05 01:00:00,55.311885606497626,65.53631064357062,58.91517029435234,52.09841042757037,58.91517029435234,XGBoost
2025-07-05 02:00:00,55.50259389148811,64.14508526519722,61.6362030252894,52.419412851333554,61.6362030252894,XGBoost
2025-07-05 03:00:00,60.05780463417378,63.46682433916086,61.73383278883503,51.59064692258844,61.73383278883503,XGBoost
2025-07-05 04:00:00,58.58212640550411,63.69841328516356,62.758831712389515,51.650812437965115,62.758831712389515,XGBoost
2025-07-05 05:00:00,61.7214310348034,62.70697542914181,61.71995132181612,51.6853086709976,61.71995132181612,XGBoost
2025-07-05 06:00:00,60.78673060451214,78.76988861035785,63.1407669017022,64.04583045414543,63.1407669017022,XGBoost
2025-07-05 07:00:00,51.868261677678625,51.774467968692534,57.48970592047441,115.88741116598175,57.48970592047441,XGBoost
2025-07-05 08:00:00,48.0285088837148,43.35936556063619,51.031793325433895,180.38609179258498,51.031793325433895,XGBoost
2025-07-05 09:00:00,45.14549076557167,45.362915428438804,55.53719684476213,179.67552560567833,55.53719684476213,XGBoost
2025-07-05 10:00:00,49.54101978029543,49.19053104372545,53.20080754518809,161.70153528026142,53.20080754518809,XGBoost
2025-07-05 11:00:00,46.51545303518109,52.69497734332378,53.50103900879869,128.55537308346183,53.50103900879869,XGBoost
2025-07-05 12:00:00,41.28683594862617,49.2696712153394,57.40392269726134,107.99751820167059,57.40392269726134,XGBoost
2025-07-05 13:00:00,37.471129840070454,41.802981711991144,45.90115922169284,89.43313696167591,45.90115922169284,XGBoost
2025-07-05 14:00:00,36.904464173317,37.42937971046158,39.75529111064385,47.128478488325996,39.75529111064385,XGBoost
2025-07-05 15:00:00,32.69849093258388,35.19076216615104,38.20474144206494,47.65089569985862,38.20474144206494,XGBoost
2025-07-05 16:00:00,30.0461184382439,32.90000432557199,32.237369661555675,44.4440080374481,32.237369661555675,XGBoost
2025-07-05 17:00:00,32.6625817739405,36.20478222945175,38.642296177093996,44.719008922576876,38.642296177093996,XGBoost
2025-07-05 18:00:00,43.4539448022842,45.73199230421764,49.02772696065809,44.453881028294596,49.02772696065809,XGBoost
2025-07-05 19:00:00,50.27819513848857,51.15404976363321,53.95017370290082,48.85002726316443,53.95017370290082,XGBoost
2025-07-05 20:00:00,53.81753681972625,56.03796295049453,58.621571543221336,69.08852994069463,58.621571543221336,XGBoost
2025-07-05 21:00:00,54.30329800314367,58.65313147645846,59.36658580755233,93.14162614610511,59.36658580755233,XGBoost
2025-07-05 22:00:00,57.60397633537663,59.12674532573322,60.09833531052356,108.8459252566105,60.09833531052356,XGBoost
2025-07-05 23:00:00,59.33233290910712,58.99658340392814,60.4072264601066,97.07092869281675,60.4072264601066,XGBoost
2025-07-06 00:00:00,60.015632488510725,50.47061683948951,54.085073432649345,70.7234714031219,54.085073432649345,XGBoost
2025-07-06 01:00:00,51.70447446405884,49.916279946637815,54.282155530979104,59.62162246306742,54.282155530979104,XGBoost
2025-07-06 02:00:00,45.52485092480983,49.98753506678484,53.39442186389178,60.88726381460816,53.39442186389178,XGBoost
2025-07-06 03:00:00,45.94279251857227,50.13403851076353,51.22801201729646,61.23988366127009,51.22801201729646,XGBoost
2025-07-06 04:00:00,47.36294776201233,52.55957749275036,53.485450595011905,43.88862090681983,53.485450595011905,XGBoost
2025-07-06 05:00:00,47.55448791715855,51.56344786416886,51.534594727241746,48.45369902584278,51.534594727241746,XGBoost
2025-07-06 06:00:00,51.46661821583445,45.7457887537309,53.626638633041345,50.54953380606391,53.626638633041345,XGBoost
2025-07-06 07:00:00,45.755976781663,45.39743096453906,46.117479576024664,53.49092549416733,46.117479576024664,XGBoost
2025-07-06 08:00:00,42.689155831933,42.50750627888926,45.40215185861624,55.46511199325337,45.40215185861624,XGBoost
2025-07-06 09:00:00,43.616618772347834,39.27313157434069,42.608486772168,57.09549167255559,42.608486772168,XGBoost
2025-07-06 10:00:00,40.70706319808971,44.69786088037885,49.91314404531435,59.693447066205,49.91314404531435,XGBoost
2025-07-06 11:00:00,41.05850857496262,51.03478433113322,63.70062006947409,60.012919563800125,63.70062006947409,XGBoost
2025-07-06 12:00:00,35.1810400605202,56.62492685160887,64.91475434114103,61.3167244762182,64.91475434114103,XGBoost
2025-07-06 13:00:00,32.520560646057206,48.255246599353725,51.50063373833889,61.00257406234719,51.50063373833889,XGBoost
2025-07-06 14:00:00,29.369693279266333,40.711969943209205,41.9103116496277,53.199181166167,41.9103116496277,XGBoost
2025-07-06 15:00:00,27.8743377447128,37.098707243629505,38.83313280047197,49.4540611863138,38.83313280047197,XGBoost
2025-07-06 16:00:00,26.290220975875716,35.93676209941943,35.749863604739225,46.966541332858,35.749863604739225,XGBoost
2025-07-06 17:00:00,27.987612056235335,37.597609372615686,39.23185079810127,45.14549076557167,39.23185079810127,XGBoost
2025-07-06 18:00:00,37.016797771056495,52.39320023160629,44.92486598599157,49.477140982946,44.92486598599157,XGBoost
2025-07-06 19:00:00,41.733885370194876,52.73293099852775,49.81673723509787,46.97763764858237,49.81673723509787,XGBoost
2025-07-06 20:00:00,44.18635987383986,51.75198658137348,49.6848272732815,44.81152248382572,49.6848272732815,XGBoost
2025-07-06 21:00:00,43.527214303613,50.926556212133846,49.83458189142897,43.03928864002225,49.83458189142897,XGBoost
2025-07-06 22:00:00,43.10645651817317,50.557086769914655,50.11037543403224,38.914653420448,50.11037543403224,XGBoost
2025-07-06 23:00:00,45.52805427710217,52.65564825715543,52.320089587435234,36.78666543960566,52.320089587435234,XGBoost
2025-07-07 00:00:00,45.74536061949189,54.02547434919112,57.26715911285888,37.87334773275589,57.26715911285888,XGBoost
2025-07-07 01:00:00,46.037717670202376,52.731289418941344,54.2007220655524,35.7609856277705,54.2007220655524,XGBoost
2025-07-07 02:00:00,45.841580024787284,54.34124006185219,56.66214645976563,30.75180804729457,56.66214645976563,XGBoost
2025-07-07 03:00:00,46.99925238887467,54.261927860025196,55.12785523870204,30.384145081043332,55.12785523870204,XGBoost
2025-07-07 05:00:00,54.40030584335341,53.70352209998133,57.96612355144659,32.6813420571386,57.96612355144659,XGBoost
2025-07-07 06:00:00,86.05463964492075,67.62859476646474,73.24129300286847,40.27240265160788,73.24129300286847,XGBoost
2025-07-07 07:00:00,150.40378812381027,145.8550312560215,140.6829309560229,48.927526546376285,140.6829309560229,XGBoost
2025-07-07 08:00:00,247.26546812678498,143.81153025505427,146.4364569744042,52.926132728656,146.4364569744042,XGBoost
2025-07-07 09:00:00,225.840891887745,165.9521273683409,167.45192354085086,53.73428330818817,167.45192354085086,XGBoost
2025-07-07 10:00:00,192.16831655502202,117.08336024909265,125.13073857045565,55.2298518896104,125.13073857045565,XGBoost
2025-07-07 11:00:00,153.63957871283998,118.37597946178155,119.48915534717892,55.45077446103086,119.48915534717892,XGBoost
2025-07-07 12:00:00,128.4218149185175,120.31301233868196,115.63372220607161,58.7841079197825,115.63372220607161,XGBoost
2025-07-07 13:00:00,117.987532794475,118.37052532251,118.57142682176573,59.277824208140245,118.57142682176573,XGBoost
2025-07-07 14:00:00,98.34799128770875,108.98030165652108,108.24181102017809,59.81351758539675,108.24181102017809,XGBoost
2025-07-07 15:00:00,92.66520150502633,97.48736022868991,105.4781561126312,58.130771120389,105.4781561126312,XGBoost
2025-07-07 16:00:00,85.18881378571267,95.66138242693289,97.64788053679376,60.91967337330183,97.64788053679376,XGBoost
2025-07-07 17:00:00,55.4707350432872,60.84588374031885,60.150836857006674,51.0416476607322,60.150836857006674,XGBoost
2025-07-07 18:00:00,51.476514708996,51.760096694403686,48.79451898670317,49.2505977392196,48.79451898670317,XGBoost
2025-07-07 19:00:00,48.60781410336485,53.16467424625062,53.43163337750542,44.84001014062343,53.43163337750542,XGBoost
2025-07-07 20:00:00,51.10424101352683,51.9814969122203,49.52041268575129,46.261664221684164,49.52041268575129,XGBoost
2025-07-07 21:00:00,49.2201049625875,49.324485940381365,48.130074105914744,45.227235525846496,48.130074105914744,XGBoost
2025-07-07 22:00:00,46.1710437178614,48.43020406051738,47.8461093183223,45.99551500082,47.8461093183223,XGBoost
2025-07-07 23:00:00,48.27019381854278,49.01679343085322,50.067536819474604,47.53122387992011,50.067536819474604,XGBoost
2025-07-08 00:00:00,50.4718662425875,49.174243872538284,49.292144296738556,46.68663385510425,49.292144296738556,XGBoost
2025-07-08 01:00:00,52.3986668437719,49.36957375366351,50.24354305867355,48.9032020568849,50.24354305867355,XGBoost
2025-07-08 02:00:00,51.4658476948738,49.92468371539225,50.40181652531123,51.767398154735396,50.40181652531123,XGBoost
2025-07-08 03:00:00,50.9050914436578,50.060683017257894,50.72332614224254,51.7521015763282,50.72332614224254,XGBoost
2025-07-08 04:00:00,53.560931470245,51.56370671990439,51.726299052302274,45.9038877692075,51.726299052302274,XGBoost
2025-07-08 05:00:00,55.79589071869867,51.35487548754295,54.681118914944214,42.50962022940317,54.681118914944214,XGBoost
2025-07-08 06:00:00,90.3904826164238,67.96743857869815,68.2647771171476,41.801110291480995,68.2647771171476,XGBoost
2025-07-08 07:00:00,140.5088212026491,123.86255670574961,125.28913615018217,44.222935464647115,125.28913615018217,XGBoost
2025-07-08 08:00:00,185.7090773284425,123.29975179815824,114.60005056545214,42.36774271726625,114.60005056545214,XGBoost
2025-07-08 09:00:00,170.015264093875,115.4983559027541,127.28373548212397,40.14524626731883,127.28373548212397,XGBoost
2025-07-08 10:00:00,147.18508179187802,132.23687063155631,127.81198014713907,41.3335096359254,127.81198014713907,XGBoost
2025-07-08 11:00:00,138.24839215619429,117.51908178961511,117.17711929150921,37.84631681442257,117.17711929150921,XGBoost
2025-07-08 12:00:00,121.35090203285002,124.82263328371327,121.77109892995836,35.0075773477554,121.77109892995836,XGBoost
2025-07-08 13:00:00,99.77896308898868,125.95139522499193,123.64125431148632,32.70860330263783,123.64125431148632,XGBoost
2025-07-08 14:00:00,96.49248557090701,106.40604237651216,116.7972861337176,29.425010061263997,116.7972861337176,XGBoost
2025-07-08 15:00:00,92.226007427488,98.63889430970481,106.14929794050416,27.617757678031857,106.14929794050416,XGBoost
2025-07-08 16:00:00,81.22670751810116,86.06818149960095,86.39693743875976,26.528673529624836,86.39693743875976,XGBoost
2025-07-08 17:00:00,57.76801363627133,58.829397535054476,54.07921863139769,23.958096663157004,54.07921863139769,XGBoost
2025-07-08 18:00:00,45.927386648953004,46.791954304653665,47.302368146220815,34.80908345989875,47.302368146220815,XGBoost
2025-07-08 19:00:00,43.50836221738319,52.00945968823723,52.94944663297765,41.90037707848982,52.94944663297765,XGBoost
2025-07-08 20:00:00,42.88234313329084,50.85070903257526,50.53954533596566,43.85018364588433,50.53954533596566,XGBoost
2025-07-08 21:00:00,44.1972050480545,48.756014294503295,49.2965639506328,43.745569281280126,49.2965639506328,XGBoost
2025-07-08 22:00:00,43.002701273560504,48.46687540871675,48.17027702723937,45.326403093338,48.17027702723937,XGBoost
2025-07-08 23:00:00,45.942695420235374,48.18127999577147,48.25881058730159,45.94659876078362,48.25881058730159,XGBoost
2025-07-09 00:00:00,45.27787225587043,48.682883471498656,49.81299556487908,45.835049586636714,49.81299556487908,XGBoost
2025-07-09 01:00:00,44.30941703489843,48.511571733914025,49.02386293582398,45.70720384802128,49.02386293582398,XGBoost
2025-07-09 02:00:00,44.26729717850683,48.56395495044754,47.81211461129701,47.251390725374165,47.81211461129701,XGBoost
2025-07-09 04:00:00,50.80479108293817,48.62640156260321,52.82915104065591,58.6334102749825,52.82915104065591,XGBoost
2025-07-09 05:00:00,51.5140017293392,49.59265110049431,62.11964282523634,83.93427413702,62.11964282523634,XGBoost
2025-07-09 06:00:00,83.87527549266828,99.89986048253157,106.08860634865019,119.91701483726429,106.08860634865019,XGBoost
2025-07-09 07:00:00,123.714625020326,165.66450887263275,162.22515811012462,238.530378399044,162.22515811012462,XGBoost
2025-07-09 08:00:00,202.08285220464168,200.3260081493603,184.61022169138934,210.76451496283335,184.61022169138934,XGBoost
2025-07-09 09:00:00,190.51479687009427,138.78663845527495,156.73864067496035,170.26298177668,156.73864067496035,XGBoost
2025-07-09 10:00:00,170.21702569723,119.7697088815183,119.26261533335123,144.36048908532,119.26261533335123,XGBoost
2025-07-09 11:00:00,140.50399810075666,127.16483980377751,127.56991714627098,127.27415247758165,127.56991714627098,XGBoost
2025-07-09 12:00:00,127.8824792703,140.61210790481417,134.52489306264087,115.87593563397667,134.52489306264087,XGBoost
2025-07-09 13:00:00,122.6745314002025,123.90801009851285,121.34144287509608,94.99505975842575,121.34144287509608,XGBoost
2025-07-09 14:00:00,90.2167262236275,109.57933788625695,110.6739783864084,74.69412308931334,110.6739783864084,XGBoost
2025-07-09 15:00:00,87.6271486679715,104.50464568188255,106.44572943389562,50.7320502946775,106.44572943389562,XGBoost
2025-07-09 16:00:00,79.01095197881986,97.4188694572441,99.22807031630957,48.969629636832714,99.22807031630957,XGBoost
2025-07-09 17:00:00,55.97487298846259,63.54153918890144,65.02441611469146,50.7103848040102,65.02441611469146,XGBoost
2025-07-09 18:00:00,44.88080348571134,54.467544850500246,48.58555014300692,51.287145435810004,48.58555014300692,XGBoost
2025-07-09 19:00:00,44.586451433598995,55.313314986367565,55.407207483141164,47.957772910595,55.407207483141164,XGBoost
2025-07-09 20:00:00,44.93401229712711,52.52401252307234,51.60677150812133,46.84129509329811,51.60677150812133,XGBoost
2025-07-09 21:00:00,47.09862703416089,50.707395559940174,52.20413864409343,49.768200192186555,52.20413864409343,XGBoost
2025-07-09 22:00:00,45.073979272083726,50.804224822735634,52.55008487119596,52.60242724418636,52.55008487119596,XGBoost
2025-07-09 23:00:00,46.695175908505874,50.85168145962129,53.07570866124382,51.923404764384124,53.07570866124382,XGBoost
2025-07-10 00:00:00,45.8109311064085,49.64565719044111,50.907557943406054,52.95246471961334,50.907557943406054,XGBoost
2025-07-10 01:00:00,45.90713420179166,48.74855875370167,55.24968425472692,90.07298109266466,55.24968425472692,XGBoost
2025-07-10 02:00:00,47.543025539981,49.10352655444972,59.93614969173171,170.3876512646667,59.93614969173171,XGBoost
2025-07-10 03:00:00,47.41227199137212,48.668010833033904,59.68913754645372,170.0627999901775,59.68913754645372,XGBoost
2025-07-10 04:00:00,51.26718531921517,49.1462197775788,60.268958759459935,142.17438666025834,60.268958759459935,XGBoost
2025-07-10 05:00:00,57.51441081506872,49.2418446717873,75.52099797316085,134.56525359835,75.52099797316085,XGBoost
2025-07-10 06:00:00,90.97849493225425,103.68733973106934,98.85701720674912,103.41874188184624,98.85701720674912,XGBoost
2025-07-10 07:00:00,156.4618153423075,141.80385915650396,139.2400359027618,94.958991676569,139.2400359027618,XGBoost
2025-07-10 08:00:00,207.25033672289365,200.54964986838004,186.3839085974333,71.44772489504409,186.3839085974333,XGBoost
2025-07-10 09:00:00,218.67007873739712,196.29292903028863,198.61357118047997,45.715639565672284,198.61357118047997,XGBoost
2025-07-10 10:00:00,196.8259640534711,180.22798227351547,186.78737805775302,43.32485616207144,186.78737805775302,XGBoost
2025-07-10 11:00:00,173.25849686969457,159.60986192361892,164.73758217821808,43.46791548620591,164.73758217821808,XGBoost
2025-07-10 12:00:00,152.5518841296425,160.09445112587753,158.66476844827093,43.86651229485862,158.66476844827093,XGBoost
2025-07-10 13:00:00,118.34386886869287,157.4595318843167,146.30953489912608,42.926831735032,146.30953489912608,XGBoost
2025-07-10 14:00:00,102.080918987591,134.46584525155725,131.6952514295249,46.244799728194835,131.6952514295249,XGBoost
2025-07-10 15:00:00,88.72349122592387,105.74879660108628,118.2672815579109,45.280353018215855,118.2672815579109,XGBoost
2025-07-10 16:00:00,74.65420911047188,91.71626473459574,97.90365149434258,44.46903543339833,97.90365149434258,XGBoost
2025-07-10 17:00:00,59.74844857802017,65.11062519779131,63.8826805315473,44.26729717850683,63.8826805315473,XGBoost
2025-07-10 18:00:00,53.04055019716417,50.36055747764916,47.35384452978951,47.977569878101,47.35384452978951,XGBoost
2025-07-10 19:00:00,49.8626232892275,52.663018520941534,53.6406958502737,51.18619146337713,53.6406958502737,XGBoost
2025-07-10 20:00:00,47.823242586851094,51.989153437397974,58.33067021188614,84.75274023413671,58.33067021188614,XGBoost
2025-07-10 21:00:00,48.43577626678689,49.84900309734656,65.34467172145156,147.68812614182787,65.34467172145156,XGBoost
2025-07-10 22:00:00,47.4377274930478,50.153851927313,58.51309041392746,199.914620149135,58.51309041392746,XGBoost
2025-07-10 23:00:00,51.47991445234843,52.693477235169205,57.6503649742721,167.75898267541427,57.6503649742721,XGBoost
2025-07-11 00:00:00,50.09983047511856,57.13606106558447,61.54559767059381,132.1205685138711,61.54559767059381,XGBoost
2025-07-11 01:00:00,49.2066998183728,56.14631878110735,57.93738599168023,120.665761160849,57.93738599168023,XGBoost
2025-07-11 02:00:00,50.42221352126856,54.165625844549915,52.452200430922765,87.28753985299022,52.452200430922765,XGBoost
2025-07-11 03:00:00,51.31137736141678,51.35748651100148,50.95138760277796,81.28742184903899,50.95138760277796,XGBoost
2025-07-11 04:00:00,51.8503031067551,52.100238067209794,55.12150831212681,50.0507309645415,55.12150831212681,XGBoost
2025-07-11 05:00:00,54.1113130092621,55.09892306030663,63.04350402058409,45.017579925060396,63.04350402058409,XGBoost
2025-07-11 06:00:00,85.359459956487,100.00247415835909,87.58361175951745,46.89093262950578,87.58361175951745,XGBoost
2025-07-11 07:00:00,138.90600339661864,119.77105643287624,125.11637406124375,45.47089387340973,125.11637406124375,XGBoost
2025-07-11 08:00:00,218.74604338949365,176.05022458440197,152.05065678744464,46.230006792328545,152.05065678744464,XGBoost
2025-07-11 09:00:00,221.678277266025,177.3601524905543,165.32766982863484,45.885127776861296,165.32766982863484,XGBoost
2025-07-11 10:00:00,198.5445706844325,161.88041315588202,157.23685576072586,45.763316333294,157.23685576072586,XGBoost
2025-07-11 11:00:00,170.79118414720003,151.20764311328034,139.62452629264686,47.77034735182925,139.62452629264686,XGBoost
2025-07-11 12:00:00,141.89956935969272,138.894940420684,142.44912613378472,48.75351495498964,142.44912613378472,XGBoost
2025-07-11 13:00:00,97.28216475910556,127.24511458461137,142.39549639285167,59.934330209261894,142.39549639285167,XGBoost
2025-07-11 14:00:00,89.47041598955789,127.78927743994657,138.4441284223888,89.71014001634411,138.4441284223888,XGBoost
2025-07-11 15:00:00,82.3269192934046,99.95644119090058,95.07491781066798,118.88189833164219,95.07491781066798,XGBoost
2025-07-11 16:00:00,68.42436482508982,89.20737019146485,97.44819005643745,176.38425288597833,97.44819005643745,XGBoost
2025-07-11 17:00:00,53.927310085958894,69.29008730902156,72.18563398660272,205.81134857071666,72.18563398660272,XGBoost
2025-07-11 18:00:00,52.2953325629234,60.37842592201266,54.22567479607468,226.744601488116,54.22567479607468,XGBoost
2025-07-11 19:00:00,48.985928848385996,59.7265620623561,59.812625070125605,208.01274946332,59.812625070125605,XGBoost
2025-07-11 20:00:00,58.962704181671334,55.75394547573293,56.446469612457655,203.87872835000334,56.446469612457655,XGBoost
2025-07-11 21:00:00,53.42588002483067,58.198555548630225,57.11203655076499,190.36192786693502,57.11203655076499,XGBoost
2025-07-11 22:00:00,59.53979534904167,54.128232970861724,57.39688928891243,176.86906230449836,57.39688928891243,XGBoost
2025-07-12 00:00:00,62.95332884788525,58.03299143751197,59.37923260332316,161.29988339543252,59.37923260332316,XGBoost
2025-07-12 01:00:00,65.8107105612754,57.36337912238831,57.59389995849237,148.71616601943802,57.59389995849237,XGBoost
2025-07-12 02:00:00,65.4423480510713,55.66084179527802,56.73146538264045,113.8650785684589,56.73146538264045,XGBoost
2025-07-12 03:00:00,65.9070507751571,58.61531072964854,59.5974653511645,93.39957284927367,59.5974653511645,XGBoost
2025-07-12 04:00:00,67.16768423136745,58.13446404820896,58.913176655366925,76.39647487799321,58.913176655366925,XGBoost
2025-07-12 05:00:00,66.41935914982521,56.57042026023617,58.075143720724355,60.42366289926911,58.075143720724355,XGBoost
2025-07-12 06:00:00,64.49955478310588,38.454116767075455,53.86285972921239,49.187275212258,53.86285972921239,XGBoost
2025-07-12 07:00:00,54.69669898971925,40.978890517878725,54.781444428378634,50.138211004436,54.781444428378634,XGBoost
2025-07-12 08:00:00,61.573280652364,41.25130302017284,45.33974648362183,47.08004172643033,45.33974648362183,XGBoost
2025-07-12 09:00:00,56.1611570715905,42.20120648702028,44.04049033191532,47.96924264729037,44.04049033191532,XGBoost
2025-07-12 10:00:00,49.1589858055115,42.474458161181516,47.70771394478503,48.092685925960595,47.70771394478503,XGBoost
2025-07-12 11:00:00,45.0995087623595,49.94508714156853,52.3164714289102,51.308781903982194,52.3164714289102,XGBoost
2025-07-12 12:00:00,42.999842745917285,46.41689974029195,54.7169999169323,49.112645328045,54.7169999169323,XGBoost
2025-07-12 13:00:00,40.1657674074172,41.18011742149716,45.73896953312762,48.83939989805221,45.73896953312762,XGBoost
2025-07-12 14:00:00,32.19133494794362,44.494096330387535,44.346467893739735,49.70743848383437,44.346467893739735,XGBoost
2025-07-12 15:00:00,30.911058664322002,37.20777829671103,38.14313114279722,50.360715901851606,38.14313114279722,XGBoost
2025-07-12 16:00:00,28.9315123319628,36.963779902946186,34.80371157635733,51.950148153304994,34.80371157635733,XGBoost
2025-07-12 17:00:00,29.67897695302943,37.42256129051073,39.60501261881084,50.60268552707771,39.60501261881084,XGBoost
2025-07-12 19:00:00,52.156750544906004,56.60047669182599,54.71873502031412,55.872141867875996,54.71873502031412,XGBoost
2025-07-12 20:00:00,52.75808426737783,55.32393580681178,55.34116316077933,50.92793701092416,55.34116316077933,XGBoost
2025-07-12 21:00:00,51.85999565571537,55.8952099082229,56.48384453125789,59.020810052752374,56.48384453125789,XGBoost
2025-07-12 22:00:00,51.79571875929816,61.361601269256475,60.942319863753845,83.96698576211934,60.942319863753845,XGBoost
2025-07-12 23:00:00,57.48217124598357,59.2186310803577,60.308230686912104,105.76312014034743,60.308230686912104,XGBoost
2025-07-13 00:00:00,61.27348631620401,51.12999875488722,54.864511302849934,149.96963668863,54.864511302849934,XGBoost
2025-07-13 01:00:00,52.6715892478825,50.28603668327579,54.64697931598714,192.5616518706075,54.64697931598714,XGBoost
2025-07-13 02:00:00,46.24544291836885,50.57945419687022,54.91548000754557,229.09450074604572,54.91548000754557,XGBoost
2025-07-13 03:00:00,46.343092075416,49.754442385697324,56.58217794133567,223.91516252926286,56.58217794133567,XGBoost
2025-07-13 04:00:00,45.895688811937994,49.392162405226294,57.19156092249841,212.32623489698003,57.19156092249841,XGBoost
2025-07-13 06:00:00,49.4966064333916,50.571106933169474,60.80648706752099,181.029920315742,60.80648706752099,XGBoost
2025-07-13 08:00:00,41.961335003376,38.3864384426056,42.438216853545505,155.08071112632751,42.438216853545505,XGBoost
2025-07-13 09:00:00,39.49193620681766,39.506096707222945,46.465000624525125,165.48604639371166,46.465000624525125,XGBoost
2025-07-13 10:00:00,37.683871481153666,45.98741921531622,41.14344255226987,108.79912365807489,41.14344255226987,XGBoost
2025-07-13 11:00:00,37.82664901018125,47.621201330235195,41.73659792277159,91.81687599420475,41.73659792277159,XGBoost
2025-07-13 12:00:00,32.840383251508165,47.55139366113818,42.61462743022917,89.17084840933484,42.61462743022917,XGBoost
2025-07-13 13:00:00,32.798103690147336,46.93769193950021,46.56405990846878,81.20385613044184,46.56405990846878,XGBoost
2025-07-13 14:00:00,31.6292893886565,47.9659109044985,48.11504809262921,65.38170039653775,48.11504809262921,XGBoost
2025-07-13 15:00:00,31.402739226818,47.64720982795233,54.57272715067409,52.641127407551,54.57272715067409,XGBoost
2025-07-13 16:00:00,28.18707744280483,46.605035876760745,46.897684530783344,49.33251368502766,46.897684530783344,XGBoost
2025-07-13 17:00:00,28.885782684598716,44.482474733640096,34.187238447148054,52.56751760414686,34.187238447148054,XGBoost
2025-07-13 18:00:00,45.943805918097496,54.08644734528825,48.348968916889504,53.4035779833795,48.348968916889504,XGBoost
2025-07-13 19:00:00,44.46096229978972,54.17346744971399,52.24080734507612,55.242444038391284,52.24080734507612,XGBoost
2025-07-13 20:00:00,47.296063981950255,52.558129596145314,51.96256739584237,66.45182777941224,51.96256739584237,XGBoost
2025-07-13 21:00:00,46.155875876546,50.10647024063817,51.87052802099933,62.982753783464496,51.87052802099933,XGBoost
2025-07-13 22:00:00,47.6543761193752,49.98096618031912,52.5037538802001,66.33851829767221,52.5037538802001,XGBoost
2025-07-13 23:00:00,47.2115846455098,50.20924863317289,51.52514981317607,65.3281704783441,51.52514981317607,XGBoost
2025-07-14 00:00:00,44.666208386421395,50.36333983680181,49.70772837519034,63.9877788305284,49.70772837519034,XGBoost
2025-07-14 01:00:00,45.0135650515556,50.007542930577486,49.465682893346695,67.9591931939124,49.465682893346695,XGBoost
2025-07-14 02:00:00,46.97424625356984,49.99062783156814,49.905774827093374,66.449993847559,49.905774827093374,XGBoost
2025-07-14 03:00:00,45.187966624896,49.3947771251055,49.85725492889458,65.47924182315667,49.85725492889458,XGBoost
2025-07-14 05:00:00,53.6052671790124,50.71228373919465,56.49228354133671,69.5463274478912,56.49228354133671,XGBoost
2025-07-14 06:00:00,85.9728341937066,78.09414556518519,80.45091789926384,65.581796169281,80.45091789926384,XGBoost
2025-07-14 08:00:00,207.53308600932002,157.19281748228875,158.08225248532023,52.0169376134875,158.08225248532023,XGBoost
2025-07-14 09:00:00,174.46733138958666,130.2906199738011,144.69459196910415,60.32719520727783,144.69459196910415,XGBoost
2025-07-14 10:00:00,156.190345931054,113.57469712996354,116.05749132874416,59.0900412082672,116.05749132874416,XGBoost
2025-07-14 11:00:00,120.3916588425625,115.78563549163604,122.09753127277067,54.91315805912025,122.09753127277067,XGBoost
2025-07-14 12:00:00,108.59924405813125,118.17653219674966,122.1234498295115,50.451524466276375,122.1234498295115,XGBoost
2025-07-14 13:00:00,100.1472544670105,124.4939990267135,136.1297568967683,45.12926298379875,136.1297568967683,XGBoost
2025-07-14 14:00:00,93.27609977722099,119.1678113846953,128.87729330581976,46.1598689079284,128.87729330581976,XGBoost
2025-07-14 15:00:00,88.58431879679334,110.8923678444048,114.96351392621459,43.315405368804996,114.96351392621459,XGBoost
2025-07-14 16:00:00,88.95444875955532,108.87007209786611,108.88114261938443,40.322550674279505,108.88114261938443,XGBoost
2025-07-14 17:00:00,54.55124084154767,57.35691413159653,67.73202238327296,33.87737234433467,67.73202238327296,XGBoost
2025-07-14 18:00:00,51.5499489307405,54.30851797745998,54.14945732019876,31.220483839512,54.14945732019876,XGBoost
2025-07-14 19:00:00,51.533934354782005,51.33504339209395,57.14099117844404,30.9930659294128,57.14099117844404,XGBoost
2025-07-14 21:00:00,49.515567690134006,49.0338705456679,56.12028367592437,28.815150201320748,56.12028367592437,XGBoost
2025-07-14 22:00:00,48.669248551130195,49.93696568429554,54.52502620687231,30.3107374072072,54.52502620687231,XGBoost
2025-07-14 23:00:00,49.560661453753625,49.73138554222377,50.21067409896171,51.39863671734925,50.21067409896171,XGBoost
2025-07-15 00:00:00,49.504235059022804,50.02418203153819,49.309874929418996,51.6826542615892,49.309874929418996,XGBoost
2025-07-15 01:00:00,45.728709672178425,50.432503961805644,51.11088220713161,52.46966477802814,51.11088220713161,XGBoost
2025-07-15 02:00:00,45.39768340190244,49.94349530423696,49.14622612210391,54.329339385032554,49.14622612210391,XGBoost
2025-07-15 03:00:00,47.06115907430675,49.91515289999242,48.957376438084424,57.448084324598,48.957376438084424,XGBoost
2025-07-15 04:00:00,45.512532601754,50.52325634366292,49.194392639980485,63.03517059485134,49.194392639980485,XGBoost
2025-07-15 05:00:00,47.67514446144912,50.89021917378989,54.32702013272087,50.49078098684562,54.32702013272087,XGBoost
2025-07-15 06:00:00,74.7162070436911,74.05644924047641,75.42556579114033,46.09580049189655,75.42556579114033,XGBoost
2025-07-15 07:00:00,125.12442467042342,113.83100057598757,116.46169821501373,46.47832542657857,116.46169821501373,XGBoost
2025-07-15 08:00:00,156.506055641176,123.72366562705854,123.84838197770743,48.4766153931618,123.84838197770743,XGBoost
2025-07-15 09:00:00,150.552830204365,120.98867681194764,130.65097447945567,45.87678719591337,130.65097447945567,XGBoost
2025-07-15 10:00:00,137.637873721122,117.23008046007155,129.3337766868186,41.342938089370804,129.3337766868186,XGBoost
2025-07-15 11:00:00,131.06723403930602,146.71466311677747,142.385045774788,39.6164533615112,142.385045774788,XGBoost
2025-07-15 12:00:00,132.195895099638,139.2434322399801,146.8820132838704,38.4794833183288,146.8820132838704,XGBoost
2025-07-15 13:00:00,105.50411274697977,119.9001722926361,127.58096373114859,37.073668162027886,127.58096373114859,XGBoost
2025-07-15 14:00:00,97.319420099258,108.65065021557074,120.13784179689463,38.05332803726175,120.13784179689463,XGBoost
2025-07-15 15:00:00,92.23154101371681,97.42013223108754,99.84318205275575,32.107318544388,99.84318205275575,XGBoost
2025-07-15 16:00:00,77.5423204660414,95.15802658088788,96.17562707833771,32.7581652879714,96.17562707833771,XGBoost
2025-07-15 17:00:00,55.831103225549164,59.107187128785085,59.59559705519944,32.17522843678783,59.59559705519944,XGBoost
2025-07-15 18:00:00,49.204300865530996,48.09645443205703,48.75750656771734,31.754826515913,48.75750656771734,XGBoost
2025-07-15 20:00:00,49.083368857701664,50.17860213619843,50.910508279118396,28.014684836069666,50.910508279118396,XGBoost
2025-07-15 21:00:00,48.11241759856534,49.9387326876672,49.88274630942246,28.306331475576002,49.88274630942246,XGBoost
2025-07-15 23:00:00,51.33017495274543,50.42895948782159,51.11336658307635,43.09304795094899,51.11336658307635,XGBoost
2025-07-16 00:00:00,53.18112850934288,48.91918618215795,52.61356459545679,45.719936534762375,52.61356459545679,XGBoost
2025-07-16 01:00:00,53.11571848392484,50.15527902850575,53.10683897777096,45.488029529650994,53.10683897777096,XGBoost
2025-07-16 02:00:00,51.59926279953528,50.06079026574236,52.57490936937826,48.31286464418685,52.57490936937826,XGBoost
2025-07-16 04:00:00,52.53387584696929,51.40780841305472,53.32980636196695,45.780450301511145,53.32980636196695,XGBoost
2025-07-16 05:00:00,57.103993036759285,54.1896007655012,58.5060527543867,44.972705602646,58.5060527543867,XGBoost
2025-07-16 06:00:00,93.29968265030101,80.03931250334956,76.9309153484783,45.853123207887,76.9309153484783,XGBoost
2025-07-16 07:00:00,134.55082418237515,115.16766811914269,118.98110123786492,47.362914860248715,118.98110123786492,XGBoost
2025-07-16 08:00:00,182.00300624635443,156.3490279463344,149.96455491440287,100.88331500689134,149.96455491440287,XGBoost
2025-07-16 09:00:00,189.9929356575,182.9229889510876,181.94365769739358,168.515936195848,181.94365769739358,XGBoost
2025-07-16 10:00:00,180.94238037722286,163.33448656613862,166.63266196093673,178.15595994676855,166.63266196093673,XGBoost
2025-07-16 12:00:00,137.661213117838,134.70419350086854,147.6817677900241,125.76625163554999,147.6817677900241,XGBoost
2025-07-16 13:00:00,113.81256962236434,119.04272303864576,125.93045483873863,107.98031859927667,125.93045483873863,XGBoost
2025-07-16 14:00:00,110.58304489254701,119.16495905571446,119.85433526378456,101.7054507255546,119.85433526378456,XGBoost
2025-07-16 15:00:00,87.20927925904584,105.45930113836063,109.96864806230117,92.48420957724267,109.96864806230117,XGBoost
2025-07-16 16:00:00,76.11345097944181,92.36481209080833,94.72725349014553,92.6479934215536,94.72725349014553,XGBoost
2025-07-16 17:00:00,57.833831936121,64.93112465486489,69.92236421541195,91.84264239668725,69.92236421541195,XGBoost
2025-07-16 18:00:00,50.113711933295,51.08935719866287,52.33396921455659,75.02252626419083,52.33396921455659,XGBoost
2025-07-16 19:00:00,47.3834446519615,52.71860443493564,55.3547476043378,51.2444585710765,55.3547476043378,XGBoost
2025-07-16 20:00:00,50.0274067103862,50.45681574100227,50.6225259952378,51.1713211894036,50.6225259952378,XGBoost
2025-07-16 21:00:00,49.586821138858504,49.04086781990306,49.41492175994973,48.341084505120996,49.41492175994973,XGBoost
2025-07-16 22:00:00,48.762467069285286,48.87084811550193,47.87777778345439,49.05270899619357,47.87777778345439,XGBoost
2025-07-16 23:00:00,50.57283897697938,49.98709538037396,51.726038516810036,48.78093428164713,51.726038516810036,XGBoost
2025-07-17 00:00:00,50.53961145877833,49.26090334634273,51.331863016234536,49.87003735204533,51.331863016234536,XGBoost
2025-07-17 01:00:00,50.60351599752887,48.05895407128394,50.225728910643625,45.415697269141624,50.225728910643625,XGBoost
2025-07-17 02:00:00,52.01270132015156,48.482197771434585,50.28578626638607,45.58819209867045,50.28578626638607,XGBoost
2025-07-17 04:00:00,47.069228851795195,50.210661967164654,51.695085550407256,46.4433398649096,51.695085550407256,XGBoost
2025-07-17 05:00:00,51.04797398298975,51.585204338713986,58.30402152580212,60.1060611740685,58.30402152580212,XGBoost
2025-07-17 06:00:00,91.54743438107643,81.55540425158256,80.76853993838687,72.20636254549028,80.76853993838687,XGBoost
2025-07-17 07:00:00,135.78888628548935,142.04197305397804,146.46760963968686,126.21000805828322,146.46760963968686,XGBoost
2025-07-17 08:00:00,189.75173962116375,153.27355020783878,160.50058522192353,153.73455359041625,160.50058522192353,XGBoost
2025-07-17 09:00:00,185.155552744865,160.55764481947037,166.47087976968027,141.5332316011175,166.47087976968027,XGBoost
2025-07-17 10:00:00,176.15907919407144,141.626665744718,154.9858993038756,132.98041486740001,154.9858993038756,XGBoost
2025-07-17 11:00:00,146.897011899944,138.3310674513651,140.21475254625466,126.01168627738801,140.21475254625466,XGBoost
2025-07-17 12:00:00,125.37280614674,128.92809590787905,132.7957746475547,104.451321333646,132.7957746475547,XGBoost
2025-07-17 13:00:00,111.20758509635834,128.77912873571825,126.18555663354938,97.24498613675333,126.18555663354938,XGBoost
2025-07-17 14:00:00,97.5631306409842,115.2585552747172,118.07914307428864,77.8644125342369,118.07914307428864,XGBoost
2025-07-17 15:00:00,88.2111376047134,106.55116015331964,108.23314774258748,50.8221620798111,108.23314774258748,XGBoost
2025-07-17 16:00:00,78.75999837617066,110.9492673481805,107.84420356070915,50.479674398899,107.84420356070915,XGBoost
2025-07-17 17:00:00,56.026742315292196,78.46321902760738,75.13283467351386,50.0752485752106,75.13283467351386,XGBoost
2025-07-17 18:00:00,56.58896790072325,51.614930965523634,49.41111182210382,51.02175740525125,49.41111182210382,XGBoost
2025-07-17 19:00:00,49.38836120814088,54.12190326414664,55.44216693644513,53.424914501607624,55.44216693644513,XGBoost
2025-07-17 20:00:00,47.5509751796723,50.9497659779965,51.592333232108004,53.367088592052404,51.592333232108004,XGBoost
2025-07-17 21:00:00,47.8821949183941,49.424077397521366,50.41767076247761,51.1813699185847,50.41767076247761,XGBoost
2025-07-17 22:00:00,49.98805140455567,49.47150942977214,50.08389290869565,52.916174352789994,50.08389290869565,XGBoost
2025-07-17 23:00:00,51.65201568603501,49.16074614934491,50.81141299717927,57.590603920136324,50.81141299717927,XGBoost
2025-07-18 00:00:00,54.33446791768075,50.25899276471856,57.21284623723852,90.646961927414,57.21284623723852,XGBoost
2025-07-18 01:00:00,53.606882199645,51.69752973918383,57.442955323753125,96.317236050963,57.442955323753125,XGBoost
2025-07-18 02:00:00,54.607933620611995,52.5080202397802,58.840905679732515,119.61000941197115,58.840905679732515,XGBoost
2025-07-18 03:00:00,54.59252170721683,55.37102961969899,62.17887260706174,171.97807234525666,62.17887260706174,XGBoost
2025-07-18 04:00:00,54.7482957959178,55.42174936386406,60.68500031243752,184.43893737793002,60.68500031243752,XGBoost
2025-07-18 05:00:00,59.84923630207775,57.754582890174,68.42764644786737,193.97809258103248,68.42764644786737,XGBoost
2025-07-18 06:00:00,94.536130630969,121.97324143586687,109.92818751532226,167.679083943366,109.92818751532226,XGBoost
2025-07-18 08:00:00,191.72808470044856,176.19727816410685,155.3475845350807,126.51043708941857,155.3475845350807,XGBoost
2025-07-18 09:00:00,203.447461509705,175.96960189334078,152.16713386512532,106.52674175202601,152.16713386512532,XGBoost
2025-07-18 10:00:00,189.2403801977625,148.52831660121694,134.30598145260157,85.38286243379125,134.30598145260157,XGBoost
2025-07-18 11:00:00,161.84749726206002,141.7584678395093,132.4042408298787,57.083511089906196,132.4042408298787,XGBoost
2025-07-18 12:00:00,138.58219615618333,160.08994429147774,152.17226477941347,46.509868254264326,152.17226477941347,XGBoost
2025-07-18 13:00:00,116.73990004403286,141.38129829352638,157.65152618433967,49.25897298114629,157.65152618433967,XGBoost
2025-07-18 14:00:00,102.18762471940889,119.74926903583365,156.0899578250442,49.67847139305522,156.0899578250442,XGBoost
2025-07-18 15:00:00,87.96585853894567,102.15792229319355,134.93703171294925,49.049452841282,134.93703171294925,XGBoost
2025-07-18 16:00:00,76.213162899017,114.79661191646578,151.9420096010339,51.959861606359,151.9420096010339,XGBoost
2025-07-18 17:00:00,54.747805404663,61.41335969057569,61.86278488821531,50.526043587923404,61.86278488821531,XGBoost
2025-07-18 18:00:00,51.704393595457,56.822864773733194,54.245950307045106,50.7925762414932,54.245950307045106,XGBoost
2025-07-18 19:00:00,58.94195769088615,60.26939794939069,60.65254379975881,50.13708787305,60.65254379975881,XGBoost
2025-07-18 20:00:00,53.191916891506715,60.06848166672136,58.01139401344541,51.31696355342857,58.01139401344541,XGBoost
2025-07-18 21:00:00,53.7042515575885,58.16116932141595,55.97256620148266,52.65902840221933,55.97256620148266,XGBoost
2025-07-18 22:00:00,54.9631652593614,57.48634408263956,56.32843506514007,48.723399883508804,56.32843506514007,XGBoost
2025-07-18 23:00:00,56.7800868451595,58.048568109566425,56.57941200964062,46.5850324332715,56.57941200964062,XGBoost
2025-07-19 00:00:00,53.72709816694266,58.475420157044006,59.64719298211143,47.097171763579006,59.64719298211143,XGBoost
2025-07-19 01:00:00,57.169744034608165,64.3548429155425,61.45809434316371,66.2026601632435,61.45809434316371,XGBoost
2025-07-19 02:00:00,57.33526911338189,57.96777649509431,58.87111419758946,99.076201154125,58.87111419758946,XGBoost
2025-07-19 03:00:00,57.6779690583545,61.67332004550105,60.585057157711695,161.082268292705,60.585057157711695,XGBoost
2025-07-19 04:00:00,58.3379597887396,61.1081640832831,60.759197940787445,189.168445813657,60.759197940787445,XGBoost
2025-07-19 05:00:00,57.12038533283128,60.4340502516892,63.353343807342846,187.5608480657857,63.353343807342846,XGBoost
2025-07-19 06:00:00,59.327592253685,56.33674114616379,64.82000869699496,171.54616391659002,64.82000869699496,XGBoost
2025-07-19 07:00:00,55.038712598383505,50.64633686933303,53.77732324225996,145.14470710356667,53.77732324225996,XGBoost
2025-07-19 08:00:00,54.69694006443039,53.00302523805296,53.29712810163612,127.125751638412,53.29712810163612,XGBoost
2025-07-19 09:00:00,50.32556530407486,53.51054813485668,47.10234342019107,113.67930143219999,47.10234342019107,XGBoost
2025-07-19 10:00:00,46.32457195628782,49.98248718908862,48.330469547015724,98.00838316570653,48.330469547015724,XGBoost
2025-07-19 11:00:00,45.145635763804165,47.357671221097064,49.80175561934008,88.64010020097083,49.80175561934008,XGBoost
2025-07-19 12:00:00,42.001622438430836,48.31414819636992,52.51689302855456,88.17856011788051,52.51689302855456,XGBoost
2025-07-19 13:00:00,34.285909215609166,45.14126872349885,47.25724030913715,70.12945822377984,47.25724030913715,XGBoost
2025-07-19 14:00:00,33.37794874608525,42.63828111099688,48.81028412883076,57.07173178344962,48.81028412883076,XGBoost
2025-07-19 15:00:00,32.04992747306825,37.21631136808759,42.23865926578916,49.766201131046,42.23865926578916,XGBoost
2025-07-19 16:00:00,28.670555114745998,41.97795214070874,45.88398097825294,48.668270548184665,45.88398097825294,XGBoost
2025-07-19 17:00:00,28.248937487601996,36.592235918343654,40.45466010670403,50.308246811230994,40.45466010670403,XGBoost
2025-07-19 18:00:00,49.4968451559545,46.190634216575006,50.15844235745467,47.7098029851915,50.15844235745467,XGBoost
2025-07-19 19:00:00,50.139697509152576,52.6467148505822,55.75449711595644,48.00584006309514,55.75449711595644,XGBoost
2025-07-19 20:00:00,50.99398767451434,55.62405346652057,58.931456837446035,47.547476659218496,58.931456837446035,XGBoost
2025-07-19 21:00:00,53.8594103574752,54.89227459168745,56.60492198913283,47.873743534088,56.60492198913283,XGBoost
2025-07-19 22:00:00,52.97844025492675,55.90025690031641,57.65671682057338,47.77061015367525,57.65671682057338,XGBoost
2025-07-19 23:00:00,53.5561879873276,60.066722208322304,61.66204782613728,50.1445159912108,61.66204782613728,XGBoost
2025-07-20 00:00:00,58.0176843106745,50.69545752644971,51.784506011082954,53.6549518853425,51.784506011082954,XGBoost
2025-07-20 01:00:00,51.4964224100112,50.90210877169381,49.34032563378993,54.0253466010094,49.34032563378993,XGBoost
2025-07-20 02:00:00,48.551879833142,52.58175212265787,51.25876128686016,54.65062576532367,51.25876128686016,XGBoost
2025-07-20 03:00:00,44.9118949770925,53.29268001749627,51.39500860001087,54.303887218237,51.39500860001087,XGBoost
2025-07-20 04:00:00,45.194646934668334,51.72309385030372,51.584795131862556,54.54228206475566,51.584795131862556,XGBoost
2025-07-20 05:00:00,46.581789791584,51.72282941164316,52.15298599249792,54.903170362115,52.15298599249792,XGBoost
2025-07-20 06:00:00,49.40090279777866,50.2934887119643,60.44245469844344,54.146597146988164,60.44245469844344,XGBoost
2025-07-20 07:00:00,40.9935082376002,43.67483957608907,54.22252857127031,63.227670967578796,54.22252857127031,XGBoost
2025-07-20 08:00:00,38.230349838733744,40.62655547000915,47.2910868244144,92.78503166139126,47.2910868244144,XGBoost
2025-07-20 10:00:00,43.744549512863,55.02066111418508,52.69421675439008,156.1392481625075,52.69421675439008,XGBoost
2025-07-20 12:00:00,34.388452339172396,54.62207700158033,47.95886439962375,200.91506772041402,47.95886439962375,XGBoost
2025-07-20 13:00:00,33.75081161657978,50.20632467062301,47.91085731286936,202.819717341,47.91085731286936,XGBoost
2025-07-20 14:00:00,31.70575124025325,52.05086903087829,42.405533373505335,189.2403801977625,42.405533373505335,XGBoost
2025-07-20 15:00:00,28.314596136410998,45.13465985448398,40.47467139238768,171.16916489849498,40.47467139238768,XGBoost
2025-07-20 17:00:00,25.508676747481164,49.06498584598114,46.13557276851618,131.09190142154668,46.13557276851618,XGBoost
2025-07-20 18:00:00,33.9254481395085,49.486649527481084,47.77344496459292,116.60210760434501,47.77344496459292,XGBoost
2025-07-20 21:00:00,45.7946289777755,49.8058484595481,51.03556231555996,85.0276846289635,51.03556231555996,XGBoost
2025-07-20 22:00:00,43.59960066527125,49.287003354506425,48.32239249678139,52.86990245804188,48.32239249678139,XGBoost
2025-07-20 23:00:00,45.059967703289445,49.563763430987116,48.849298656330376,57.98838657471866,48.849298656330376,XGBoost
2025-07-21 00:00:00,45.588057088851805,50.34194174700907,50.02795142376344,52.8858781337738,50.02795142376344,XGBoost
2025-07-21 01:00:00,46.57963234186167,50.059079975999,50.5462139646271,54.0667322476705,50.5462139646271,XGBoost
2025-07-21 02:00:00,45.10164681502728,49.93414749122496,49.8299753050868,54.36499567542757,49.8299753050868,XGBoost
2025-07-21 03:00:00,44.077108693123,49.89090011637177,50.18370611065784,57.0260245680808,50.18370611065784,XGBoost
2025-07-21 04:00:00,45.571631669998254,49.81241476180534,50.07723807926581,54.57438719272625,50.07723807926581,XGBoost
2025-07-21 05:00:00,45.250510728359004,49.81958132899159,56.48553679702509,57.216667771339395,56.48553679702509,XGBoost
2025-07-21 06:00:00,83.21878103166813,78.16259346677037,75.06592069957804,57.22831470519325,75.06592069957804,XGBoost
2025-07-21 07:00:00,156.08584743738,123.66559497140561,132.37735104721995,56.731987615426334,132.37735104721995,XGBoost
2025-07-21 08:00:00,179.91829989850402,123.00891200870069,147.7337575350066,59.197439920902,147.7337575350066,XGBoost
2025-07-21 09:00:00,181.2335499227025,152.0800687406483,160.2969103634349,57.13094805181025,160.2969103634349,XGBoost
2025-07-21 10:00:00,156.24265174071,138.66350586493505,127.63591347130551,59.524164336423006,127.63591347130551,XGBoost
2025-07-21 11:00:00,140.12357366085166,133.62222303250314,133.1384122679859,56.44257543484366,133.1384122679859,XGBoost
2025-07-21 12:00:00,126.43667793274,151.49982440203425,143.59552876977412,59.557163208723004,143.59552876977412,XGBoost
2025-07-21 13:00:00,122.03175852298659,118.17092905781465,124.31006058941298,58.2006061762572,124.31006058941298,XGBoost
2025-07-21 14:00:00,86.30176414052634,106.76338458530078,108.09577555207487,52.52717584371584,108.09577555207487,XGBoost
2025-07-21 15:00:00,81.451987692288,90.77617123668772,97.24906303041983,51.421794618879,97.24906303041983,XGBoost
2025-07-21 16:00:00,72.5454575538636,77.998336676593,82.81506177334117,45.976862668991,82.81506177334117,XGBoost
2025-07-21 17:00:00,55.77568704741357,64.45583546256674,64.0404858871086,46.601922035217434,64.0404858871086,XGBoost
2025-07-21 18:00:00,47.9955365538596,52.860293864478535,49.991917430294585,44.900283241272,49.991917430294585,XGBoost
2025-07-21 19:00:00,42.11321667830166,51.43041173593328,53.508782395794675,43.66772826512667,53.508782395794675,XGBoost
2025-07-21 20:00:00,41.10718150933567,52.270591332714254,50.3220994443087,43.087749640147,50.3220994443087,XGBoost
2025-07-21 21:00:00,41.502817264625,46.72127390670353,50.040497239442985,34.83302208355486,50.040497239442985,XGBoost
2025-07-21 22:00:00,42.508475237422445,47.947194452603846,49.70167759212454,33.59355731805178,49.70167759212454,XGBoost
2025-07-21 23:00:00,42.873035326600125,48.10922708731822,49.490057226076715,29.532183393835876,49.490057226076715,XGBoost
2025-07-22 00:00:00,42.9111457963785,49.49305917238316,49.924055809127935,46.15534635881583,49.924055809127935,XGBoost
2025-07-22 01:00:00,43.0139611557126,49.495205916833605,49.94389034465381,49.165662240982,49.94389034465381,XGBoost
2025-07-22 03:00:00,43.421655495961666,50.31100303989624,50.798495716470235,52.904148161411335,50.798495716470235,XGBoost
2025-07-22 04:00:00,42.88580052341729,50.58296170141119,50.72278884644725,53.45880339826857,50.72278884644725,XGBoost
2025-07-22 05:00:00,48.10844789580855,51.43567449972052,55.541607962768055,55.839223330671096,55.541607962768055,XGBoost
2025-07-22 06:00:00,72.76838376692358,75.08472378858123,74.25147312302764,47.47917733022143,74.25147312302764,XGBoost
2025-07-22 07:00:00,109.31437578797386,121.15770994150924,117.1378259366788,46.59069937467557,117.1378259366788,XGBoost
2025-07-22 08:00:00,154.93726543585666,194.80801378655053,194.34478442814722,47.011464960045444,194.34478442814722,XGBoost
2025-07-22 09:00:00,177.51501987377833,180.65757221101217,194.46254427076155,46.97068712115283,194.46254427076155,XGBoost
2025-07-22 10:00:00,168.03198822339667,226.83011442585925,208.7884697402608,37.12546870112433,208.7884697402608,XGBoost
2025-07-22 11:00:00,167.21598815918,219.4839973414017,202.86267747442142,40.2240038633346,202.86267747442142,XGBoost
2025-07-22 12:00:00,124.086100292206,175.12244134474622,191.72433610622812,43.8852149963378,191.72433610622812,XGBoost
2025-07-22 13:00:00,111.46298272269,178.92986348159243,176.90567734285597,38.13405806677685,176.90567734285597,XGBoost
2025-07-22 14:00:00,100.6685545444495,161.91712556864707,167.2745350186235,33.594020009040506,167.2745350186235,XGBoost
2025-07-22 15:00:00,97.5828716754918,99.00216510832838,146.14322210301074,33.998083472252,146.14322210301074,XGBoost
2025-07-22 16:00:00,85.49161589145642,95.93826374735143,125.20010670773286,32.332759789057995,125.20010670773286,XGBoost
2025-07-22 17:00:00,55.162283092737255,92.2126605786884,94.55067000309027,31.40040308237075,94.55067000309027,XGBoost
2025-07-22 18:00:00,51.914368944508716,47.865804899052726,58.249865305744216,28.39777496882843,58.249865305744216,XGBoost
2025-07-22 19:00:00,47.0271711051465,53.06786316053309,62.58385965560274,25.9125130176545,62.58385965560274,XGBoost
2025-07-22 20:00:00,45.083840642656575,53.990419588710715,55.976433500420164,25.685552086149,55.976433500420164,XGBoost
2025-07-22 21:00:00,44.79273561068943,54.4892288597527,59.710402719458266,32.57042784350257,59.710402719458266,XGBoost
2025-07-22 22:00:00,44.628105521202144,50.615915699296714,52.09744069978968,45.209437608718716,52.09744069978968,XGBoost
2025-07-22 23:00:00,45.706693666321996,49.321330138678896,50.36599111451329,45.083684512547,50.36599111451329,XGBoost
2025-07-23 00:00:00,48.55982864896467,49.52129082230812,52.989176529733264,44.031052877505495,52.989176529733264,XGBoost
2025-07-23 01:00:00,47.87030835662557,56.100555958285135,56.64791079532714,43.75253008093157,56.64791079532714,XGBoost
2025-07-23 02:00:00,46.398946259703,51.72070083115459,53.742441098936744,46.27142923218857,53.742441098936744,XGBoost
2025-07-23 03:00:00,46.1672992944716,48.88602790298271,51.84311794731271,46.5024886012076,51.84311794731271,XGBoost
2025-07-23 04:00:00,46.601947089036166,49.53741269437234,52.83952806281769,45.93350298206,52.83952806281769,XGBoost
2025-07-23 05:00:00,45.918695072333,55.89787202503331,59.749096107697476,43.911835362513834,59.749096107697476,XGBoost
2025-07-23 06:00:00,86.04638915402556,81.04111737404635,80.55459459466115,45.31879027400699,80.55459459466115,XGBoost
2025-07-23 07:00:00,132.43101571500375,128.7385698272826,135.9055334825136,61.69203586876388,135.9055334825136,XGBoost
2025-07-23 08:00:00,206.44800265630167,171.5438253399415,171.5885467954852,108.36792438228866,171.5885467954852,XGBoost
2025-07-23 09:00:00,191.77387001514597,183.88069922069468,196.26073725947188,177.803488004206,196.26073725947188,XGBoost
2025-07-23 10:00:00,177.92562343676832,176.83228351161333,195.39508674269769,177.271200336515,195.39508674269769,XGBoost
2025-07-23 11:00:00,151.44846259554166,157.90133127570292,169.84967322360902,148.09610668818166,169.84967322360902,XGBoost
2025-07-23 12:00:00,132.208485031128,143.1006589487509,144.72336900667221,127.218876028061,144.72336900667221,XGBoost
2025-07-23 13:00:00,117.37851911783,129.0318641333501,124.25981386737134,97.35191548615713,124.25981386737134,XGBoost
2025-07-23 14:00:00,91.79883572459238,112.77146073834412,115.92528977030803,83.67818385362625,115.92528977030803,XGBoost
2025-07-23 15:00:00,84.0240324905943,104.03355107323895,103.31405159091199,70.49240205969143,103.31405159091199,XGBoost
2025-07-23 16:00:00,74.044939438502,110.86242636214155,115.53206506678798,53.907501101494006,115.53206506678798,XGBoost
2025-07-23 17:00:00,52.568972627322005,64.11849377324762,71.23481393244272,48.476299365361506,71.23481393244272,XGBoost
2025-07-23 18:00:00,55.993944355419714,51.53412673531345,53.11792370338186,42.39555150270457,53.11792370338186,XGBoost
2025-07-23 19:00:00,45.60080980509525,52.03469904228233,53.60228418920383,41.60490012168875,53.60228418920383,XGBoost
2025-07-23 20:00:00,43.17512229084975,52.56463356592262,50.37935845587525,41.520105227828,50.37935845587525,XGBoost
2025-07-23 21:00:00,43.28096989222929,50.835072992473506,51.399112500059104,42.895597747394,51.399112500059104,XGBoost
2025-07-23 22:00:00,43.72770479321463,50.3492224426976,50.368113132064316,42.42270597070463,50.368113132064316,XGBoost
2025-07-23 23:00:00,45.059206441044665,48.13096095555678,51.55637531440291,43.43824432293567,51.55637531440291,XGBoost
2025-07-24 00:00:00,46.198660105467006,48.862029162321285,50.66169733400548,42.63944030428933,50.66169733400548,XGBoost
2025-07-24 01:00:00,44.1869734108448,49.1245653719645,50.536217201290825,43.0602886002511,50.536217201290825,XGBoost
2025-07-24 02:00:00,43.308416910469376,48.52144662463234,50.248393698568606,43.3472906425595,50.248393698568606,XGBoost
2025-07-24 03:00:00,44.80439735651,48.63969770106341,49.50131298930634,45.8917529404162,49.50131298930634,XGBoost
2025-07-24 04:00:00,43.291025290886665,49.04626870046031,50.9093311446664,68.81053932507832,50.9093311446664,XGBoost
2025-07-24 05:00:00,48.14369338005775,49.52520503806994,56.788814149209045,74.01393334567538,56.788814149209045,XGBoost
2025-07-24 06:00:00,75.24791898578415,97.32320587621545,83.80733643912617,122.96801138350058,83.80733643912617,XGBoost
2025-07-24 07:00:00,112.99984767201299,139.31097370759068,129.43960709085937,161.91437157562999,129.43960709085937,XGBoost
2025-07-24 08:00:00,145.765225410462,153.23012214771035,162.9373006948952,178.09879117012002,162.9373006948952,XGBoost
2025-07-24 10:00:00,173.09441101551,150.44027892375792,146.00156639102346,176.553658127785,146.00156639102346,XGBoost
2025-07-24 11:00:00,117.33200523853279,122.20595740096937,113.24079793461331,119.917650794983,113.24079793461331,XGBoost
2025-07-24 12:00:00,122.81804127825598,110.2954610632892,107.54487462865981,102.78285190794166,107.54487462865981,XGBoost
2025-07-24 13:00:00,104.93925409846788,106.86907774205203,97.96399533413233,84.18198382854445,97.96399533413233,XGBoost
2025-07-24 14:00:00,95.8706146560601,113.47528920685264,112.0804867858383,52.041915291547795,112.0804867858383,XGBoost
2025-07-24 15:00:00,90.04641372710388,95.89725343900773,104.7803148714989,45.911807604134125,104.7803148714989,XGBoost
2025-07-24 16:00:00,80.83328011631974,89.88451057179151,93.14682917511826,44.47508722543725,93.14682917511826,XGBoost
2025-07-24 17:00:00,56.904200931390115,55.05060908605641,53.74631756879214,44.31564954916634,53.74631756879214,XGBoost
2025-07-24 18:00:00,49.002438482311,49.36854266007705,49.168014908808495,45.72203495767389,49.168014908808495,XGBoost
2025-07-24 19:00:00,45.6120155215266,51.36301317311654,52.54094196940383,48.6460547804834,52.54094196940383,XGBoost
2025-07-24 21:00:00,43.94801373141143,48.94277465582506,46.485239554675395,46.97817168065485,46.485239554675395,XGBoost
2025-07-24 22:00:00,42.861026620864905,48.78323930618184,45.671425054301096,45.9436339855193,45.671425054301096,XGBoost
2025-07-25 00:00:00,43.761272895336205,50.07225796303813,50.326999011479266,46.429273571074,50.326999011479266,XGBoost
2025-07-25 01:00:00,43.881042350083604,49.16626528114891,52.92286342233857,84.14676396846781,52.92286342233857,XGBoost
2025-07-25 02:00:00,43.471693402777106,49.809752970677785,52.50464311068384,118.76011056370223,52.50464311068384,XGBoost
2025-07-25 03:00:00,43.0216321229936,50.52442149512134,48.99017457174018,194.48449194431402,48.99017457174018,XGBoost
2025-07-25 04:00:00,42.440482606490335,49.3868638102623,45.9442200238781,204.15210805336832,45.9442200238781,XGBoost
2025-07-25 05:00:00,45.7026721686125,51.655325473836335,54.820322263489885,181.71178266406,54.820322263489885,XGBoost
2025-07-25 06:00:00,59.101684008325854,99.76133240101818,80.34974337310618,160.89824409995714,80.34974337310618,XGBoost
2025-07-25 07:00:00,77.20922101139999,120.15490319391563,118.12943947356408,145.506837654114,118.12943947356408,XGBoost
2025-07-25 08:00:00,98.31020115954443,123.93417331699284,127.56440259620251,127.15437596184857,127.56440259620251,XGBoost
2025-07-25 09:00:00,133.81323535101714,122.92088716487106,130.41044628740838,119.20649160657429,130.41044628740838,XGBoost
2025-07-25 10:00:00,150.7857201844475,127.92871972097832,125.37783961078358,94.908575803041,125.37783961078358,XGBoost
2025-07-25 11:00:00,132.1151749826971,114.34721743612165,108.25830620165388,83.48412731289888,108.25830620165388,XGBoost
2025-07-25 12:00:00,107.58994583785575,129.18167421927976,138.31937096943216,61.28606516122825,138.31937096943216,XGBoost
2025-07-25 13:00:00,105.06541209220879,114.92134101917677,119.06635642191009,58.8018196582794,119.06635642191009,XGBoost
2025-07-25 14:00:00,98.87197276122123,117.05028815899631,142.5133154321697,45.97011958559355,142.5133154321697,XGBoost
2025-07-25 15:00:00,83.32719963788975,102.3342835322357,127.21563807408697,42.9951439499855,127.21563807408697,XGBoost
2025-07-25 16:00:00,70.72230050961166,93.43919148079492,95.76422902678955,43.451655904452,95.76422902678955,XGBoost
2025-07-25 17:00:00,54.15970514501843,66.82903274216987,63.506028276629024,43.81131620917986,63.506028276629024,XGBoost
2025-07-25 18:00:00,57.426922077933995,53.25194338962994,53.6989358072169,45.719592216942004,53.6989358072169,XGBoost
2025-07-25 19:00:00,63.30845871567725,58.46078573077642,58.65439946521835,45.43058206886075,58.65439946521835,XGBoost
2025-07-25 20:00:00,65.13681800024843,55.77172920053073,57.27724060861973,43.91947759475028,57.27724060861973,XGBoost
2025-07-25 21:00:00,65.8806964258355,55.70894513671135,55.54244955226829,43.51779153446333,55.54244955226829,XGBoost
2025-07-25 22:00:00,53.0705564022064,57.293018474154756,55.82202750413902,43.977586740255205,55.82202750413902,XGBoost
2025-07-25 23:00:00,53.2766439914702,58.295704646033,55.47993495335594,44.3896471619606,55.47993495335594,XGBoost
2025-07-26 00:00:00,54.50250740349325,50.85881121095967,56.30593523802935,42.925700135529,56.30593523802935,XGBoost
2025-07-26 01:00:00,55.126753372805425,71.16396786879247,64.56425929253167,54.14502110651557,64.56425929253167,XGBoost
2025-07-26 02:00:00,55.48128788811829,62.75105588344468,59.73003654044653,74.30922472603358,59.73003654044653,XGBoost
2025-07-26 03:00:00,53.88369764573875,69.37559610264648,62.06299700952435,126.19513048231413,62.06299700952435,XGBoost
2025-07-26 04:00:00,55.88332217080257,65.65333622906223,61.33942977949964,148.41535476275857,61.33942977949964,XGBoost
2025-07-26 05:00:00,55.992344343662204,71.54993810287553,69.00874768959596,155.8656769990916,69.00874768959596,XGBoost
2025-07-26 06:00:00,55.307892183462776,75.37397415301103,68.94026630294059,120.70770127243446,68.94026630294059,XGBoost
2025-07-26 07:00:00,51.66265611350538,56.782754780450546,61.48124555400253,128.57275808602537,61.48124555400253,XGBoost
2025-07-26 08:00:00,46.00102615356466,41.12022678430022,44.32850039424909,97.54696877797367,44.32850039424909,XGBoost
2025-07-26 09:00:00,44.224250237147,46.32746447343769,48.41325653707222,108.26889730369,48.41325653707222,XGBoost
2025-07-26 10:00:00,44.658838203975,49.76646959510578,49.19467188157394,94.5239637068333,49.19467188157394,XGBoost
2025-07-26 11:00:00,43.020306905110495,48.66913649239756,56.63300342543502,91.4483698954175,56.63300342543502,XGBoost
2025-07-26 12:00:00,41.45349090439929,51.27614516216989,71.05898266635765,82.62728696210043,71.05898266635765,XGBoost
2025-07-26 13:00:00,38.318298697471626,53.68630400834776,70.84477055177263,56.372269928455374,70.84477055177263,XGBoost
2025-07-26 14:00:00,36.6371965169908,51.816168623460236,63.269935011911194,53.428871899843195,63.269935011911194,XGBoost
2025-07-26 15:00:00,33.89085423946375,44.26945556164705,52.17577272363256,47.02962355315675,52.17577272363256,XGBoost
2025-07-26 16:00:00,33.9820422172548,43.10321739259207,46.84347010968061,46.125556004047596,46.84347010968061,XGBoost
2025-07-26 17:00:00,37.22705656023971,50.0848497238526,43.83823289449848,43.98602081196643,43.83823289449848,XGBoost
2025-07-26 18:00:00,46.8868700414895,48.15679367473209,51.06587397767338,43.6502960175275,51.06587397767338,XGBoost
2025-07-26 19:00:00,55.25295826792715,56.046718633095,58.17236830683204,42.856257728167996,58.17236830683204,XGBoost
2025-07-26 20:00:00,54.66116167817772,54.77981614706916,57.193524184603916,43.95278155803686,57.193524184603916,XGBoost
2025-07-26 21:00:00,54.2604637742042,55.86219142905213,58.48540183574919,43.9422287464142,58.48540183574919,XGBoost
2025-07-26 22:00:00,53.888840675354004,54.39806927836663,55.32540203842791,43.137094836682,55.32540203842791,XGBoost
2025-07-26 23:00:00,55.79284071922275,53.157640794086376,54.89931806465644,43.26246293168525,54.89931806465644,XGBoost
2025-07-27 00:00:00,58.8660908937454,50.30414346279193,50.74655276888188,43.7483274787664,50.74655276888188,XGBoost
2025-07-27 01:00:00,46.13915187120457,51.61197932344418,52.1109610326324,43.002977294581285,52.1109610326324,XGBoost
2025-07-27 02:00:00,48.68877679109567,52.43597792682548,54.05636410403823,42.23248819510133,54.05636410403823,XGBoost
2025-07-27 03:00:00,48.586007152285,50.64361927406467,48.35669408671809,55.33587907893328,48.35669408671809,XGBoost
2025-07-27 04:00:00,46.840089321136574,51.31830839972903,50.57082125152806,70.05531408105557,50.57082125152806,XGBoost
2025-07-27 05:00:00,47.0699483811854,52.66775668420862,54.24422384318221,102.87968995273032,54.24422384318221,XGBoost
2025-07-27 06:00:00,48.3234113967045,46.26810976957904,59.11271064443735,138.00709027052,59.11271064443735,XGBoost
2025-07-27 07:00:00,44.264631622604,49.304534324281235,55.638781045250184,147.55951091221527,55.638781045250184,XGBoost
2025-07-27 08:00:00,39.2993752002716,55.04779837759504,43.327542291996,135.000806933642,43.327542291996,XGBoost
2025-07-27 09:00:00,42.264948308468,47.56008111128594,45.73947602492393,103.22922590375,45.73947602492393,XGBoost
2025-07-27 10:00:00,40.47796352704383,49.81507254677583,46.97919959166645,108.97979454199516,46.97919959166645,XGBoost
2025-07-27 11:00:00,37.13863682746875,52.543294161534604,59.86521004196323,107.49191945791225,59.86521004196323,XGBoost
2025-07-27 12:00:00,34.576656293869,52.54870889069103,57.74724061981034,98.8735727682717,57.74724061981034,XGBoost
2025-07-27 13:00:00,31.729499602317798,54.368372095877135,67.10035895706905,72.283641386032,67.10035895706905,XGBoost
2025-07-27 14:00:00,29.796514494078572,50.22114184411253,62.06138654920186,52.28933520189357,62.06138654920186,XGBoost
2025-07-27 15:00:00,27.560116863250602,45.546987042336056,54.64426164731888,57.725831604004,54.64426164731888,XGBoost
2025-07-27 16:00:00,27.87745964527125,41.51313782153076,43.08977247206471,57.74872709810725,43.08977247206471,XGBoost
2025-07-27 17:00:00,28.52612690130883,46.947858964733086,41.1646221728955,68.24057791630433,41.1646221728955,XGBoost
2025-07-27 18:00:00,42.36798816919328,49.61472488279719,46.82981288160367,63.26497371707643,46.82981288160367,XGBoost
2025-07-27 19:00:00,47.15782780200225,50.091593081856175,50.45284386388472,62.403550475836,50.45284386388472,XGBoost
2025-07-27 20:00:00,48.43862156569975,49.996066505033944,48.320287513996085,53.5362682044505,48.320287513996085,XGBoost
2025-07-27 21:00:00,49.14332764489314,49.41282645021631,48.53644030622993,54.197593033313716,48.53644030622993,XGBoost
2025-07-27 22:00:00,50.3060833315055,49.589645843625476,48.28023314439944,53.77957512935017,48.28023314439944,XGBoost
2025-07-27 23:00:00,49.27546570982257,50.25342668250106,49.63605358921462,55.45322924000872,49.63605358921462,XGBoost
2025-07-28 00:00:00,46.0938619822265,50.28984026272576,49.8092195037182,54.798283729702504,49.8092195037182,XGBoost
2025-07-28 01:00:00,45.860912442207336,49.92627158268056,49.95099430907385,54.927962521712004,49.95099430907385,XGBoost
2025-07-28 02:00:00,44.86718530207875,49.87396529730221,50.291022974783125,55.23853225260975,50.291022974783125,XGBoost
2025-07-28 03:00:00,44.9337371587754,49.90772149712134,51.017178499251656,55.992344343662204,51.017178499251656,XGBoost
2025-07-28 04:00:00,44.466797928015495,49.96854368117962,50.49341810453266,55.394379675388336,50.49341810453266,XGBoost
2025-07-28 05:00:00,45.8711445510387,50.14850424539145,56.7876319750377,53.1251546084881,56.7876319750377,XGBoost
2025-07-28 06:00:00,79.54215031862249,79.91518441632276,78.05843496323004,46.24568410714483,78.05843496323004,XGBoost
2025-07-28 07:00:00,132.90123334651432,122.22463816439559,126.22494084046362,43.50603179136917,126.22494084046362,XGBoost
2025-07-28 08:00:00,167.96307636797374,129.03307215828718,137.34787776644396,45.363460600376,137.34787776644396,XGBoost
2025-07-28 09:00:00,181.43394378821003,128.57114994457703,136.10310998058574,43.020306905110495,136.10310998058574,XGBoost
2025-07-28 10:00:00,190.859078788758,101.81715270107516,120.66920028851818,40.912881565094,120.66920028851818,XGBoost
2025-07-28 11:00:00,136.0599629879,102.89162550867687,123.9866970757148,42.8050142526625,123.9866970757148,XGBoost
2025-07-28 12:00:00,125.8817656636225,126.1805203706466,125.96639243757517,39.26022213697425,125.96639243757517,XGBoost
2025-07-28 13:00:00,123.10380438395772,113.1944507969285,114.86134458688106,37.54884329863972,114.86134458688106,XGBoost
2025-07-28 14:00:00,104.87144703335223,127.01445528368367,128.0646191990862,34.31818127632144,128.0646191990862,XGBoost
2025-07-28 15:00:00,79.25650805897178,98.61070594273603,108.0488953625699,36.33877477836289,108.0488953625699,XGBoost
2025-07-28 16:00:00,74.45881721377438,84.4041730691321,82.45267697251978,46.8868700414895,82.45267697251978,XGBoost
2025-07-28 17:00:00,57.78457441594878,63.82135296265959,64.93178711268143,54.85597859157444,64.93178711268143,XGBoost
2025-07-28 18:00:00,46.74108324306343,52.473498616768154,51.8453585654024,54.97863220317014,51.8453585654024,XGBoost
2025-07-28 19:00:00,46.23378124501978,52.88838547000745,54.6235999178548,54.31012240383345,54.6235999178548,XGBoost
2025-07-28 22:00:00,45.76426892479284,48.8394994519516,48.26349767630387,46.29087066650416,48.26349767630387,XGBoost
2025-07-28 23:00:00,47.482663412888996,49.38440162483632,48.441229979388,48.234692921241,48.441229979388,XGBoost
2025-07-29 00:00:00,47.73786835869151,49.68902861838324,49.204266890138825,48.60930649439516,49.204266890138825,XGBoost
2025-07-29 01:00:00,47.49744016428783,49.35786764980676,49.708472213770136,46.92511383692417,49.708472213770136,XGBoost
2025-07-29 02:00:00,48.571630156288336,49.43683396596351,49.29936879444677,47.05715209245684,49.29936879444677,XGBoost
2025-07-29 03:00:00,47.798364115258,49.56096050925775,50.944727973615386,47.274016181627665,50.944727973615386,XGBoost
2025-07-29 04:00:00,48.71803401576145,49.491774608028344,50.19964626304008,47.52075036366778,50.19964626304008,XGBoost
2025-07-29 05:00:00,52.00852002700177,50.149306016515226,55.69051290744985,46.54333266367511,55.69051290744985,XGBoost
2025-07-29 06:00:00,80.14507240719267,65.9828867782474,74.43371600351442,40.093038823869556,74.43371600351442,XGBoost
2025-07-29 07:00:00,124.20097088151468,110.77730106928614,116.05420399179752,40.08779165479878,116.05420399179752,XGBoost
2025-07-29 08:00:00,166.270817786455,130.24798757164584,142.52955072811704,35.40840288996687,142.52955072811704,XGBoost
2025-07-29 09:00:00,155.90749892592498,149.9528329634242,164.17100383688148,34.2444617152215,164.17100383688148,XGBoost
2025-07-29 10:00:00,150.9109223186975,146.69494698947184,154.56021220800426,31.94419521093375,154.56021220800426,XGBoost
2025-07-29 11:00:00,146.41414904594333,151.1717826428114,155.38873607215365,31.58636919657383,155.38873607215365,XGBoost
2025-07-29 13:00:00,114.88092405455572,132.7178897581684,139.60407925979897,27.61010915892457,139.60407925979897,XGBoost
2025-07-29 14:00:00,104.08492693901,124.38678118130304,135.88263281772328,27.865508031845202,135.88263281772328,XGBoost
2025-07-29 16:00:00,82.95275238156324,113.90928265539651,121.55047513526102,40.904775768518505,121.55047513526102,XGBoost
2025-07-29 17:00:00,58.726052117347606,58.767557235508505,63.671450173782105,47.546880352497,63.671450173782105,XGBoost
2025-07-29 18:00:00,57.450876826048,52.92831980130446,52.44728886442037,49.5214309185744,52.44728886442037,XGBoost
2025-07-29 19:00:00,50.190312266349856,54.51714347402509,56.100209008055835,48.946173957416,56.100209008055835,XGBoost
2025-07-29 20:00:00,48.6791514754295,51.99637358338056,52.17021823293102,49.62463273108,52.17021823293102,XGBoost
2025-07-29 21:00:00,48.601739565531496,50.49669813235656,51.72649044164488,49.18600659569117,51.72649044164488,XGBoost
2025-07-29 22:00:00,51.070302569866,50.74822783137056,50.75297409131442,43.5098854064942,50.75297409131442,XGBoost
2025-07-30 00:00:00,51.23295309146267,52.66157233516041,52.871745068833185,44.48109259208034,52.871745068833185,XGBoost
2025-07-30 01:00:00,46.768266558647,51.24842261136676,51.894431289960245,45.4534928798675,51.894431289960245,XGBoost
2025-07-30 02:00:00,46.79420870542534,49.0343513188698,52.79234369025096,44.9842860201995,52.79234369025096,XGBoost
2025-07-30 03:00:00,47.00855692227666,47.43695295075696,51.77031320140099,45.61471968889233,51.77031320140099,XGBoost
2025-07-30 04:00:00,47.008982980251396,50.916676872301665,54.86407260727843,44.111671817303,54.86407260727843,XGBoost
2025-07-30 05:00:00,47.008309670857145,54.62832227807486,60.764676012887165,44.55071251732943,60.764676012887165,XGBoost
2025-07-30 06:00:00,46.97444231169572,92.31385222440927,88.13079237580986,76.21537560224529,88.13079237580986,XGBoost
2025-07-30 07:00:00,53.708020913601004,130.08153342933048,137.29325746794225,124.80598260611518,137.29325746794225,XGBoost
2025-07-30 08:00:00,206.0677733421343,215.79690151140943,215.18683230845144,166.49696826721856,215.18683230845144,XGBoost
2025-07-30 09:00:00,185.71137571335,202.83919213020891,199.94216514138543,180.0696674287325,199.94216514138543,XGBoost
2025-07-30 10:00:00,184.66694375601728,198.2493637554279,181.5858614465161,176.94033027779003,181.5858614465161,XGBoost
2025-07-30 11:00:00,157.73683764934802,147.19917700308554,149.03344788253517,119.3701888799654,149.03344788253517,XGBoost
2025-07-30 12:00:00,132.51664621489286,141.74674992532533,132.52489037443885,121.44104834965256,132.52489037443885,XGBoost
2025-07-30 13:00:00,127.32195338606624,149.08675196039678,137.66747696975548,87.6701247394085,137.66747696975548,XGBoost
2025-07-30 14:00:00,104.91055827140761,131.746486292454,128.10732498104053,76.63674592971799,128.10732498104053,XGBoost
2025-07-30 15:00:00,92.91430526971925,124.85824592801535,127.32413783234352,68.82198679447299,127.32413783234352,XGBoost
2025-07-30 16:00:00,84.89188027381867,85.61576719398595,98.39609767277477,71.48464163144433,98.39609767277477,XGBoost
2025-07-30 18:00:00,58.412394841512,54.38225312549989,53.17661569229679,55.31593648592633,53.17661569229679,XGBoost
2025-07-30 19:00:00,48.9397612909475,55.069764288583194,56.18895495200587,48.924000317851664,56.18895495200587,XGBoost
2025-07-30 20:00:00,51.58307953675583,50.493044280761495,51.67327760476953,47.09286286433533,51.67327760476953,XGBoost
2025-07-30 21:00:00,52.78445490201316,48.32732619744851,51.67337299945754,46.01943931976967,51.67337299945754,XGBoost
2025-07-30 22:00:00,51.7618660449982,50.096961996514445,52.53090356838612,48.0400560736656,52.53090356838612,XGBoost
2025-07-30 23:00:00,54.62130515916028,52.09138525315343,53.74411757701164,47.380253732204565,53.74411757701164,XGBoost
2025-07-31 00:00:00,54.74799650907501,49.88839314333744,51.82698724554109,46.604398643970605,51.82698724554109,XGBoost
2025-07-31 01:00:00,54.28671351820225,50.524610269949974,54.50582757593647,47.754284881055376,54.50582757593647,XGBoost
2025-07-31 02:00:00,54.913622841238876,52.188433693733096,54.041513730972284,47.93002368882288,54.041513730972284,XGBoost
2025-07-31 03:00:00,55.13373798983414,51.442983588176354,53.93156685329772,48.05276067980686,53.93156685329772,XGBoost
2025-07-31 04:00:00,56.232419207692,53.20521614138871,55.09551667945517,47.818963646888605,55.09551667945517,XGBoost
2025-07-31 05:00:00,59.4175229549406,56.143018236429654,61.70698232398693,49.8362070083619,61.70698232398693,XGBoost
2025-07-31 06:00:00,96.71103742292784,102.34807336999556,88.02244355200578,71.68261788572586,88.02244355200578,XGBoost
2025-07-31 07:00:00,162.3309481889,146.85012509823252,147.2138978830771,86.935958079994,147.2138978830771,XGBoost
2025-07-31 08:00:00,223.531280207634,193.43373624170837,199.71312069558695,130.474598634242,199.71312069558695,XGBoost
2025-07-31 09:00:00,192.05430865288,153.20153427248908,167.37960956761071,159.13791039586,167.37960956761071,XGBoost
2025-07-31 10:00:00,196.755366289614,166.89428713876242,177.51410723423376,170.434481072426,177.51410723423376,XGBoost
2025-07-31 11:00:00,167.150646820665,161.88822256846726,171.72248693710938,153.40921062231126,171.72248693710938,XGBoost
2025-07-31 12:00:00,137.32653350300276,152.59183816103905,157.3855656799039,138.8197044796411,157.3855656799039,XGBoost
2025-07-31 13:00:00,109.04304679234782,142.06762369002172,153.73317146126834,121.1942918698,153.73317146126834,XGBoost
2025-07-31 14:00:00,88.93932241863655,137.66237886742002,144.4738638602155,109.32882526185888,144.4738638602155,XGBoost
2025-07-31 15:00:00,86.59692229543428,108.57158260912577,130.6317125948992,96.44860826219886,130.6317125948992,XGBoost
2025-07-31 16:00:00,74.84350143373013,95.87135481732157,107.07381465934947,62.93828653916712,107.07381465934947,XGBoost
2025-07-31 17:00:00,64.257023483515,70.63488669638954,69.23967303065793,59.2965912893415,69.23967303065793,XGBoost
2025-07-31 18:00:00,54.994509153895784,50.6850763053408,50.13574862114165,53.91542325417211,50.13574862114165,XGBoost
2025-07-31 19:00:00,45.9463557422162,51.834071554784316,55.042802654803765,50.3340050816536,55.042802654803765,XGBoost
2025-07-31 20:00:00,46.4612548470496,50.561863812600805,52.41162925010444,47.5253361582756,52.41162925010444,XGBoost
2025-07-31 21:00:00,46.097215950489115,49.84399655932433,51.665231452814645,50.21635856231044,51.665231452814645,XGBoost
2025-07-31 22:00:00,46.170349240303,50.071066220944154,51.50549634756743,51.53246351650786,51.50549634756743,XGBoost
2025-07-31 23:00:00,48.616934239864285,50.7651032377783,51.31137869974846,46.755891876561286,51.31137869974846,XGBoost
2025-08-01 00:00:00,48.78641749173413,50.11262548951079,52.48652901935607,47.00912253558637,52.48652901935607,XGBoost
2025-08-01 01:00:00,48.76599989334741,51.770586755172474,52.310323931229895,47.008693804343665,52.310323931229895,XGBoost
2025-08-01 02:00:00,48.6120251119136,55.31789619608212,55.79567985129214,83.5338162481794,55.79567985129214,XGBoost
2025-08-01 03:00:00,49.989736710276,57.11191425000411,57.81627973540891,200.48268083163717,57.81627973540891,XGBoost
2025-08-01 04:00:00,50.048940613866,56.181198704646405,58.37865436991731,187.43711633980374,58.37865436991731,XGBoost
2025-08-01 05:00:00,53.420406192541,60.665716679384545,72.53274355801604,168.77099423110624,72.53274355801604,XGBoost
2025-08-01 06:00:00,88.48042140611344,119.41401250665973,111.81688314444776,153.41823228200442,111.81688314444776,XGBoost
2025-08-01 07:00:00,141.54306444758686,135.0229402702776,138.86809201423245,132.891024678945,138.86809201423245,XGBoost
2025-08-01 08:00:00,218.90765029192,181.37076733304445,163.28425441498703,117.82060763239625,163.28425441498703,XGBoost
2025-08-01 09:00:00,211.74412462446557,170.94724137910222,162.31377925530973,91.73185626665789,162.31377925530973,XGBoost
2025-08-01 10:00:00,193.74187829097002,144.7390898621217,167.23193499078027,59.61191177368167,167.23193499078027,XGBoost
2025-08-01 11:00:00,176.05222447713,120.27941293120283,190.24227127411254,48.9397612909475,190.24227127411254,XGBoost
2025-08-01 12:00:00,148.00207482444114,129.88832600384728,171.01083256515292,52.19290192259689,171.01083256515292,XGBoost
2025-08-01 13:00:00,131.92486423916333,140.8846566585242,166.04462590536906,52.35799119869867,166.04462590536906,XGBoost
2025-08-01 14:00:00,106.43905409899654,133.08002950579944,138.8581415137746,54.558692493222,138.8581415137746,XGBoost
2025-08-01 15:00:00,88.78173201424799,116.35490732557903,131.47887090711492,54.18565842935015,131.47887090711492,XGBoost
2025-08-01 16:00:00,74.99100834131231,85.30178567379009,110.43570669442354,54.912672424316305,110.43570669442354,XGBoost
2025-08-01 17:00:00,68.78722715377813,82.75376973026587,73.70190715384788,55.32774791493988,73.70190715384788,XGBoost
2025-08-01 18:00:00,53.795687280595374,60.84567375690919,58.58590022955688,56.33576763235013,58.58590022955688,XGBoost
2025-08-01 19:00:00,53.874787569046,62.533458229070895,67.62473545748057,72.8399469330905,67.62473545748057,XGBoost
2025-08-01 20:00:00,56.63322566449638,66.39925093226627,64.47161793692385,121.21489929407637,64.47161793692385,XGBoost
2025-08-01 21:00:00,60.53189597278825,61.92866517747706,63.846417350840596,205.16396330297,63.846417350840596,XGBoost
2025-08-01 22:00:00,61.8298005223274,63.196565982721026,62.771986979846396,196.17794632911802,62.771986979846396,XGBoost
2025-08-01 23:00:00,63.426211782864144,63.25108801410647,67.14481879563552,196.85971300091,67.14481879563552,XGBoost
2025-08-02 00:00:00,62.500160028537174,59.94395095886366,65.9563360612925,157.16066916783666,65.9563360612925,XGBoost
2025-08-02 01:00:00,65.56415176933446,59.46081725314922,65.83083614058883,133.77567963166683,65.83083614058883,XGBoost
2025-08-02 02:00:00,62.26201194524778,57.81345264318054,59.72456027396054,93.06250007947256,59.72456027396054,XGBoost
2025-08-02 03:00:00,62.220913821458794,61.01732421215779,60.3465813570925,89.7444761991501,60.3465813570925,XGBoost
2025-08-02 04:00:00,62.8651940703392,59.11843541029955,57.87185812056013,75.93406727314,57.87185812056013,XGBoost
2025-08-02 05:00:00,63.85799016524113,60.50747780133662,61.565538910177935,60.50052559375763,61.565538910177935,XGBoost
2025-08-02 06:00:00,64.5255684130825,57.83387813308148,61.32646722274035,47.79366261884562,61.32646722274035,XGBoost
2025-08-02 07:00:00,57.951477544175226,53.442703644831546,59.68909944857517,45.98776954412455,59.68909944857517,XGBoost
2025-08-02 08:00:00,56.67617626767588,43.02814334560313,57.4158843811822,45.93283905088913,57.4158843811822,XGBoost
2025-08-02 09:00:00,53.74011206626879,46.045865738586485,60.32989664617055,46.8150027394294,60.32989664617055,XGBoost
2025-08-02 10:00:00,49.358851512273,47.80010724945851,48.82320230948968,48.39756910999617,48.82320230948968,XGBoost
2025-08-02 11:00:00,48.3745050907134,59.13000116648756,63.27010924220929,48.777305430173904,63.27010924220929,XGBoost
2025-08-02 12:00:00,43.318264031410095,59.81516665543408,66.41888414458207,48.9016126155853,66.41888414458207,XGBoost
2025-08-02 13:00:00,44.5457002162933,53.853059462152444,57.31882019614268,48.7694078147411,57.31882019614268,XGBoost
2025-08-02 14:00:00,43.21384251117717,37.37028241501806,44.06036452523288,49.78175822893783,44.06036452523288,XGBoost
2025-08-02 15:00:00,48.498970236097,37.59962329259498,42.725315266643904,49.09557061535986,42.725315266643904,XGBoost
2025-08-02 16:00:00,47.80867508053775,35.24640940131879,37.79162484621288,50.49177481234062,37.79162484621288,XGBoost
2025-08-02 17:00:00,44.01533277332763,33.88195764572387,37.311274794215194,76.04631834710025,37.311274794215194,XGBoost
2025-08-02 18:00:00,56.30229284933643,46.66361291377564,49.04905587582749,98.32563759013986,49.04905587582749,XGBoost
2025-08-02 19:00:00,65.07649327317866,57.826434602177024,59.636797360985305,167.5056578020283,59.636797360985305,XGBoost
2025-08-02 20:00:00,66.5447061419486,59.3694302334935,58.947574339952645,214.020527124404,58.947574339952645,XGBoost
2025-08-02 21:00:00,67.7890691161155,61.23501245897584,59.08848609336683,231.04931984345168,59.08848609336683,XGBoost
2025-08-02 23:00:00,71.75871060291934,62.47870488495073,61.41306925035878,199.365876436235,61.41306925035878,XGBoost
2025-08-03 00:00:00,75.43200580279033,54.06718732638705,57.82225180285794,194.86496909459333,57.82225180285794,XGBoost
2025-08-03 01:00:00,61.96216630935671,54.24122466905976,55.67188531614458,166.95770842688285,55.67188531614458,XGBoost
2025-08-03 02:00:00,56.953677111201664,51.47586382940759,54.21508946551242,145.79120379024334,54.21508946551242,XGBoost
2025-08-03 03:00:00,56.423081874847284,51.54832611321245,54.62192046851677,128.26913830212143,54.62192046851677,XGBoost
2025-08-03 04:00:00,56.67423316091288,51.1267275608875,54.128632029842464,107.36651289463025,54.128632029842464,XGBoost
2025-08-03 05:00:00,55.71617790630886,50.141838244647474,55.78952779386574,96.48314806393329,55.78952779386574,XGBoost
2025-08-03 06:00:00,56.272946870752854,52.63596524215122,57.224125052041686,84.52320647239685,57.224125052041686,XGBoost
2025-08-03 07:00:00,53.96591457352025,52.68883182278197,51.82409795642941,72.45037698745737,51.82409795642941,XGBoost
2025-08-03 08:00:00,56.019032076001125,41.38588098392109,47.36242135219434,61.724435992539,47.36242135219434,XGBoost
2025-08-03 09:00:00,55.733919858932595,42.90238165596113,43.94546084357494,54.40382454395281,43.94546084357494,XGBoost
2025-08-03 10:00:00,54.12621605396262,42.8001137164324,40.678861622178154,53.29003094136725,40.678861622178154,XGBoost
2025-08-03 11:00:00,53.361041273389574,51.91628701824033,53.546392415789164,56.373458206653574,53.546392415789164,XGBoost
2025-08-03 12:00:00,45.08269226551062,48.17034218962205,53.04763472452402,59.75147476792325,53.04763472452402,XGBoost
2025-08-03 13:00:00,33.682246088981664,40.82627587145047,41.29064595533734,61.85268772310678,41.29064595533734,XGBoost
2025-08-03 14:00:00,30.273626764615333,40.12610608027288,40.471849749509154,63.45951330661767,40.471849749509154,XGBoost
2025-08-03 15:00:00,27.794356187184665,34.656093669943886,35.07158825980613,63.000889480114004,35.07158825980613,XGBoost
2025-08-03 16:00:00,26.674200756209284,38.7196250749706,38.60424108902572,63.456601926258564,38.60424108902572,XGBoost
2025-08-03 17:00:00,24.68743922454957,39.16020388194271,38.15816575703239,66.11046734026486,38.15816575703239,XGBoost
2025-08-03 18:00:00,35.5985284099975,51.123430611166306,48.63917155713089,60.85008741418533,48.63917155713089,XGBoost
2025-08-03 19:00:00,42.89395891342843,51.368343902509125,53.05463871308258,65.35124694449557,53.05463871308258,XGBoost
2025-08-03 20:00:00,42.795268036425,50.38729703688513,48.4374501898633,59.06961850821975,48.4374501898633,XGBoost
2025-08-03 21:00:00,42.506880323092,49.46616526803871,48.32072248977472,62.778040011723995,48.32072248977472,XGBoost
2025-08-03 22:00:00,43.98514935374266,49.33175897076634,47.6887800791059,63.26744041840234,47.6887800791059,XGBoost
2025-08-03 23:00:00,43.517868582159124,49.167871090705574,47.370179370193796,64.21238824166363,47.370179370193796,XGBoost
2025-08-04 00:00:00,45.007075597842494,49.06516043386133,48.749523412254526,64.357112225766,48.749523412254526,XGBoost
2025-08-04 01:00:00,46.59133218394378,48.9349528456986,49.86176627768285,63.41159928838411,49.86176627768285,XGBoost
2025-08-04 02:00:00,44.642925296511,48.43867483325283,50.6777142135438,53.35591651712129,50.6777142135438,XGBoost
2025-08-04 03:00:00,45.723078906536,48.563245465760545,50.788398278739955,55.90251181088375,50.788398278739955,XGBoost
2025-08-04 04:00:00,45.087825623425545,49.00778709971903,51.433894043789344,52.68894839286791,51.433894043789344,XGBoost
2025-08-04 05:00:00,45.1997000932696,49.265050353529936,54.451326070819846,47.354446792602594,54.451326070819846,XGBoost
2025-08-04 06:00:00,81.253133702278,64.2309720177736,67.69745446816641,49.3188484191892,67.69745446816641,XGBoost
2025-08-04 08:00:00,137.3105263114,112.30932536455937,110.52557569012284,45.360774350166196,110.52557569012284,XGBoost
2025-08-04 09:00:00,105.37299427948912,115.38970091478733,117.39426807113924,44.6119122207165,117.39426807113924,XGBoost
2025-08-04 10:00:00,99.02752550443101,120.91343055066643,124.37781769639945,42.2087022066115,124.37781769639945,XGBoost
2025-08-04 12:00:00,61.80783339909143,132.27068198287748,143.1219062288733,47.76403880119314,143.1219062288733,XGBoost
2025-08-04 13:00:00,68.17082808415144,118.29429181516532,124.78122123311732,47.36727585395167,124.78122123311732,XGBoost
2025-08-04 14:00:00,41.9792045652865,106.63120928622952,110.4681826460198,41.96488858759375,110.4681826460198,XGBoost
2025-08-04 15:00:00,58.42619793117063,105.55653918002534,111.34883400748103,53.90705824643375,111.34883400748103,XGBoost
2025-08-04 16:00:00,59.77280989715029,105.29938809153485,107.19868167763362,64.08660908256256,107.19868167763362,XGBoost
2025-08-04 17:00:00,44.38219947474357,59.74060808631724,62.59641704206654,65.89960575955243,62.59641704206654,XGBoost
2025-08-04 18:00:00,42.6734639644623,56.005646263385344,55.107384138622876,70.8712968707085,55.107384138622876,XGBoost
2025-08-04 19:00:00,41.26143306493763,55.77247334137777,56.235806193122826,72.206878349185,56.235806193122826,XGBoost
2025-08-04 20:00:00,43.0415178239345,51.81259158393452,50.158348762666435,62.4259904623035,50.158348762666435,XGBoost
2025-08-04 21:00:00,43.34670957922933,49.409157471773334,49.153221732557576,61.27339708805067,49.153221732557576,XGBoost
2025-08-04 22:00:00,43.88154888898125,49.90030464665749,49.604301364460916,56.848861068487,49.604301364460916,XGBoost
2025-08-04 23:00:00,44.159395143389624,50.12810999973693,49.95417893174007,56.59422232210625,49.95417893174007,XGBoost
2025-08-05 00:00:00,46.01827860623612,50.46661261930916,52.255998756294424,56.67423316091288,52.255998756294424,XGBoost
2025-08-05 01:00:00,44.919380620122,50.47234936372148,51.726703579776405,56.311182508245125,51.726703579776405,XGBoost
2025-08-05 02:00:00,45.498189508915,50.462061400122614,50.64500026377174,55.75877643483029,50.64500026377174,XGBoost
2025-08-05 03:00:00,47.041434605916336,50.44906086711537,50.77060046980019,54.29862199558144,50.77060046980019,XGBoost
2025-08-05 04:00:00,45.1667904555796,50.5037797543009,52.19078298779508,56.327520942688,52.19078298779508,XGBoost
2025-08-05 05:00:00,49.57236944777643,51.225690447739716,58.26397034888483,54.271198408944144,58.26397034888483,XGBoost
2025-08-05 06:00:00,80.70439942181112,69.8989855934947,78.36265222307581,53.398153960704875,78.36265222307581,XGBoost
2025-08-05 07:00:00,108.33406967350471,130.60710532811305,131.2674351379308,49.156091076987146,131.2674351379308,XGBoost
2025-08-05 08:00:00,156.519524732605,152.59297308455749,155.82494328221884,33.792291224002874,155.82494328221884,XGBoost
2025-08-05 10:00:00,159.77220368385667,119.9346419159974,130.5017234904068,30.158628582954332,130.5017234904068,XGBoost
2025-08-05 11:00:00,150.54163559386626,119.32931262542257,127.13120387575427,28.6545911580325,127.13120387575427,XGBoost
2025-08-05 12:00:00,120.86380837857888,114.2194607265325,121.82255968439736,24.552581936121,121.82255968439736,XGBoost
2025-08-05 13:00:00,123.83399263450143,114.56663252609204,121.03837845105535,30.03111214297143,121.03837845105535,XGBoost
2025-08-05 14:00:00,95.32300834783543,110.69404793485678,103.18604169049449,42.138527133635,103.18604169049449,XGBoost
2025-08-05 15:00:00,74.4982724905014,94.20865891545215,97.67239493172448,42.69733070731159,97.67239493172448,XGBoost
2025-08-05 16:00:00,77.2858376979832,77.53396164015562,77.78885605456864,43.5515093207358,77.78885605456864,XGBoost
2025-08-05 17:00:00,52.98723271158022,62.56994483584302,58.20609802861288,43.75826786624067,58.20609802861288,XGBoost
2025-08-05 18:00:00,48.259928777813876,52.04999384190993,51.711681616265366,44.149341907351996,51.711681616265366,XGBoost
2025-08-05 19:00:00,45.19951623678214,53.47584863326103,53.14137639743277,46.752065530845144,53.14137639743277,XGBoost
2025-08-05 20:00:00,48.30755269899962,50.56974536895011,49.20317975067553,44.81331476569162,49.20317975067553,XGBoost
2025-08-05 21:00:00,44.4671595593295,49.35429973639149,48.65767212693785,45.555409063895496,48.65767212693785,XGBoost
2025-08-05 22:00:00,45.35780416429025,49.73132789850141,48.650568672489406,45.03726027160887,48.650568672489406,XGBoost
2025-08-05 23:00:00,45.036084751288165,49.34451832827697,48.984244741939165,44.967041383187,48.984244741939165,XGBoost
2025-08-06 00:00:00,47.02635830640801,50.47683525566466,50.49649593314563,62.71415253480283,50.49649593314563,XGBoost
2025-08-06 01:00:00,45.385223737784564,49.98449310909838,52.5885448958065,111.700121079172,52.5885448958065,XGBoost
2025-08-06 02:00:00,45.8734998007615,49.436661414676216,52.99733307554094,138.49042688807,52.99733307554094,XGBoost
2025-08-06 03:00:00,45.267601385712666,49.95287189818816,52.801790164229764,107.68602029979256,52.801790164229764,XGBoost
2025-08-06 04:00:00,45.59649624427167,49.97984274306452,52.46707360271918,95.64402643839666,52.46707360271918,XGBoost
2025-08-06 05:00:00,53.8379282832146,50.97780095720869,60.82701240458001,101.0925958395004,60.82701240458001,XGBoost
2025-08-06 06:00:00,81.62297863960279,71.23704020236048,75.6668462174038,67.404170036316,75.6668462174038,XGBoost
2025-08-06 07:00:00,114.76246166974234,107.36969661215291,110.96505337807339,56.204476753870495,110.96505337807339,XGBoost
2025-08-06 08:00:00,177.79303665161,123.4022457784981,121.44051637824796,74.38891516924,121.44051637824796,XGBoost
2025-08-06 09:00:00,176.44736142953332,147.33117184735298,145.57340503292988,48.0753128528595,145.57340503292988,XGBoost
2025-08-06 10:00:00,181.133282750845,122.45019480516136,126.12508960061956,57.94627031683925,126.12508960061956,XGBoost
2025-08-06 11:00:00,142.7498361047353,123.48972138478246,123.45619677630332,53.5341347932816,123.45619677630332,XGBoost
2025-08-06 12:00:00,141.76706697874667,113.56904235520307,123.51180231994223,41.76297579871289,123.51180231994223,XGBoost
2025-08-06 13:00:00,132.76211023330657,109.08731278291091,119.4050054044462,41.592134714126715,119.4050054044462,XGBoost
2025-08-06 14:00:00,113.80923623177779,109.70708559798263,115.52848126634973,42.55395812127322,115.52848126634973,XGBoost
2025-08-06 15:00:00,106.27686862150684,83.84324327257632,98.7583539007557,43.6408188144365,98.7583539007557,XGBoost
2025-08-06 17:00:00,67.677451213201,67.4087663287728,67.09867245098111,42.37501509984333,67.09867245098111,XGBoost
2025-08-06 18:00:00,56.054153111245995,55.84219148578698,56.20304276753438,46.14980634053544,56.20304276753438,XGBoost
2025-08-06 19:00:00,50.40431031212187,54.30513071143286,55.02893739688228,45.253245517611624,55.02893739688228,XGBoost
2025-08-06 20:00:00,50.206987287317006,51.19485434296234,50.713110013978614,45.410845969404576,50.713110013978614,XGBoost
2025-08-06 21:00:00,48.395721580833374,48.34204927157789,49.190980479984546,45.94602201133962,49.190980479984546,XGBoost
2025-08-06 22:00:00,49.45099525650344,49.426540079383905,48.346551851482324,46.193857219483995,48.346551851482324,XGBoost
2025-08-06 23:00:00,50.329419504512366,49.23192628163531,48.79139769869202,47.90826113657527,48.79139769869202,XGBoost
2025-08-07 00:00:00,49.852794327906,49.352728546419584,49.872892629547245,79.65032788685384,49.872892629547245,XGBoost
2025-08-07 01:00:00,49.687998976026286,49.415795948272,50.279864367571996,102.49962520173642,50.279864367571996,XGBoost
2025-08-07 02:00:00,49.3686626454195,48.90455448468316,49.96849953430597,149.10281577706334,49.96849953430597,XGBoost
2025-08-07 03:00:00,50.083332266126284,49.16885418245773,51.46986398887664,165.84201504715858,51.46986398887664,XGBoost
2025-08-07 04:00:00,48.9756273925305,48.98619527813652,50.17271556265986,155.01279554237001,50.17271556265986,XGBoost
2025-08-07 05:00:00,54.14038685295322,48.6225094210383,61.40597784523939,140.95410882433345,61.40597784523939,XGBoost
2025-08-07 06:00:00,83.45206779241568,83.61773203528189,85.17723855695476,123.73249941402224,85.17723855695476,XGBoost
2025-08-07 07:00:00,122.65052077919374,117.32496691741221,113.6744485070433,128.79186373949,113.6744485070433,XGBoost
2025-08-07 08:00:00,187.47523210048797,155.64950773882532,142.46815218705768,94.576781916619,142.46815218705768,XGBoost
2025-08-07 09:00:00,190.98308055930667,133.8228584719941,136.63092458954827,78.98903688953989,136.63092458954827,XGBoost
2025-08-07 10:00:00,170.2056268900625,134.33318431078064,136.85259844577357,67.51841042935888,136.85259844577357,XGBoost
2025-08-07 11:00:00,169.84772440791,125.64480332689794,140.97816221624862,47.09662839770312,140.97816221624862,XGBoost
2025-08-07 12:00:00,150.46312160790126,128.06896661007133,126.75437055948973,46.70139239728462,126.75437055948973,XGBoost
2025-08-07 13:00:00,136.37255738841145,129.22385271539213,124.41857422689668,47.08060608638655,124.41857422689668,XGBoost
2025-08-07 14:00:00,124.37142609059799,134.13883026049297,124.26311272367653,45.1580789983273,124.26311272367653,XGBoost
2025-08-07 15:00:00,111.3466988205915,90.61191984491747,103.82582532167255,45.34093729654933,103.82582532167255,XGBoost
2025-08-07 16:00:00,93.65312539040976,82.68808861328586,95.05672802355528,45.39211722463375,95.05672802355528,XGBoost
2025-08-07 17:00:00,77.67827773094187,85.89848060170269,73.65013033700865,46.0256582945585,73.65013033700865,XGBoost
2025-08-07 18:00:00,53.7844736933708,52.736937047647736,51.573801824018254,45.863334739208,51.573801824018254,XGBoost
2025-08-07 19:00:00,49.237574147326576,52.987340954251074,54.69829330145602,46.308618345431,54.69829330145602,XGBoost
2025-08-07 20:00:00,47.52330771833687,51.85255580118568,51.53729427691895,44.77154993824662,51.53729427691895,XGBoost
2025-08-07 21:00:00,44.673599863052196,49.44694743782297,50.58673858803794,64.4851222753525,50.58673858803794,XGBoost
2025-08-07 22:00:00,45.94052822142837,49.56861149175282,52.09016319074765,116.05602302215937,52.09016319074765,XGBoost
2025-08-07 23:00:00,46.27457871607372,49.212190840505336,54.627841624515064,178.2158966405043,54.627841624515064,XGBoost
2025-08-08 00:00:00,48.762279536043,52.21937256323445,62.825119506908024,176.74586924484998,62.825119506908024,XGBoost
2025-08-08 02:00:00,47.641781051953835,51.375481812915545,61.46662946789045,147.70626848377165,61.46662946789045,XGBoost
2025-08-08 03:00:00,47.784404885769,48.801102375870265,57.10228829359079,165.039450210334,57.10228829359079,XGBoost
2025-08-08 04:00:00,48.1413517395655,49.691716923148874,56.07053894592959,128.39073558151833,56.07053894592959,XGBoost
2025-08-08 05:00:00,52.942337121282435,50.23541985339755,69.00875591770921,132.76211023330657,69.00875591770921,XGBoost
2025-08-08 06:00:00,88.09586083889,104.34397882251528,100.1863595831224,122.31618550419667,100.1863595831224,XGBoost
2025-08-08 07:00:00,139.5541982650775,132.13163899136586,135.0268287126576,111.4063970148575,135.0268287126576,XGBoost
2025-08-08 08:00:00,219.9702945417822,159.08359174993382,142.43330308760875,104.20085430145201,142.43330308760875,XGBoost
2025-08-08 09:00:00,214.50154089927625,167.32563377106055,152.08419448355465,73.64208909869187,152.08419448355465,XGBoost
2025-08-08 11:00:00,165.428605576355,143.47661819950852,162.62970166336137,51.59590921799333,162.62970166336137,XGBoost
2025-08-08 12:00:00,141.98233497142874,153.44575613969195,169.86118898236097,50.81539438292363,169.86118898236097,XGBoost
2025-08-08 13:00:00,123.85859831174498,146.7514167988128,169.81609909316418,49.993372574448834,169.81609909316418,XGBoost
2025-08-08 14:00:00,107.344073942728,136.0639940108378,175.3990666089926,48.47345274686829,175.3990666089926,XGBoost
2025-08-08 15:00:00,92.41390290856376,105.3876008569991,147.3440072380163,49.36535435542463,147.3440072380163,XGBoost
2025-08-08 16:00:00,77.71379089355457,89.76550796917456,110.59343561424112,49.227038592099994,110.59343561424112,XGBoost
2025-08-08 17:00:00,56.08669160093586,65.26471253114649,62.54451924624965,51.229654180152004,62.54451924624965,XGBoost
2025-08-08 18:00:00,51.38862783089275,60.4508047932831,61.50821525221119,49.50776899978513,61.50821525221119,XGBoost
2025-08-08 19:00:00,51.76535541902891,63.72190475498516,68.0900952078405,50.15635687654663,68.0900952078405,XGBoost
2025-08-08 20:00:00,56.156053841114165,59.391276052174284,62.80273106788044,49.53332764903717,62.80273106788044,XGBoost
2025-08-08 21:00:00,62.914054028689876,60.43948182410655,62.99759001727761,49.308913677930875,62.99759001727761,XGBoost
2025-08-08 22:00:00,63.2425815701484,62.41184411010253,67.1776203748137,64.8752566933632,67.1776203748137,XGBoost
2025-08-08 23:00:00,62.34391417105983,62.78265894322186,66.55061256936436,81.96844240029667,66.55061256936436,XGBoost
2025-08-09 00:00:00,60.478675380349124,60.48621212659358,64.9934502790053,128.302750434727,64.9934502790053,XGBoost
2025-08-09 01:00:00,59.91936867766911,62.20676533093053,62.41451728533026,198.51667973730332,62.41451728533026,XGBoost
2025-08-09 02:00:00,61.85555635179786,60.04081242967154,63.970997927932174,178.10347083636717,63.970997927932174,XGBoost
2025-08-09 03:00:00,62.4415918389955,57.2996417456715,58.360633623391685,152.72837324936998,58.360633623391685,XGBoost
2025-08-09 04:00:00,61.799813091754835,58.06206341572486,58.65043488598354,177.28134218851665,58.65043488598354,XGBoost
2025-08-09 05:00:00,63.54779391363275,59.49028483004001,59.36243953843483,163.86947733163998,59.36243953843483,XGBoost
2025-08-09 06:00:00,57.89967055618761,57.31507614398454,59.59523875515115,137.369335651398,59.59523875515115,XGBoost
2025-08-09 07:00:00,57.03363411956367,54.421849742988144,58.42351832169527,137.46396830346922,58.42351832169527,XGBoost
2025-08-09 08:00:00,77.09405906912356,50.97093904932377,57.21486162501287,121.69688310556889,57.21486162501287,XGBoost
2025-08-09 09:00:00,96.5019021987912,48.61652295302013,54.27643988925115,106.1996407508858,54.27643988925115,XGBoost
2025-08-09 10:00:00,76.29672090212516,51.890818726556226,59.18767257022782,103.91982215642834,59.18767257022782,XGBoost
2025-08-09 11:00:00,61.409059882163874,56.45623177684612,70.79650983914124,79.52102483808987,70.79650983914124,XGBoost
2025-08-09 12:00:00,62.0841574907304,69.17404527231777,75.11236909312734,71.8121177196506,75.11236909312734,XGBoost
2025-08-09 13:00:00,54.591378375888,60.35094018897427,70.93454370280898,50.78600556775925,70.93454370280898,XGBoost
2025-08-09 14:00:00,51.02612493719357,56.35478258366478,63.61221722070472,48.704611054488716,63.61221722070472,XGBoost
2025-08-09 15:00:00,39.74707979626111,38.35417987370973,40.392298379279126,44.84417756067378,40.392298379279126,XGBoost
2025-08-09 16:00:00,34.7412035107613,38.5393711936632,36.843185569480745,45.4676062732934,36.843185569480745,XGBoost
2025-08-09 17:00:00,32.562703770399295,35.88164924156731,39.11974380071166,46.212242603302,39.11974380071166,XGBoost
2025-08-09 18:00:00,48.40216773748388,44.33600893347981,46.18451654311167,48.566134095192126,46.18451654311167,XGBoost
2025-08-09 19:00:00,55.40731993743343,52.18038471117723,52.25442487250662,47.507377283914,52.25442487250662,XGBoost
2025-08-09 20:00:00,54.788196437060876,57.33751432095224,55.46479662632453,48.02152977883825,55.46479662632453,XGBoost
2025-08-09 21:00:00,56.021112998326664,56.023078855187784,55.121185410107415,48.033938984076,55.121185410107415,XGBoost
2025-08-09 23:00:00,59.351945519447426,61.34636888793346,57.75656523200352,48.354017887796864,57.75656523200352,XGBoost
2025-08-10 00:00:00,63.946019106441,50.323119878509864,55.02940772069258,105.57404761844289,55.02940772069258,XGBoost
2025-08-10 01:00:00,51.398947000503554,50.23909754769255,55.42790033087244,219.9702945417822,55.42790033087244,XGBoost
2025-08-10 02:00:00,45.61852416065011,51.20040478337221,57.24439798029877,214.6126140488511,57.24439798029877,XGBoost
2025-08-10 03:00:00,45.5774277329444,51.44214091375132,55.50537257687726,189.485878539084,55.50537257687726,XGBoost
2025-08-10 04:00:00,46.48103318363437,51.89140838394735,54.384798715355416,155.86934418976375,54.384798715355416,XGBoost
2025-08-10 05:00:00,48.103856643041006,51.95278657180638,57.67840801271245,136.468602697055,57.67840801271245,XGBoost
2025-08-10 06:00:00,46.93821819540522,51.26931963644942,55.96894300323825,115.2809510231022,55.96894300323825,XGBoost
2025-08-10 07:00:00,41.431469657272,48.04572031714668,48.64174709371369,96.676517534256,48.64174709371369,XGBoost
2025-08-10 08:00:00,37.6888650457065,41.73653788823014,45.23666502365062,91.62650219599418,45.23666502365062,XGBoost
2025-08-10 09:00:00,39.36599138804843,47.2145852622928,51.151956948480894,73.657779097557,51.151956948480894,XGBoost
2025-08-10 10:00:00,39.57449952038846,60.117340868599804,56.516056355743736,52.92812606150455,56.516056355743736,XGBoost
2025-08-10 11:00:00,38.13740857442217,46.433126489900296,49.25663677395351,50.441567907730665,49.25663677395351,XGBoost
2025-08-10 12:00:00,37.694000530243,65.59545215568447,62.92419226438712,51.5661229610444,62.92419226438712,XGBoost
2025-08-10 13:00:00,34.20991583168512,51.34451221636156,49.318682468976476,54.87436720728888,49.318682468976476,XGBoost
2025-08-10 14:00:00,32.2417971611024,40.48306556071119,44.83850127515829,61.9920066475868,44.83850127515829,XGBoost
2025-08-10 15:00:00,28.72452406088517,40.66730285567761,38.28546589697247,64.04636507232983,38.28546589697247,XGBoost
2025-08-10 16:00:00,28.460083186626502,37.40754825312822,35.687089785975665,62.0471054216225,35.687089785975665,XGBoost
2025-08-10 17:00:00,26.773323878645876,40.82797309008075,40.67632826324672,60.511715337634,40.67632826324672,XGBoost
2025-08-10 18:00:00,40.166009829125635,53.17294519899354,51.43188731916896,61.025845170021086,51.43188731916896,XGBoost
2025-08-10 19:00:00,46.13935533165917,54.23696678637756,53.79325835492284,60.00302408138899,53.79325835492284,XGBoost
2025-08-10 20:00:00,47.29875737428667,51.83337062899313,52.17630639391546,62.82543943325667,52.17630639391546,XGBoost
2025-08-10 21:00:00,45.663210332393504,50.33682062936312,49.22092586249403,64.056870520115,49.22092586249403,XGBoost
2025-08-10 22:00:00,43.0986917734146,50.17177641784399,49.11990126798751,60.9216861486434,49.11990126798751,XGBoost
2025-08-10 23:00:00,44.180785149335996,50.03570794533455,49.36297233272219,60.9585518866777,49.36297233272219,XGBoost
2025-08-11 00:00:00,45.01434184445256,49.86342777798577,48.29312362660074,55.09513674179722,48.29312362660074,XGBoost
2025-08-11 01:00:00,44.36381608247757,50.37361468337649,53.31040601369218,83.08637916935344,53.31040601369218,XGBoost
2025-08-11 02:00:00,45.56812064988286,50.46448966225165,53.2250264822855,92.95175511496385,53.2250264822855,XGBoost
2025-08-11 03:00:00,45.39162364270956,50.51029289974279,50.01711282730413,66.85884528689922,50.01711282730413,XGBoost
2025-08-11 04:00:00,46.27243201221757,50.06522018581004,49.91937015576001,61.90510395595,49.91937015576001,XGBoost
2025-08-11 05:00:00,50.088997917516004,53.497062773422726,59.51158219065924,55.11529641492029,59.51158219065924,XGBoost
2025-08-11 06:00:00,82.11951111044199,83.02469899635794,84.63051288675753,52.22017543656485,84.63051288675753,XGBoost
2025-08-11 07:00:00,125.16679341452401,141.7173952082226,138.25526728186438,42.90335798263543,138.25526728186438,XGBoost
2025-08-11 08:00:00,221.89242784343702,189.67845089353003,185.24337795446553,37.0326477169989,185.24337795446553,XGBoost
2025-08-11 09:00:00,218.47227463722203,154.51403373522027,147.52504403709156,32.560753625631506,147.52504403709156,XGBoost
2025-08-11 10:00:00,212.18287965229572,139.58169226009315,127.38691705080639,37.17266029971,127.38691705080639,XGBoost
2025-08-11 11:00:00,171.906479621925,123.27929699046938,123.72467006653044,52.676152328650005,123.72467006653044,XGBoost
2025-08-11 13:00:00,133.39860947926664,123.28885911954698,125.79049063256086,54.15382502476367,125.79049063256086,XGBoost
2025-08-11 14:00:00,101.22180124124033,114.22553052329842,110.07066758140589,53.73674388726567,110.07066758140589,XGBoost
2025-08-11 15:00:00,98.72742107510483,89.04129218227877,98.43704779249212,56.392009248336166,98.43704779249212,XGBoost
2025-08-11 16:00:00,69.0881793498996,85.33064715469591,89.58561947892767,59.34255506992359,89.58561947892767,XGBoost
2025-08-11 17:00:00,53.72191680471099,62.452761740849716,64.5530957998783,61.45991617441183,64.5530957998783,XGBoost
2025-08-11 18:00:00,54.318618128697175,56.769076354294405,55.62477096825,64.51215583086001,55.62477096825,XGBoost
2025-08-11 19:00:00,49.126376549402664,55.53731627046684,55.36426187454142,52.3829566538335,55.36426187454142,XGBoost
2025-08-11 20:00:00,54.15073894460983,52.95046042126512,50.80141515390313,47.69416787226999,50.80141515390313,XGBoost
2025-08-11 22:00:00,47.93060954411833,48.21322588064123,47.71654653294769,45.558894475301,47.71654653294769,XGBoost
2025-08-11 23:00:00,47.3929279446602,48.469348365119366,48.568216868199855,46.9145267009736,48.568216868199855,XGBoost
2025-08-12 00:00:00,49.3777540127435,49.251469078258886,49.70045546017821,46.91392305493366,49.70045546017821,XGBoost
2025-08-12 01:00:00,49.1726541042326,50.00938886713872,50.368303111485424,49.1108682394028,50.368303111485424,XGBoost
2025-08-12 02:00:00,48.974483110010624,49.6035764127261,51.652922988204054,45.90944705344725,51.652922988204054,XGBoost
2025-08-12 03:00:00,50.0791988879441,54.933077269506235,55.81320907518791,38.7319818187505,55.81320907518791,XGBoost
2025-08-12 04:00:00,49.663420577844,55.164585170170476,56.99551763905015,38.80633687973017,56.99551763905015,XGBoost
2025-08-12 05:00:00,49.70749961667589,56.48371734200599,61.880646213618206,40.33810260560777,61.880646213618206,XGBoost
2025-08-12 06:00:00,90.71175933629274,70.45874036007152,74.80607546890266,38.63242250680912,74.80607546890266,XGBoost
2025-08-12 07:00:00,116.8146095871925,129.93820599486062,118.59911018023465,35.89034037292012,118.59911018023465,XGBoost
2025-08-12 08:00:00,199.46337167421999,166.10594106083852,157.71416018231764,33.963540540801226,157.71416018231764,XGBoost
2025-08-12 09:00:00,198.90587315956836,128.74639906528256,126.19573086700335,30.839183509349997,126.19573086700335,XGBoost
2025-08-12 10:00:00,165.89926409721446,117.53014861103844,118.8676393273514,27.953657693333113,118.8676393273514,XGBoost
2025-08-12 11:00:00,135.61686412493222,113.21214461053079,117.70909104041249,27.637148501972334,117.70909104041249,XGBoost
2025-08-12 12:00:00,129.08666954721713,121.64136800427514,126.75562946081713,40.78816740853443,126.75562946081713,XGBoost
2025-08-12 13:00:00,118.7925029993075,121.48004235200207,120.32361305233457,47.4532547071575,120.32361305233457,XGBoost
2025-08-12 14:00:00,103.37472841474866,117.96779320272418,116.82881445808191,46.23995030257433,116.82881445808191,XGBoost
2025-08-12 15:00:00,93.84482852617867,99.52040685019394,105.79716554878355,46.07408759991316,105.79716554878355,XGBoost
2025-08-12 16:00:00,74.6783201297125,88.86296027291444,93.3347315118902,43.23192899425833,93.3347315118902,XGBoost
2025-08-12 17:00:00,57.5400912433862,67.13973028060306,69.2856673094943,43.6567198038102,69.2856673094943,XGBoost
2025-08-12 18:00:00,50.520987637341,54.788991344728686,53.34798489970606,46.043292701244376,53.34798489970606,XGBoost
2025-08-12 19:00:00,47.91746971436914,53.29348807613815,53.94214872119564,42.89316840682686,53.94214872119564,XGBoost
2025-08-12 20:00:00,50.7226306200026,51.71990878635516,48.86323412034248,45.1950364351274,48.86323412034248,XGBoost
2025-08-12 21:00:00,52.56690063575917,48.40504353426008,47.67360632404728,45.691598534584166,47.67360632404728,XGBoost
2025-08-13 01:00:00,47.15891820192343,49.58074692786038,49.2623126293255,46.90417215653843,49.2623126293255,XGBoost
2025-08-13 02:00:00,48.91256325691925,50.14160459398551,51.95629699500585,66.06652466952812,51.95629699500585,XGBoost
2025-08-13 03:00:00,48.917558954821665,49.776051712806066,54.664064464610966,108.41814005374889,54.664064464610966,XGBoost
2025-08-13 04:00:00,48.278915286064006,49.164010291196426,54.364478746860584,162.982112541795,54.364478746860584,XGBoost
2025-08-13 05:00:00,47.45176331202166,48.880345287580305,69.3660925910611,215.69342601795998,69.3660925910611,XGBoost
2025-08-13 06:00:00,86.61738545894619,88.0588155493642,83.53374879368884,234.129742892832,83.53374879368884,XGBoost
2025-08-13 09:00:00,192.63959050178667,159.87883874769935,175.08255303385974,194.022826731205,175.08255303385974,XGBoost
2025-08-13 10:00:00,156.44448093175998,165.27862455541876,166.92017939070243,209.93708372115998,166.92017939070243,XGBoost
2025-08-13 11:00:00,135.91630607098125,121.11394896369141,132.4186911452216,143.87171170488,132.4186911452216,XGBoost
2025-08-13 12:00:00,128.11504995823,120.73199695614339,121.83333658429221,118.7109372764825,121.83333658429221,XGBoost
2025-08-13 13:00:00,128.60128233167887,120.286600167235,119.24198648205636,76.88657301664311,119.24198648205636,XGBoost
2025-08-13 14:00:00,112.723878065745,135.9993971335816,139.7017527923359,53.72191680471099,139.7017527923359,XGBoost
2025-08-13 17:00:00,55.4057091712952,68.43304430657568,63.53562253726194,51.817302298545805,63.53562253726194,XGBoost
2025-08-13 18:00:00,50.047643482685,55.241895075474076,55.42073624979996,50.564941370487,55.42073624979996,XGBoost
2025-08-13 19:00:00,47.614930230379,53.591094542622876,55.2863830911744,55.8026488661766,55.2863830911744,XGBoost
2025-08-13 20:00:00,48.528776305914,51.75210100259674,52.659381134190525,48.7498928308488,52.659381134190525,XGBoost
2025-08-13 21:00:00,55.9535709917544,50.03911519320665,51.03523869358065,47.8438160896302,51.03523869358065,XGBoost
2025-08-13 22:00:00,47.50496902565167,50.42065124568245,50.86275333832341,47.717518428961505,50.86275333832341,XGBoost
2025-08-13 23:00:00,47.433302212506625,50.43927727306026,52.05921841388886,49.25805187970375,52.05921841388886,XGBoost
2025-08-14 00:00:00,48.85907959192988,49.65345336897289,50.90089876421842,49.06381348520525,50.90089876421842,XGBoost
2025-08-14 01:00:00,48.568541066987144,49.041838992306886,49.8124411957488,49.71654571592801,49.8124411957488,XGBoost
2025-08-14 02:00:00,49.040026028951004,47.87868115036084,47.58653097278558,49.94460794495189,47.58653097278558,XGBoost
2025-08-14 04:00:00,49.3806501328945,48.53992030808038,48.413950698418276,48.9541249126195,48.413950698418276,XGBoost
2025-08-14 05:00:00,54.23659528153299,49.03325583503348,58.61599268959071,77.38195988961643,58.61599268959071,XGBoost
2025-08-14 06:00:00,91.21709312312299,83.55441593885865,81.1170262474231,93.719129174948,81.1170262474231,XGBoost
2025-08-14 07:00:00,144.20781387885333,117.11256248220688,123.52248732495418,99.40946012735333,123.52248732495418,XGBoost
2025-08-14 08:00:00,209.58893275261,138.11609033545858,149.73643257725735,117.481436312198,149.73643257725735,XGBoost
2025-08-14 09:00:00,187.7752249439583,148.10866250454464,167.69886978979824,182.97390747070503,167.69886978979824,XGBoost
2025-08-14 10:00:00,166.07395002246125,169.77044462397768,167.42567440251824,208.8723314851525,167.42567440251824,XGBoost
2025-08-14 11:00:00,129.47465968132,143.89718281490707,150.98723168155098,186.5024277823314,150.98723168155098,XGBoost
2025-08-14 12:00:00,127.03647004233443,121.39050892764709,121.74298721534221,140.08230993482778,121.74298721534221,XGBoost
2025-08-14 13:00:00,116.913386106492,121.18066427858253,121.74598240855669,129.833604097364,121.74598240855669,XGBoost
2025-08-14 14:00:00,102.90340423583967,118.98477230542288,121.15542353347068,128.54970427354166,121.15542353347068,XGBoost
2025-08-14 15:00:00,91.11855127414067,97.33969856038742,101.03441715954885,116.17724823951833,101.03441715954885,XGBoost
2025-08-14 16:00:00,77.537636657556,87.61027267635598,89.60144659760414,100.87147768338633,89.60144659760414,XGBoost
2025-08-14 17:00:00,56.105953073501595,67.85277073125796,65.62070347079046,97.6927656173712,65.62070347079046,XGBoost
2025-08-14 18:00:00,49.54339689016333,53.44734112424723,50.808689148855116,88.17411470413201,50.808689148855116,XGBoost
2025-08-14 20:00:00,53.2064569443465,51.6299376810894,51.51071965671062,63.645802952349,51.51071965671062,XGBoost
2025-08-14 21:00:00,49.3169556975366,49.54199294199075,49.879967984131824,51.7868689656258,49.879967984131824,XGBoost
2025-08-14 22:00:00,50.28837614506475,50.035117917764964,50.309093968510766,52.155312180519005,50.309093968510766,XGBoost
2025-08-14 23:00:00,50.68721299512057,48.71615181481381,49.68992921775424,48.23214094127928,49.68992921775424,XGBoost
2025-08-15 00:00:00,49.267670786380805,50.09910095871536,51.774052193197484,48.568189740181,51.774052193197484,XGBoost
2025-08-15 01:00:00,46.46180907885216,50.122269163918396,51.05693792527205,54.03598224620034,51.05693792527205,XGBoost
2025-08-15 02:00:00,47.8941748589275,48.91507512662756,50.16741125802686,46.369386583566495,50.16741125802686,XGBoost
2025-08-15 03:00:00,49.45410951972,49.55840635811026,50.82769369059869,47.43541194498525,50.82769369059869,XGBoost
2025-08-15 04:00:00,47.0840980887414,49.42749077353896,50.180706757675,49.5297266364098,50.180706757675,XGBoost
2025-08-15 05:00:00,52.899051809311004,50.185620690246594,56.1713138943375,47.9890815734864,56.1713138943375,XGBoost
2025-08-15 06:00:00,84.096170133645,81.11986736879142,74.57622132533457,48.156783827713426,74.57622132533457,XGBoost
2025-08-15 07:00:00,113.1247187728685,116.5333483943051,111.11624375912844,48.60108288129167,111.11624375912844,XGBoost
2025-08-15 08:00:00,174.43943730592702,130.06028097565968,122.66008310741177,48.8295146763324,122.66008310741177,XGBoost
2025-08-15 09:00:00,178.86407030953112,149.21795790754499,131.5302582170722,84.38151084880045,131.5302582170722,XGBoost
2025-08-15 10:00:00,141.53750526905,140.8713301965928,134.89977618750066,184.32238088299835,134.89977618750066,XGBoost
2025-08-15 11:00:00,120.22500686645601,150.86331886463392,141.52472680113007,193.839414173366,141.52472680113007,XGBoost
2025-08-15 12:00:00,114.14810148875,118.77420322832336,130.19070560924953,151.66268452008669,130.19070560924953,XGBoost
2025-08-15 13:00:00,108.73762098947999,121.6964164916992,118.27121253901662,138.4673828283933,118.27121253901662,XGBoost
2025-08-15 14:00:00,95.24700341905843,117.24228622994636,114.69487648512812,130.39136660950285,114.69487648512812,XGBoost
2025-08-15 15:00:00,80.1097248077392,100.52955087390208,102.0851156120406,130.252857112886,102.0851156120406,XGBoost
2025-08-15 16:00:00,69.07411873340634,89.74193468977224,88.85941631711181,130.73885564009333,88.85941631711181,XGBoost
2025-08-15 17:00:00,54.1808322668076,60.186588156805364,59.54177597219391,124.77832102775801,59.54177597219391,XGBoost
2025-08-15 18:00:00,48.72197357813516,63.87493389534982,56.33612255706674,108.956614772478,56.33612255706674,XGBoost
2025-08-15 19:00:00,50.3759438753128,62.71047676140872,63.65946284128946,73.503857445717,63.65946284128946,XGBoost
2025-08-15 20:00:00,55.03152844309816,60.59479724824743,58.997458562179894,50.10288713872433,58.997458562179894,XGBoost
2025-08-15 21:00:00,62.0373649299145,60.21662996477593,57.362599998290854,48.271617154280165,57.362599998290854,XGBoost
2025-08-15 22:00:00,61.59118426697586,60.44560042624213,57.46002043063582,50.06541388375428,57.46002043063582,XGBoost
2025-08-15 23:00:00,61.583022435506166,59.46215110999694,57.210919444530816,52.611255983511505,57.210919444530816,XGBoost
2025-08-16 00:00:00,63.08995247880617,60.39075226163027,60.34178630410213,47.16776723663033,60.34178630410213,XGBoost
2025-08-16 02:00:00,59.42035115616686,62.356014362816744,60.79987896691766,48.90862977504729,60.79987896691766,XGBoost
2025-08-16 03:00:00,59.096554458141284,63.41239521540384,60.44951819083142,48.70383970226557,60.44951819083142,XGBoost
2025-08-16 04:00:00,55.87706800301867,59.16268881888154,58.08131257721531,48.0107853213945,58.08131257721531,XGBoost
2025-08-16 05:00:00,58.21525728702517,61.166731388725026,60.75517468482002,49.249342262744996,60.75517468482002,XGBoost
2025-08-16 06:00:00,59.583302585408106,66.53391400650061,59.90171812903246,49.8142098546028,59.90171812903246,XGBoost
2025-08-16 07:00:00,53.8862059183419,52.07353730923122,53.72404128923331,89.585366597399,53.72404128923331,XGBoost
2025-08-16 08:00:00,47.421698296070204,57.53760753431645,55.800433746574356,198.70767234564,55.800433746574356,XGBoost
2025-08-16 09:00:00,45.728930030550146,44.63233444696323,52.73642466121115,174.64442123685856,52.73642466121115,XGBoost
2025-08-16 10:00:00,45.115061918894504,49.524019212242656,51.92047343981887,134.26142211755166,51.92047343981887,XGBoost
2025-08-16 11:00:00,40.384326497713666,50.029768414084,50.84037818427033,130.77439133326166,50.84037818427033,XGBoost
2025-08-16 12:00:00,38.771135389804755,48.20508600561682,56.00552656610467,126.6471374034875,56.00552656610467,XGBoost
2025-08-16 13:00:00,33.7561028003692,47.38503431526435,48.833040441659236,123.72570304870601,48.833040441659236,XGBoost
2025-08-16 14:00:00,32.830628395080666,38.87090659464003,46.435370274473264,102.99880894025188,46.435370274473264,XGBoost
2025-08-16 15:00:00,30.83902687685843,37.36879986090741,42.4540251161291,89.41029163769315,42.4540251161291,XGBoost
2025-08-16 16:00:00,29.168306668599445,42.56395711333122,42.355515258733824,63.26797456211523,42.355515258733824,XGBoost
2025-08-16 19:00:00,48.570412620902005,52.35849598234111,54.468265467559775,51.92789305746575,54.468265467559775,XGBoost
2025-08-16 20:00:00,58.08497729897483,51.9297764886245,54.11116325258077,49.52461085220184,54.11116325258077,XGBoost
2025-08-16 21:00:00,61.0094910413025,57.52549980562028,58.21084236442741,51.014013901352996,58.21084236442741,XGBoost
2025-08-16 22:00:00,61.81106565396001,59.243955519225715,58.126466062870755,50.226747234662334,58.126466062870755,XGBoost
2025-08-16 23:00:00,63.426206248147004,58.635560274540694,58.31097858840229,48.55305180379328,58.31097858840229,XGBoost
2025-08-17 00:00:00,69.07876841511043,49.82202342425455,49.99461213738431,46.59832910980471,49.99461213738431,XGBoost
2025-08-17 01:00:00,57.718401322762,49.96208328763813,49.624143909540784,49.283917625745005,49.624143909540784,XGBoost
2025-08-17 02:00:00,52.88361789782834,50.86148186324352,51.26832835412379,47.33841589093217,51.26832835412379,XGBoost
2025-08-17 03:00:00,52.807995153798224,54.13610597539396,52.94406224189512,74.86967083325412,52.94406224189512,XGBoost
2025-08-17 04:00:00,46.82884819640045,51.5330180487045,53.87876459355962,119.46371333942655,53.87876459355962,XGBoost
2025-08-17 05:00:00,46.27148802578438,51.1592933130748,58.88845393203683,178.92998087406124,58.88845393203683,XGBoost
2025-08-17 06:00:00,47.795510068535876,49.54999720471133,63.034032587995085,182.5977092385275,63.034032587995085,XGBoost
2025-08-17 07:00:00,40.93816179409625,50.94149092012991,60.501751796520374,140.9578083753575,60.501751796520374,XGBoost
2025-08-17 08:00:00,38.1968682885172,48.60912231074475,47.02959090565658,118.244032621385,47.02959090565658,XGBoost
2025-08-17 09:00:00,40.043552262442425,40.85597277666255,41.284042951593044,107.05953962462229,41.284042951593044,XGBoost
2025-08-17 10:00:00,38.7327384154,38.468074586848,43.10199829127736,93.77921128272966,43.10199829127736,XGBoost
2025-08-17 11:00:00,34.31325531005875,44.55157785209626,44.20506731754536,75.34916311502475,44.20506731754536,XGBoost
2025-08-17 12:00:00,32.54122058550511,46.18655441038708,50.78220862340717,54.54620059993533,50.78220862340717,XGBoost
2025-08-17 13:00:00,30.98030464351175,49.838634648649446,51.39765715252782,49.845014281570876,51.39765715252782,XGBoost
2025-08-17 14:00:00,29.726615707079443,48.506208284606416,51.907994334710295,56.091907295916,51.907994334710295,XGBoost
2025-08-17 15:00:00,26.517520997259332,41.24050752383608,44.18648030255205,62.27972812122756,44.18648030255205,XGBoost
2025-08-17 16:00:00,25.818154260516376,35.5834844335572,37.8681390355665,61.125789031386375,37.8681390355665,XGBoost
2025-08-17 17:00:00,23.2286301056545,41.28243396739081,37.0609688823486,63.08995247880617,37.0609688823486,XGBoost
2025-08-17 18:00:00,40.5888304948806,50.232297099648086,49.047420024061765,61.9663523435594,49.047420024061765,XGBoost
2025-08-17 19:00:00,43.16823390871275,50.51381685876789,51.79259251079111,59.530444815755125,51.79259251079111,XGBoost
2025-08-17 20:00:00,41.803224707643004,50.38488748582335,50.057072602168226,58.895796795686,50.057072602168226,XGBoost
2025-08-17 21:00:00,44.60818952747757,50.151954730084825,48.376861706553505,56.28150141239157,48.376861706553505,XGBoost
2025-08-17 22:00:00,46.35848355293257,49.9826925980044,47.870029986314364,57.80512126854472,47.870029986314364,XGBoost
2025-08-17 23:00:00,49.543136696020774,50.04430206649502,49.38605356745758,60.149847406894,49.38605356745758,XGBoost
2025-08-18 00:00:00,51.278481624343,50.230921707793684,51.19989267401418,53.015412661162266,51.19989267401418,XGBoost
2025-08-18 01:00:00,51.481588770946,50.94233801658518,51.953379207481085,47.136218349139,51.953379207481085,XGBoost
2025-08-18 02:00:00,51.40661360323425,52.291667341149676,56.44447442355854,45.119939088821376,56.44447442355854,XGBoost
2025-08-18 03:00:00,52.601278024060285,52.26062417707825,55.790163415614394,45.336793422698996,55.790163415614394,XGBoost
2025-08-18 04:00:00,53.47959309816375,50.8852008979202,53.50369287920134,42.30151069164275,53.50369287920134,XGBoost
2025-08-18 05:00:00,56.42491693629155,54.47714519850097,61.09714224256326,36.81144114335367,61.09714224256326,XGBoost
2025-08-18 06:00:00,85.6467373371125,55.136002350824775,78.63659156892892,32.8495888948441,78.63659156892892,XGBoost
2025-08-18 07:00:00,131.78332571549825,127.41823839019118,119.2413663711323,31.173164844513,119.2413663711323,XGBoost
2025-08-18 08:00:00,183.02056548620334,177.0094612456072,171.24061416990315,28.086584091186555,171.24061416990315,XGBoost
2025-08-18 09:00:00,188.029914826155,169.6484528101087,165.71067050147388,41.429369404911995,165.71067050147388,XGBoost
2025-08-18 10:00:00,182.22809933622668,144.71939614496048,151.353231186804,51.063023542364334,151.353231186804,XGBoost
2025-08-18 11:00:00,160.59244044622,139.66713074516034,142.71108681938952,58.92309999962634,142.71108681938952,XGBoost
2025-08-18 12:00:00,131.52650758198286,139.5242930696192,140.32134651920515,62.052130890744,140.32134651920515,XGBoost
2025-08-18 13:00:00,116.55666669209934,129.2445066487853,137.17925085633152,63.197533647219,137.17925085633152,XGBoost
2025-08-18 14:00:00,108.83698107515114,122.76591401761596,133.72739415659973,65.4501975434167,133.72739415659973,XGBoost
2025-08-18 15:00:00,81.27115780115187,115.17141840239495,131.14747143232296,63.7979396283625,131.14747143232296,XGBoost
2025-08-18 16:00:00,82.31123717342072,107.67302206783097,115.50153293837965,54.56890007427757,115.50153293837965,XGBoost
2025-08-18 17:00:00,77.10308396816266,70.4339471569387,75.32303368239701,52.97481230894733,75.32303368239701,XGBoost
2025-08-18 18:00:00,52.848661323388335,52.226168574808916,51.08883874889397,53.62171304225967,51.08883874889397,XGBoost
2025-08-18 19:00:00,43.683853432536004,52.46343545461226,53.60933739645025,51.411336392164166,53.60933739645025,XGBoost
2025-08-18 20:00:00,43.57611979544166,51.336899353289915,50.658330321495534,45.78498693307233,50.658330321495534,XGBoost
2025-08-18 21:00:00,47.6638563156128,48.46293312658318,48.31579604410087,45.560421335697,48.31579604410087,XGBoost
2025-08-18 22:00:00,45.30204291476122,49.26029226490786,47.46996066393277,47.40562033653267,47.46996066393277,XGBoost
2025-08-18 23:00:00,47.362521544099,49.478795907399245,48.2467688078408,47.42857234179975,48.2467688078408,XGBoost
2025-08-19 00:00:00,49.582096040249,50.9141927290889,49.32673855037846,40.3571510612964,49.32673855037846,XGBoost
2025-08-19 01:00:00,49.709315167533106,52.918196966969816,52.58627336515246,38.58591023418656,52.58627336515246,XGBoost
2025-08-19 02:00:00,56.57566748261449,53.6342569064847,56.61796262297302,39.3890112161637,56.61796262297302,XGBoost
2025-08-19 03:00:00,56.779863340514,54.598205378113484,56.688079929961724,39.04830053874415,56.688079929961724,XGBoost
2025-08-19 04:00:00,58.98566791308786,55.577477357739475,55.038914048481324,33.366338457380145,55.038914048481324,XGBoost
2025-08-19 05:00:00,62.729572644829794,54.19484301593144,56.824486002843436,32.4011567115784,56.824486002843436,XGBoost
2025-08-19 06:00:00,101.10441893339284,62.84215616733517,71.54519044931399,32.80381649732583,71.54519044931399,XGBoost
2025-08-19 07:00:00,147.61771991103834,143.1074889324333,119.68777565855551,30.314123312632166,119.68777565855551,XGBoost
2025-08-19 08:00:00,209.39056382179402,229.2163975359029,210.88623612740753,31.127205991744802,210.88623612740753,XGBoost
2025-08-19 09:00:00,246.56769849856835,220.12651330330058,207.94932766737995,28.245701233545834,207.94932766737995,XGBoost
2025-08-19 10:00:00,194.7850874066375,198.81877923058462,188.99591987643674,26.0461277365685,188.99591987643674,XGBoost
2025-08-19 11:00:00,179.36124026030126,152.68837887410382,155.53342611517607,25.8360535502435,155.53342611517607,XGBoost
2025-08-19 12:00:00,159.88151538372,157.96912423118405,153.92111999546782,24.160570591688376,153.92111999546782,XGBoost
2025-08-19 13:00:00,138.501827875775,139.26659430379604,135.5398805436765,37.63177601496367,135.5398805436765,XGBoost
2025-08-19 14:00:00,115.56889506181166,131.49705555060632,129.53499612203598,43.30670966704684,129.53499612203598,XGBoost
2025-08-19 15:00:00,104.30994612829986,128.1171842410059,138.45221437212757,42.20101630261943,138.45221437212757,XGBoost
2025-08-19 16:00:00,83.343146239008,94.62108333069209,102.01752515863129,44.13621019039829,102.01752515863129,XGBoost
2025-08-19 17:00:00,64.9930691480636,84.45857046079949,75.72919834536324,44.9549916505814,75.72919834536324,XGBoost
2025-08-19 18:00:00,55.46219268441183,54.979142968089235,51.80764072284052,49.146384169657836,51.80764072284052,XGBoost
2025-08-19 19:00:00,47.0861926853658,54.17514360547159,54.700333564988036,49.1322383522988,54.700333564988036,XGBoost
2025-08-19 20:00:00,45.99895056751044,52.530807663521564,52.24641828977691,51.32478545771689,52.24641828977691,XGBoost
2025-08-19 21:00:00,48.27947330474867,50.344043113211306,52.12135085408148,51.14829158120689,52.12135085408148,XGBoost
2025-08-19 22:00:00,48.062162646225715,50.21051201724401,51.72821800258954,51.14715647697443,51.72821800258954,XGBoost
2025-08-19 23:00:00,46.729810953140145,50.69714877632389,52.76997582150649,52.484576395579715,52.76997582150649,XGBoost
2025-08-20 00:00:00,50.17898548394437,49.67381160955972,53.175335363591124,53.0272785797715,53.175335363591124,XGBoost
2025-08-20 01:00:00,48.728160892214,48.419307454768685,52.67420212603542,62.52825816188543,52.67420212603542,XGBoost
2025-08-20 02:00:00,50.20648069514189,49.81316663928184,56.98072346285491,85.59263192282789,56.98072346285491,XGBoost
2025-08-20 03:00:00,51.23022665580111,49.79904002381649,57.627986220419494,125.67728630701679,57.627986220419494,XGBoost
2025-08-20 04:00:00,52.1686890482902,49.15047889876874,53.76566505143927,165.68677517771602,53.76566505143927,XGBoost
2025-08-20 05:00:00,60.10011157244439,50.01007834382803,64.59174324781853,188.262336513402,64.59174324781853,XGBoost
2025-08-20 06:00:00,87.9779203213756,116.81067876810116,108.08349759576545,189.616039266438,108.08349759576545,XGBoost
2025-08-20 07:00:00,139.89127495289,174.935718698696,168.79126160062052,184.471624982356,168.79126160062052,XGBoost
2025-08-20 08:00:00,207.98154145479168,161.83272256910203,173.96365613895702,167.09440922737335,173.96365613895702,XGBoost
2025-08-20 09:00:00,232.3290218710875,175.41258362427163,175.3024785874382,137.19670015573502,175.3024785874382,XGBoost
2025-08-20 10:00:00,213.67700471878,148.63287800758877,156.85174740525187,120.83407740593,156.85174740525187,XGBoost
2025-08-20 11:00:00,187.39044049807856,136.8798092084674,138.41279039599925,110.19119884286657,138.41279039599925,XGBoost
2025-08-20 12:00:00,152.66677100317716,128.42955454989456,122.57809705561267,101.39176256316128,122.57809705561267,XGBoost
2025-08-20 13:00:00,133.39141300746428,127.04278596441466,132.02210842869047,77.825195678643,132.02210842869047,XGBoost
2025-08-20 14:00:00,122.48428087234599,124.47311098222833,117.53182523135192,77.9113771677016,117.53182523135192,XGBoost
2025-08-20 15:00:00,107.1308751702275,108.54234973284915,112.1984496971449,53.01126612722875,112.1984496971449,XGBoost
2025-08-20 16:00:00,79.05575716495517,97.17546288939165,95.4533743365451,43.683853432536004,95.4533743365451,XGBoost
2025-08-20 17:00:00,48.46462579568217,55.853451697844285,51.36724844581827,43.57611979544166,51.36724844581827,XGBoost
2025-08-20 18:00:00,48.1020193099975,57.501042046236016,55.78552181693615,47.12679217259083,55.78552181693615,XGBoost
2025-08-20 19:00:00,47.3303210139276,57.86781171875259,59.485414990621095,45.7886850893496,59.485414990621095,XGBoost
2025-08-20 20:00:00,48.8409355044366,54.05482671287278,53.304941106573665,48.8097568869592,53.304941106573665,XGBoost
2025-08-20 21:00:00,48.4446275055409,49.51287162949885,48.73292929628785,48.844992756843695,48.73292929628785,XGBoost
2025-08-20 22:00:00,48.7524996876716,48.957972185396464,50.11207441942527,56.7593783617019,50.11207441942527,XGBoost
2025-08-20 23:00:00,48.9701977193356,48.46759718713014,51.206572232976065,56.976521366834696,51.206572232976065,XGBoost
2025-08-21 00:00:00,50.7442950904369,47.977645042258345,49.96303623852629,61.0040014304221,49.96303623852629,XGBoost
2025-08-21 01:00:00,51.17297495156525,48.31342038392502,53.524691409910844,108.56418742425838,53.524691409910844,XGBoost
2025-08-21 02:00:00,51.13605217422743,49.0110905047656,57.3375454791509,174.76368996075144,57.3375454791509,XGBoost
2025-08-21 03:00:00,50.034762352705165,50.405121544188084,54.44854726555593,242.04047290484334,54.44854726555593,XGBoost
2025-08-21 04:00:00,49.798812776803835,50.47323362340513,55.03539858709481,208.95500437418832,55.03539858709481,XGBoost
2025-08-21 05:00:00,56.11005378266183,50.45027538656242,66.14030921685854,180.0862904290333,66.14030921685854,XGBoost
2025-08-21 06:00:00,86.5835503724715,98.1879360450908,94.41113517300295,164.83034869035166,94.41113517300295,XGBoost
2025-08-21 07:00:00,116.47994372248675,141.986545857444,143.19246641405778,161.110552608965,143.19246641405778,XGBoost
2025-08-21 08:00:00,180.6021220173157,152.1604977412605,150.65858952464797,136.01433869770716,150.65858952464797,XGBoost
2025-08-21 09:00:00,196.21064913272858,120.59406811884763,125.58931909181936,111.79523818833572,125.58931909181936,XGBoost
2025-08-21 10:00:00,147.22544384375124,133.00891644077106,125.26010996648768,99.68343695998175,125.26010996648768,XGBoost
2025-08-21 11:00:00,128.44634549958286,130.35516041281815,114.87982287221462,75.01837808745243,114.87982287221462,XGBoost
2025-08-21 12:00:00,129.63938072749713,136.0312937431307,127.29601079858038,55.68568095990572,127.29601079858038,XGBoost
2025-08-21 13:00:00,131.72477756227858,147.94776498824766,143.92946468904,47.765891028302136,143.92946468904,XGBoost
2025-08-21 14:00:00,112.98426903997286,128.31022845590087,126.18806037984406,44.91855420385086,126.18806037984406,XGBoost
2025-08-21 15:00:00,96.21412382807158,107.53596931833745,107.43562768343848,47.25116962194471,107.43562768343848,XGBoost
2025-08-21 16:00:00,77.996904283762,97.1259532468614,98.50247594916476,49.540372721851,98.50247594916476,XGBoost
2025-08-21 17:00:00,56.445875048637404,58.46746938842273,56.998284324988916,46.767752945423,56.998284324988916,XGBoost
2025-08-21 18:00:00,48.006103078524326,54.67720260843677,48.27515382723815,47.05344601472217,48.27515382723815,XGBoost
2025-08-21 19:00:00,44.0783728361132,55.607674029348814,54.65881203708922,51.515314137935604,54.65881203708922,XGBoost
2025-08-21 20:00:00,43.84203147888188,52.31730582332875,50.67136339575668,48.63410564512,50.67136339575668,XGBoost
2025-08-21 21:00:00,43.75766752287725,49.03890354545928,49.36802852117139,49.73855080455562,49.36802852117139,XGBoost
2025-08-21 22:00:00,45.797236356884376,49.34442291221097,50.1893200880469,51.512645751237876,50.1893200880469,XGBoost
2025-08-21 23:00:00,46.28042890770114,49.022342811248286,49.14492059480142,51.96631985051285,49.14492059480142,XGBoost
2025-08-22 00:00:00,47.290587637573374,49.5273927539114,51.016118448279954,68.10229260986675,51.016118448279954,XGBoost
2025-08-22 01:00:00,47.6149541959165,49.4783499861044,53.414597840404724,133.6397218257195,53.414597840404724,XGBoost
2025-08-22 02:00:00,49.743367238177115,48.387675190847744,52.04506150220792,222.56841721799555,52.04506150220792,XGBoost
2025-08-22 03:00:00,50.1257512539625,49.16479720894238,55.57338322974515,202.216625881194,55.57338322974515,XGBoost
2025-08-22 04:00:00,51.596131016810666,49.03496219938609,55.76110977630588,166.99194554487835,55.76110977630588,XGBoost
2025-08-22 05:00:00,53.40275453858911,48.610302270581045,65.32201298318971,136.1505128807489,65.32201298318971,XGBoost
2025-08-22 06:00:00,81.445049803704,82.43198784604311,82.6830920419959,120.771643817425,82.6830920419959,XGBoost
2025-08-22 07:00:00,102.5921011805531,101.8681109402642,93.35796389820882,80.0099227666847,93.35796389820882,XGBoost
2025-08-22 08:00:00,165.07196480367,128.450079288762,115.49817335402751,45.95520215564289,115.49817335402751,XGBoost
2025-08-22 09:00:00,159.67565372315363,113.64302481279434,135.34033361896275,47.37874348597109,135.34033361896275,XGBoost
2025-08-22 10:00:00,132.01163996968856,126.73351917764259,133.8479483578976,49.088274904660004,133.8479483578976,XGBoost
2025-08-22 11:00:00,117.38558299200858,126.30573865562486,145.8111786497926,47.82952719075343,145.8111786497926,XGBoost
2025-08-22 12:00:00,114.01364850998,135.09425476488764,138.96824872278094,48.94838288852129,138.96824872278094,XGBoost
2025-08-22 13:00:00,118.10549422105,141.31091156010908,138.67084459783558,48.46392398079234,138.67084459783558,XGBoost
2025-08-22 14:00:00,106.17934910456417,142.86226765799887,132.61566737671922,49.56959141294167,132.61566737671922,XGBoost
2025-08-22 15:00:00,99.83117043972085,113.55274030215013,122.16687961115035,50.32142670665472,122.16687961115035,XGBoost
2025-08-22 16:00:00,81.85008848458537,104.00683742077827,100.80260116808222,51.199802994728124,100.80260116808222,XGBoost
2025-08-22 17:00:00,58.13004218207467,69.34153499564184,67.66033157533225,50.357644975185224,67.66033157533225,XGBoost
2025-08-22 18:00:00,52.357970576394635,62.04541875039959,52.6478658990458,50.764657806266456,52.6478658990458,XGBoost
2025-08-22 19:00:00,53.50026184817167,65.9709016936287,63.63310282913081,57.777646642799255,63.63310282913081,XGBoost
2025-08-22 20:00:00,55.562843124071776,68.01955747278288,62.38530291211498,106.73142711983822,62.38530291211498,XGBoost
2025-08-22 21:00:00,56.18119076887766,61.25972784534205,60.423830935496426,192.12955743736666,60.423830935496426,XGBoost
2025-08-22 22:00:00,63.32265458504355,61.78481548619912,62.929998581065874,167.1197273366978,62.929998581065874,XGBoost
2025-08-22 23:00:00,60.320211989539004,61.761902222125244,65.64108790141003,138.6106863021843,65.64108790141003,XGBoost
2025-08-23 00:00:00,59.98652599917523,60.752186876567066,59.72856965070082,128.83736570676223,59.72856965070082,XGBoost
2025-08-23 01:00:00,60.734194900308424,62.836450224971564,59.43311684566884,129.66136670112715,59.43311684566884,XGBoost
2025-08-23 02:00:00,61.769488235314775,60.328563259154,60.1893979897533,114.46808825599,60.1893979897533,XGBoost
2025-08-23 03:00:00,62.97268680731444,60.92630788745638,60.651842238824806,91.90989279747055,60.651842238824806,XGBoost
2025-08-23 04:00:00,64.0005306303502,59.45145630289462,58.985606582150226,65.1756230473519,58.985606582150226,XGBoost
2025-08-23 05:00:00,64.53632251918313,58.64897064710925,59.46858997751179,46.691252142191,59.46858997751179,XGBoost
2025-08-23 06:00:00,66.30395117469818,36.81346754012236,52.67631511486841,44.148610667749,52.67631511486841,XGBoost
2025-08-23 07:00:00,59.7716703526675,43.52947228970794,51.95597634286118,44.860379731655,51.95597634286118,XGBoost
2025-08-23 08:00:00,49.74222798780954,41.84199473305252,43.21275986904039,45.50250419703409,43.21275986904039,XGBoost
2025-08-23 09:00:00,43.97786558758136,43.219501315580345,39.06927179666925,46.830017100680905,39.06927179666925,XGBoost
2025-08-23 10:00:00,41.7309749126435,41.33380526435564,39.579886617937014,47.24551493922851,39.579886617937014,XGBoost
2025-08-23 11:00:00,39.205684555901556,45.84737277893308,44.18494598798944,49.81367762552367,44.18494598798944,XGBoost
2025-08-23 12:00:00,36.5767408251762,55.29631360408789,61.85008731527199,50.099142670631394,61.85008731527199,XGBoost
2025-08-23 13:00:00,37.9642792493105,56.07153075911372,58.53169309804823,51.05895410105575,58.53169309804823,XGBoost
2025-08-23 14:00:00,35.415814590453905,44.72105330832801,54.41061737765881,60.540187588334106,54.41061737765881,XGBoost
2025-08-23 15:00:00,34.622812962531796,49.78422787051575,62.24123613438642,81.13837764412179,62.24123613438642,XGBoost
2025-08-23 16:00:00,32.782000887394005,52.726341971718625,44.70857047027663,126.14405952841,44.70857047027663,XGBoost
2025-08-23 17:00:00,30.803389089448284,42.167920873961236,40.03556458664189,182.58584821224287,40.03556458664189,XGBoost
2025-08-23 18:00:00,46.815166294574716,51.6103116562035,51.50894546979085,158.41351291963142,51.50894546979085,XGBoost
2025-08-23 19:00:00,50.94412528143978,50.563965781635694,49.95794652194408,134.63290799988556,49.95794652194408,XGBoost
2025-08-23 20:00:00,51.84081927935278,50.038574722652484,47.3882876118473,116.99893238809445,47.3882876118473,XGBoost
2025-08-23 21:00:00,53.782295674085624,49.38913364311038,48.58400072928509,113.98420965671374,48.58400072928509,XGBoost
2025-08-23 22:00:00,55.091082735194114,49.352251977848816,49.18169774688793,111.1821790801161,49.18169774688793,XGBoost
2025-08-23 23:00:00,56.8880959630014,49.95639050649267,51.18699904289733,97.0652174949652,51.18699904289733,XGBoost
2025-08-24 00:00:00,58.24300218125183,49.57554098166221,52.59496548113723,67.06080573300517,52.59496548113723,XGBoost
2025-08-24 01:00:00,55.388668843678,49.77642739255525,50.23565162953158,51.657305227858714,50.23565162953158,XGBoost
2025-08-24 02:00:00,46.256702553142276,49.84460378492062,50.60302561928627,53.55286050926554,50.60302561928627,XGBoost
2025-08-24 03:00:00,45.81003047774225,49.88880992650937,49.53936413045154,54.176200558742,49.53936413045154,XGBoost
2025-08-24 04:00:00,45.503680456768365,49.74925514504651,48.78176528961235,54.702690709721,48.78176528961235,XGBoost
2025-08-24 05:00:00,45.58974028175536,49.70764114524562,50.02640743701213,62.94744045084164,50.02640743701213,XGBoost
2025-08-24 06:00:00,46.45592270656073,46.696288779357154,49.06081258739587,60.36920751224873,49.06081258739587,XGBoost
2025-08-24 07:00:00,41.3627894166855,41.377660744724544,41.616377517172204,60.26652496556442,41.616377517172204,XGBoost
2025-08-24 08:00:00,36.529000053803166,40.918910703966766,38.568746122684324,61.988983199000415,38.568746122684324,XGBoost
2025-08-24 09:00:00,36.884556865692005,38.70144010350191,38.28337501340205,63.242224079370395,38.28337501340205,XGBoost
2025-08-24 10:00:00,38.2965952396393,50.01613837912289,46.54852521350888,64.4343398869039,46.54852521350888,XGBoost
2025-08-24 11:00:00,35.83295183831973,67.06039755693982,60.41546001980762,65.71945847841828,60.41546001980762,XGBoost
2025-08-24 12:00:00,34.20616127053892,75.82451908045313,65.61027173167554,62.90905074899391,65.61027173167554,XGBoost
2025-08-24 13:00:00,33.95296530290082,74.93654610693912,65.85091385893685,50.42017734050746,65.85091385893685,XGBoost
2025-08-24 14:00:00,32.89238844315208,63.43924295239406,60.30092137964075,45.177778263886836,60.30092137964075,XGBoost
2025-08-24 15:00:00,33.04034471511833,54.71109791046382,55.14661829389266,41.17979586124425,55.14661829389266,XGBoost
2025-08-24 16:00:00,30.770616551240334,52.94031402050837,53.8409607986411,36.64791109164558,53.8409607986411,XGBoost
2025-08-24 17:00:00,31.10188141939318,38.25755308435489,47.55484299185709,37.78229190002791,47.55484299185709,XGBoost
2025-08-24 18:00:00,40.08642773601136,47.99742759907215,49.58715433291937,35.38316508856664,49.58715433291937,XGBoost
2025-08-24 19:00:00,45.604824821154246,51.59008850480415,54.73553978455098,33.868709256251414,54.73553978455098,XGBoost
2025-08-24 20:00:00,46.537064597010584,49.18177017394667,49.91155040548378,31.863491197427336,49.91155040548378,XGBoost
2025-08-24 21:00:00,45.96791801669391,48.91711566093044,47.86138228603815,46.618963517925906,47.86138228603815,XGBoost
2025-08-24 22:00:00,44.7913311819235,47.742136924999016,46.634201102698775,50.891641875108,46.634201102698775,XGBoost
2025-08-24 23:00:00,45.916600940128085,48.553363378289966,49.01889401251548,53.74108332643908,49.01889401251548,XGBoost
2025-08-25 00:00:00,46.34569660371009,49.327726931759905,50.35513164129441,55.61058572205627,50.35513164129441,XGBoost
2025-08-25 01:00:00,46.0786108374597,48.450529694240046,47.89835428909269,57.1680970698596,47.89835428909269,XGBoost
2025-08-25 02:00:00,46.321244676004724,48.390074815961064,48.78394545912002,58.53174246441236,48.78394545912002,XGBoost
2025-08-25 03:00:00,44.778637406230004,48.38768984198399,49.916277002286094,50.0073523283005,49.916277002286094,XGBoost
2025-08-25 04:00:00,43.682730522420556,48.29171691629175,48.77729066605179,46.08127418822711,48.77729066605179,XGBoost
2025-08-25 05:00:00,45.24371831525463,48.243852980065476,53.549245233555105,45.71980362046836,53.549245233555105,XGBoost
2025-08-25 06:00:00,60.03664907068,63.679207937386856,65.7065747690991,45.81714305033292,65.7065747690991,XGBoost
2025-08-25 07:00:00,79.43239212848935,95.85728581733596,95.62977520467847,45.56828677112409,95.62977520467847,XGBoost
2025-08-25 08:00:00,92.48469783027073,113.4737792672528,101.14772924983359,45.84923581372618,101.14772924983359,XGBoost
2025-08-25 09:00:00,102.61828923225356,112.5869974510485,113.87312013504287,39.490465382960544,113.87312013504287,XGBoost
2025-08-25 10:00:00,106.90464047023428,128.95820984358107,123.32732230688597,37.39718144280572,123.32732230688597,XGBoost
2025-08-25 11:00:00,120.73992397387833,134.49185895659494,131.26180556569582,36.77741450071325,131.26180556569582,XGBoost
2025-08-25 12:00:00,127.77592888745363,152.76153649392887,155.8663251869834,37.90434460206464,155.8663251869834,XGBoost
2025-08-25 13:00:00,138.42105215245908,180.87994686900447,195.7059966298685,35.83295183831973,195.7059966298685,XGBoost
2025-08-25 14:00:00,128.630701828004,192.44421290813943,179.33063088221238,34.0429726362228,179.33063088221238,XGBoost
2025-08-25 15:00:00,125.0956148234291,195.67192381798588,166.12981316176817,34.19031820513982,166.12981316176817,XGBoost
2025-08-25 16:00:00,108.4936946511259,160.72914012034352,156.183918352909,33.0851763248443,156.183918352909,XGBoost
2025-08-25 17:00:00,73.90031015872962,91.59630039743226,102.94529275359639,32.77649232745175,102.94529275359639,XGBoost
2025-08-25 18:00:00,52.49606265624355,59.01381112755017,66.81322754580813,32.90296989017055,66.81322754580813,XGBoost
2025-08-25 19:00:00,48.94021075963963,59.02739276581784,66.1679711128862,30.789372054013366,66.1679711128862,XGBoost
2025-08-25 20:00:00,45.469758201729185,52.900776790501716,58.44822552770761,31.10188141939318,58.44822552770761,XGBoost
2025-08-25 21:00:00,44.917812499735106,50.46450723850877,51.60849181232723,39.091925387581114,51.60849181232723,XGBoost
2025-08-25 22:00:00,44.59307051201667,51.31295061655473,49.817236557293405,45.22019258141517,49.817236557293405,XGBoost
2025-08-25 23:00:00,43.7986743628979,50.948742971446734,50.18422232191293,46.8793969392777,50.18422232191293,XGBoost
2025-08-26 00:00:00,44.644757288694095,50.89042752238426,50.26619587726505,46.3967220425605,50.26619587726505,XGBoost
2025-08-26 01:00:00,45.30892350027967,51.366599448294004,50.59549672034664,44.86146487295633,50.59549672034664,XGBoost
2025-08-26 02:00:00,45.64146172187546,50.951087780663094,49.37704843253944,44.765068568966456,49.37704843253944,XGBoost
2025-08-26 03:00:00,45.21944815191355,49.705428194653976,49.628250299060795,46.9226789041,49.628250299060795,XGBoost
2025-08-26 04:00:00,45.1065313845872,49.58814265240842,48.614633043543186,46.729621392488596,48.614633043543186,XGBoost
2025-08-26 05:00:00,47.2149719506504,48.95082906386781,49.563981899625944,45.421510642767,49.563981899625944,XGBoost
2025-08-26 06:00:00,49.924592413008305,61.26151244062106,60.64215369832533,46.19667686522,60.64215369832533,XGBoost
2025-08-26 07:00:00,68.07361540281089,96.10880081386885,89.93676472561685,44.263540516297,89.93676472561685,XGBoost
2025-08-26 08:00:00,89.63575515482144,108.67770759691368,102.39331749000532,43.61627568801244,102.39331749000532,XGBoost
2025-08-26 09:00:00,105.67386396725846,104.27892414674629,124.9618903726655,45.66665662659544,124.9618903726655,XGBoost
2025-08-26 10:00:00,121.64423447847375,138.02308261619729,136.6979330582222,62.90543844923362,136.6979330582222,XGBoost
2025-08-26 11:00:00,142.9171836809691,150.34108889668676,155.31048341142397,63.863616545091915,155.31048341142397,XGBoost
2025-08-26 12:00:00,160.07853657007374,175.59901009042315,187.51884112667415,97.78823978640175,187.51884112667415,XGBoost
2025-08-26 13:00:00,159.13725461960001,196.52737235550987,193.78251285789975,92.7295483164487,193.78251285789975,XGBoost
2025-08-26 14:00:00,155.115612274409,186.58070960093502,172.45966036805245,104.03505694866189,172.45966036805245,XGBoost
2025-08-26 15:00:00,140.93000690774454,175.92004502314285,168.18710514816195,113.15647190267545,168.18710514816195,XGBoost
2025-08-26 16:00:00,121.66470096226509,144.48466041549887,144.5878783113897,123.27049008282637,144.5878783113897,XGBoost
2025-08-26 17:00:00,90.5579171248461,103.2142332916202,97.37715128491578,137.2282450415873,97.37715128491578,XGBoost
2025-08-26 18:00:00,64.098782075776,67.67618624684545,75.26103393481547,132.27677896287665,75.26103393481547,XGBoost
2025-08-26 19:00:00,54.04232014218959,65.67491478383839,75.48082009615592,126.39854615926834,75.48082009615592,XGBoost
2025-08-26 20:00:00,53.273078707131454,51.99920586185761,62.687095852412064,116.17530995065536,62.687095852412064,XGBoost
2025-08-26 21:00:00,50.070796072483084,49.78686369861683,53.49563922766405,91.77962307135192,53.49563922766405,XGBoost
2025-08-26 22:00:00,49.94484998285767,50.243610052983854,51.06866067249796,52.131821001569335,51.06866067249796,XGBoost
2025-08-26 23:00:00,48.315513605873,49.46668642071899,48.40523888353042,47.93852156400675,48.40523888353042,XGBoost
2025-08-27 00:00:00,49.295316029678546,49.27750243864191,47.74880804557577,44.987085656686276,47.74880804557577,XGBoost
2025-08-27 01:00:00,47.1711946099997,49.33507766143914,49.65613064837858,44.8716868877411,49.65613064837858,XGBoost
2025-08-27 02:00:00,46.27368432097142,49.17120762589369,47.96379996478979,44.64526876807225,47.96379996478979,XGBoost
2025-08-27 03:00:00,45.71264550360764,49.33340649451114,48.02852097902105,43.98897460373946,48.02852097902105,XGBoost
2025-08-27 04:00:00,46.8214168846606,49.178930941442395,48.32280845361909,45.2437008529901,48.32280845361909,XGBoost
2025-08-27 05:00:00,45.280386286974,49.99946245236954,51.78990391050419,45.1006121039391,51.78990391050419,XGBoost
2025-08-27 06:00:00,49.64853180199859,60.48189255149998,63.0612512723391,45.515200138092005,63.0612512723391,XGBoost
2025-08-27 07:00:00,81.41040983051042,92.59895364910658,92.27981505427552,45.31598223994175,92.27981505427552,XGBoost
2025-08-27 08:00:00,94.75470485687269,131.7291117705213,112.56843097496105,46.5898736059666,112.56843097496105,XGBoost
2025-08-27 09:00:00,119.82290173389728,128.4684151573211,111.86817708817549,47.008179554208,111.86817708817549,XGBoost
2025-08-27 10:00:00,121.58045718886545,126.24156159297846,118.5915946987297,59.739875401962735,118.5915946987297,XGBoost
2025-08-27 11:00:00,122.83177980509818,129.26974418832245,116.6206651760216,88.54255428097446,116.6206651760216,XGBoost
2025-08-27 12:00:00,118.46366440166001,123.13045422946203,117.23626100603082,107.57251022078691,117.23626100603082,XGBoost
2025-08-27 13:00:00,122.7851269722,120.7731221194181,123.03726866406203,127.670608091355,123.03726866406203,XGBoost
2025-08-27 14:00:00,109.33107831743011,119.13189870069891,123.26551363437882,148.70397890938668,123.26551363437882,XGBoost
2025-08-27 15:00:00,96.11764717102018,100.88819824822413,108.81258280073286,161.99108542095817,108.81258280073286,XGBoost
2025-08-27 16:00:00,85.5291591167447,86.97061554918291,99.50622065624745,161.81383923292202,99.50622065624745,XGBoost
2025-08-27 17:00:00,62.890978591144005,70.7709418486074,67.63037220360177,144.28186289668002,67.63037220360177,XGBoost
2025-08-27 18:00:00,52.690190990765835,56.35508205068171,51.3920879626448,136.15835077781333,51.3920879626448,XGBoost
2025-08-27 19:00:00,51.668511298569726,57.526521245873134,58.890643182857,107.33677125044909,58.890643182857,XGBoost
2025-08-27 20:00:00,49.72812486936641,51.781247245755004,53.46379180106876,67.342146858573,53.46379180106876,XGBoost
2025-08-27 21:00:00,45.42441704869291,50.25609239726064,53.292683429135025,55.09412983556583,53.292683429135025,XGBoost
2025-08-27 22:00:00,46.47359836372482,50.402597860522,53.08187965852466,53.394110213626455,53.08187965852466,XGBoost
2025-08-27 23:00:00,44.001447119496184,50.676204660662286,52.11642421932724,50.51495513049045,52.11642421932724,XGBoost
2025-08-28 00:00:00,44.699665109316335,49.90765484419685,51.01406221278018,49.6571658800045,51.01406221278018,XGBoost
2025-08-28 01:00:00,45.056156456470504,49.66325095093279,50.57294883591196,48.95597794652,50.57294883591196,XGBoost
2025-08-28 02:00:00,44.6871689677237,49.808329268785506,51.063437363354765,48.8056414425374,51.063437363354765,XGBoost
2025-08-28 03:00:00,46.178761899471176,49.57266518032732,50.75082226204682,48.766054624860814,50.75082226204682,XGBoost
2025-08-28 04:00:00,45.228290070187185,50.227869043999746,50.57421184194586,46.40801446884882,50.57421184194586,XGBoost
2025-08-28 05:00:00,45.440143455158726,53.4900567489382,53.875642985566294,45.938504769043455,53.875642985566294,XGBoost
2025-08-28 06:00:00,81.59656919373411,78.90186913148023,73.45556407131355,45.663067016336555,73.45556407131355,XGBoost
2025-08-28 07:00:00,100.1546428851789,122.04100770107664,124.62586380410187,46.8574606120586,124.62586380410187,XGBoost
2025-08-28 08:00:00,156.842953979968,141.3867906854985,137.05306156310604,45.602798178792,137.05306156310604,XGBoost
2025-08-28 09:00:00,150.91362488518084,120.03378753110411,132.0188452104008,54.982150472700674,132.0188452104008,XGBoost
2025-08-28 10:00:00,136.529393661021,122.84152348506014,118.01940656068032,86.0958443880078,118.01940656068032,XGBoost
2025-08-28 11:00:00,120.95174968242699,121.29489223929015,116.50471098558788,97.08057474196009,116.50471098558788,XGBoost
2025-08-28 12:00:00,115.62805595000583,120.25426548830784,115.62740875763217,121.90507490932917,115.62740875763217,XGBoost
2025-08-28 13:00:00,111.69422626495184,119.86429769472939,124.17837200241236,121.26342535018917,124.17837200241236,XGBoost
2025-08-28 14:00:00,90.1087460041045,119.02362540094457,117.90885383674193,121.726002359391,117.90885383674193,XGBoost
2025-08-28 15:00:00,84.4574026346207,98.34635687969049,100.02579484407285,118.36306328773401,100.02579484407285,XGBoost
2025-08-28 16:00:00,72.4675542235374,90.16682816915576,87.75873056813245,122.864765739442,87.75873056813245,XGBoost
2025-08-28 17:00:00,55.9721176922322,61.55229487098582,59.11082920920393,106.4397032260894,59.11082920920393,XGBoost
2025-08-28 18:00:00,54.610663002187636,55.46283148236332,50.33458823978677,95.31271605058109,50.33458823978677,XGBoost
2025-08-28 19:00:00,49.607042983174246,56.31456770470158,56.256587685917964,79.42714336886992,56.256587685917964,XGBoost
2025-08-28 20:00:00,49.58978326121976,52.76626286609741,51.32899757579485,54.88612757623192,51.32899757579485,XGBoost
2025-08-28 21:00:00,50.76198247323433,49.14745336627192,50.38610718007663,51.8720628768205,50.38610718007663,XGBoost
2025-08-28 22:00:00,49.488913782618276,49.62646802106661,49.91840886902892,51.36255080320609,49.91840886902892,XGBoost
2025-08-28 23:00:00,50.859229263934274,48.70229217425982,48.18605704308418,46.71923723275018,48.18605704308418,XGBoost
2025-08-29 00:00:00,49.70848609642554,48.20413843064778,50.37948199445063,45.58880542896036,50.37948199445063,XGBoost
2025-08-29 01:00:00,51.45769529541325,49.35389156863828,49.950598931090234,45.7745322386425,49.950598931090234,XGBoost
2025-08-29 02:00:00,50.469567934672085,49.62756166237386,52.596448298567445,44.47340550273659,52.596448298567445,XGBoost
2025-08-29 03:00:00,49.594641208648696,50.252023438499,52.784052631933534,44.957940667867504,52.784052631933534,XGBoost
2025-08-29 04:00:00,50.54906730760236,50.21714040665561,52.507652397658966,44.28956907987582,52.507652397658966,XGBoost
2025-08-29 05:00:00,53.54203438217,50.53150900765203,55.230893882875606,45.95911679484618,55.230893882875606,XGBoost
2025-08-29 06:00:00,77.06057804326217,62.88840267598827,67.72069501403065,45.537953078746916,67.72069501403065,XGBoost
2025-08-29 07:00:00,98.51708158359601,119.6687360989768,109.09360802474039,45.176956761967276,109.09360802474039,XGBoost
2025-08-29 08:00:00,132.77356419464,130.79474814885845,129.44089976173493,69.42110638817158,129.44089976173493,XGBoost
2025-08-29 09:00:00,125.1871684839325,121.38227943875508,135.88725040059597,101.13942541616724,135.88725040059597,XGBoost
2025-08-29 10:00:00,113.41128166516445,121.4992748139601,143.44910012356476,160.19531086418223,143.44910012356476,XGBoost
2025-08-29 11:00:00,114.69613194465546,119.68491403619129,133.87166907338752,151.72806365110546,133.87166907338752,XGBoost
2025-08-29 12:00:00,108.67870819568749,119.143080937197,123.92380617775643,136.54661859075168,123.92380617775643,XGBoost
2025-08-29 13:00:00,95.29708631833445,118.52738396006946,125.47654971417114,119.80075653394111,125.47654971417114,XGBoost
2025-08-29 14:00:00,91.10150159489027,117.86554083744396,126.3935364704997,114.86333203315726,126.3935364704997,XGBoost
2025-08-29 15:00:00,78.75439491055218,99.33966066183372,112.53369166576213,115.06388820301181,112.53369166576213,XGBoost
2025-08-29 16:00:00,73.64504903554901,88.21606603876943,90.29219953344443,91.64628533522308,90.29219953344443,XGBoost
2025-08-29 17:00:00,54.25925271709758,62.33229592586623,60.212101725509505,84.36953850587217,60.212101725509505,XGBoost
2025-08-29 18:00:00,49.915071584284334,55.25140421756381,48.1712894108654,67.512912645936,48.1712894108654,XGBoost
2025-08-29 19:00:00,55.693669368823585,59.29762532781296,59.65702643454157,52.5116366197665,59.65702643454157,XGBoost
2025-08-29 20:00:00,58.32219486074,59.14495376492909,56.497579239176254,52.01787549799145,56.497579239176254,XGBoost
2025-08-29 21:00:00,65.885922792283,58.06602454863053,55.58570550722295,49.70805369182063,55.58570550722295,XGBoost
2025-08-29 22:00:00,63.724433251402544,58.22048150081844,56.722033286042866,50.414071424441,56.722033286042866,XGBoost
2025-08-29 23:00:00,63.542236983776,59.29820851403133,57.24367912032807,49.41442646831275,57.24367912032807,XGBoost
2025-08-30 00:00:00,64.40501849850024,60.76536879583327,59.22546536575884,50.60970613112058,59.22546536575884,XGBoost
2025-08-30 01:00:00,61.40113871205937,51.053504189073145,52.109129061917315,50.943524748087,52.109129061917315,XGBoost
2025-08-30 02:00:00,58.27496073146667,54.654221807852004,54.71353510986799,49.13465458651384,54.71353510986799,XGBoost
2025-08-30 03:00:00,57.50291190048042,59.49645437307331,58.54197022577259,51.971229518453164,58.54197022577259,XGBoost
2025-08-30 04:00:00,59.857867812117085,58.415526216404054,59.02365100366961,50.462785745660504,59.02365100366961,XGBoost
2025-08-30 05:00:00,59.31384155650934,58.83024023206722,57.562526265517505,50.230340043703826,57.562526265517505,XGBoost
2025-08-30 06:00:00,60.96837135132708,68.38871178402475,59.84787670715951,50.40471208592266,59.84787670715951,XGBoost
2025-08-30 07:00:00,56.89979596063492,55.02380447793243,55.043955610602126,74.17274207373458,55.043955610602126,XGBoost
2025-08-30 08:00:00,51.09180071949959,43.13441536642307,49.23726535263939,94.12903768615791,49.23726535263939,XGBoost
2025-08-30 09:00:00,51.79317283630366,45.195697602961445,50.44848480661619,132.19851474464,50.44848480661619,XGBoost
2025-08-30 10:00:00,50.37643913428,48.32684706026441,56.8362571073766,126.25306439896417,56.8362571073766,XGBoost
2025-08-30 11:00:00,47.68371647596367,52.14270963323116,63.59339434027401,113.68378194173,63.59339434027401,XGBoost
2025-08-30 12:00:00,41.52234045664475,56.78801877353039,72.47690916712035,114.20945549011167,72.47690916712035,XGBoost
2025-08-30 13:00:00,39.20474783579508,51.3704643838012,62.4035774945059,104.7562658786785,62.4035774945059,XGBoost
2025-08-30 14:00:00,40.170043468475335,46.05462064782155,57.00398736741845,94.18558009465579,57.00398736741845,XGBoost
2025-08-30 15:00:00,37.32292394978657,46.613144032180294,49.63756499076742,89.81311299119672,49.63756499076742,XGBoost
2025-08-30 16:00:00,35.7639600276948,40.29044370713442,42.43448026161536,82.60733585357659,42.43448026161536,XGBoost
2025-08-30 17:00:00,33.660757831165,37.29204569931381,44.25462633645277,77.83042536463043,44.25462633645277,XGBoost
2025-08-30 18:00:00,44.34132611006525,47.399126761702924,50.25523556758326,77.13082760572412,50.25523556758326,XGBoost
2025-08-30 19:00:00,52.97410069778562,52.486966665016084,53.756710190085315,65.7228667885065,53.756710190085315,XGBoost
2025-08-30 20:00:00,61.26194896631778,55.87222990379311,55.778766793085566,48.52122484313111,55.778766793085566,XGBoost
2025-08-30 21:00:00,65.02887644551028,59.75048544491938,58.62455876324343,50.39199102737691,58.62455876324343,XGBoost
2025-08-30 22:00:00,66.50176920132209,57.6763786947916,57.13281393924321,55.56693844903618,57.13281393924321,XGBoost
2025-08-30 23:00:00,70.7898394346239,56.80210024447327,57.37008638141614,58.091641059517805,57.37008638141614,XGBoost
2025-08-31 00:00:00,69.53370228409776,50.454668425201106,53.510587395284375,59.23563949763775,53.510587395284375,XGBoost
2025-08-31 01:00:00,65.88482280075576,49.91934057881175,51.316031697791935,66.385577119887,51.316031697791935,XGBoost
2025-08-31 03:00:00,52.84860243116086,56.25601054421133,53.41213583464288,64.48305296897873,53.41213583464288,XGBoost
2025-08-31 04:00:00,50.208212296167886,53.62469418299827,52.62853181201639,63.07927028338122,52.62853181201639,XGBoost
2025-08-31 05:00:00,46.59524319853114,54.4710627247556,56.42275464729687,65.12683775595244,56.42275464729687,XGBoost
2025-08-31 06:00:00,47.86112032147733,51.844746028149906,56.69423841560161,63.865499466657496,56.69423841560161,XGBoost
2025-08-31 07:00:00,43.817141170717,50.04256560747275,48.38834472427147,64.65208178096356,48.38834472427147,XGBoost
2025-08-31 08:00:00,37.9369540289045,42.08102430086984,44.1871961126926,60.226399876177375,44.1871961126926,XGBoost
2025-08-31 09:00:00,38.80678009986867,54.89644599714003,54.95279338691545,60.167964488268005,54.95279338691545,XGBoost
2025-08-31 10:00:00,40.01409047842025,57.86253002283112,59.15908866190547,56.1830772571265,59.15908866190547,XGBoost
2025-08-31 11:00:00,37.342779648303996,60.15362860704467,69.22340013680419,58.0886167675255,69.22340013680419,XGBoost
2025-08-31 12:00:00,33.66373838318711,60.24598414515671,73.80791965060608,60.067410478989444,73.80791965060608,XGBoost
2025-08-31 13:00:00,31.889639288187002,64.06397328985919,76.75638926685765,59.70433589443562,76.75638926685765,XGBoost
2025-08-31 14:00:00,32.63387179374675,58.25281007690028,73.49475668889633,58.68259033560775,73.49475668889633,XGBoost
2025-08-31 15:00:00,28.171426693598335,51.57088936073033,62.216384318244785,59.67030566930767,62.216384318244785,XGBoost
2025-08-31 16:00:00,26.146016740799002,46.71437301152652,49.69569568522341,61.3921565541998,49.69569568522341,XGBoost
2025-08-31 17:00:00,25.348673197958224,37.67615257202972,35.95754252597831,61.302926325963554,35.95754252597831,XGBoost
2025-08-31 18:00:00,34.554895602166624,49.33601914464687,44.54635396320478,53.89977510645975,44.54635396320478,XGBoost
2025-08-31 19:00:00,43.06486294099257,48.4549426818969,50.7577639845921,51.51657944066186,50.7577639845921,XGBoost
2025-08-31 20:00:00,43.50345583756756,48.617964722621714,51.95510371145313,51.42334935400223,51.95510371145313,XGBoost
2025-08-31 21:00:00,44.3072265446188,48.39898136396119,50.036076171341776,51.8361839294432,50.036076171341776,XGBoost
2025-08-31 22:00:00,43.231191198031006,48.44134066252604,51.16077834298116,50.67085425059,51.16077834298116,XGBoost
2025-08-31 23:00:00,44.956303824981,49.956581707597984,49.6515269847308,50.36281617482516,49.6515269847308,XGBoost
2025-09-01 00:00:00,45.23597458998367,50.23873984505719,48.524423146826756,51.32621590296433,48.524423146826756,XGBoost
2025-09-01 01:00:00,45.7185178875924,50.98680047228943,47.30271309701244,50.110569381714,47.30271309701244,XGBoost
2025-09-01 02:00:00,46.57912577688675,51.481872369259875,48.43381079252094,48.948018193245,48.43381079252094,XGBoost
2025-09-01 03:00:00,55.520190497239334,50.70428980281908,48.15038837472696,45.703567147255,48.15038837472696,XGBoost
2025-09-01 04:00:00,54.31720691919325,52.27356553924616,51.47822966589612,40.70974254608175,51.47822966589612,XGBoost
2025-09-01 05:00:00,60.818676090240594,54.20203935280598,54.51116913849479,41.802703666687,54.51116913849479,XGBoost
2025-09-01 07:00:00,124.35009527206401,116.7961027162734,106.45941779166769,39.8304929733276,106.45941779166769,XGBoost
2025-09-01 08:00:00,186.50686184529857,165.7687090632701,142.09490295978674,38.367480278015144,142.09490295978674,XGBoost
2025-09-01 09:00:00,210.994422474875,186.65431288233486,163.62311074597707,40.135691702365875,163.62311074597707,XGBoost
2025-09-01 10:00:00,185.1158516108989,200.63151918430376,171.17756408080925,36.78268921375266,171.17756408080925,XGBoost
2025-09-01 11:00:00,161.1506953239425,156.847453728887,152.4949748095005,34.6771720647815,152.4949748095005,XGBoost
2025-09-01 13:00:00,133.1229651570325,137.7445156828833,142.91463028519468,37.230492025614,142.91463028519468,XGBoost
2025-09-01 14:00:00,101.66940358706958,128.37330426444046,126.37019686625534,53.54213087047857,126.37019686625534,XGBoost
2025-09-01 16:00:00,82.15616601705551,98.64296900480045,99.33909276266318,57.0411113500595,99.33909276266318,XGBoost
2025-09-01 17:00:00,56.16795712709416,81.76394894374987,77.6115354485594,60.73653224110617,77.6115354485594,XGBoost
2025-09-01 19:00:00,45.92843119303367,53.74952938123704,55.3203095220016,63.651612420877,55.3203095220016,XGBoost
2025-09-01 20:00:00,44.92230938375,51.578115394528844,50.11407542800032,65.21106957395882,50.11407542800032,XGBoost
2025-09-01 21:00:00,45.162504130601796,50.1206844971901,49.33487193747571,65.73093702793139,49.33487193747571,XGBoost
2025-09-01 22:00:00,45.87613356113425,49.992711053851906,48.017917851267995,66.24186268448825,48.017917851267995,XGBoost
2025-09-01 23:00:00,46.96448447306966,50.16301427563669,48.98372517087117,69.97688168287283,48.98372517087117,XGBoost
2025-09-02 00:00:00,47.5270546317102,51.418384120976704,51.271374024527475,70.8509358525278,51.271374024527475,XGBoost
2025-09-02 01:00:00,46.289194810390605,53.64718801373201,51.3114131549727,69.96291189193741,51.3114131549727,XGBoost
2025-09-02 02:00:00,49.08548043455401,52.982997066769585,49.689741513920694,59.775379087244,49.689741513920694,XGBoost
2025-09-02 03:00:00,48.471136868,51.258467604603936,50.067108243339604,52.55151084065425,50.067108243339604,XGBoost
2025-09-02 04:00:00,48.288819587231,53.9695886801433,51.67737669651408,52.7905762553212,51.67737669651408,XGBoost
2025-09-02 05:00:00,63.9396674484015,55.972000400772664,57.32278681526389,49.48886902630325,57.32278681526389,XGBoost
2025-09-02 07:00:00,143.8589709110125,132.84851788750868,128.18571385600342,47.855119794607,128.18571385600342,XGBoost
2025-09-02 08:00:00,217.8943860360543,187.03876654329244,159.87160896037219,46.58160803147742,159.87160896037219,XGBoost
2025-09-02 09:00:00,210.15829410155501,144.13941448438328,139.8886327860364,47.84945864665,139.8886327860364,XGBoost
2025-09-02 10:00:00,183.41043341159858,138.60158052960765,122.60687282467993,42.85815681676786,122.60687282467993,XGBoost
2025-09-02 11:00:00,159.97649519784,132.09073369707656,135.91728592808576,38.00471780129843,135.91728592808576,XGBoost
2025-09-02 12:00:00,146.249508428572,142.12850863113871,145.58809557489593,38.7008208751678,145.58809557489593,XGBoost
2025-09-02 13:00:00,130.46113339066375,125.8238852111142,126.70835612177588,38.671310544014,126.70835612177588,XGBoost
2025-09-02 14:00:00,113.63949569066166,129.8713733210092,121.53327169322431,41.795166571935,121.53327169322431,XGBoost
2025-09-02 15:00:00,95.35440230369534,121.21548827027034,127.5224213910434,34.86136766274766,127.5224213910434,XGBoost
2025-09-02 16:00:00,79.2158989565713,102.41340200679166,112.39865589164108,34.524913498333426,112.39865589164108,XGBoost
2025-09-02 17:00:00,61.19025828157157,74.499110187171,70.10508155519302,33.04188023294714,70.10508155519302,XGBoost
2025-09-02 18:00:00,51.6757614314556,44.32914898969233,46.58396560003238,32.2300615787506,46.58396560003238,XGBoost
2025-09-02 19:00:00,47.55002486705775,46.80608919962642,49.719148019294366,31.576296925544753,49.719148019294366,XGBoost
2025-09-02 20:00:00,43.93047543934414,47.56568547740595,48.229093534934826,28.977981822831143,48.229093534934826,XGBoost
2025-09-02 21:00:00,47.653759129345254,46.81160455928764,47.46044029406881,25.535390585661,47.46044029406881,XGBoost
2025-09-02 23:00:00,46.1766238927842,47.78071036339573,49.41412296443018,25.0500091314316,49.41412296443018,XGBoost
2025-09-03 00:00:00,47.36783105134975,50.925667872400666,50.29753321226448,25.7220032811165,50.29753321226448,XGBoost
2025-09-03 01:00:00,46.7363494992256,53.81139639464148,51.51656789105523,30.068015754222802,51.51656789105523,XGBoost
2025-09-03 03:00:00,47.16349876920367,52.22527514872974,53.241851259693654,42.65294731159983,53.241851259693654,XGBoost
2025-09-03 04:00:00,47.533604979515005,52.81728761925916,53.23094609551256,43.95315022979457,53.23094609551256,XGBoost
2025-09-03 05:00:00,54.896451961994,58.84729026976654,60.41131979217188,44.0156109035016,60.41131979217188,XGBoost
2025-09-03 06:00:00,91.724664017558,68.79576294407794,70.86898910317724,43.484112694859505,70.86898910317724,XGBoost
2025-09-03 07:00:00,139.20414456086428,113.0192626840483,113.05536012346288,44.85047162430629,113.05536012346288,XGBoost
2025-09-03 08:00:00,201.429164096714,142.23483320329194,129.54660547557614,45.7745036244392,129.54660547557614,XGBoost
2025-09-03 09:00:00,200.994836664202,123.55489234529173,128.18805552560895,46.1295502662658,128.18805552560895,XGBoost
2025-09-03 10:00:00,161.598607230184,127.57725401876996,127.77330102096285,53.70814498662939,127.77330102096285,XGBoost
2025-09-03 13:00:00,110.14377737045334,126.31431544946268,117.73061624179468,64.952907105287,117.73061624179468,XGBoost
2025-09-03 14:00:00,99.925358891486,161.26086924612508,143.0505335175053,90.2240029275415,143.0505335175053,XGBoost
2025-09-03 15:00:00,90.14652487635601,111.09026029087107,103.07845293865196,108.25367450714,103.07845293865196,XGBoost
2025-09-03 16:00:00,73.1968288868665,138.32221186407378,129.17971300576156,173.6130985496575,129.17971300576156,XGBoost
2025-09-03 17:00:00,56.949771638959625,79.95489554648388,79.31055143988087,211.53696995601,79.31055143988087,XGBoost
2025-09-03 18:00:00,55.554377689957626,50.886710622050785,47.98639575655678,188.08640101179375,47.98639575655678,XGBoost
2025-09-03 19:00:00,49.36287839545133,52.44957689741903,50.84538510546295,166.93759220176221,50.84538510546295,XGBoost
