timestamp,actual,predicted_lstm,predicted_cnnlstm,predicted_bilstm,predicted_best,best_model
2025-05-19 14:00:00,166.119355773926,165.35857,132.66971,146.47345,165.35857,LSTM
2025-05-19 15:00:00,134.8889389038089,125.96443,127.15246,117.234375,125.96443,LSTM
2025-05-19 18:00:00,0.0,1.7269791,15.734281,19.620558,1.7269791,LSTM
2025-05-19 19:00:00,0.0,1.6426862,0.0,11.339823,1.6426862,LSTM
2025-05-19 20:00:00,0.0,1.3713038,0.0,4.6885314,1.3713038,LSTM
2025-05-19 21:00:00,0.0,1.2868273,0.0,0.0,1.2868273,LSTM
2025-05-19 22:00:00,0.0,1.7886561,0.0,0.0,1.7886561,LSTM
2025-05-19 23:00:00,0.0,1.3779144,0.0,0.0,1.3779144,LSTM
2025-05-20 00:00:00,0.0,0.96602845,0.0,0.0,0.96602845,LSTM
2025-05-20 01:00:00,0.0,0.5796809,0.0,0.0,0.5796809,LSTM
2025-05-20 02:00:00,0.0,0.25282598,0.0,0.0,0.25282598,LSTM
2025-05-20 03:00:00,0.0,0.0,0.0,0.0,0.0,LSTM
2025-05-20 04:00:00,0.0,0.0,0.0,0.0,0.0,LSTM
2025-05-20 05:00:00,0.0,0.22741945,0.0,6.2643747,0.22741945,LSTM
2025-05-20 06:00:00,0.0,1.1866741,0.61405575,16.01542,1.1866741,LSTM
2025-05-20 07:00:00,8.048971862842683,8.0877285,7.168849,28.861214,8.0877285,LSTM
2025-05-20 08:00:00,67.94375673929842,66.95653,41.912304,59.98497,66.95653,LSTM
2025-05-20 09:00:00,125.53544298807748,126.92123,86.71857,95.03051,126.92123,LSTM
2025-05-20 10:00:00,161.43788146972668,164.91563,124.89776,115.921165,164.91563,LSTM
2025-05-20 11:00:00,181.95221964518169,186.58463,47.28495,140.69588,186.58463,LSTM
2025-05-20 12:00:00,188.45224889119416,193.77647,93.410515,174.69182,193.77647,LSTM
2025-05-20 13:00:00,183.14338175455669,191.08356,135.2895,181.27551,191.08356,LSTM
2025-05-20 14:00:00,165.65391031901083,173.43715,157.6806,164.24667,173.43715,LSTM
2025-05-20 15:00:00,133.19525464375667,141.0896,153.81555,131.8043,141.0896,LSTM
2025-05-20 16:00:00,83.9831387201945,86.56451,122.51746,90.99976,86.56451,LSTM
2025-05-20 17:00:00,18.369646926721,17.190683,69.69797,48.797672,17.190683,LSTM
2025-05-20 18:00:00,0.0,0.7037466,24.898476,19.10832,0.7037466,LSTM
2025-05-20 19:00:00,0.0,0.10808057,0.0,9.793707,0.10808057,LSTM
2025-05-20 20:00:00,0.0,0.0,0.0,2.85439,0.0,LSTM
2025-05-20 21:00:00,0.0,0.089818,0.0,0.0,0.089818,LSTM
2025-05-20 22:00:00,0.0,0.31088552,0.0,0.0,0.31088552,LSTM
2025-05-20 23:00:00,0.0,0.49198037,0.0,0.0,0.49198037,LSTM
2025-05-21 00:00:00,0.0,0.5944956,0.0,0.0,0.5944956,LSTM
2025-05-21 01:00:00,0.0,0.53446925,0.0,0.0,0.53446925,LSTM
2025-05-21 02:00:00,0.0,0.3519813,0.0,0.0,0.3519813,LSTM
2025-05-21 03:00:00,0.0,0.2940963,0.0,0.0,0.2940963,LSTM
2025-05-21 04:00:00,0.0,0.39943957,0.0,2.0798025,0.39943957,LSTM
2025-05-21 05:00:00,0.0,0.7880501,0.0,8.995071,0.7880501,LSTM
2025-05-21 06:00:00,0.0,1.5866561,0.28849375,19.034126,1.5866561,LSTM
2025-05-21 07:00:00,7.343695844213173,5.1604424,8.84523,32.224506,5.1604424,LSTM
2025-05-21 08:00:00,65.29367796579992,62.070663,43.8034,65.690094,62.070663,LSTM
2025-05-21 09:00:00,122.68793741861884,122.90417,86.97364,100.2744,122.90417,LSTM
2025-05-21 10:00:00,159.72392654418917,159.94096,122.95394,120.7126,159.94096,LSTM
2025-05-21 11:00:00,179.70468139648497,180.33702,46.4351,133.29103,180.33702,LSTM
2025-05-21 12:00:00,187.898216247559,171.69322,88.302666,161.65988,171.69322,LSTM
2025-05-21 13:00:00,183.51277021928277,172.25911,124.15968,166.4781,172.25911,LSTM
2025-05-21 14:00:00,168.1920661926275,134.37018,139.28941,148.91687,134.37018,LSTM
2025-05-21 15:00:00,131.2597066705882,109.04977,130.32013,120.738686,109.04977,LSTM
2025-05-21 16:00:00,81.76220872667133,61.342907,97.47884,85.35205,61.342907,LSTM
2025-05-21 17:00:00,21.17770686149609,14.369313,50.01089,48.28084,14.369313,LSTM
2025-05-21 18:00:00,0.0,0.93094885,12.384754,18.752186,0.93094885,LSTM
2025-05-21 19:00:00,0.0,0.52252537,0.0,9.863432,0.52252537,LSTM
2025-05-21 20:00:00,0.0,1.1049874,0.0,3.0805798,1.1049874,LSTM
2025-05-21 21:00:00,0.0,1.0315944,0.0,0.0,1.0315944,LSTM
2025-05-21 22:00:00,0.0,0.9227202,0.0,0.0,0.9227202,LSTM
2025-05-21 23:00:00,0.0,1.4337168,0.0,0.0,1.4337168,LSTM
2025-05-22 00:00:00,0.0,2.0275826,0.0,0.0,2.0275826,LSTM
2025-05-22 01:00:00,0.0,2.2844272,0.0,0.0,2.2844272,LSTM
2025-05-22 02:00:00,0.0,2.590647,0.0,0.0,2.590647,LSTM
2025-05-22 03:00:00,0.0,4.35366,0.0,0.93952996,4.35366,LSTM
2025-05-22 04:00:00,0.0,2.4059074,0.0,7.0288734,2.4059074,LSTM
2025-05-22 05:00:00,0.0,4.382147,0.0,15.712021,4.382147,LSTM
2025-05-22 06:00:00,0.0,5.8659635,1.4292139,25.008266,5.8659635,LSTM
2025-05-22 07:00:00,6.632913448593836,9.606718,11.82338,36.233017,9.606718,LSTM
2025-05-22 09:00:00,69.3525106430056,83.1928,74.48482,91.3439,83.1928,LSTM
2025-05-22 10:00:00,113.32113786177165,117.908,100.63678,104.45534,117.908,LSTM
2025-05-22 11:00:00,159.6653224400114,150.86954,42.23332,125.66034,150.86954,LSTM
2025-05-22 12:00:00,144.9307049837992,137.74437,77.64297,149.36964,137.74437,LSTM
2025-05-22 13:00:00,168.34301757812443,161.53673,110.653534,154.0994,161.53673,LSTM
2025-05-22 14:00:00,117.62731043497632,128.50607,128.08858,137.33641,128.50607,LSTM
2025-05-22 15:00:00,47.30242665608733,57.140488,118.513306,105.56192,57.140488,LSTM
2025-05-22 16:00:00,36.34887186686211,45.70287,86.083984,70.768936,45.70287,LSTM
2025-05-22 17:00:00,17.383355450630134,16.103848,42.244946,36.174343,16.103848,LSTM
2025-05-22 18:00:00,0.0,2.7124348,6.369843,13.9133835,2.7124348,LSTM
2025-05-22 19:00:00,0.0,1.164163,0.0,6.5503597,1.164163,LSTM
2025-05-22 20:00:00,0.0,0.38671264,0.0,0.9744092,0.38671264,LSTM
2025-05-22 21:00:00,0.0,0.8004628,0.0,0.0,0.8004628,LSTM
2025-05-23 03:00:00,0.0,0.36673176,0.0,0.0,0.36673176,LSTM
2025-05-23 04:00:00,0.0,1.0734321,0.0,3.5724027,1.0734321,LSTM
2025-05-23 05:00:00,0.0,1.5446063,0.0,9.921602,1.5446063,LSTM
2025-05-23 06:00:00,0.0,0.75839186,1.413176,19.348507,0.75839186,LSTM
2025-05-23 07:00:00,7.082045143300808,4.334902,8.135353,30.465834,4.334902,LSTM
2025-05-23 08:00:00,66.08243907581681,63.87104,36.90305,59.649902,63.87104,LSTM
2025-05-23 09:00:00,121.51030960082998,111.80267,75.15453,88.725266,111.80267,LSTM
2025-05-23 10:00:00,154.23943398215545,149.3114,105.96341,105.07141,149.3114,LSTM
2025-05-23 11:00:00,170.76013014051557,161.29703,42.80055,132.32692,161.29703,LSTM
2025-05-23 12:00:00,176.42146555582667,174.44539,82.528145,162.04195,174.44539,LSTM
2025-05-23 13:00:00,171.165172576905,168.39047,115.255516,164.91367,168.39047,LSTM
2025-05-23 15:00:00,127.357717132568,125.06476,124.52964,121.05114,125.06476,LSTM
2025-05-23 16:00:00,78.39307022094755,75.038025,94.9398,85.600624,75.038025,LSTM
2025-05-23 17:00:00,17.52285270690923,24.355654,50.227867,48.918453,24.355654,LSTM
2025-05-23 18:00:00,0.0,2.858535,13.802667,18.11535,2.858535,LSTM
2025-05-23 19:00:00,0.0,1.2422143,0.0,9.446324,1.2422143,LSTM
2025-05-23 20:00:00,0.0,1.1766164,0.0,3.2896628,1.1766164,LSTM
2025-05-23 22:00:00,0.0,0.8699341,0.0,0.0,0.8699341,LSTM
2025-05-23 23:00:00,0.0,0.928698,0.0,0.0,0.928698,LSTM
2025-05-24 00:00:00,0.0,1.142256,0.0,0.0,1.142256,LSTM
2025-05-24 01:00:00,0.0,1.2610542,0.0,0.0,1.2610542,LSTM
2025-05-24 02:00:00,0.0,1.2758218,0.0,0.0,1.2758218,LSTM
2025-05-24 03:00:00,0.0,0.9948994,0.0,2.5500784,0.9948994,LSTM
2025-05-24 04:00:00,0.0,1.5151335,0.0,8.851354,1.5151335,LSTM
2025-05-24 05:00:00,0.0,2.0378416,0.89327127,15.511167,2.0378416,LSTM
2025-05-24 06:00:00,0.0,1.2114855,2.6801941,23.526714,1.2114855,LSTM
2025-05-24 07:00:00,2.8177670472198546,4.016886,10.076473,33.08382,4.016886,LSTM
2025-05-24 08:00:00,42.117317676544126,51.7522,40.256367,60.80585,51.7522,LSTM
2025-05-24 09:00:00,87.5214682685001,77.44331,73.80422,87.047,77.44331,LSTM
2025-05-24 10:00:00,106.40652743252792,109.988106,101.18817,101.43479,109.988106,LSTM
2025-05-24 11:00:00,96.1659049987786,99.812096,41.65534,126.60497,99.812096,LSTM
2025-05-24 12:00:00,155.527291870117,129.91887,76.64689,149.3868,129.91887,LSTM
2025-05-24 13:00:00,136.42409610748462,131.42645,105.019585,151.23067,131.42645,LSTM
2025-05-24 15:00:00,95.2176311492913,88.49368,107.92135,108.27381,88.49368,LSTM
2025-05-24 16:00:00,40.290836429596,37.458706,74.7872,75.317764,37.458706,LSTM
2025-05-24 17:00:00,6.088838842180111,7.6513333,32.90815,42.404694,7.6513333,LSTM
2025-05-24 18:00:00,0.0,1.5297784,0.43914616,14.168178,1.5297784,LSTM
2025-05-24 19:00:00,0.0,0.6407834,0.0,7.2564735,0.6407834,LSTM
2025-05-24 20:00:00,0.0,0.4338676,0.0,2.1102252,0.4338676,LSTM
2025-05-24 21:00:00,0.0,0.98852164,0.0,0.0,0.98852164,LSTM
2025-05-24 22:00:00,0.0,1.034012,0.0,0.0,1.034012,LSTM
2025-05-24 23:00:00,0.0,0.9247636,0.0,0.0,0.9247636,LSTM
2025-05-25 00:00:00,0.0,0.99069345,0.0,0.0,0.99069345,LSTM
2025-05-25 01:00:00,0.0,1.0614278,0.0,0.0,1.0614278,LSTM
2025-05-25 02:00:00,0.0,1.0041181,0.0,0.0,1.0041181,LSTM
2025-05-25 03:00:00,0.0,0.94621193,0.0,2.2840471,0.94621193,LSTM
2025-05-25 04:00:00,0.0,0.54918134,0.2856919,6.5424848,0.54918134,LSTM
2025-05-25 05:00:00,0.0,0.5875958,1.7710017,11.296082,0.5875958,LSTM
2025-05-25 06:00:00,0.0,1.2285236,3.6302516,18.640617,1.2285236,LSTM
2025-05-25 07:00:00,3.690116975456463,15.788986,9.237188,28.879816,15.788986,LSTM
2025-05-25 08:00:00,32.34369624744773,44.33345,38.035797,52.19368,44.33345,LSTM
2025-05-25 09:00:00,55.59637659246282,65.43076,71.5796,75.26361,65.43076,LSTM
2025-05-25 10:00:00,115.32504133744546,104.86216,96.61358,87.57433,104.86216,LSTM
2025-05-25 11:00:00,120.64023971557624,108.377365,40.079258,129.68262,108.377365,LSTM
2025-05-25 12:00:00,138.28043874104776,130.54169,74.72115,153.57896,130.54169,LSTM
2025-05-25 15:00:00,109.7440387725826,96.79154,105.65367,109.80731,96.79154,LSTM
2025-05-25 16:00:00,29.833036899566583,34.682068,72.74563,76.084236,34.682068,LSTM
2025-05-25 17:00:00,8.543338629934546,19.684809,32.595127,44.083008,19.684809,LSTM
2025-05-25 18:00:00,0.0,3.229574,0.643264,14.794426,3.229574,LSTM
2025-05-25 19:00:00,0.0,0.43284002,0.0,6.956817,0.43284002,LSTM
2025-05-25 20:00:00,0.0,0.093475685,0.0,2.2159572,0.093475685,LSTM
2025-05-25 21:00:00,0.0,0.70270216,0.0,0.0,0.70270216,LSTM
2025-05-25 22:00:00,0.0,0.60228837,0.0,0.0,0.60228837,LSTM
2025-05-25 23:00:00,0.0,0.49633735,0.0,0.0,0.49633735,LSTM
2025-05-26 00:00:00,0.0,0.7259365,0.0,0.0,0.7259365,LSTM
2025-05-26 01:00:00,0.0,0.7313265,0.0,0.0,0.7313265,LSTM
2025-05-26 03:00:00,0.0,0.67516565,0.0,4.2083473,0.67516565,LSTM
2025-05-26 04:00:00,0.0,0.89459354,1.0911953,9.833718,0.89459354,LSTM
2025-05-26 05:00:00,0.0,1.239368,2.6370878,14.782796,1.239368,LSTM
2025-05-26 06:00:00,0.0,1.5296813,4.4720197,20.922966,1.5296813,LSTM
2025-05-26 07:00:00,0.5172513127327,3.776114,9.310301,28.82492,3.776114,LSTM
2025-05-26 08:00:00,2.69314515590667,14.886988,34.253284,46.181892,14.886988,LSTM
2025-05-26 09:00:00,20.042709880404978,27.110638,64.58863,67.655304,27.110638,LSTM
2025-05-26 10:00:00,33.894215393066496,35.954304,86.064545,79.26936,35.954304,LSTM
2025-05-26 11:00:00,24.4482968330385,51.94682,37.632442,110.57294,51.94682,LSTM
2025-05-26 12:00:00,27.45505441938129,58.894627,66.613914,123.34067,58.894627,LSTM
2025-05-26 13:00:00,27.786830902099695,51.36328,88.579735,121.28578,51.36328,LSTM
2025-05-26 14:00:00,26.8757209777832,36.748764,95.594536,108.07891,36.748764,LSTM
2025-05-26 15:00:00,19.409870815277294,25.724823,84.85769,87.393074,25.724823,LSTM
2025-05-26 16:00:00,18.21026430130005,27.154148,58.958763,61.363945,27.154148,LSTM
2025-05-26 17:00:00,0.9664773046970248,7.5407286,27.328026,33.56914,7.5407286,LSTM
2025-05-26 18:00:00,0.0,0.3982065,2.2202697,15.3068695,0.3982065,LSTM
2025-05-26 19:00:00,0.0,0.0,0.23038411,8.955314,0.0,LSTM
2025-05-26 20:00:00,0.0,0.22749263,0.0,4.239675,0.22749263,LSTM
2025-05-26 21:00:00,0.0,0.6234588,0.0,0.83523816,0.6234588,LSTM
2025-05-26 22:00:00,0.0,0.5597408,0.0,0.0,0.5597408,LSTM
2025-05-27 00:00:00,0.0,0.71220654,0.0,0.0,0.71220654,LSTM
2025-05-27 01:00:00,0.0,0.6132837,0.0,0.0,0.6132837,LSTM
2025-05-27 02:00:00,0.0,0.4738184,0.0,0.0,0.4738184,LSTM
2025-05-27 03:00:00,0.0,0.5225614,0.21820775,0.90368426,0.5225614,LSTM
2025-05-27 04:00:00,0.0,0.6111291,1.2627208,2.3446867,0.6111291,LSTM
2025-05-27 05:00:00,0.0,0.86825293,2.7216837,6.3464313,0.86825293,LSTM
2025-05-27 06:00:00,0.0,1.9849083,4.6223717,12.664935,1.9849083,LSTM
2025-05-27 07:00:00,0.011507713794708,3.9701686,12.191366,20.31821,3.9701686,LSTM
2025-05-27 08:00:00,2.721327328681947,13.050134,39.226383,33.007545,13.050134,LSTM
2025-05-27 09:00:00,14.082512855529702,19.300888,66.86471,56.249985,19.300888,LSTM
2025-05-27 10:00:00,33.71538119845933,43.31133,86.57633,75.4489,43.31133,LSTM
2025-05-27 11:00:00,16.2736959457396,35.882565,37.13283,81.8966,35.882565,LSTM
2025-05-27 12:00:00,9.596621870994577,38.125908,65.22461,90.708015,38.125908,LSTM
2025-05-27 13:00:00,16.406045913696445,20.159813,85.01087,86.93846,20.159813,LSTM
2025-05-27 14:00:00,13.26146097183216,19.621323,90.33993,73.844345,19.621323,LSTM
2025-05-27 15:00:00,12.73706934187161,9.881368,77.14169,51.972065,9.881368,LSTM
2025-05-27 16:00:00,10.2510246276855,3.8337805,48.129456,30.66872,3.8337805,LSTM
2025-05-27 17:00:00,1.4782621860504166,1.4413155,19.183962,22.646425,1.4413155,LSTM
2025-05-27 18:00:00,0.0,0.0,0.0,15.478565,0.0,LSTM
2025-05-27 19:00:00,0.0,0.075151674,0.0,9.666592,0.075151674,LSTM
2025-05-27 20:00:00,0.0,0.0,0.0,4.7367797,0.0,LSTM
2025-05-27 21:00:00,0.0,1.3073342,0.0,1.0058659,1.3073342,LSTM
2025-05-27 22:00:00,0.0,1.0034944,0.0,0.0,1.0034944,LSTM
2025-05-27 23:00:00,0.0,1.8868128,0.0,0.0,1.8868128,LSTM
2025-05-28 00:00:00,0.0,1.5942117,0.0,0.0,1.5942117,LSTM
2025-05-28 01:00:00,0.0,1.4229773,0.0,0.0,1.4229773,LSTM
2025-05-28 02:00:00,0.0,1.2780461,0.0,0.0,1.2780461,LSTM
2025-05-28 03:00:00,0.0,0.97460777,0.0,0.7023486,0.97460777,LSTM
2025-05-28 04:00:00,0.0,1.9719713,0.0,6.0456147,1.9719713,LSTM
2025-05-28 05:00:00,0.0,1.8604604,0.3496322,10.846638,1.8604604,LSTM
2025-05-28 06:00:00,0.0,2.1252205,2.026104,18.272118,2.1252205,LSTM
2025-05-28 07:00:00,0.1241531123717616,2.6523867,7.548446,27.512075,2.6523867,LSTM
2025-05-28 08:00:00,2.6897056897481333,22.874361,26.832592,43.88881,22.874361,LSTM
2025-05-28 09:00:00,11.045628726482512,13.337353,54.93478,67.565445,13.337353,LSTM
2025-05-28 11:00:00,28.70323493263945,46.19685,36.373375,80.703705,46.19685,LSTM
2025-05-28 12:00:00,24.605354732937226,45.764793,62.266254,90.42992,45.764793,LSTM
2025-05-28 13:00:00,27.224001990424444,33.4883,79.70307,88.632744,33.4883,LSTM
2025-05-28 14:00:00,25.337037722269667,33.92674,82.65816,78.0289,33.92674,LSTM
2025-05-28 15:00:00,19.057827091217,21.31632,68.429756,59.60892,21.31632,LSTM
2025-05-28 16:00:00,10.4707625177172,19.663729,41.210865,36.139854,19.663729,LSTM
2025-05-28 18:00:00,0.0,0.46807808,0.0,13.206718,0.46807808,LSTM
2025-05-28 19:00:00,0.0,1.6248686,0.0,7.012239,1.6248686,LSTM
2025-05-28 20:00:00,0.0,0.75253063,0.0,1.8317548,0.75253063,LSTM
2025-05-28 21:00:00,0.0,0.9018768,0.0,0.0,0.9018768,LSTM
2025-05-28 22:00:00,0.0,1.0415628,0.0,0.0,1.0415628,LSTM
2025-05-28 23:00:00,0.0,1.2721277,0.0,0.0,1.2721277,LSTM
2025-05-29 00:00:00,0.0,1.5047776,0.0,0.0,1.5047776,LSTM
2025-05-29 01:00:00,0.0,1.1280347,0.0,0.0,1.1280347,LSTM
2025-05-29 03:00:00,0.0,0.92945874,0.0,1.4220729,0.92945874,LSTM
2025-05-29 04:00:00,0.0,1.3378165,0.0,5.5716805,1.3378165,LSTM
2025-05-29 05:00:00,0.0,2.2415698,1.1685001,10.576742,2.2415698,LSTM
2025-05-29 07:00:00,1.680475932359699,3.490678,9.047623,27.121119,3.490678,LSTM
2025-05-29 08:00:00,28.995756062594307,41.96796,27.892725,44.827377,41.96796,LSTM
2025-05-29 09:00:00,81.56369295987245,90.209274,58.99993,72.29373,90.209274,LSTM
2025-05-29 10:00:00,126.64296514337748,132.81172,85.24906,91.29007,132.81172,LSTM
2025-05-29 11:00:00,99.40244070688918,108.91819,39.57232,106.53742,108.91819,LSTM
2025-05-29 12:00:00,64.25431489944438,105.84945,69.79232,119.50499,105.84945,LSTM
2025-05-29 15:00:00,93.90685335795123,80.08169,90.936874,74.83198,80.08169,LSTM
2025-05-29 16:00:00,56.93593907356263,54.553238,62.21343,43.913204,54.553238,LSTM
2025-05-29 17:00:00,8.531885707378413,16.0442,27.263393,16.496597,16.0442,LSTM
2025-05-29 18:00:00,0.0,0.90281445,0.0,7.98216,0.90281445,LSTM
2025-05-29 19:00:00,0.0,0.2233728,0.0,1.5870398,0.2233728,LSTM
2025-05-29 20:00:00,0.0,0.39839122,0.0,0.0,0.39839122,LSTM
2025-05-29 21:00:00,0.0,0.7982284,0.0,0.0,0.7982284,LSTM
2025-05-29 23:00:00,0.0,1.1133343,0.0,0.0,1.1133343,LSTM
2025-05-30 00:00:00,0.0,0.9141127,0.0,0.0,0.9141127,LSTM
2025-05-30 01:00:00,0.0,0.9254508,0.0,0.0,0.9254508,LSTM
2025-05-30 02:00:00,0.0,0.6737311,0.0,0.0,0.6737311,LSTM
2025-05-30 03:00:00,0.0,0.31927466,0.0,0.0,0.31927466,LSTM
2025-05-30 04:00:00,0.0,0.11397818,0.0,4.783563,0.11397818,LSTM
2025-05-30 05:00:00,0.0,0.0,0.0,12.660184,0.0,LSTM
2025-05-30 06:00:00,0.0,1.9884412,1.7291741,19.88552,1.9884412,LSTM
2025-05-30 07:00:00,6.1866185784341,9.328157,7.0143647,30.459696,9.328157,LSTM
2025-05-30 08:00:00,59.160036722819,43.992924,27.87916,49.371742,43.992924,LSTM
2025-05-30 09:00:00,117.21523412068618,118.077324,63.17804,81.43428,118.077324,LSTM
2025-05-30 10:00:00,154.220909118651,141.06633,91.93363,101.24265,141.06633,LSTM
2025-05-30 11:00:00,175.4635842063209,168.68329,41.988052,127.845055,168.68329,LSTM
2025-05-30 12:00:00,183.9570448133678,183.8461,80.116905,155.2293,183.8461,LSTM
2025-05-30 13:00:00,177.055886840821,188.49496,114.69819,157.63374,188.49496,LSTM
2025-05-30 14:00:00,160.58890151977582,174.19994,132.93419,137.42624,174.19994,LSTM
2025-05-30 15:00:00,129.35025024413918,142.08942,126.840515,103.35599,142.08942,LSTM
2025-05-30 16:00:00,80.36390654245974,84.455635,95.44665,62.386158,84.455635,LSTM
2025-05-30 17:00:00,15.587497472763031,12.123635,47.65436,23.44714,12.123635,LSTM
2025-05-30 18:00:00,0.0,0.20918468,8.164449,11.795201,0.20918468,LSTM
2025-05-30 19:00:00,0.0,0.0,0.0,3.886182,0.0,LSTM
2025-05-30 20:00:00,0.0,0.0,0.0,0.0,0.0,LSTM
2025-05-30 21:00:00,0.0,0.019632194,0.0,0.0,0.019632194,LSTM
2025-05-30 22:00:00,0.0,0.23769908,0.0,0.0,0.23769908,LSTM
2025-05-30 23:00:00,0.0,0.32100746,0.0,0.0,0.32100746,LSTM
2025-05-31 00:00:00,0.0,0.25830838,0.0,0.0,0.25830838,LSTM
2025-05-31 01:00:00,0.0,0.086835355,0.0,0.0,0.086835355,LSTM
2025-05-31 02:00:00,0.0,0.0,0.0,0.0,0.0,LSTM
2025-05-31 03:00:00,0.0,0.0,0.0,0.0,0.0,LSTM
2025-05-31 04:00:00,0.0,0.0,0.0,3.1692095,0.0,LSTM
2025-05-31 05:00:00,0.0,0.42193702,0.0,9.821183,0.42193702,LSTM
2025-05-31 06:00:00,0.0,1.4343538,0.0,18.597294,1.4343538,LSTM
2025-05-31 07:00:00,4.888399759928462,3.248832,1.5319529,30.194674,3.248832,LSTM
2025-05-31 08:00:00,58.76893218358359,48.51916,22.313164,48.334534,48.51916,LSTM
2025-05-31 09:00:00,118.2015469868981,120.02121,61.218647,87.620865,120.02121,LSTM
2025-05-31 10:00:00,147.04832967122334,148.10716,98.70934,112.18171,148.10716,LSTM
2025-05-31 11:00:00,159.0250193278,169.06349,43.821922,130.14995,169.06349,LSTM
2025-05-31 12:00:00,170.59300486246585,168.55438,84.419334,155.88118,168.55438,LSTM
2025-05-31 13:00:00,125.03384145100894,125.3638,118.00666,153.26237,125.3638,LSTM
2025-05-31 14:00:00,92.46229553222592,93.548805,129.99167,128.77942,93.548805,LSTM
2025-05-31 15:00:00,78.93223539988142,84.20337,114.00067,93.71105,84.20337,LSTM
2025-05-31 16:00:00,45.7743271191915,47.060745,74.601654,54.82779,47.060745,LSTM
2025-05-31 17:00:00,7.154741878310757,8.057664,29.090103,19.230314,8.057664,LSTM
2025-05-31 18:00:00,0.0,0.107551895,0.0,8.89185,0.107551895,LSTM
2025-05-31 19:00:00,0.0,0.0,0.0,2.3748617,0.0,LSTM
2025-05-31 20:00:00,0.0,0.0,0.0,0.0,0.0,LSTM
2025-05-31 21:00:00,0.0,0.0,0.0,0.0,0.0,LSTM
2025-05-31 22:00:00,0.0,0.0,0.0,0.0,0.0,LSTM
2025-05-31 23:00:00,0.0,0.0,0.0,0.0,0.0,LSTM
2025-06-01 00:00:00,0.0,0.0,0.0,0.0,0.0,LSTM
2025-06-01 01:00:00,0.0,0.0,0.0,0.0,0.0,LSTM
2025-06-01 02:00:00,0.0,0.0,0.0,0.0,0.0,LSTM
2025-06-01 03:00:00,0.0,0.0,0.0,1.1308109,0.0,LSTM
2025-06-01 04:00:00,0.0,0.0,0.0,5.7215195,0.0,LSTM
2025-06-01 05:00:00,0.0,0.1668754,0.0,11.426779,0.1668754,LSTM
2025-06-01 06:00:00,0.0,1.1079122,0.0,20.11767,1.1079122,LSTM
2025-06-01 07:00:00,4.8545837923883886,6.5865636,2.368161,31.551924,6.5865636,LSTM
2025-06-01 08:00:00,58.589813232422166,46.64803,24.827557,50.31177,46.64803,LSTM
2025-06-01 09:00:00,115.88043657938624,118.75863,61.763218,87.394295,118.75863,LSTM
2025-06-01 10:00:00,149.4613622029625,155.08908,99.16032,111.51531,155.08908,LSTM
2025-06-01 11:00:00,168.66048558552916,180.36353,43.094486,139.84544,180.36353,LSTM
2025-06-01 12:00:00,175.16655985514333,171.22145,80.07347,168.61522,171.22145,LSTM
2025-06-01 14:00:00,156.976707458496,157.96002,130.40115,153.38025,157.96002,LSTM
2025-06-01 15:00:00,126.2525045221509,104.17798,120.443085,120.08322,104.17798,LSTM
2025-06-01 16:00:00,79.11152489980009,70.25863,88.05699,82.61633,70.25863,LSTM
2025-06-01 17:00:00,8.14199984446178,15.849013,41.75188,44.229946,15.849013,LSTM
2025-06-01 18:00:00,0.0,1.377878,4.686113,14.312039,1.377878,LSTM
2025-06-01 19:00:00,0.0,1.7433075,0.0,6.5432563,1.7433075,LSTM
2025-06-01 20:00:00,0.0,0.8408949,0.0,0.95953274,0.8408949,LSTM
2025-06-01 21:00:00,0.0,1.1735187,0.0,0.0,1.1735187,LSTM
2025-06-01 22:00:00,0.0,2.2851973,0.0,0.0,2.2851973,LSTM
2025-06-01 23:00:00,0.0,2.1718097,0.0,0.0,2.1718097,LSTM
2025-06-02 00:00:00,0.0,1.6232055,0.0,0.0,1.6232055,LSTM
2025-06-02 01:00:00,0.0,1.5025204,0.0,0.0,1.5025204,LSTM
2025-06-02 02:00:00,0.0,1.8229797,0.0,0.0,1.8229797,LSTM
2025-06-02 03:00:00,0.0,0.6781992,0.0,3.82906,0.6781992,LSTM
2025-06-02 04:00:00,0.0,1.0952239,0.0,10.575799,1.0952239,LSTM
2025-06-02 05:00:00,0.0,0.0,0.0,18.627865,0.0,LSTM
2025-06-02 06:00:00,0.0,0.0,0.87962514,27.781221,0.0,LSTM
2025-06-02 07:00:00,4.744126825282964,16.722593,5.1594663,37.45471,16.722593,LSTM
2025-06-02 08:00:00,57.7011779785157,46.264416,30.115881,59.188248,46.264416,LSTM
2025-06-02 09:00:00,113.40534210204974,110.83479,65.32541,87.59011,110.83479,LSTM
2025-06-02 10:00:00,148.31831914728363,149.22525,95.33245,103.46826,149.22525,LSTM
2025-06-02 11:00:00,166.52800496419223,155.46419,40.011803,126.04392,155.46419,LSTM
2025-06-02 12:00:00,173.90443992614624,166.84953,74.56075,152.70375,166.84953,LSTM
2025-06-02 14:00:00,160.328662109374,151.16925,118.09139,139.2262,151.16925,LSTM
2025-06-02 15:00:00,129.249501800537,122.605095,111.45583,110.28116,122.605095,LSTM
2025-06-02 16:00:00,75.52320146560687,74.00598,84.35942,74.80207,74.00598,LSTM
2025-06-02 17:00:00,16.02773685546381,16.864378,41.99256,37.952152,16.864378,LSTM
2025-06-02 19:00:00,0.0,0.88587886,0.0,8.613403,0.88587886,LSTM
2025-06-02 20:00:00,0.0,0.28222868,0.0,2.897371,0.28222868,LSTM
2025-06-02 21:00:00,0.0,0.45343053,0.0,0.0,0.45343053,LSTM
2025-06-02 22:00:00,0.0,0.5486296,0.0,0.0,0.5486296,LSTM
2025-06-02 23:00:00,0.0,0.5912194,0.0,0.0,0.5912194,LSTM
2025-06-03 00:00:00,0.0,0.58530504,0.0,0.0,0.58530504,LSTM
2025-06-03 01:00:00,0.0,0.7934339,0.0,0.0,0.7934339,LSTM
2025-06-03 02:00:00,0.0,1.0277524,0.0,0.0,1.0277524,LSTM
2025-06-03 03:00:00,0.0,1.3809824,0.0,2.5049307,1.3809824,LSTM
2025-06-03 04:00:00,0.0,0.7552049,0.0,7.3610926,0.7552049,LSTM
2025-06-03 06:00:00,0.0,0.9597251,1.2568196,20.608648,0.9597251,LSTM
2025-06-03 07:00:00,4.277660857547374,9.2257595,6.876197,31.05803,9.2257595,LSTM
2025-06-03 08:00:00,56.94202319058508,44.927387,34.836437,53.057747,44.927387,LSTM
2025-06-03 09:00:00,110.98618732799228,107.21678,69.52993,81.99591,107.21678,LSTM
2025-06-03 10:00:00,144.54382760184285,137.12436,97.667305,98.66596,137.12436,LSTM
2025-06-03 11:00:00,165.719380187989,170.05194,41.297356,124.57729,170.05194,LSTM
2025-06-03 12:00:00,178.61150614420555,158.19725,74.29278,147.9866,158.19725,LSTM
2025-06-03 13:00:00,175.10649447970778,159.76375,102.1753,151.24344,159.76375,LSTM
2025-06-03 14:00:00,158.907908630371,146.41003,115.69917,135.58113,146.41003,LSTM
2025-06-03 15:00:00,127.576425170898,123.26583,108.67597,108.20899,123.26583,LSTM
2025-06-03 16:00:00,74.67972819010356,64.78585,81.543,73.72138,64.78585,LSTM
2025-06-03 17:00:00,9.433782988124388,12.859227,40.070904,38.00108,12.859227,LSTM
2025-06-03 18:00:00,0.0,0.9158388,6.121531,17.803295,0.9158388,LSTM
2025-06-03 19:00:00,0.0,0.5198612,0.0,10.152432,0.5198612,LSTM
2025-06-03 20:00:00,0.0,0.7382795,0.0,4.542437,0.7382795,LSTM
2025-06-03 21:00:00,0.0,0.4990766,0.0,0.5205376,0.4990766,LSTM
2025-06-03 22:00:00,0.0,0.48707557,0.0,0.0,0.48707557,LSTM
2025-06-03 23:00:00,0.0,0.7626463,0.0,0.0,0.7626463,LSTM
2025-06-04 00:00:00,0.0,1.3632195,0.0,0.0,1.3632195,LSTM
2025-06-04 01:00:00,0.0,1.1575364,0.0,0.0,1.1575364,LSTM
2025-06-04 02:00:00,0.0,0.94998664,0.0,0.12677458,0.94998664,LSTM
2025-06-04 03:00:00,0.0,1.2563137,0.0,3.0523484,1.2563137,LSTM
2025-06-04 04:00:00,0.0,1.7997164,0.0,8.183475,1.7997164,LSTM
2025-06-04 06:00:00,0.0,0.88275844,0.9901843,22.094942,0.88275844,LSTM
2025-06-04 07:00:00,6.1282141149043525,15.44482,6.8634806,33.228912,15.44482,LSTM
2025-06-04 08:00:00,39.46515019734717,47.872276,35.8909,56.294624,47.872276,LSTM
2025-06-04 10:00:00,143.792333602905,145.70132,98.526215,101.85502,145.70132,LSTM
2025-06-04 11:00:00,168.2345733642575,166.9206,41.185482,124.855225,166.9206,LSTM
2025-06-04 12:00:00,180.3296118842233,162.07109,75.01488,149.59903,162.07109,LSTM
2025-06-04 13:00:00,176.08645121256583,172.38855,105.44816,153.80244,172.38855,LSTM
2025-06-04 14:00:00,158.659883117676,151.81676,120.13535,136.5058,151.81676,LSTM
2025-06-04 15:00:00,130.4194734361433,112.294266,111.67509,107.733696,112.294266,LSTM
2025-06-04 16:00:00,81.56682066483955,70.2776,83.13663,73.68269,70.2776,LSTM
2025-06-04 17:00:00,12.02084439451059,13.534754,40.649963,37.768925,13.534754,LSTM
2025-06-04 18:00:00,0.0,0.50627613,5.8011017,17.502964,0.50627613,LSTM
2025-06-04 19:00:00,0.0,0.50572985,0.0,9.826393,0.50572985,LSTM
2025-06-04 20:00:00,0.0,0.61452925,0.0,4.0581646,0.61452925,LSTM
2025-06-04 21:00:00,0.0,0.29423794,0.0,0.0,0.29423794,LSTM
2025-06-04 22:00:00,0.0,0.6672539,0.0,0.0,0.6672539,LSTM
2025-06-04 23:00:00,0.0,0.7359989,0.0,0.0,0.7359989,LSTM
2025-06-05 00:00:00,0.0,0.61746067,0.0,0.0,0.61746067,LSTM
2025-06-05 01:00:00,0.0,0.52959573,0.0,0.0,0.52959573,LSTM
2025-06-05 02:00:00,0.0,0.47507372,0.0,0.0,0.47507372,LSTM
2025-06-05 03:00:00,0.0,0.20570777,0.0,1.0064898,0.20570777,LSTM
2025-06-05 04:00:00,0.0,0.32324266,0.0,6.981802,0.32324266,LSTM
2025-06-05 05:00:00,0.0,0.0,0.0,13.426023,0.0,LSTM
2025-06-05 08:00:00,43.03752565383911,56.202816,38.465267,59.36309,56.202816,LSTM
2025-06-05 09:00:00,116.0896148681641,113.933205,75.34955,87.5571,113.933205,LSTM
2025-06-05 10:00:00,152.061199951172,151.80104,105.21821,104.0668,151.80104,LSTM
2025-06-05 11:00:00,170.4255773370909,181.6755,42.779785,131.82892,181.6755,LSTM
2025-06-05 12:00:00,180.6924230402164,178.26147,79.46858,159.17172,178.26147,LSTM
2025-06-05 13:00:00,176.08624521891167,172.9368,110.13831,163.7205,172.9368,LSTM
2025-06-05 14:00:00,157.628071594239,165.02286,126.84906,147.94928,165.02286,LSTM
2025-06-05 16:00:00,76.6995410919187,73.025276,90.87503,81.848206,73.025276,LSTM
2025-06-05 17:00:00,16.13970886577259,16.573238,45.811142,44.98108,16.573238,LSTM
2025-06-05 18:00:00,0.0,1.7639097,9.314179,18.000496,1.7639097,LSTM
2025-06-05 19:00:00,0.0,0.77602947,0.0,10.370817,0.77602947,LSTM
2025-06-05 20:00:00,0.0,0.8157963,0.0,4.885942,0.8157963,LSTM
2025-06-05 21:00:00,0.0,0.8099539,0.0,1.0094168,0.8099539,LSTM
2025-06-05 22:00:00,0.0,1.0911338,0.0,0.0,1.0911338,LSTM
2025-06-05 23:00:00,0.0,1.4152668,0.0,0.0,1.4152668,LSTM
2025-06-06 00:00:00,0.0,1.878195,0.0,0.0,1.878195,LSTM
2025-06-06 01:00:00,0.0,1.5137005,0.0,0.0,1.5137005,LSTM
2025-06-06 02:00:00,0.0,1.4563148,0.0,1.3304095,1.4563148,LSTM
2025-06-06 03:00:00,0.0,1.8185906,0.0,5.536108,1.8185906,LSTM
2025-06-06 04:00:00,0.0,1.3811045,0.0,10.334142,1.3811045,LSTM
2025-06-06 05:00:00,0.0,1.9850681,0.0,16.535543,1.9850681,LSTM
2025-06-06 07:00:00,1.7260140892532447,17.749985,7.30753,36.745457,17.749985,LSTM
2025-06-06 08:00:00,55.613782189109,38.417667,36.698788,58.235603,38.417667,LSTM
2025-06-06 09:00:00,112.34603797064834,94.246544,70.73819,83.839516,94.246544,LSTM
2025-06-06 10:00:00,148.03311712091636,144.91684,99.47652,98.71608,144.91684,LSTM
2025-06-06 11:00:00,170.351066589355,151.30107,39.37749,126.15019,151.30107,LSTM
2025-06-06 12:00:00,177.65629916720889,174.13669,76.00098,154.42271,174.13669,LSTM
2025-06-06 13:00:00,175.27882046169557,162.13087,104.83888,154.54811,162.13087,LSTM
2025-06-06 14:00:00,156.099014282225,143.00754,117.67227,137.8522,143.00754,LSTM
2025-06-06 17:00:00,13.48283437887831,16.35331,39.159664,41.657665,16.35331,LSTM
2025-06-06 18:00:00,0.0,1.8996485,5.0649934,17.99173,1.8996485,LSTM
2025-06-06 19:00:00,0.0,0.80422574,0.0,10.155644,0.80422574,LSTM
2025-06-06 21:00:00,0.0,0.34393418,0.0,0.3134755,0.34393418,LSTM
2025-06-06 22:00:00,0.0,0.6725626,0.0,0.0,0.6725626,LSTM
2025-06-06 23:00:00,0.0,0.9197837,0.0,0.0,0.9197837,LSTM
2025-06-07 00:00:00,0.0,0.97214246,0.0,0.0,0.97214246,LSTM
2025-06-07 01:00:00,0.0,0.9752449,0.0,0.0,0.9752449,LSTM
2025-06-07 02:00:00,0.0,0.7375571,0.0,0.0,0.7375571,LSTM
2025-06-07 03:00:00,0.0,0.81797284,0.0,0.0,0.81797284,LSTM
2025-06-07 04:00:00,0.0,0.6909077,0.0,4.562507,0.6909077,LSTM
2025-06-07 05:00:00,0.0,0.08480752,0.0,10.660077,0.08480752,LSTM
2025-06-07 06:00:00,0.0,1.4577612,0.633387,19.420755,1.4577612,LSTM
2025-06-07 07:00:00,4.788961723446771,7.244697,2.9525898,29.54133,7.244697,LSTM
2025-06-07 08:00:00,60.35536599159238,42.171078,29.731464,50.870285,42.171078,LSTM
2025-06-07 09:00:00,109.3511611938472,116.1002,67.06058,82.62339,116.1002,LSTM
2025-06-07 10:00:00,153.68667755127,161.95383,100.230644,103.199554,161.95383,LSTM
2025-06-07 11:00:00,172.67712124911273,180.61722,42.130085,128.29643,180.61722,LSTM
2025-06-07 12:00:00,180.52905951605888,181.77013,78.81451,156.22588,181.77013,LSTM
2025-06-07 13:00:00,176.4373151991111,176.49847,109.62459,159.64735,176.49847,LSTM
2025-06-07 22:00:00,0.0,0.8195922,0.0,0.0,0.8195922,LSTM
2025-06-07 23:00:00,0.0,0.7549224,0.0,0.0,0.7549224,LSTM
2025-06-08 00:00:00,0.0,0.7158482,0.0,0.0,0.7158482,LSTM
2025-06-08 01:00:00,0.0,0.79001063,0.0,0.0,0.79001063,LSTM
2025-06-08 02:00:00,0.0,0.40372726,0.0,0.0,0.40372726,LSTM
2025-06-08 04:00:00,0.0,0.0,0.0,5.941232,0.0,LSTM
2025-06-08 05:00:00,0.0,0.8778622,0.0,12.634794,0.8778622,LSTM
2025-06-08 09:00:00,115.9145634969082,113.44934,73.59954,87.63946,113.44934,LSTM
2025-06-08 15:00:00,129.3163604736311,134.34471,114.51812,112.66893,134.34471,LSTM
2025-06-08 16:00:00,80.0841144561766,77.85507,88.13921,77.74178,77.85507,LSTM
2025-06-08 22:00:00,0.0,0.6285045,0.0,0.0,0.6285045,LSTM
2025-06-08 23:00:00,0.0,0.7805164,0.0,0.0,0.7805164,LSTM
2025-06-09 00:00:00,0.0,0.9284976,0.0,0.0,0.9284976,LSTM
2025-06-09 01:00:00,0.0,1.6703879,0.0,0.0,1.6703879,LSTM
2025-06-09 02:00:00,0.0,1.2404526,0.0,0.0,1.2404526,LSTM
2025-06-09 03:00:00,0.0,1.4933307,0.0,2.2602515,1.4933307,LSTM
2025-06-09 04:00:00,0.0,1.398897,0.0,6.9908776,1.398897,LSTM
2025-06-09 05:00:00,0.0,1.4145592,0.0,13.551473,1.4145592,LSTM
2025-06-09 06:00:00,0.0,0.0,1.0214415,21.916573,0.0,LSTM
2025-06-09 07:00:00,2.5009888240268574,11.073512,6.7109876,32.062355,11.073512,LSTM
2025-06-09 12:00:00,180.048175048828,171.20306,76.74929,149.6296,171.20306,LSTM
2025-06-09 14:00:00,158.99546305338558,162.60501,122.30286,139.71414,162.60501,LSTM
2025-06-09 21:00:00,0.0,0.96307397,0.0,1.8356007,0.96307397,LSTM
2025-06-09 22:00:00,0.0,1.4950807,0.0,0.0,1.4950807,LSTM
2025-06-09 23:00:00,0.0,1.3347079,0.0,0.0,1.3347079,LSTM
2025-06-10 00:00:00,0.0,2.1660728,0.0,0.0,2.1660728,LSTM
2025-06-10 02:00:00,0.0,1.2585692,0.0,0.0,1.2585692,LSTM
2025-06-10 03:00:00,0.0,1.0404906,0.0,2.9913867,1.0404906,LSTM
2025-06-10 05:00:00,0.0,0.809849,0.0,15.249296,0.809849,LSTM
2025-06-10 07:00:00,4.909266165561172,7.9434185,6.212939,33.181988,7.9434185,LSTM
2025-06-10 08:00:00,53.14608263969413,57.65563,34.05146,57.379604,57.65563,LSTM
2025-06-10 10:00:00,151.13013458252,138.81702,96.04896,102.48008,138.81702,LSTM
2025-06-10 11:00:00,174.685293579103,183.8676,41.67114,123.36902,183.8676,LSTM
2025-06-10 12:00:00,178.531900024415,179.33319,76.42693,148.17802,179.33319,LSTM
2025-06-10 13:00:00,173.68884138627456,169.73776,105.23865,151.38164,169.73776,LSTM
2025-06-10 14:00:00,159.866697692872,153.31766,119.21042,135.6975,153.31766,LSTM
2025-06-10 15:00:00,133.46756362915,123.41748,111.80075,108.26358,123.41748,LSTM
2025-06-10 17:00:00,12.79119386456228,13.35653,42.222076,39.006428,13.35653,LSTM
2025-06-10 18:00:00,0.0,1.9716063,8.100439,18.613827,1.9716063,LSTM
2025-06-10 19:00:00,0.0,0.8711601,0.0,10.909307,0.8711601,LSTM
2025-06-10 20:00:00,0.0,0.9026939,0.0,5.2660575,0.9026939,LSTM
2025-06-10 21:00:00,0.0,1.0311561,0.0,1.2308624,1.0311561,LSTM
2025-06-10 22:00:00,0.0,0.90281993,0.0,0.0,0.90281993,LSTM
2025-06-10 23:00:00,0.0,0.89849424,0.0,0.0,0.89849424,LSTM
2025-06-11 00:00:00,0.0,1.0808077,0.0,0.0,1.0808077,LSTM
2025-06-11 01:00:00,0.0,1.4414055,0.0,0.0,1.4414055,LSTM
2025-06-11 02:00:00,0.0,1.3392378,0.0,1.6797938,1.3392378,LSTM
2025-06-11 04:00:00,0.0,1.7275505,0.0,10.297178,1.7275505,LSTM
2025-06-11 05:00:00,0.0,1.751839,0.0,16.432365,1.751839,LSTM
2025-06-11 06:00:00,0.0,1.3239669,1.633615,24.44125,1.3239669,LSTM
2025-06-11 07:00:00,4.778444329897559,18.889904,10.272444,36.445038,18.889904,LSTM
2025-06-11 08:00:00,56.57910780473191,44.58588,41.857845,57.779236,44.58588,LSTM
2025-06-11 09:00:00,114.48522610134468,91.44714,75.097115,83.259056,91.44714,LSTM
2025-06-11 10:00:00,150.24934387207168,130.67433,100.88298,97.641624,130.67433,LSTM
2025-06-11 11:00:00,168.667610168456,156.8174,39.875114,121.33953,156.8174,LSTM
2025-06-11 13:00:00,171.64000216397363,168.49792,102.17025,150.62515,168.49792,LSTM
2025-06-11 14:00:00,157.94079081217444,146.60075,116.67137,134.99698,146.60075,LSTM
2025-06-11 15:00:00,126.327883148191,123.31864,110.77719,108.48196,123.31864,LSTM
2025-06-11 16:00:00,80.72808138529442,70.99157,84.911,74.80603,70.99157,LSTM
2025-06-11 17:00:00,14.715743064880272,19.527124,44.25519,39.28292,19.527124,LSTM
2025-06-11 18:00:00,0.0,2.7341907,10.685648,18.51841,2.7341907,LSTM
2025-06-11 19:00:00,0.0,1.0264187,0.0,10.4261675,1.0264187,LSTM
2025-06-11 20:00:00,0.0,0.3557599,0.0,4.359269,0.3557599,LSTM
2025-06-11 23:00:00,0.0,0.82731295,0.0,0.0,0.82731295,LSTM
2025-06-12 00:00:00,0.0,0.9058887,0.0,0.0,0.9058887,LSTM
2025-06-12 01:00:00,0.0,0.8645792,0.0,0.0,0.8645792,LSTM
2025-06-12 02:00:00,0.0,0.7743867,0.0,0.0,0.7743867,LSTM
2025-06-12 03:00:00,0.0,0.7615146,0.0,1.9227229,0.7615146,LSTM
2025-06-12 04:00:00,0.0,1.0863363,0.0,7.359477,1.0863363,LSTM
2025-06-12 05:00:00,0.0,1.1523694,0.0,14.049966,1.1523694,LSTM
2025-06-12 06:00:00,0.0,1.7392651,1.3237168,22.863646,1.7392651,LSTM
2025-06-12 08:00:00,48.903865814209,40.210484,40.16919,57.64123,40.210484,LSTM
2025-06-12 09:00:00,116.6694503784196,98.71757,76.064606,86.466545,98.71757,LSTM
2025-06-12 11:00:00,168.62881622314302,167.72916,41.48144,123.06954,167.72916,LSTM
2025-06-12 12:00:00,176.952658081056,174.96509,77.33013,148.73662,174.96509,LSTM
2025-06-12 13:00:00,172.366136169434,165.90012,107.018265,151.18655,165.90012,LSTM
2025-06-12 14:00:00,159.99301486545335,153.91089,122.06066,136.07764,153.91089,LSTM
2025-06-12 15:00:00,131.01340738932416,114.90588,114.8293,108.579,114.90588,LSTM
2025-06-12 16:00:00,79.66662940979009,66.71083,86.82739,75.28237,66.71083,LSTM
2025-06-12 17:00:00,15.757948240095912,14.8046055,44.21958,40.047997,14.8046055,LSTM
2025-06-12 18:00:00,0.0,1.2649059,9.811307,19.474844,1.2649059,LSTM
2025-06-12 19:00:00,0.0,2.3212802,0.0,11.572021,2.3212802,LSTM
2025-06-12 20:00:00,0.0,1.2950412,0.0,4.98865,1.2950412,LSTM
2025-06-12 21:00:00,0.0,0.5516678,0.0,0.2992533,0.5516678,LSTM
2025-06-12 22:00:00,0.0,1.007071,0.0,0.0,1.007071,LSTM
2025-06-12 23:00:00,0.0,0.87260133,0.0,0.0,0.87260133,LSTM
2025-06-13 00:00:00,0.0,0.9050497,0.0,0.0,0.9050497,LSTM
2025-06-13 01:00:00,0.0,0.7443356,0.0,0.0,0.7443356,LSTM
2025-06-13 02:00:00,0.0,0.63277465,0.0,0.0,0.63277465,LSTM
2025-06-13 03:00:00,0.0,0.7187385,0.0,1.0302601,0.7187385,LSTM
2025-06-13 04:00:00,0.0,0.97070867,0.0,6.652391,0.97070867,LSTM
2025-06-13 05:00:00,0.0,1.6677034,0.0,13.964953,1.6677034,LSTM
2025-06-13 06:00:00,0.0,2.0850961,0.51909465,22.821941,2.0850961,LSTM
2025-06-13 07:00:00,3.7260219029018566,13.576547,6.629951,34.2474,13.576547,LSTM
2025-06-13 08:00:00,58.13162019517678,46.546844,38.141754,60.613873,46.546844,LSTM
2025-06-13 09:00:00,118.24499935573988,106.99247,75.47759,90.55215,106.99247,LSTM
2025-06-13 10:00:00,151.09523981267728,151.9321,106.19777,108.779785,151.9321,LSTM
2025-06-13 11:00:00,169.18026097615584,172.502,41.739624,125.9014,172.502,LSTM
2025-06-13 12:00:00,173.6182625510482,181.3153,78.50578,154.45361,181.3153,LSTM
2025-06-13 13:00:00,171.569284057618,176.7936,109.88628,158.58755,176.7936,LSTM
2025-06-13 14:00:00,157.186596679689,164.31303,126.61048,143.41873,164.31303,LSTM
2025-06-13 15:00:00,126.03423378684364,131.65718,121.44435,114.74143,131.65718,LSTM
2025-06-13 16:00:00,79.70725695292184,79.14462,93.32624,78.90067,79.14462,LSTM
2025-06-13 17:00:00,14.044784784317027,12.497059,48.357697,41.436554,12.497059,LSTM
2025-06-13 18:00:00,0.0,0.0,11.345741,18.734953,0.0,LSTM
2025-06-13 20:00:00,0.0,0.4428821,0.0,5.26113,0.4428821,LSTM
2025-06-13 21:00:00,0.0,0.8588299,0.0,1.1158077,0.8588299,LSTM
2025-06-13 22:00:00,0.0,0.88358337,0.0,0.0,0.88358337,LSTM
2025-06-13 23:00:00,0.0,0.8892771,0.0,0.0,0.8892771,LSTM
2025-06-14 00:00:00,0.0,1.0829239,0.0,0.0,1.0829239,LSTM
2025-06-14 01:00:00,0.0,0.8956603,0.0,0.0,0.8956603,LSTM
2025-06-14 02:00:00,0.0,0.6959511,0.0,0.0,0.6959511,LSTM
2025-06-14 03:00:00,0.0,0.43148056,0.0,0.83697873,0.43148056,LSTM
2025-06-14 04:00:00,0.0,0.50730765,0.0,5.927069,0.50730765,LSTM
2025-06-14 05:00:00,0.0,0.86882895,0.0,12.343086,0.86882895,LSTM
2025-06-14 06:00:00,0.0,1.3920927,0.5675042,20.28305,1.3920927,LSTM
2025-06-14 07:00:00,2.2567559805783124,3.7429173,3.6241002,30.60222,3.7429173,LSTM
2025-06-14 08:00:00,30.863846206664903,43.52732,32.068863,51.957546,43.52732,LSTM
2025-06-14 09:00:00,77.87905675714691,76.133865,68.92879,82.13541,76.133865,LSTM
2025-06-14 10:00:00,123.61711158752549,109.53473,97.75221,99.79017,109.53473,LSTM
2025-06-14 11:00:00,114.0926267835831,117.70715,41.008675,123.97938,117.70715,LSTM
2025-06-14 12:00:00,128.8720120516691,127.81297,77.62874,147.8424,127.81297,LSTM
2025-06-14 13:00:00,117.47457758585534,119.36827,106.74365,147.60732,119.36827,LSTM
2025-06-14 14:00:00,127.65205307006848,140.59807,120.9257,131.65753,140.59807,LSTM
2025-06-14 15:00:00,92.68838161892413,93.62649,110.612885,101.70004,93.62649,LSTM
2025-06-14 16:00:00,48.3116933822633,52.19082,78.49449,67.14212,52.19082,LSTM
2025-06-14 17:00:00,3.888160337507729,18.866922,35.557255,32.493675,18.866922,LSTM
2025-06-14 18:00:00,0.0,1.4005226,0.83554673,12.873581,1.4005226,LSTM
2025-06-14 19:00:00,0.0,0.048946068,0.0,5.9500976,0.048946068,LSTM
2025-06-14 20:00:00,0.0,0.59473115,0.0,0.9518738,0.59473115,LSTM
2025-06-14 21:00:00,0.0,0.3654944,0.0,0.0,0.3654944,LSTM
2025-06-14 22:00:00,0.0,0.31869397,0.0,0.0,0.31869397,LSTM
2025-06-14 23:00:00,0.0,0.41910228,0.0,0.0,0.41910228,LSTM
2025-06-15 00:00:00,0.0,0.4901631,0.0,0.0,0.4901631,LSTM
2025-06-15 01:00:00,0.0,0.5565546,0.0,0.0,0.5565546,LSTM
2025-06-15 02:00:00,0.0,0.27352846,0.0,0.0,0.27352846,LSTM
2025-06-15 03:00:00,0.0,0.023840463,0.0,0.0,0.023840463,LSTM
2025-06-15 04:00:00,0.0,0.0,0.0,2.029012,0.0,LSTM
2025-06-15 05:00:00,0.0,0.7580225,0.0,6.7525167,0.7580225,LSTM
2025-06-15 06:00:00,0.0,0.696992,0.8559596,14.796349,0.696992,LSTM
2025-06-15 07:00:00,1.82356773614882,0.44821972,2.994541,25.759497,0.44821972,LSTM
2025-06-15 08:00:00,49.47921406139027,38.40651,25.249647,45.751244,38.40651,LSTM
2025-06-15 09:00:00,111.4632943471264,103.07772,64.44108,79.51921,103.07772,LSTM
2025-06-15 10:00:00,135.6698563893636,132.35251,97.72365,101.14657,132.35251,LSTM
2025-06-15 11:00:00,163.8552570343025,126.347664,39.625366,129.10184,126.347664,LSTM
2025-06-15 12:00:00,119.89411302046364,121.20502,75.46036,155.27112,121.20502,LSTM
2025-06-15 13:00:00,123.10570187038778,113.525856,104.27869,155.43439,113.525856,LSTM
2025-06-15 14:00:00,159.66540908813417,158.29568,118.89289,139.61931,158.29568,LSTM
2025-06-15 15:00:00,128.03857612609917,132.1855,111.55116,110.2934,132.1855,LSTM
2025-06-15 16:00:00,24.3185415267943,41.38698,80.167595,73.50495,41.38698,LSTM
2025-06-15 21:00:00,0.0,0.44137082,0.0,0.0,0.44137082,LSTM
2025-06-15 22:00:00,0.0,0.33993173,0.0,0.0,0.33993173,LSTM
2025-06-15 23:00:00,0.0,0.48717967,0.0,0.0,0.48717967,LSTM
2025-06-16 00:00:00,0.0,0.8586624,0.0,0.0,0.8586624,LSTM
2025-06-16 01:00:00,0.0,1.1961911,0.0,0.0,1.1961911,LSTM
2025-06-16 02:00:00,0.0,0.99866074,0.0,0.0,0.99866074,LSTM
2025-06-16 03:00:00,0.0,0.60788816,0.0,0.028963054,0.60788816,LSTM
2025-06-16 04:00:00,0.0,0.008584414,0.0,4.4870853,0.008584414,LSTM
2025-06-16 05:00:00,0.0,0.042883717,0.0,11.393963,0.042883717,LSTM
2025-06-16 06:00:00,0.0,0.9197962,0.27592605,19.835218,0.9197962,LSTM
2025-06-16 07:00:00,3.0784438577565267,9.967003,2.43027,30.908653,9.967003,LSTM
2025-06-16 08:00:00,53.24769557606091,45.74727,27.075624,52.967293,45.74727,LSTM
2025-06-16 09:00:00,112.15058708190992,111.361755,66.36143,85.34011,111.361755,LSTM
2025-06-16 10:00:00,149.35018581814222,131.94084,98.17148,104.51019,131.94084,LSTM
2025-06-16 11:00:00,169.92221485484728,157.42094,41.01022,130.8313,157.42094,LSTM
2025-06-16 12:00:00,178.4240764271127,170.93771,77.32004,160.45424,170.93771,LSTM
2025-06-16 13:00:00,178.05556488037084,174.66658,109.75059,166.86067,174.66658,LSTM
2025-06-16 14:00:00,159.27941131592,156.606,126.48403,150.70438,156.606,LSTM
2025-06-16 15:00:00,129.13788882168726,126.640236,121.05888,121.76436,126.640236,LSTM
2025-06-16 16:00:00,80.89094479878709,77.326004,92.655106,85.54948,77.326004,LSTM
2025-06-16 17:00:00,13.955561220645924,21.155687,48.23484,48.085785,21.155687,LSTM
2025-06-16 20:00:00,0.0,0.88769144,0.0,3.0165267,0.88769144,LSTM
2025-06-16 21:00:00,0.0,0.9347353,0.0,0.0,0.9347353,LSTM
2025-06-16 22:00:00,0.0,0.9477851,0.0,0.0,0.9477851,LSTM
2025-06-16 23:00:00,0.0,1.5483614,0.0,0.0,1.5483614,LSTM
2025-06-17 00:00:00,0.0,1.5005529,0.0,0.0,1.5005529,LSTM
2025-06-17 01:00:00,0.0,1.1610849,0.0,0.0,1.1610849,LSTM
2025-06-17 02:00:00,0.0,0.83862996,0.0,0.0,0.83862996,LSTM
2025-06-17 03:00:00,0.0,0.8200813,0.0,2.0758235,0.8200813,LSTM
2025-06-17 04:00:00,0.0,0.7229695,0.0,7.4896245,0.7229695,LSTM
2025-06-17 05:00:00,0.0,1.7968332,0.0,14.625313,1.7968332,LSTM
2025-06-17 06:00:00,0.0,2.174987,0.67137027,23.004972,2.174987,LSTM
2025-06-17 07:00:00,2.842222730318708,15.656316,5.2969875,34.24833,15.656316,LSTM
2025-06-17 08:00:00,51.49621148542937,38.34359,33.380863,57.431267,38.34359,LSTM
2025-06-17 09:00:00,110.8357211026268,99.52634,69.57336,87.79335,99.52634,LSTM
2025-06-17 10:00:00,151.43308258056624,137.95795,99.61081,104.77541,137.95795,LSTM
2025-06-17 11:00:00,168.49528364701726,177.049,42.427917,131.16643,177.049,LSTM
2025-06-17 12:00:00,176.750155639649,187.27199,81.58912,161.41405,187.27199,LSTM
2025-06-17 13:00:00,176.45824432373,186.956,116.22038,165.80695,186.956,LSTM
2025-06-17 14:00:00,161.73832425204182,159.65953,132.59615,147.18755,159.65953,LSTM
2025-06-17 15:00:00,129.63711201060818,134.40659,126.88716,117.06594,134.40659,LSTM
2025-06-17 16:00:00,78.87542516534982,78.68212,96.300316,79.36633,78.68212,LSTM
2025-06-17 17:00:00,17.5942947104574,21.287394,49.82652,41.035526,21.287394,LSTM
2025-06-17 18:00:00,0.0,2.313167,11.782921,17.911814,2.313167,LSTM
2025-06-17 19:00:00,0.0,0.26730722,0.0,9.492544,0.26730722,LSTM
2025-06-17 20:00:00,0.0,0.4797461,0.0,3.5335186,0.4797461,LSTM
2025-06-17 21:00:00,0.0,0.7280629,0.0,0.0,0.7280629,LSTM
2025-06-17 22:00:00,0.0,0.5856588,0.0,0.0,0.5856588,LSTM
2025-06-17 23:00:00,0.0,0.5037654,0.0,0.0,0.5037654,LSTM
2025-06-18 00:00:00,0.0,0.46516627,0.0,0.0,0.46516627,LSTM
2025-06-18 01:00:00,0.0,0.50986534,0.0,0.0,0.50986534,LSTM
2025-06-18 02:00:00,0.0,0.31612924,0.0,0.0,0.31612924,LSTM
2025-06-18 03:00:00,0.0,0.37098542,0.0,0.13425976,0.37098542,LSTM
2025-06-18 04:00:00,0.0,1.3173895,0.0,5.723263,1.3173895,LSTM
2025-06-18 05:00:00,0.0,1.8323619,0.0,12.013397,1.8323619,LSTM
2025-06-18 06:00:00,0.0,1.8766909,0.97706884,20.458748,1.8766909,LSTM
2025-06-18 07:00:00,2.909038990735965,10.941503,6.2724304,31.453276,10.941503,LSTM
2025-06-18 08:00:00,52.49630043723354,43.61217,35.97281,55.035328,43.61217,LSTM
2025-06-18 09:00:00,112.58265963467728,100.21025,72.56788,86.270424,100.21025,LSTM
2025-06-18 10:00:00,151.779806518555,142.43549,103.1732,105.373634,142.43549,LSTM
2025-06-18 11:00:00,172.69941329956086,164.17288,41.429688,127.11334,164.17288,LSTM
2025-06-18 12:00:00,179.8396384499291,177.62387,78.805984,155.98068,177.62387,LSTM
2025-06-18 13:00:00,169.54608015580635,182.00793,112.924385,159.91637,182.00793,LSTM
2025-06-18 14:00:00,157.93178176879874,135.77681,127.16191,140.22844,135.77681,LSTM
2025-06-18 15:00:00,132.56502741033546,111.199036,118.583855,111.59917,111.199036,LSTM
2025-06-18 16:00:00,83.88729057312051,80.37079,89.50334,76.574524,80.37079,LSTM
2025-06-18 17:00:00,15.31805645227437,13.2395735,44.75143,38.857353,13.2395735,LSTM
2025-06-18 18:00:00,0.0,0.44057292,9.097211,17.282534,0.44057292,LSTM
2025-06-18 19:00:00,0.0,0.47987604,0.0,9.122296,0.47987604,LSTM
2025-06-18 20:00:00,0.0,0.22808039,0.0,3.0075233,0.22808039,LSTM
2025-06-18 21:00:00,0.0,0.7005084,0.0,0.0,0.7005084,LSTM
2025-06-18 22:00:00,0.0,0.8213116,0.0,0.0,0.8213116,LSTM
2025-06-18 23:00:00,0.0,0.75315285,0.0,0.0,0.75315285,LSTM
2025-06-19 00:00:00,0.0,0.6116621,0.0,0.0,0.6116621,LSTM
2025-06-19 01:00:00,0.0,0.6344166,0.0,0.0,0.6344166,LSTM
2025-06-19 02:00:00,0.0,0.46838683,0.0,0.0,0.46838683,LSTM
2025-06-19 03:00:00,0.0,0.19229564,0.0,0.0,0.19229564,LSTM
2025-06-19 04:00:00,0.0,0.74461424,0.0,6.2308784,0.74461424,LSTM
2025-06-19 05:00:00,0.0,0.5144751,0.0,13.311647,0.5144751,LSTM
2025-06-19 06:00:00,0.0,0.59480083,0.83160686,22.485767,0.59480083,LSTM
2025-06-19 07:00:00,3.411404228210438,23.418413,9.910557,35.82893,23.418413,LSTM
2025-06-19 08:00:00,56.03038163618601,45.355236,42.709187,60.96367,45.355236,LSTM
2025-06-19 09:00:00,113.3057250976569,105.61973,78.85089,90.0033,105.61973,LSTM
2025-06-19 10:00:00,148.18013458252,150.05222,109.24165,107.04463,150.05222,LSTM
2025-06-19 11:00:00,168.281864929199,176.21942,42.871532,131.42836,176.21942,LSTM
2025-06-19 12:00:00,177.34516143798874,179.06949,81.25431,159.32722,179.06949,LSTM
2025-06-19 13:00:00,176.14028930664,170.14621,112.88754,162.03224,170.14621,LSTM
2025-06-19 14:00:00,161.66882324218858,152.55426,128.1865,145.44978,152.55426,LSTM
2025-06-19 15:00:00,130.45828108354092,136.91614,123.63281,116.76095,136.91614,LSTM
2025-06-19 16:00:00,82.019755172729,83.35693,95.6161,79.30184,83.35693,LSTM
2025-06-19 17:00:00,15.445720781261684,24.556578,51.130817,40.846313,24.556578,LSTM
2025-06-19 18:00:00,0.0,1.8123217,13.289729,17.350615,1.8123217,LSTM
2025-06-19 19:00:00,0.0,0.01694147,0.0,8.872989,0.01694147,LSTM
2025-06-19 20:00:00,0.0,0.0,0.0,2.760047,0.0,LSTM
2025-06-19 21:00:00,0.0,0.14441827,0.0,0.0,0.14441827,LSTM
2025-06-19 22:00:00,0.0,0.3516072,0.0,0.0,0.3516072,LSTM
2025-06-19 23:00:00,0.0,0.41878924,0.0,0.0,0.41878924,LSTM
2025-06-20 00:00:00,0.0,0.5054747,0.0,0.0,0.5054747,LSTM
2025-06-20 01:00:00,0.0,0.45980987,0.0,0.0,0.45980987,LSTM
2025-06-20 02:00:00,0.0,0.39090055,0.0,0.0,0.39090055,LSTM
2025-06-20 03:00:00,0.0,0.733399,0.0,0.0,0.733399,LSTM
2025-06-20 04:00:00,0.0,0.3911377,0.0,4.2152395,0.3911377,LSTM
2025-06-20 05:00:00,0.0,0.81218445,0.0,11.257441,0.81218445,LSTM
2025-06-20 06:00:00,0.0,2.0140805,0.52260244,20.611782,2.0140805,LSTM
2025-06-20 07:00:00,2.904567285017564,17.481573,6.7239246,32.337048,17.481573,LSTM
2025-06-20 08:00:00,52.126083374023366,41.99077,37.151817,57.3509,41.99077,LSTM
2025-06-20 09:00:00,111.25716192072092,108.02052,75.29895,89.963425,108.02052,LSTM
2025-06-20 10:00:00,146.87300664728272,147.65245,108.37753,109.04175,147.65245,LSTM
2025-06-20 11:00:00,170.6278228759757,149.36374,41.056133,127.473145,149.36374,LSTM
2025-06-20 12:00:00,179.27784093220916,162.14041,77.12684,155.55685,162.14041,LSTM
2025-06-20 13:00:00,174.68565368652222,171.62563,110.36247,160.87514,171.62563,LSTM
2025-06-20 14:00:00,158.957609558106,151.94696,127.327446,143.36574,151.94696,LSTM
2025-06-20 15:00:00,126.95786176409,94.59469,119.26064,113.817444,94.59469,LSTM
2025-06-20 16:00:00,77.20487022399962,67.27179,89.76602,79.97897,67.27179,LSTM
2025-06-20 17:00:00,9.89580713253895,24.581816,46.133595,44.12893,24.581816,LSTM
2025-06-20 18:00:00,0.0,2.388502,10.6171665,18.589205,2.388502,LSTM
2025-06-20 19:00:00,0.0,0.58088976,0.0,10.284329,0.58088976,LSTM
2025-06-20 20:00:00,0.0,0.43421668,0.0,4.1995616,0.43421668,LSTM
2025-06-20 21:00:00,0.0,0.31784165,0.0,0.0,0.31784165,LSTM
2025-06-20 22:00:00,0.0,0.731775,0.0,0.0,0.731775,LSTM
2025-06-20 23:00:00,0.0,0.78510815,0.0,0.0,0.78510815,LSTM
2025-06-21 00:00:00,0.0,1.0457093,0.0,0.0,1.0457093,LSTM
2025-06-21 01:00:00,0.0,0.8360018,0.0,0.0,0.8360018,LSTM
2025-06-21 02:00:00,0.0,1.007986,0.0,0.0,1.007986,LSTM
2025-06-21 03:00:00,0.0,0.90577126,0.0,0.30139774,0.90577126,LSTM
2025-06-21 04:00:00,0.0,1.176539,0.0,5.5522556,1.176539,LSTM
2025-06-21 05:00:00,0.0,0.66198283,0.0,12.029431,0.66198283,LSTM
2025-06-21 06:00:00,0.0,0.0,0.7031111,21.2132,0.0,LSTM
2025-06-21 07:00:00,3.007447779178572,3.7136467,5.300132,31.38186,3.7136467,LSTM
2025-06-21 08:00:00,54.591661877102325,42.53161,34.05192,55.79992,42.53161,LSTM
2025-06-21 09:00:00,107.2062120437615,96.32395,70.331116,86.11869,96.32395,LSTM
2025-06-21 10:00:00,143.26753425598,138.54196,100.29446,103.75129,138.54196,LSTM
2025-06-21 12:00:00,176.78175862630223,179.88649,80.47648,161.94206,179.88649,LSTM
2025-06-21 14:00:00,158.28869192940857,158.64859,126.56589,153.06187,158.64859,LSTM
2025-06-21 16:00:00,80.59813139173778,78.77004,91.440285,88.32786,78.77004,LSTM
2025-06-21 18:00:00,0.0,2.8349347,9.142412,19.692474,2.8349347,LSTM
2025-06-21 23:00:00,0.0,1.5692079,0.0,0.0,1.5692079,LSTM
2025-06-22 00:00:00,0.0,1.2278458,0.0,0.0,1.2278458,LSTM
2025-06-22 01:00:00,0.0,0.653607,0.0,0.0,0.653607,LSTM
2025-06-22 02:00:00,0.0,0.5438414,0.0,0.0,0.5438414,LSTM
2025-06-22 03:00:00,0.0,0.23758246,0.0,0.6148116,0.23758246,LSTM
2025-06-22 04:00:00,0.0,0.2759194,0.0,6.111228,0.2759194,LSTM
2025-06-22 05:00:00,0.0,0.6053759,0.0,12.148899,0.6053759,LSTM
2025-06-22 06:00:00,0.0,0.0,1.1489896,21.362137,0.0,LSTM
2025-06-22 07:00:00,2.783455646038022,13.110496,4.4959607,33.11878,13.110496,LSTM
2025-06-22 08:00:00,47.82467540105174,31.50438,32.605247,57.69928,31.50438,LSTM
2025-06-22 09:00:00,106.83478101094592,104.59984,70.88096,86.7059,104.59984,LSTM
2025-06-22 10:00:00,145.17189996892728,153.30507,104.43415,103.672264,153.30507,LSTM
2025-06-22 11:00:00,166.08922729492102,168.72726,41.795773,129.37022,168.72726,LSTM
2025-06-22 12:00:00,175.52534702846,159.96957,75.804276,153.55203,159.96957,LSTM
2025-06-22 14:00:00,154.276698303223,143.95215,119.670296,137.89052,143.95215,LSTM
2025-06-22 15:00:00,124.97301673889125,89.81346,109.72304,108.40136,89.81346,LSTM
2025-06-22 16:00:00,75.0283790588383,64.94915,80.99653,74.37524,64.94915,LSTM
2025-06-22 17:00:00,12.740644754333958,11.011768,39.06031,37.641655,11.011768,LSTM
2025-06-22 18:00:00,0.0,0.0,4.283257,16.895945,0.0,LSTM
2025-06-23 00:00:00,0.0,0.40601337,0.0,0.0,0.40601337,LSTM
2025-06-23 01:00:00,0.0,0.3909608,0.0,0.0,0.3909608,LSTM
2025-06-23 02:00:00,0.0,0.31453264,0.0,0.0,0.31453264,LSTM
2025-06-23 03:00:00,0.0,0.8791677,0.0,2.5287387,0.8791677,LSTM
2025-06-23 06:00:00,0.0,0.6671154,1.733859,20.256735,0.6671154,LSTM
2025-06-23 07:00:00,4.117696762084955,1.5644697,9.306849,30.505379,1.5644697,LSTM
2025-06-23 08:00:00,50.2227705001831,33.355587,38.491158,53.887146,33.355587,LSTM
2025-06-23 09:00:00,107.74391810099358,103.5529,74.023186,83.7326,103.5529,LSTM
2025-06-23 10:00:00,144.21985279429907,147.9515,104.67215,101.09817,147.9515,LSTM
2025-06-23 11:00:00,164.3390998840325,175.43161,42.341156,132.9616,175.43161,LSTM
2025-06-23 12:00:00,174.29244867960747,175.85106,79.11711,159.95695,175.85106,LSTM
2025-06-23 13:00:00,171.69275919596248,178.56711,112.134224,163.19044,178.56711,LSTM
2025-06-23 14:00:00,154.988760375975,149.6697,126.8228,142.95264,149.6697,LSTM
2025-06-23 15:00:00,126.313182067871,120.0083,118.95487,112.569756,120.0083,LSTM
2025-06-23 16:00:00,75.92574206265546,73.17195,88.819244,76.027824,73.17195,LSTM
2025-06-23 17:00:00,15.145945249746267,15.465627,43.638885,38.226437,15.465627,LSTM
2025-06-23 18:00:00,0.0,0.0,7.026378,17.361164,0.0,LSTM
2025-06-23 20:00:00,0.0,0.17250496,0.0,4.2513785,0.17250496,LSTM
2025-06-23 21:00:00,0.0,0.25574917,0.0,0.4055565,0.25574917,LSTM
2025-06-23 23:00:00,0.0,0.5700568,0.0,0.0,0.5700568,LSTM
2025-06-24 00:00:00,0.0,0.52849066,0.0,0.0,0.52849066,LSTM
2025-06-24 02:00:00,0.0,0.42294115,0.0,0.0,0.42294115,LSTM
2025-06-24 03:00:00,0.0,0.17808363,0.0,0.0,0.17808363,LSTM
2025-06-24 04:00:00,0.0,0.0015171523,0.0,4.576031,0.0015171523,LSTM
2025-06-24 05:00:00,0.0,0.41019267,0.0,10.404307,0.41019267,LSTM
2025-06-24 06:00:00,0.0,1.8832134,0.5888281,19.208258,1.8832134,LSTM
2025-06-24 07:00:00,2.602237448096295,7.261355,5.5259104,30.119427,7.261355,LSTM
2025-06-24 08:00:00,51.31244103113833,44.57921,36.49486,54.390774,44.57921,LSTM
2025-06-24 09:00:00,112.093599319457,96.346924,76.38597,86.2922,96.346924,LSTM
2025-06-24 10:00:00,155.83495657784573,150.21521,111.58855,106.04235,150.21521,LSTM
2025-06-24 11:00:00,173.06433614095,178.5059,43.349186,133.6442,178.5059,LSTM
2025-06-24 12:00:00,181.97517672452,178.14604,81.420525,163.30675,178.14604,LSTM
2025-06-24 13:00:00,177.41818110148083,182.90282,116.19906,170.77176,182.90282,LSTM
2025-06-24 14:00:00,159.273747253419,167.60417,135.06482,154.12228,167.60417,LSTM
2025-06-24 15:00:00,128.9223799272,141.33366,132.5607,123.78726,141.33366,LSTM
2025-06-24 16:00:00,85.2073463439933,85.03758,104.00155,84.929855,85.03758,LSTM
2025-06-24 17:00:00,15.114411592483568,23.299711,57.58063,45.476482,23.299711,LSTM
2025-06-24 18:00:00,0.0,1.1157871,17.196625,18.084902,1.1157871,LSTM
2025-06-24 19:00:00,0.0,0.0,0.0,9.542154,0.0,LSTM
2025-06-24 20:00:00,0.0,0.13903446,0.0,3.482899,0.13903446,LSTM
2025-06-24 21:00:00,0.0,0.52623194,0.0,0.0,0.52623194,LSTM
2025-06-24 22:00:00,0.0,0.5067191,0.0,0.0,0.5067191,LSTM
2025-06-24 23:00:00,0.0,0.56785756,0.0,0.0,0.56785756,LSTM
2025-06-25 00:00:00,0.0,0.53753644,0.0,0.0,0.53753644,LSTM
2025-06-25 01:00:00,0.0,0.4623331,0.0,0.0,0.4623331,LSTM
2025-06-25 02:00:00,0.0,0.40878236,0.0,0.0,0.40878236,LSTM
2025-06-25 03:00:00,0.0,0.2988344,0.0,0.0,0.2988344,LSTM
2025-06-25 04:00:00,0.0,0.6963221,0.0,4.5083923,0.6963221,LSTM
2025-06-25 05:00:00,0.0,1.5683641,0.0,10.169488,1.5683641,LSTM
2025-06-25 06:00:00,0.0,1.5848811,0.82154524,18.316216,1.5848811,LSTM
2025-06-25 07:00:00,2.4841551507512385,1.8000873,7.287219,29.299759,1.8000873,LSTM
2025-06-25 08:00:00,52.37226295471192,49.160995,39.669434,52.721737,49.160995,LSTM
2025-06-25 09:00:00,109.34035908092028,102.48424,77.72195,84.10576,102.48424,LSTM
2025-06-25 10:00:00,152.52305263943222,133.46428,107.842964,103.72309,133.46428,LSTM
2025-06-25 11:00:00,173.72674102783202,148.2938,40.88124,122.60043,148.2938,LSTM
2025-06-25 12:00:00,182.23364868164,175.26802,78.12018,153.11703,175.26802,LSTM
2025-06-25 13:00:00,177.37909240722598,178.53423,111.02018,159.65385,178.53423,LSTM
2025-06-25 14:00:00,160.91058688693667,149.92578,127.0757,144.73166,149.92578,LSTM
2025-06-25 15:00:00,130.1154965487409,134.14285,122.39805,118.417534,134.14285,LSTM
2025-06-25 16:00:00,84.6277633666993,84.6215,95.009735,83.43108,84.6215,LSTM
2025-06-25 17:00:00,15.91854725943671,20.2173,50.494717,46.088226,20.2173,LSTM
2025-06-25 18:00:00,0.0,3.6640627,13.821041,20.160843,3.6640627,LSTM
2025-06-25 19:00:00,0.0,1.4192536,0.0,11.364391,1.4192536,LSTM
2025-06-25 20:00:00,0.0,0.56317735,0.0,4.5258484,0.56317735,LSTM
2025-06-25 21:00:00,0.0,1.1484507,0.0,0.0,1.1484507,LSTM
2025-06-25 22:00:00,0.0,0.8979722,0.0,0.0,0.8979722,LSTM
2025-06-25 23:00:00,0.0,0.974661,0.0,0.0,0.974661,LSTM
2025-06-26 00:00:00,0.0,0.9422596,0.0,0.0,0.9422596,LSTM
2025-06-26 01:00:00,0.0,0.9365855,0.0,0.0,0.9365855,LSTM
2025-06-26 02:00:00,0.0,0.924208,0.0,0.0,0.924208,LSTM
2025-06-26 03:00:00,0.0,0.73417455,0.0,0.0,0.73417455,LSTM
2025-06-26 04:00:00,0.0,0.24378099,0.0,3.6746838,0.24378099,LSTM
2025-06-26 05:00:00,0.0,0.9912123,0.0,10.871787,0.9912123,LSTM
2025-06-26 06:00:00,0.0,1.4849846,0.43195367,20.209026,1.4849846,LSTM
2025-06-26 07:00:00,1.6472679111692634,16.711761,4.9213333,31.492577,16.711761,LSTM
2025-06-26 08:00:00,48.740930398305245,38.169384,32.47045,54.602848,38.169384,LSTM
2025-06-26 09:00:00,106.4867990667171,102.690605,69.65973,87.27508,102.690605,LSTM
2025-06-26 10:00:00,143.211627960205,147.0241,102.32402,107.918976,147.0241,LSTM
2025-06-26 11:00:00,159.5608997344975,156.12376,41.25126,123.49973,156.12376,LSTM
2025-06-26 12:00:00,180.9921805641873,172.79683,77.79713,152.80756,172.79683,LSTM
2025-06-26 13:00:00,177.15341949462834,177.52905,110.05771,158.81064,177.52905,LSTM
2025-06-26 14:00:00,159.484530639648,167.12454,127.422714,143.92812,167.12454,LSTM
2025-06-26 15:00:00,127.36740528453548,130.98868,121.5402,115.33699,130.98868,LSTM
2025-06-26 16:00:00,81.0911132812502,79.17576,92.16084,79.809265,79.17576,LSTM
2025-06-26 17:00:00,16.47727890448131,15.454939,45.954723,42.879745,15.454939,LSTM
2025-06-26 18:00:00,0.0,1.8792106,9.322793,18.614777,1.8792106,LSTM
2025-06-26 19:00:00,0.0,0.29107293,0.0,10.282651,0.29107293,LSTM
2025-06-26 20:00:00,0.0,0.3409938,0.0,4.364361,0.3409938,LSTM
2025-06-26 21:00:00,0.0,1.138551,0.0,0.17170139,1.138551,LSTM
2025-06-26 22:00:00,0.0,0.9187013,0.0,0.0,0.9187013,LSTM
2025-06-26 23:00:00,0.0,0.93592566,0.0,0.0,0.93592566,LSTM
2025-06-27 00:00:00,0.0,1.1809014,0.0,0.0,1.1809014,LSTM
2025-06-27 01:00:00,0.0,1.2822629,0.0,0.0,1.2822629,LSTM
2025-06-27 02:00:00,0.0,1.0499465,0.0,0.18992129,1.0499465,LSTM
2025-06-27 03:00:00,0.0,1.3164207,0.0,3.4086761,1.3164207,LSTM
2025-06-27 04:00:00,0.0,1.5693111,0.0,8.641874,1.5693111,LSTM
2025-06-27 05:00:00,0.0,1.8232144,0.0,15.179994,1.8232144,LSTM
2025-06-27 06:00:00,0.0,2.2163546,1.4051319,22.870995,2.2163546,LSTM
2025-06-27 07:00:00,0.657362870872021,8.353419,6.791036,32.986492,8.353419,LSTM
2025-06-27 08:00:00,14.482291828502357,39.73235,35.03646,55.129784,39.73235,LSTM
2025-06-27 09:00:00,58.57021383805699,77.05839,68.80143,82.05212,77.05839,LSTM
2025-06-27 10:00:00,118.51997979481968,133.80351,95.85036,98.36122,133.80351,LSTM
2025-06-27 11:00:00,173.2234706878675,163.07698,41.50746,122.44657,163.07698,LSTM
2025-06-27 12:00:00,182.6862834583627,182.37572,79.35076,150.84608,182.37572,LSTM
2025-06-27 13:00:00,179.2716591574927,180.55945,111.581345,154.69249,180.55945,LSTM
2025-06-27 14:00:00,162.26735382080102,160.69955,127.52357,139.19138,160.69955,LSTM
2025-06-27 15:00:00,131.07981300354166,141.06921,122.25522,111.25095,141.06921,LSTM
2025-06-27 16:00:00,81.48803075154642,84.15065,93.5248,75.32599,84.15065,LSTM
2025-06-27 17:00:00,16.74434319138517,22.531645,48.6808,38.40261,22.531645,LSTM
2025-06-27 18:00:00,0.0,1.7964696,11.693666,17.28054,1.7964696,LSTM
2025-06-27 19:00:00,0.0,1.4592199,0.0,9.2725525,1.4592199,LSTM
2025-06-27 20:00:00,0.0,0.6504639,0.0,3.0507112,0.6504639,LSTM
2025-06-27 21:00:00,0.0,0.585784,0.0,0.0,0.585784,LSTM
2025-06-27 22:00:00,0.0,0.47136244,0.0,0.0,0.47136244,LSTM
2025-06-27 23:00:00,0.0,0.43490854,0.0,0.0,0.43490854,LSTM
2025-06-28 00:00:00,0.0,0.6129151,0.0,0.0,0.6129151,LSTM
2025-06-28 01:00:00,0.0,0.39502975,0.0,0.0,0.39502975,LSTM
2025-06-28 02:00:00,0.0,0.0651045,0.0,0.0,0.0651045,LSTM
2025-06-28 03:00:00,0.0,0.023572017,0.0,0.0,0.023572017,LSTM
2025-06-28 04:00:00,0.0,0.18956578,0.0,2.849191,0.18956578,LSTM
2025-06-28 05:00:00,0.0,0.06363392,0.0,8.086359,0.06363392,LSTM
2025-06-28 06:00:00,0.0,1.4890857,0.9220522,17.127592,1.4890857,LSTM
2025-06-28 07:00:00,3.0693428946865646,14.7768545,5.306027,27.683838,14.7768545,LSTM
2025-06-28 08:00:00,52.67132625579821,44.377537,34.701515,48.139946,44.377537,LSTM
2025-06-28 09:00:00,108.512801170349,80.574684,71.79194,79.607895,80.574684,LSTM
2025-06-28 10:00:00,154.24038418856637,131.81526,102.43993,99.36441,131.81526,LSTM
2025-06-28 11:00:00,179.5462438409982,184.09073,43.495117,130.3919,184.09073,LSTM
2025-06-28 12:00:00,186.16784413655583,193.94658,84.339264,161.42653,193.94658,LSTM
2025-06-28 13:00:00,183.90030415852837,191.94077,120.66154,166.4791,191.94077,LSTM
2025-06-28 14:00:00,164.80620320638,166.6756,138.95346,148.87263,166.6756,LSTM
2025-06-28 15:00:00,132.2017898559567,129.93619,133.36673,118.76312,129.93619,LSTM
2025-06-28 16:00:00,90.5057464599604,90.54722,103.827484,82.11895,90.54722,LSTM
2025-06-28 17:00:00,12.051922962069575,22.0868,56.85509,43.07798,22.0868,LSTM
2025-06-28 18:00:00,0.0,3.0209856,17.469988,18.983742,3.0209856,LSTM
2025-06-28 19:00:00,0.0,1.0806481,0.0,10.218125,1.0806481,LSTM
2025-06-28 20:00:00,0.0,0.29522878,0.0,3.6998177,0.29522878,LSTM
2025-06-28 21:00:00,0.0,0.17708263,0.0,0.0,0.17708263,LSTM
2025-06-28 22:00:00,0.0,0.35845533,0.0,0.0,0.35845533,LSTM
2025-06-28 23:00:00,0.0,0.8005105,0.0,0.0,0.8005105,LSTM
2025-06-29 00:00:00,0.0,0.84585375,0.0,0.0,0.84585375,LSTM
2025-06-29 01:00:00,0.0,0.7435467,0.0,0.0,0.7435467,LSTM
2025-06-29 02:00:00,0.0,0.4988144,0.0,0.0,0.4988144,LSTM
2025-06-29 03:00:00,0.0,0.26240474,0.0,0.0,0.26240474,LSTM
2025-06-29 04:00:00,0.0,0.173657,0.0,3.6246855,0.173657,LSTM
2025-06-29 05:00:00,0.0,0.6103699,0.0,10.258947,0.6103699,LSTM
2025-06-29 06:00:00,0.0,0.940134,0.21318476,19.65656,0.940134,LSTM
2025-06-29 07:00:00,2.76867588029966,17.259571,5.33102,32.421314,17.259571,LSTM
2025-06-29 08:00:00,51.832368135452,50.246983,38.768726,57.372787,50.246983,LSTM
2025-06-29 09:00:00,113.3841826121025,102.51692,77.92258,87.56122,102.51692,LSTM
2025-06-29 10:00:00,151.72116960798002,108.61292,106.47291,105.200676,108.61292,LSTM
2025-06-29 11:00:00,176.93834877014126,168.62047,42.39105,125.178535,168.62047,LSTM
2025-06-29 12:00:00,187.732095336915,182.74619,81.274124,155.72136,182.74619,LSTM
2025-06-29 13:00:00,182.81114387512125,179.85583,115.027275,161.67502,179.85583,LSTM
2025-06-29 14:00:00,168.89386749267624,171.24055,134.14497,147.72098,171.24055,LSTM
2025-06-29 15:00:00,133.435611724854,123.08877,129.19356,118.633965,123.08877,LSTM
2025-06-29 16:00:00,83.6913053339181,79.12778,99.803925,83.50775,79.12778,LSTM
2025-06-29 17:00:00,17.086731347772695,18.017221,53.411297,46.159557,18.017221,LSTM
2025-06-29 18:00:00,0.0,0.15835595,14.777133,19.69598,0.15835595,LSTM
2025-06-29 20:00:00,0.0,0.9649813,0.0,4.2423844,0.9649813,LSTM
2025-06-29 21:00:00,0.0,1.1982815,0.0,0.0,1.1982815,LSTM
2025-06-29 23:00:00,0.0,0.8532685,0.0,0.0,0.8532685,LSTM
2025-06-30 00:00:00,0.0,1.2364658,0.0,0.0,1.2364658,LSTM
2025-06-30 01:00:00,0.0,1.2724619,0.0,0.0,1.2724619,LSTM
2025-06-30 02:00:00,0.0,1.7161771,0.0,0.0,1.7161771,LSTM
2025-06-30 03:00:00,0.0,1.3768328,0.0,0.0,1.3768328,LSTM
2025-06-30 04:00:00,0.0,0.0,0.0,3.9303825,0.0,LSTM
2025-06-30 05:00:00,0.0,1.0485252,0.0,10.670227,1.0485252,LSTM
2025-06-30 06:00:00,0.0,1.4533314,1.0662384,19.60974,1.4533314,LSTM
2025-06-30 07:00:00,2.476740685376282,8.112992,6.1214776,31.003876,8.112992,LSTM
2025-06-30 08:00:00,50.20971714366555,49.55325,34.687588,55.79421,49.55325,LSTM
2025-06-30 09:00:00,113.42577044169283,98.72451,70.861244,85.58872,98.72451,LSTM
2025-06-30 10:00:00,154.78839280870113,141.5022,100.73577,104.3109,141.5022,LSTM
2025-06-30 11:00:00,175.09301147461002,169.20914,41.944157,125.03314,169.20914,LSTM
2025-06-30 12:00:00,188.18819496848272,186.88077,80.745575,155.92664,186.88077,LSTM
2025-06-30 13:00:00,180.652780532835,176.66266,113.14112,161.22522,176.66266,LSTM
2025-06-30 14:00:00,163.4876437717011,164.00865,130.32065,147.6887,164.00865,LSTM
2025-06-30 15:00:00,129.32361857096222,133.36307,125.650215,120.53695,133.36307,LSTM
2025-06-30 16:00:00,92.50466325547931,92.29684,98.55477,86.085236,92.29684,LSTM
2025-06-30 17:00:00,18.13918310403824,19.394114,53.898167,48.656612,19.394114,LSTM
2025-06-30 18:00:00,0.0,0.0,15.329642,19.490616,0.0,LSTM
2025-06-30 19:00:00,0.0,0.930466,0.0,11.074736,0.930466,LSTM
2025-06-30 20:00:00,0.0,1.3033684,0.0,4.4963613,1.3033684,LSTM
2025-06-30 21:00:00,0.0,1.6440551,0.0,0.0,1.6440551,LSTM
2025-06-30 22:00:00,0.0,1.6480418,0.0,0.0,1.6480418,LSTM
2025-06-30 23:00:00,0.0,1.7738986,0.0,0.0,1.7738986,LSTM
2025-07-01 00:00:00,0.0,1.5229505,0.0,0.0,1.5229505,LSTM
2025-07-01 01:00:00,0.0,1.0376652,0.0,0.0,1.0376652,LSTM
2025-07-01 02:00:00,0.0,0.5591624,0.0,0.0,0.5591624,LSTM
2025-07-01 03:00:00,0.0,0.37831017,0.0,1.4214592,0.37831017,LSTM
2025-07-01 05:00:00,0.0,0.0,0.0,14.359489,0.0,LSTM
2025-07-01 06:00:00,0.0,1.1229937,0.23362269,23.545832,1.1229937,LSTM
2025-07-01 07:00:00,2.4953358338939244,7.975419,7.63367,35.011597,7.975419,LSTM
2025-07-01 08:00:00,51.35957111011855,51.93224,39.76382,61.563976,51.93224,LSTM
2025-07-01 09:00:00,112.28875177556644,115.42845,77.222015,91.8465,115.42845,LSTM
2025-07-01 10:00:00,153.95232476128444,167.1802,110.06165,111.13233,167.1802,LSTM
2025-07-01 11:00:00,173.822393798828,176.03027,42.192387,120.66609,176.03027,LSTM
2025-07-01 12:00:00,181.40042304992625,169.61122,77.365234,147.21925,169.61122,LSTM
2025-07-01 13:00:00,176.94770982530224,167.45041,107.14372,151.87277,167.45041,LSTM
2025-07-01 14:00:00,160.779296875,157.76083,122.63384,138.9988,157.76083,LSTM
2025-07-01 15:00:00,131.337065887451,132.77168,117.206894,113.50659,132.77168,LSTM
2025-07-01 16:00:00,80.52830632527633,76.09968,90.06904,79.96743,76.09968,LSTM
2025-07-01 17:00:00,12.7712423056364,27.143744,47.846485,44.318592,27.143744,LSTM
2025-07-01 18:00:00,0.0,1.8614736,11.431919,20.540688,1.8614736,LSTM
2025-07-01 19:00:00,0.0,0.0,0.0,11.575298,0.0,LSTM
2025-07-01 20:00:00,0.0,0.2581777,0.0,4.9228578,0.2581777,LSTM
2025-07-01 21:00:00,0.0,0.3778977,0.0,0.0,0.3778977,LSTM
2025-07-01 22:00:00,0.0,0.28154114,0.0,0.0,0.28154114,LSTM
2025-07-01 23:00:00,0.0,0.69601995,0.0,0.0,0.69601995,LSTM
2025-07-02 00:00:00,0.0,0.7025237,0.0,0.0,0.7025237,LSTM
2025-07-02 01:00:00,0.0,0.71943974,0.0,0.0,0.71943974,LSTM
2025-07-02 02:00:00,0.0,0.42148307,0.0,0.0,0.42148307,LSTM
2025-07-02 03:00:00,0.0,0.22846624,0.0,3.1864588,0.22846624,LSTM
2025-07-02 04:00:00,0.0,0.93086904,0.0,7.8514934,0.93086904,LSTM
2025-07-02 05:00:00,0.0,1.1348867,0.0,13.620744,1.1348867,LSTM
2025-07-02 06:00:00,0.0,1.7335393,0.49517396,23.928986,1.7335393,LSTM
2025-07-02 07:00:00,2.4224729050289047,9.300141,10.637608,35.19328,9.300141,LSTM
2025-07-02 08:00:00,47.7243362426758,45.18467,40.90182,59.85396,45.18467,LSTM
2025-07-02 09:00:00,113.03570365905787,108.59895,77.98197,91.767006,108.59895,LSTM
2025-07-02 10:00:00,151.9974587180391,152.45607,109.25742,111.29863,152.45607,LSTM
2025-07-02 11:00:00,172.44583977593112,178.10385,42.58935,126.28426,178.10385,LSTM
2025-07-02 12:00:00,180.560816955567,191.9468,82.391396,156.55185,191.9468,LSTM
2025-07-02 13:00:00,175.10698276095778,176.46277,114.40903,161.44362,176.46277,LSTM
2025-07-02 15:00:00,132.00264994303498,136.5102,125.54217,121.80592,136.5102,LSTM
2025-07-02 16:00:00,85.04186040704836,85.83258,96.666855,87.357056,85.83258,LSTM
2025-07-02 17:00:00,16.885939657688127,19.742119,50.98736,50.533333,19.742119,LSTM
2025-07-02 20:00:00,0.0,0.9032942,0.0,7.2013397,0.9032942,LSTM
2025-07-02 21:00:00,0.0,0.6063581,0.0,2.7144377,0.6063581,LSTM
2025-07-02 22:00:00,0.0,0.65374553,0.0,0.0,0.65374553,LSTM
2025-07-02 23:00:00,0.0,0.7327908,0.0,0.0,0.7327908,LSTM
2025-07-03 00:00:00,0.0,0.6871722,0.0,0.0,0.6871722,LSTM
2025-07-03 01:00:00,0.0,0.92768526,0.0,0.0,0.92768526,LSTM
2025-07-03 02:00:00,0.0,0.8299363,0.0,1.1393828,0.8299363,LSTM
2025-07-03 03:00:00,0.0,0.72600067,0.0,4.1914563,0.72600067,LSTM
2025-07-03 04:00:00,0.0,1.1565909,0.0,8.652484,1.1565909,LSTM
2025-07-03 05:00:00,0.0,0.56397563,0.0,15.564884,0.56397563,LSTM
2025-07-03 06:00:00,0.0,1.3555574,1.9215132,23.773844,1.3555574,LSTM
2025-07-03 07:00:00,3.158978594673959,9.544887,10.674918,36.18134,9.544887,LSTM
2025-07-03 08:00:00,47.839496959339456,44.43439,42.755775,59.8729,44.43439,LSTM
2025-07-03 09:00:00,110.71330871582062,97.375336,80.11006,88.684494,97.375336,LSTM
2025-07-03 10:00:00,150.22070566813082,143.54199,110.9202,105.72876,143.54199,LSTM
2025-07-03 11:00:00,168.73856099446584,173.26447,42.78941,129.8942,173.26447,LSTM
2025-07-03 12:00:00,180.3325670030389,173.00912,79.67815,158.58397,173.00912,LSTM
2025-07-03 14:00:00,160.3933133212,166.40945,128.60406,156.8148,166.40945,LSTM
2025-07-03 15:00:00,128.31260850694446,133.55617,125.48103,130.08969,133.55617,LSTM
2025-07-03 16:00:00,86.24657544222809,86.74809,98.10246,96.30842,86.74809,LSTM
2025-07-03 17:00:00,8.152667582035,26.716751,53.64345,60.649017,26.716751,LSTM
2025-07-03 19:00:00,0.0,0.97875816,0.0,13.519605,0.97875816,LSTM
2025-07-03 20:00:00,0.0,0.9482781,0.0,7.2230954,0.9482781,LSTM
2025-07-03 21:00:00,0.0,0.8242011,0.0,2.6853657,0.8242011,LSTM
2025-07-03 22:00:00,0.0,1.0249771,0.0,0.0,1.0249771,LSTM
2025-07-03 23:00:00,0.0,1.3370041,0.0,0.0,1.3370041,LSTM
2025-07-04 01:00:00,0.0,1.5380399,0.0,0.0,1.5380399,LSTM
2025-07-04 02:00:00,0.0,1.696827,0.0,0.26779813,1.696827,LSTM
2025-07-04 03:00:00,0.0,1.4186181,0.0,4.5467567,1.4186181,LSTM
2025-07-04 04:00:00,0.0,1.6175328,0.0,10.783968,1.6175328,LSTM
2025-07-04 05:00:00,0.0,1.6311541,1.1632923,17.485384,1.6311541,LSTM
2025-07-04 06:00:00,0.0,0.0,3.2967827,24.819313,0.0,LSTM
2025-07-04 07:00:00,2.3148369138891294,14.018142,14.019367,40.280647,14.018142,LSTM
2025-07-04 08:00:00,47.81126681241118,37.066498,46.50415,61.476833,37.066498,LSTM
2025-07-04 09:00:00,113.68576431274492,118.48769,82.15888,86.10308,118.48769,LSTM
2025-07-04 10:00:00,149.08336830139126,163.11539,111.86939,99.61868,163.11539,LSTM
2025-07-04 11:00:00,171.42605590820335,181.88864,42.540417,132.17049,181.88864,LSTM
2025-07-04 12:00:00,180.43021011352585,185.63379,79.8581,161.1747,185.63379,LSTM
2025-07-04 13:00:00,177.36690868030908,187.21007,112.99642,168.62096,187.21007,LSTM
2025-07-04 14:00:00,162.231143188477,164.8369,129.05615,153.42976,164.8369,LSTM
2025-07-04 15:00:00,132.36012822931636,134.23781,123.45989,126.890434,134.23781,LSTM
2025-07-04 16:00:00,83.60810597737617,87.798225,95.24324,93.39373,87.798225,LSTM
2025-07-04 17:00:00,18.658671448628123,20.07801,50.856953,57.21841,20.07801,LSTM
2025-07-04 18:00:00,0.0,2.6183007,12.288992,24.886786,2.6183007,LSTM
2025-07-04 19:00:00,0.0,0.8595958,0.0,14.814108,0.8595958,LSTM
2025-07-04 20:00:00,0.0,0.5822598,0.0,8.399648,0.5822598,LSTM
2025-07-04 21:00:00,0.0,0.30219507,0.0,3.4631982,0.30219507,LSTM
2025-07-04 23:00:00,0.0,0.5121217,0.0,0.0,0.5121217,LSTM
2025-07-05 00:00:00,0.0,0.4876187,0.0,0.0,0.4876187,LSTM
2025-07-05 01:00:00,0.0,0.22959012,0.0,0.0,0.22959012,LSTM
2025-07-05 02:00:00,0.0,0.0,0.0,0.0,0.0,LSTM
2025-07-05 03:00:00,0.0,0.0,0.0,0.42609146,0.0,LSTM
2025-07-05 04:00:00,0.0,0.0,0.0,4.5396824,0.0,LSTM
2025-07-05 05:00:00,0.0,0.09732511,0.0,10.703041,0.09732511,LSTM
2025-07-05 06:00:00,0.0,0.43358195,0.0,18.345806,0.43358195,LSTM
2025-07-05 07:00:00,2.1968632688124785,2.8493447,10.434613,28.78725,2.8493447,LSTM
2025-07-05 08:00:00,48.58298778533933,38.30135,43.69272,51.552658,38.30135,LSTM
2025-07-05 09:00:00,108.42722256978315,100.43071,83.098656,81.96051,100.43071,LSTM
2025-07-05 10:00:00,148.15134684244833,155.94284,116.60393,102.29121,155.94284,LSTM
2025-07-05 11:00:00,169.7422574361175,185.57494,42.820854,130.9877,185.57494,LSTM
2025-07-05 12:00:00,177.56460189819248,196.15071,81.98453,162.17303,196.15071,LSTM
2025-07-05 13:00:00,172.86945597330586,194.80957,116.85882,168.71283,194.80957,LSTM
2025-07-05 14:00:00,159.67193476359083,176.74646,135.5741,152.17657,176.74646,LSTM
2025-07-05 15:00:00,132.541898091635,146.02116,131.45882,121.57618,146.02116,LSTM
2025-07-05 16:00:00,84.55377610524475,89.44956,101.67874,82.50505,89.44956,LSTM
2025-07-05 17:00:00,19.644706447919308,18.150383,53.33338,41.5424,18.150383,LSTM
2025-07-05 18:00:00,0.0,0.0,11.634323,20.223623,0.0,LSTM
2025-07-05 19:00:00,0.0,0.0,0.0,11.481229,0.0,LSTM
2025-07-05 20:00:00,0.0,0.0,0.0,5.1373,0.0,LSTM
2025-07-05 21:00:00,0.0,0.0,0.0,0.65025747,0.0,LSTM
2025-07-05 22:00:00,0.0,0.0,0.0,0.0,0.0,LSTM
2025-07-05 23:00:00,0.0,0.0,0.0,0.0,0.0,LSTM
2025-07-06 00:00:00,0.0,0.0,0.0,0.0,0.0,LSTM
2025-07-06 01:00:00,0.0,0.0,0.0,0.0,0.0,LSTM
2025-07-06 02:00:00,0.0,0.0,0.0,0.38006583,0.0,LSTM
2025-07-06 03:00:00,0.0,0.0,0.0,3.517376,0.0,LSTM
2025-07-06 04:00:00,0.0,0.0,0.0,7.834344,0.0,LSTM
2025-07-06 05:00:00,0.0,0.49604228,0.0,12.675118,0.49604228,LSTM
2025-07-06 06:00:00,0.0,1.1303709,0.0,20.173168,1.1303709,LSTM
2025-07-06 07:00:00,2.2922462970018342,3.3279667,7.247821,32.205696,3.3279667,LSTM
2025-07-06 08:00:00,50.94772195816042,50.178158,39.090584,58.254856,50.178158,LSTM
2025-07-06 09:00:00,110.6865228017164,102.12798,81.64572,93.18772,102.12798,LSTM
2025-07-06 10:00:00,149.78374354044666,152.90549,119.42153,115.2096,152.90549,LSTM
2025-07-06 11:00:00,172.07203165690166,182.41925,44.257214,129.84402,182.41925,LSTM
2025-07-06 12:00:00,179.27072420987182,175.4145,82.538635,157.62285,175.4145,LSTM
2025-07-06 13:00:00,175.76645406087334,174.83887,115.53336,165.06763,174.83887,LSTM
2025-07-06 14:00:00,159.3417324490011,150.38423,130.73795,150.1358,150.38423,LSTM
2025-07-06 15:00:00,134.60848617553626,135.57234,125.12781,124.015526,135.57234,LSTM
2025-07-06 16:00:00,87.9372661590582,87.63327,96.82001,88.92534,87.63327,LSTM
2025-07-06 17:00:00,21.56297855079169,35.277065,52.48242,51.673878,35.277065,LSTM
2025-07-06 18:00:00,0.0,3.4328074,13.498704,20.369764,3.4328074,LSTM
2025-07-06 19:00:00,0.0,0.00958424,0.0,11.854086,0.00958424,LSTM
2025-07-06 20:00:00,0.0,0.31409672,0.0,5.8587837,0.31409672,LSTM
2025-07-06 21:00:00,0.0,0.91208404,0.0,1.5263208,0.91208404,LSTM
2025-07-06 22:00:00,0.0,1.24546,0.0,0.0,1.24546,LSTM
2025-07-06 23:00:00,0.0,1.2993104,0.0,0.0,1.2993104,LSTM
2025-07-07 00:00:00,0.0,1.18432,0.0,0.0,1.18432,LSTM
2025-07-07 01:00:00,0.0,1.227849,0.0,0.0,1.227849,LSTM
2025-07-07 02:00:00,0.0,0.99617743,0.0,0.0,0.99617743,LSTM
2025-07-07 03:00:00,0.0,0.73128426,0.0,3.4314857,0.73128426,LSTM
2025-07-07 05:00:00,0.0,1.5914177,0.0,15.9167795,1.5914177,LSTM
2025-07-07 06:00:00,0.0,0.0,1.5595536,24.66882,0.0,LSTM
2025-07-07 07:00:00,2.5672588050365417,11.902578,12.397312,37.67432,11.902578,LSTM
2025-07-07 08:00:00,54.80503327505944,54.889736,44.35515,62.132416,54.889736,LSTM
2025-07-07 09:00:00,110.82901902632318,106.23928,79.28364,89.65315,106.23928,LSTM
2025-07-07 10:00:00,146.41831800672668,148.2574,107.775345,105.990036,148.2574,LSTM
2025-07-07 11:00:00,167.29772394353725,183.82889,43.289776,133.69107,183.82889,LSTM
2025-07-07 12:00:00,175.40178194913,189.50531,83.19052,164.76544,189.50531,LSTM
2025-07-07 13:00:00,174.823316955566,187.36821,118.56488,172.95749,187.36821,LSTM
2025-07-07 14:00:00,160.81555869362637,163.98491,135.78429,156.94583,163.98491,LSTM
2025-07-07 15:00:00,134.30724681507547,140.32907,130.75893,129.39929,140.32907,LSTM
2025-07-07 16:00:00,86.53500504927219,85.787575,100.78342,93.60165,85.787575,LSTM
2025-07-07 17:00:00,15.634311174353009,35.84195,54.51559,56.964878,35.84195,LSTM
2025-07-07 18:00:00,0.0,4.200725,13.588773,23.603518,4.200725,LSTM
2025-07-07 19:00:00,0.0,1.3124675,0.0,13.386021,1.3124675,LSTM
2025-07-07 20:00:00,0.0,0.3422327,0.0,7.34441,0.3422327,LSTM
2025-07-07 21:00:00,0.0,0.40730083,0.0,3.2242682,0.40730083,LSTM
2025-07-07 22:00:00,0.0,0.69428325,0.0,0.21628852,0.69428325,LSTM
2025-07-07 23:00:00,0.0,0.85037035,0.0,0.0,0.85037035,LSTM
2025-07-08 00:00:00,0.0,0.7535739,0.0,0.0,0.7535739,LSTM
2025-07-08 01:00:00,0.0,0.8271423,0.0,0.0,0.8271423,LSTM
2025-07-08 02:00:00,0.0,1.04665,0.0,0.0,1.04665,LSTM
2025-07-08 03:00:00,0.0,1.2632776,0.0,3.9403377,1.2632776,LSTM
2025-07-08 04:00:00,0.0,0.54841983,0.0,7.9681163,0.54841983,LSTM
2025-07-08 05:00:00,0.0,0.7926466,1.1003178,14.585647,0.7926466,LSTM
2025-07-08 06:00:00,0.0,1.1719464,3.0714326,21.95517,1.1719464,LSTM
2025-07-08 07:00:00,2.390509302417406,7.6618176,14.092154,35.31081,7.6618176,LSTM
2025-07-08 08:00:00,53.103259616428005,46.28571,47.94047,58.076324,46.28571,LSTM
2025-07-08 09:00:00,106.48986747048129,116.79725,85.07253,84.26604,116.79725,LSTM
2025-07-08 10:00:00,142.125802612305,145.01656,112.37911,97.35394,145.01656,LSTM
2025-07-08 11:00:00,167.54382171631,169.43394,41.745094,128.79047,169.43394,LSTM
2025-07-08 12:00:00,179.21645965576198,174.3231,77.63103,156.0573,174.3231,LSTM
2025-07-08 13:00:00,178.13738320090545,162.31464,106.132065,161.32481,162.31464,LSTM
2025-07-08 14:00:00,161.071144104004,159.59961,121.67948,148.8226,159.59961,LSTM
2025-07-08 15:00:00,131.805223846434,141.94682,119.44542,122.39552,141.94682,LSTM
2025-07-08 16:00:00,83.44352912902868,75.3285,92.87204,86.46399,75.3285,LSTM
2025-07-08 17:00:00,21.88236058842048,22.269226,50.18284,49.615944,22.269226,LSTM
2025-07-08 18:00:00,0.0,1.0740339,12.093004,19.893028,1.0740339,LSTM
2025-07-08 19:00:00,0.0,0.0,0.0,11.149956,0.0,LSTM
2025-07-08 20:00:00,0.0,0.0,0.0,4.6817975,0.0,LSTM
2025-07-08 21:00:00,0.0,0.0,0.0,0.09535461,0.0,LSTM
2025-07-08 22:00:00,0.0,0.04074006,0.0,0.0,0.04074006,LSTM
2025-07-08 23:00:00,0.0,0.14797851,0.0,0.0,0.14797851,LSTM
2025-07-09 00:00:00,0.0,0.2172361,0.0,0.0,0.2172361,LSTM
2025-07-09 01:00:00,0.0,0.2486592,0.0,0.0,0.2486592,LSTM
2025-07-09 02:00:00,0.0,0.26634458,0.0,0.0,0.26634458,LSTM
2025-07-09 04:00:00,0.0,0.33814028,0.0,4.154472,0.33814028,LSTM
2025-07-09 05:00:00,0.0,0.4678664,0.0,10.948896,0.4678664,LSTM
2025-07-09 06:00:00,0.0,0.43907532,0.57715964,19.088137,0.43907532,LSTM
2025-07-09 07:00:00,3.1226398728110185,11.59854,12.432915,30.482948,11.59854,LSTM
2025-07-09 08:00:00,39.94239234924325,45.424587,47.472134,53.981113,45.424587,LSTM
2025-07-09 09:00:00,105.70803546905614,98.85404,84.88385,83.2046,98.85404,LSTM
2025-07-09 10:00:00,141.4799346923811,129.56706,112.93389,100.54797,129.56706,LSTM
2025-07-09 11:00:00,169.18219271573182,160.08144,41.407963,124.02513,160.08144,LSTM
2025-07-09 12:00:00,178.04341125488273,180.8268,78.905624,153.41444,180.8268,LSTM
2025-07-09 13:00:00,174.73583730061918,179.89455,111.06413,159.44046,179.89455,LSTM
2025-07-09 14:00:00,162.87926592145573,170.74768,129.21455,145.92134,170.74768,LSTM
2025-07-09 15:00:00,132.665370178222,146.76051,126.84159,118.401566,146.76051,LSTM
2025-07-09 16:00:00,83.9109172821053,87.98238,99.1746,82.39042,87.98238,LSTM
2025-07-09 17:00:00,20.33295029997821,23.463015,53.906807,44.739223,23.463015,LSTM
2025-07-09 18:00:00,0.0,2.4698403,14.379208,21.98459,2.4698403,LSTM
2025-07-09 19:00:00,0.0,0.7719058,0.0,13.548322,0.7719058,LSTM
2025-07-09 20:00:00,0.0,0.0,0.0,7.0891523,0.0,LSTM
2025-07-09 21:00:00,0.0,0.0,0.0,2.637069,0.0,LSTM
2025-07-09 22:00:00,0.0,0.0,0.0,0.0,0.0,LSTM
2025-07-09 23:00:00,0.0,0.09098571,0.0,0.0,0.09098571,LSTM
2025-07-10 00:00:00,0.0,0.25032857,0.0,0.0,0.25032857,LSTM
2025-07-10 01:00:00,0.0,0.4184754,0.0,0.0,0.4184754,LSTM
2025-07-10 02:00:00,0.0,0.32012305,0.0,0.0,0.32012305,LSTM
2025-07-10 03:00:00,0.0,0.16912864,0.0,0.06632014,0.16912864,LSTM
2025-07-10 04:00:00,0.0,0.07758061,0.0,4.049645,0.07758061,LSTM
2025-07-10 05:00:00,0.0,0.22656989,0.0,8.868111,0.22656989,LSTM
2025-07-10 06:00:00,0.0,0.5968451,1.2308203,17.199167,0.5968451,LSTM
2025-07-10 07:00:00,2.399615089098608,2.199393,12.340276,28.701029,2.199393,LSTM
2025-07-10 08:00:00,49.80047480265309,48.355427,46.69435,53.37475,48.355427,LSTM
2025-07-10 09:00:00,112.09747695922908,105.502655,87.020935,87.494865,105.502655,LSTM
2025-07-10 10:00:00,153.57597351074165,156.4059,121.86483,110.038246,156.4059,LSTM
2025-07-10 11:00:00,176.51846694946337,186.2113,44.68314,130.8577,186.2113,LSTM
2025-07-10 12:00:00,185.8326950073242,197.34578,86.75956,162.65616,197.34578,LSTM
2025-07-10 13:00:00,183.07122421264583,196.76364,124.75259,168.92812,196.76364,LSTM
2025-07-10 14:00:00,166.28939819335918,180.30408,145.51826,153.22583,180.30408,LSTM
2025-07-10 15:00:00,135.59375254313082,151.67984,142.38991,123.25887,151.67984,LSTM
2025-07-10 16:00:00,87.27030754089333,97.02977,112.79114,84.641365,97.02977,LSTM
2025-07-10 17:00:00,21.716849779089376,24.033735,62.884003,43.86902,24.033735,LSTM
2025-07-10 18:00:00,0.0,0.45989516,18.495745,20.73462,0.45989516,LSTM
2025-07-10 19:00:00,0.0,0.0,0.0,11.530599,0.0,LSTM
2025-07-10 20:00:00,0.0,0.0,0.0,4.703012,0.0,LSTM
2025-07-10 21:00:00,0.0,0.0,0.0,0.0,0.0,LSTM
2025-07-10 22:00:00,0.0,0.0,0.0,0.0,0.0,LSTM
2025-07-10 23:00:00,0.0,0.02018161,0.0,0.0,0.02018161,LSTM
2025-07-11 00:00:00,0.0,0.08303328,0.0,0.0,0.08303328,LSTM
2025-07-11 01:00:00,0.0,0.0,0.0,0.0,0.0,LSTM
2025-07-11 02:00:00,0.0,0.0,0.0,0.21969615,0.0,LSTM
2025-07-11 03:00:00,0.0,0.0,0.0,3.416127,0.0,LSTM
2025-07-11 04:00:00,0.0,0.0,0.0,7.8965235,0.0,LSTM
2025-07-11 05:00:00,0.0,0.44646034,0.0,13.723316,0.44646034,LSTM
2025-07-11 06:00:00,0.0,1.3666106,0.0,21.224213,1.3666106,LSTM
2025-07-11 07:00:00,2.5590675671895178,4.411975,8.1538315,33.628704,4.411975,LSTM
2025-07-11 08:00:00,52.35431512196859,51.51499,40.490368,60.45755,51.51499,LSTM
2025-07-11 09:00:00,111.76669120788574,107.404175,82.42983,96.43785,107.404175,LSTM
2025-07-11 10:00:00,143.29156621297082,142.45668,119.507774,119.33115,142.45668,LSTM
2025-07-11 11:00:00,110.0376542409254,120.5675,44.39777,124.562416,120.5675,LSTM
2025-07-11 12:00:00,181.13207869096087,158.11136,83.28671,150.88719,158.11136,LSTM
2025-07-11 13:00:00,179.798521423338,174.49112,116.287605,155.90642,174.49112,LSTM
2025-07-11 14:00:00,163.87395782470702,148.08356,130.17917,140.74153,148.08356,LSTM
2025-07-11 15:00:00,139.11151758829502,122.56712,120.610245,115.0189,122.56712,LSTM
2025-07-11 16:00:00,89.47215340354282,84.36911,89.3778,81.91782,84.36911,LSTM
2025-07-11 17:00:00,22.73462923169142,29.63145,43.74395,46.36228,29.63145,LSTM
2025-07-11 18:00:00,0.0,1.1309187,6.8908167,18.499672,1.1309187,LSTM
2025-07-11 19:00:00,0.0,0.1150684,0.0,10.095298,0.1150684,LSTM
2025-07-11 20:00:00,0.0,0.6087256,0.0,3.7648551,0.6087256,LSTM
2025-07-11 21:00:00,0.0,0.05391115,0.0,0.0,0.05391115,LSTM
2025-07-11 22:00:00,0.0,0.41155055,0.0,0.0,0.41155055,LSTM
2025-07-12 00:00:00,0.0,1.2783686,0.0,0.0,1.2783686,LSTM
2025-07-12 01:00:00,0.0,1.2015725,0.0,0.0,1.2015725,LSTM
2025-07-12 02:00:00,0.0,1.1876619,0.0,0.0,1.1876619,LSTM
2025-07-12 03:00:00,0.0,0.5266569,0.0,1.9974872,0.5266569,LSTM
2025-07-12 04:00:00,0.0,0.7061943,0.0,6.433511,0.7061943,LSTM
2025-07-12 05:00:00,0.0,1.6076341,0.0,12.116876,1.6076341,LSTM
2025-07-12 06:00:00,0.0,0.6331597,0.9746974,20.500425,0.6331597,LSTM
2025-07-12 07:00:00,2.944283431768453,4.840727,9.389664,32.07363,4.840727,LSTM
2025-07-12 08:00:00,49.740111589432,53.990433,40.552036,59.30232,53.990433,LSTM
2025-07-12 09:00:00,115.2206474304194,100.7343,77.327255,89.521194,100.7343,LSTM
2025-07-12 10:00:00,152.69071706136083,134.64902,106.34488,107.24598,134.64902,LSTM
2025-07-12 11:00:00,175.0769241333,169.6895,42.42597,130.98996,169.6895,LSTM
2025-07-12 12:00:00,182.7790544297956,183.80624,81.2321,161.052,183.80624,LSTM
2025-07-12 13:00:00,177.634757995605,184.51205,115.48594,168.0305,184.51205,LSTM
2025-07-12 14:00:00,161.69709396362333,164.58113,133.14717,153.1618,164.58113,LSTM
2025-07-12 15:00:00,133.45401170518554,133.13496,128.0915,125.69106,133.13496,LSTM
2025-07-12 16:00:00,87.38889270358645,87.64323,99.03785,91.135376,87.64323,LSTM
2025-07-12 17:00:00,24.460189358754487,34.083206,53.99557,54.650055,34.083206,LSTM
2025-07-12 19:00:00,0.0,0.8909136,0.0,12.130756,0.8909136,LSTM
2025-07-12 20:00:00,0.0,0.80797696,0.0,5.8354626,0.80797696,LSTM
2025-07-12 21:00:00,0.0,0.6837982,0.0,1.1952505,0.6837982,LSTM
2025-07-12 22:00:00,0.0,0.70137167,0.0,0.0,0.70137167,LSTM
2025-07-12 23:00:00,0.0,0.66305274,0.0,0.0,0.66305274,LSTM
2025-07-13 00:00:00,0.0,0.88031113,0.0,0.0,0.88031113,LSTM
2025-07-13 01:00:00,0.0,0.87057585,0.0,0.0,0.87057585,LSTM
2025-07-13 02:00:00,0.0,1.3182489,0.0,0.30839613,1.3182489,LSTM
2025-07-13 03:00:00,0.0,1.5831561,0.0,5.0276756,1.5831561,LSTM
2025-07-13 04:00:00,0.0,1.1209244,0.0,10.73713,1.1209244,LSTM
2025-07-13 06:00:00,0.0,0.5922463,2.264229,27.228466,0.5922463,LSTM
2025-07-13 08:00:00,49.485814200507335,57.936684,47.420925,67.921715,57.936684,LSTM
2025-07-13 09:00:00,111.04593234592043,104.35964,82.80751,93.60908,104.35964,LSTM
2025-07-13 10:00:00,146.46325544877456,151.19429,111.82397,107.8016,151.19429,LSTM
2025-07-13 11:00:00,167.22768486870666,175.67929,42.818974,129.62564,175.67929,LSTM
2025-07-13 12:00:00,176.725158691406,177.09584,80.08138,157.55855,177.09584,LSTM
2025-07-13 13:00:00,177.93950306285453,168.05775,110.15897,163.99834,168.05775,LSTM
2025-07-13 14:00:00,163.540100097656,159.69254,125.76585,151.92165,159.69254,LSTM
2025-07-13 15:00:00,135.96806208292665,144.09212,123.115944,126.66818,144.09212,LSTM
2025-07-13 16:00:00,86.394989013672,84.19053,96.302025,91.38645,84.19053,LSTM
2025-07-13 17:00:00,23.239260415236075,32.002533,53.269875,54.818306,32.002533,LSTM
2025-07-13 18:00:00,0.0,3.0074909,14.308905,21.64928,3.0074909,LSTM
2025-07-13 19:00:00,0.0,0.4677803,0.0,11.883372,0.4677803,LSTM
2025-07-13 20:00:00,0.0,0.74093974,0.0,5.445572,0.74093974,LSTM
2025-07-13 21:00:00,0.0,0.6975336,0.0,0.57524437,0.6975336,LSTM
2025-07-13 22:00:00,0.0,0.60663825,0.0,0.0,0.60663825,LSTM
2025-07-13 23:00:00,0.0,0.76119375,0.0,0.0,0.76119375,LSTM
2025-07-14 00:00:00,0.0,0.8159552,0.0,0.0,0.8159552,LSTM
2025-07-14 01:00:00,0.0,0.637944,0.0,0.0,0.637944,LSTM
2025-07-14 02:00:00,0.0,0.4782763,0.0,0.0,0.4782763,LSTM
2025-07-14 03:00:00,0.0,0.57146084,0.0,2.0561385,0.57146084,LSTM
2025-07-14 05:00:00,0.0,1.3541393,0.0,15.354283,1.3541393,LSTM
2025-07-14 06:00:00,0.0,0.94842994,1.7811424,24.03932,0.94842994,LSTM
2025-07-14 08:00:00,55.8339616775511,47.708046,47.087177,65.293,47.708046,LSTM
2025-07-14 09:00:00,110.65831687233636,107.47454,83.64075,92.17836,107.47454,LSTM
2025-07-14 10:00:00,146.54726409912126,156.94919,114.86476,107.791275,156.94919,LSTM
2025-07-14 11:00:00,166.6837259928375,172.75536,42.62325,134.8812,172.75536,LSTM
2025-07-14 12:00:00,178.12284573641637,183.5494,82.70721,166.02866,183.5494,LSTM
2025-07-14 13:00:00,175.31568654378336,184.51987,117.80845,173.04663,184.51987,LSTM
2025-07-14 14:00:00,160.98526573181,166.81609,135.88211,157.18268,166.81609,LSTM
2025-07-14 15:00:00,133.8457142223009,130.89635,129.70496,128.39919,130.89635,LSTM
2025-07-14 16:00:00,91.21313858032136,82.170456,99.03368,93.614815,82.170456,LSTM
2025-07-14 17:00:00,20.21790734529494,27.829105,52.27146,57.547886,27.829105,LSTM
2025-07-14 18:00:00,0.0,2.817082,11.948379,24.343687,2.817082,LSTM
2025-07-14 19:00:00,0.0,0.62092465,0.0,13.275095,0.62092465,LSTM
2025-07-14 21:00:00,0.0,0.21200101,0.0,2.135481,0.21200101,LSTM
2025-07-14 22:00:00,0.0,0.2556975,0.0,0.0,0.2556975,LSTM
2025-07-14 23:00:00,0.0,0.3777404,0.0,0.0,0.3777404,LSTM
2025-07-15 00:00:00,0.0,0.5228212,0.0,0.0,0.5228212,LSTM
2025-07-15 01:00:00,0.0,0.41089314,0.0,0.0,0.41089314,LSTM
2025-07-15 02:00:00,0.0,0.49106625,0.0,0.0,0.49106625,LSTM
2025-07-15 03:00:00,0.0,0.68274164,0.0,3.610423,0.68274164,LSTM
2025-07-15 04:00:00,0.0,0.68104017,0.0,7.8625064,0.68104017,LSTM
2025-07-15 05:00:00,0.0,0.43197832,0.80102277,13.891609,0.43197832,LSTM
2025-07-15 06:00:00,0.0,0.27135348,2.7411823,21.125057,0.27135348,LSTM
2025-07-15 07:00:00,2.445308601856273,15.3072,16.097008,35.349987,15.3072,LSTM
2025-07-15 08:00:00,51.4990550994872,46.616817,53.23672,57.654663,46.616817,LSTM
2025-07-15 09:00:00,106.1291399869051,102.88858,89.42941,83.05406,102.88858,LSTM
2025-07-15 10:00:00,148.955268859862,148.82661,116.934105,98.01251,148.82661,LSTM
2025-07-15 11:00:00,170.19012887137143,129.49739,38.651848,119.97759,129.49739,LSTM
2025-07-15 12:00:00,177.47354431152502,172.04231,73.156494,150.11017,172.04231,LSTM
2025-07-15 13:00:00,174.66482798258502,183.05406,104.936035,158.54713,183.05406,LSTM
2025-07-15 14:00:00,159.3401527404775,162.14783,121.62017,145.30553,162.14783,LSTM
2025-07-15 15:00:00,128.73885250091624,132.25462,117.361015,120.3056,132.25462,LSTM
2025-07-15 16:00:00,83.5937210083011,78.35782,90.92871,87.83448,78.35782,LSTM
2025-07-15 17:00:00,20.944836709234487,22.7834,48.796955,52.87144,22.7834,LSTM
2025-07-15 18:00:00,0.0,1.5610645,11.928997,23.510305,1.5610645,LSTM
2025-07-15 20:00:00,0.0,0.7260249,0.0,8.353749,0.7260249,LSTM
2025-07-15 21:00:00,0.0,0.49064675,0.0,3.2369878,0.49064675,LSTM
2025-07-15 23:00:00,0.0,0.59398454,0.0,0.0,0.59398454,LSTM
2025-07-16 00:00:00,0.0,0.6969646,0.0,0.0,0.6969646,LSTM
2025-07-16 01:00:00,0.0,0.76174,0.0,0.0,0.76174,LSTM
2025-07-16 02:00:00,0.0,0.56022525,0.0,0.0,0.56022525,LSTM
2025-07-16 04:00:00,0.0,0.09474786,0.0,5.819218,0.09474786,LSTM
2025-07-16 05:00:00,0.0,0.7559954,0.0,11.310696,0.7559954,LSTM
2025-07-16 06:00:00,0.0,0.8790894,0.4037214,19.395546,0.8790894,LSTM
2025-07-16 07:00:00,1.8378477530045996,0.41516402,6.731272,30.170816,0.41516402,LSTM
2025-07-16 08:00:00,39.376746273040816,46.14231,37.7157,53.57704,46.14231,LSTM
2025-07-16 09:00:00,88.22123614224463,95.74934,75.34128,84.089195,95.74934,LSTM
2025-07-16 10:00:00,141.619689941407,135.48384,104.08537,104.03245,135.48384,LSTM
2025-07-16 12:00:00,137.22968639027002,147.09824,76.144646,143.41002,147.09824,LSTM
2025-07-16 13:00:00,147.590605163576,146.78023,105.687935,147.30338,146.78023,LSTM
2025-07-16 14:00:00,155.787994384765,157.0838,120.67561,133.95465,157.0838,LSTM
2025-07-16 15:00:00,133.586850738526,128.93211,112.35224,108.14307,128.93211,LSTM
2025-07-16 16:00:00,85.96219295925634,81.618,82.9402,76.22577,81.618,LSTM
2025-07-16 17:00:00,23.128364653411133,19.86946,38.8757,42.14634,19.86946,LSTM
2025-07-16 18:00:00,0.0,0.7369729,3.5071359,20.143389,0.7369729,LSTM
2025-07-16 19:00:00,0.0,0.97107494,0.0,12.660481,0.97107494,LSTM
2025-07-16 20:00:00,0.0,0.6277974,0.0,6.769947,0.6277974,LSTM
2025-07-16 21:00:00,0.0,0.5060249,0.0,2.4820306,0.5060249,LSTM
2025-07-16 22:00:00,0.0,0.65075195,0.0,0.0,0.65075195,LSTM
2025-07-16 23:00:00,0.0,0.88430023,0.0,0.0,0.88430023,LSTM
2025-07-17 00:00:00,0.0,0.8785932,0.0,0.0,0.8785932,LSTM
2025-07-17 01:00:00,0.0,0.8695474,0.0,0.0,0.8695474,LSTM
2025-07-17 02:00:00,0.0,0.44575125,0.0,0.4737137,0.44575125,LSTM
2025-07-17 04:00:00,0.0,1.0172634,0.0,7.837994,1.0172634,LSTM
2025-07-17 05:00:00,0.0,1.5142115,0.0,14.643096,1.5142115,LSTM
2025-07-17 06:00:00,0.0,1.6418668,1.6413366,22.712355,1.6418668,LSTM
2025-07-17 07:00:00,2.619209140539157,15.003498,9.997516,34.787712,15.003498,LSTM
2025-07-17 08:00:00,49.5801618576051,66.543,40.62134,58.51423,66.543,LSTM
2025-07-17 09:00:00,109.7560175115412,109.81766,75.7409,87.79346,109.81766,LSTM
2025-07-17 10:00:00,150.10618591308778,158.88345,104.83717,106.98425,158.88345,LSTM
2025-07-17 11:00:00,174.36907704671083,189.66855,42.770325,127.85084,189.66855,LSTM
2025-07-17 12:00:00,185.9254235161678,184.6485,79.18418,154.77942,184.6485,LSTM
2025-07-17 13:00:00,182.031015014649,180.02344,110.06872,159.0029,180.02344,LSTM
2025-07-17 14:00:00,166.57082875569668,172.8952,127.03868,144.47562,172.8952,LSTM
2025-07-17 15:00:00,136.46046574910417,149.93929,123.307045,116.21128,149.93929,LSTM
2025-07-17 16:00:00,93.49521764119484,85.79083,94.58807,79.49496,85.79083,LSTM
2025-07-17 17:00:00,22.594422913410416,23.199059,49.28102,41.883957,23.199059,LSTM
2025-07-17 18:00:00,0.0,0.2639493,10.332078,19.182152,0.2639493,LSTM
2025-07-17 19:00:00,0.0,0.0,0.0,10.89851,0.0,LSTM
2025-07-17 20:00:00,0.0,0.0,0.0,5.110736,0.0,LSTM
2025-07-17 21:00:00,0.0,0.16473801,0.0,1.1286993,0.16473801,LSTM
2025-07-17 22:00:00,0.0,0.3723433,0.0,0.0,0.3723433,LSTM
2025-07-17 23:00:00,0.0,0.49163994,0.0,0.0,0.49163994,LSTM
2025-07-18 00:00:00,0.0,0.62072116,0.0,0.0,0.62072116,LSTM
2025-07-18 01:00:00,0.0,0.46467948,0.0,0.0,0.46467948,LSTM
2025-07-18 02:00:00,0.0,0.09215654,0.0,0.0,0.09215654,LSTM
2025-07-18 03:00:00,0.0,0.053503394,0.0,3.0367424,0.053503394,LSTM
2025-07-18 04:00:00,0.0,0.0,0.0,7.29927,0.0,LSTM
2025-07-18 05:00:00,0.0,1.036507,0.0,13.460795,1.036507,LSTM
2025-07-18 06:00:00,0.0,0.31284449,0.37419623,22.00941,0.31284449,LSTM
2025-07-18 08:00:00,54.65687004725126,64.62159,42.92269,60.33145,64.62159,LSTM
2025-07-18 09:00:00,115.02442724054536,124.73782,82.926025,94.55344,124.73782,LSTM
2025-07-18 10:00:00,155.78057225545334,163.02527,116.8056,115.12926,163.02527,LSTM
2025-07-18 11:00:00,177.30417327881,174.73903,42.77652,128.48676,174.73903,LSTM
2025-07-18 12:00:00,185.0773689963609,187.2704,82.1432,159.2751,187.2704,LSTM
2025-07-18 13:00:00,180.75217784534817,184.32298,115.97523,165.52406,184.32298,LSTM
2025-07-18 14:00:00,165.19723383585583,175.0839,135.37302,152.03827,175.0839,LSTM
2025-07-18 15:00:00,136.5151857648586,146.98798,132.5259,123.53729,146.98798,LSTM
2025-07-18 16:00:00,89.72718811035112,87.86324,103.09104,86.80977,87.86324,LSTM
2025-07-18 17:00:00,26.71607777476322,33.895275,56.991432,48.75604,33.895275,LSTM
2025-07-18 18:00:00,0.0,2.288675,15.739725,20.839478,2.288675,LSTM
2025-07-18 19:00:00,0.0,0.2679975,0.0,12.013678,0.2679975,LSTM
2025-07-18 20:00:00,0.0,0.4756169,0.0,5.5984645,0.4756169,LSTM
2025-07-18 21:00:00,0.0,0.32301337,0.0,0.748105,0.32301337,LSTM
2025-07-18 22:00:00,0.0,0.42800015,0.0,0.0,0.42800015,LSTM
2025-07-18 23:00:00,0.0,0.526509,0.0,0.0,0.526509,LSTM
2025-07-19 00:00:00,0.0,0.48201734,0.0,0.0,0.48201734,LSTM
2025-07-19 01:00:00,0.0,0.2964098,0.0,0.0,0.2964098,LSTM
2025-07-19 02:00:00,0.0,0.4829612,0.0,0.0,0.4829612,LSTM
2025-07-19 03:00:00,0.0,0.056115855,0.0,1.6787044,0.056115855,LSTM
2025-07-19 04:00:00,0.0,0.008322229,0.0,6.246644,0.008322229,LSTM
2025-07-19 05:00:00,0.0,0.29311484,0.0,14.57191,0.29311484,LSTM
2025-07-19 06:00:00,0.0,0.0,0.8525066,24.832838,0.0,LSTM
2025-07-19 07:00:00,2.685833758115728,22.621077,13.442451,39.89428,22.621077,LSTM
2025-07-19 08:00:00,57.134249114990304,68.15557,49.78049,67.175156,68.15557,LSTM
2025-07-19 09:00:00,115.621403780851,126.50775,89.26095,97.543655,126.50775,LSTM
2025-07-19 10:00:00,150.83164342244416,158.79509,120.53196,114.388435,158.79509,LSTM
2025-07-19 11:00:00,170.2962697347011,172.52818,42.77079,127.83336,172.52818,LSTM
2025-07-19 12:00:00,180.9962226019978,177.7062,80.33286,157.93605,177.7062,LSTM
2025-07-19 13:00:00,180.657801818846,183.0095,114.23498,166.81358,183.0095,LSTM
2025-07-19 14:00:00,164.77885131835802,176.91,135.01422,154.51097,176.91,LSTM
2025-07-19 15:00:00,136.90780724419668,150.42397,133.90923,126.60487,150.42397,LSTM
2025-07-19 16:00:00,95.47558879852323,91.69048,106.07002,90.17719,91.69048,LSTM
2025-07-19 17:00:00,21.179054677486462,27.079535,59.600506,52.243874,27.079535,LSTM
2025-07-19 18:00:00,0.0,2.0857124,17.729895,21.31632,2.0857124,LSTM
2025-07-19 19:00:00,0.0,1.0285796,0.0,12.449741,1.0285796,LSTM
2025-07-19 20:00:00,0.0,0.22533645,0.0,5.5720267,0.22533645,LSTM
2025-07-19 21:00:00,0.0,0.6639754,0.0,0.7948648,0.6639754,LSTM
2025-07-19 22:00:00,0.0,0.59819514,0.0,0.0,0.59819514,LSTM
2025-07-19 23:00:00,0.0,0.44898358,0.0,0.0,0.44898358,LSTM
2025-07-20 00:00:00,0.0,0.65170676,0.0,0.0,0.65170676,LSTM
2025-07-20 01:00:00,0.0,0.8364135,0.0,0.0,0.8364135,LSTM
2025-07-20 02:00:00,0.0,0.6322495,0.0,0.0,0.6322495,LSTM
2025-07-20 03:00:00,0.0,0.48034406,0.0,0.48133978,0.48034406,LSTM
2025-07-20 04:00:00,0.0,0.84503037,0.0,4.9100914,0.84503037,LSTM
2025-07-20 05:00:00,0.0,0.7256758,0.0,12.686921,0.7256758,LSTM
2025-07-20 06:00:00,0.0,1.040223,1.2513521,22.06187,1.040223,LSTM
2025-07-20 07:00:00,3.6072622895241087,9.147129,10.949683,35.17201,9.147129,LSTM
2025-07-20 08:00:00,50.51444435119623,59.790844,45.64427,64.21811,59.790844,LSTM
2025-07-20 10:00:00,150.81452263725998,163.85323,118.727486,113.913666,163.85323,LSTM
2025-07-20 12:00:00,184.10308710734083,193.33463,85.39135,159.95985,193.33463,LSTM
2025-07-20 13:00:00,181.3412513732925,191.4218,121.17196,166.84775,191.4218,LSTM
2025-07-20 14:00:00,165.12059529622417,173.93729,140.27583,152.87074,173.93729,LSTM
2025-07-20 15:00:00,135.3453013102211,133.00693,134.45563,125.11934,133.00693,LSTM
2025-07-20 17:00:00,31.91219582557675,34.093067,56.758446,54.731693,34.093067,LSTM
2025-07-20 18:00:00,0.0,2.6151369,15.702677,22.735254,2.6151369,LSTM
2025-07-20 21:00:00,0.0,0.37800574,0.0,2.049342,0.37800574,LSTM
2025-07-20 22:00:00,0.0,0.39100465,0.0,0.0,0.39100465,LSTM
2025-07-20 23:00:00,0.0,0.57836217,0.0,0.0,0.57836217,LSTM
2025-07-21 00:00:00,0.0,0.511584,0.0,0.0,0.511584,LSTM
2025-07-21 01:00:00,0.0,0.5119816,0.0,0.0,0.5119816,LSTM
2025-07-21 02:00:00,0.0,0.8550013,0.0,1.3720815,0.8550013,LSTM
2025-07-21 03:00:00,0.0,1.1891599,0.0,6.5568438,1.1891599,LSTM
2025-07-21 04:00:00,0.0,1.527291,0.0,12.537813,1.527291,LSTM
2025-07-21 05:00:00,0.0,2.0612285,0.35844007,20.138922,2.0612285,LSTM
2025-07-21 06:00:00,0.0,1.5013794,2.7111087,28.465185,1.5013794,LSTM
2025-07-21 07:00:00,1.99622223377228,4.723083,16.81766,46.25648,4.723083,LSTM
2025-07-21 08:00:00,53.43301374262018,49.68724,54.475258,71.535995,49.68724,LSTM
2025-07-21 09:00:00,112.86041768391854,119.124756,92.18894,96.18168,119.124756,LSTM
2025-07-21 10:00:00,150.87350899832714,156.38878,121.35457,108.171265,156.38878,LSTM
2025-07-21 11:00:00,170.6498399214309,164.82893,41.565956,128.00565,164.82893,LSTM
2025-07-21 12:00:00,180.2035929362,164.00827,75.86129,156.32733,164.00827,LSTM
2025-07-21 13:00:00,179.38064270019498,167.33011,108.59507,166.22827,167.33011,LSTM
2025-07-21 14:00:00,119.75875930786052,117.38011,124.92925,150.86366,117.38011,LSTM
2025-07-21 15:00:00,80.572826703389,76.428925,118.84042,123.65568,76.428925,LSTM
2025-07-21 16:00:00,31.860708063299,38.22424,87.83364,89.466095,38.22424,LSTM
2025-07-21 17:00:00,6.784658509492867,16.669676,42.476032,55.590515,16.669676,LSTM
2025-07-21 18:00:00,0.0,4.3382115,6.0262394,24.573011,4.3382115,LSTM
2025-07-21 19:00:00,0.0,1.4438106,0.0,12.30661,1.4438106,LSTM
2025-07-21 20:00:00,0.0,0.9186712,0.0,6.2054973,0.9186712,LSTM
2025-07-21 21:00:00,0.0,0.5792301,0.0,1.4924089,0.5792301,LSTM
2025-07-21 22:00:00,0.0,0.4745979,0.0,0.0,0.4745979,LSTM
2025-07-21 23:00:00,0.0,0.42139387,0.0,0.0,0.42139387,LSTM
2025-07-22 00:00:00,0.0,0.42914906,0.0,0.0,0.42914906,LSTM
2025-07-22 01:00:00,0.0,0.27195454,0.0,0.0,0.27195454,LSTM
2025-07-22 03:00:00,0.0,0.07759783,0.0,0.7722417,0.07759783,LSTM
2025-07-22 04:00:00,0.0,0.0076742005,0.0,5.0057178,0.0076742005,LSTM
2025-07-22 05:00:00,0.0,0.0,0.0,10.424732,0.0,LSTM
2025-07-22 06:00:00,0.0,0.8881227,0.24998538,19.413786,0.8881227,LSTM
2025-07-22 07:00:00,0.5811486492554317,3.3102882,4.7459273,29.67418,3.3102882,LSTM
2025-07-22 08:00:00,35.2122259140013,47.92639,30.678797,50.784344,47.92639,LSTM
2025-07-22 09:00:00,107.742990281847,105.61811,68.82857,81.53701,105.61811,LSTM
2025-07-22 10:00:00,154.298896789552,149.79208,100.152824,101.56259,149.79208,LSTM
2025-07-22 11:00:00,161.2690103704291,156.5843,40.572308,123.534294,156.5843,LSTM
2025-07-22 12:00:00,187.98068653453456,187.20988,78.5589,154.13182,187.20988,LSTM
2025-07-22 13:00:00,188.2271779378256,185.17114,110.80699,158.54257,185.17114,LSTM
2025-07-22 14:00:00,169.995053100587,160.17267,126.78636,144.05594,160.17267,LSTM
2025-07-22 15:00:00,141.74641071666454,144.577,122.91517,117.972115,144.577,LSTM
2025-07-22 16:00:00,93.87874325838874,94.94426,96.16469,83.27545,94.94426,LSTM
2025-07-22 17:00:00,22.018553271889687,34.189426,53.206493,46.657528,34.189426,LSTM
2025-07-22 18:00:00,0.0,0.9346735,13.9653,19.859488,0.9346735,LSTM
2025-07-22 19:00:00,0.0,0.8360433,0.0,11.703783,0.8360433,LSTM
2025-07-22 20:00:00,0.0,0.13531692,0.0,5.3434777,0.13531692,LSTM
2025-07-22 21:00:00,0.0,0.0,0.0,0.9950271,0.0,LSTM
2025-07-22 22:00:00,0.0,0.43452817,0.0,0.0,0.43452817,LSTM
2025-07-22 23:00:00,0.0,1.0418282,0.0,0.0,1.0418282,LSTM
2025-07-23 00:00:00,0.0,1.1479412,0.0,0.0,1.1479412,LSTM
2025-07-23 01:00:00,0.0,1.2243552,0.0,0.0,1.2243552,LSTM
2025-07-23 02:00:00,0.0,0.8511976,0.0,0.017164914,0.8511976,LSTM
2025-07-23 03:00:00,0.0,1.4413476,0.0,4.0349903,1.4413476,LSTM
2025-07-23 04:00:00,0.0,1.2866896,0.0,8.872037,1.2866896,LSTM
2025-07-23 05:00:00,0.0,0.8215245,0.0,16.479187,0.8215245,LSTM
2025-07-23 06:00:00,0.0,2.249523,1.3855847,25.267818,2.249523,LSTM
2025-07-23 07:00:00,3.5394653744167,0.70375717,12.630756,39.65603,0.70375717,LSTM
2025-07-23 08:00:00,60.3851091384889,70.5487,47.0908,69.11534,70.5487,LSTM
2025-07-23 09:00:00,115.7094436645516,129.11942,86.478745,98.66145,129.11942,LSTM
2025-07-23 10:00:00,158.10877609252915,172.3775,120.67366,115.32085,172.3775,LSTM
2025-07-23 11:00:00,182.23740895589165,190.68022,44.559822,134.73587,190.68022,LSTM
2025-07-23 12:00:00,189.82165145874168,197.99902,86.133766,168.35933,197.99902,LSTM
2025-07-23 13:00:00,184.62438409978637,197.52219,124.29156,178.87547,197.52219,LSTM
2025-07-23 14:00:00,170.42035293579,182.1645,145.99855,165.86653,182.1645,LSTM
2025-07-23 15:00:00,140.14129562378,154.99431,144.08455,138.14615,154.99431,LSTM
2025-07-23 16:00:00,93.4538898468025,93.53977,114.5403,101.40872,93.53977,LSTM
2025-07-23 17:00:00,21.932888984680265,32.51977,65.107765,63.92482,32.51977,LSTM
2025-07-23 18:00:00,0.0347241271625863,2.2526197,19.539404,29.037361,2.2526197,LSTM
2025-07-23 19:00:00,0.0,0.8385368,0.0,14.644622,0.8385368,LSTM
2025-07-23 20:00:00,0.0,0.9216503,0.0,8.179624,0.9216503,LSTM
2025-07-23 21:00:00,0.0,0.835688,0.0,3.5096278,0.835688,LSTM
2025-07-23 22:00:00,0.0,0.7208172,0.0,0.30038658,0.7208172,LSTM
2025-07-23 23:00:00,0.0,0.8670156,0.0,0.0,0.8670156,LSTM
2025-07-24 00:00:00,0.0,0.9882649,0.0,0.0,0.9882649,LSTM
2025-07-24 01:00:00,0.0,1.0222942,0.0,0.0,1.0222942,LSTM
2025-07-24 02:00:00,0.0,0.9998214,0.0,1.6635998,0.9998214,LSTM
2025-07-24 03:00:00,0.0,0.87857914,0.0,6.099533,0.87857914,LSTM
2025-07-24 04:00:00,0.0,1.3383784,0.0,12.629867,1.3383784,LSTM
2025-07-24 05:00:00,0.0,1.4495872,0.56398076,19.481802,1.4495872,LSTM
2025-07-24 06:00:00,0.0,1.4814814,2.7933784,27.193554,1.4814814,LSTM
2025-07-24 07:00:00,0.5088532783768346,3.766428,15.182767,40.59189,3.766428,LSTM
2025-07-24 08:00:00,10.413671758439833,30.3758,49.81731,60.39194,30.3758,LSTM
2025-07-24 10:00:00,110.8420014814892,122.76599,109.296455,94.821815,122.76599,LSTM
2025-07-24 11:00:00,95.34734471639058,105.56551,40.49185,125.22577,105.56551,LSTM
2025-07-24 12:00:00,125.94095102945874,131.83403,76.122154,152.66927,131.83403,LSTM
2025-07-24 13:00:00,96.0429336547862,110.3184,106.67087,159.1631,110.3184,LSTM
2025-07-24 14:00:00,142.2039477030425,132.51163,123.8047,146.00691,132.51163,LSTM
2025-07-24 15:00:00,102.70647260877789,105.1843,116.14319,118.61933,105.1843,LSTM
2025-07-24 16:00:00,87.00017134348549,80.480896,85.31177,87.01587,80.480896,LSTM
2025-07-24 17:00:00,24.720174714923004,17.076656,38.568626,53.53022,17.076656,LSTM
2025-07-24 18:00:00,0.0,0.5304371,2.5712144,22.919724,0.5304371,LSTM
2025-07-24 19:00:00,0.0,0.0,0.0,9.3916645,0.0,LSTM
2025-07-24 21:00:00,0.0,0.07121225,0.0,0.14252134,0.07121225,LSTM
2025-07-24 22:00:00,0.0,0.12524901,0.0,0.0,0.12524901,LSTM
2025-07-25 00:00:00,0.0,0.001128179,0.0,0.0,0.001128179,LSTM
2025-07-25 01:00:00,0.0,0.10810601,0.0,0.0,0.10810601,LSTM
2025-07-25 02:00:00,0.0,0.28100502,0.0,0.0,0.28100502,LSTM
2025-07-25 03:00:00,0.0,0.45523533,0.0,0.862255,0.45523533,LSTM
2025-07-25 04:00:00,0.0,0.3303013,0.0,3.385513,0.3303013,LSTM
2025-07-25 05:00:00,0.0,0.60303736,1.429012,7.22105,0.60303736,LSTM
2025-07-25 06:00:00,0.0,0.0,2.976793,12.287906,0.0,LSTM
2025-07-25 07:00:00,0.0028313666582107,0.6889668,9.269613,20.07552,0.6889668,LSTM
2025-07-25 08:00:00,3.006064257838501,15.103892,31.760315,32.75491,15.103892,LSTM
2025-07-25 09:00:00,14.381241957346576,20.084587,58.361183,51.167736,20.084587,LSTM
2025-07-25 10:00:00,34.32929611206056,26.941257,77.62659,71.078384,26.941257,LSTM
2025-07-25 11:00:00,88.46983506944456,82.05216,37.196983,112.522064,82.05216,LSTM
2025-07-25 12:00:00,133.7685304121543,129.79956,70.029015,137.91943,129.79956,LSTM
2025-07-25 13:00:00,62.85057152642233,89.50039,94.559235,138.9727,89.50039,LSTM
2025-07-25 14:00:00,148.20121383666915,147.90497,106.94294,129.36017,147.90497,LSTM
2025-07-25 15:00:00,138.99861823188,115.7278,97.85782,102.63713,115.7278,LSTM
2025-07-25 16:00:00,94.90359566428457,78.530464,69.22268,70.841644,78.530464,LSTM
2025-07-25 17:00:00,29.64684149026876,25.757294,29.886591,37.45132,25.757294,LSTM
2025-07-25 18:00:00,0.0,3.6969543,0.9895144,13.461442,3.6969543,LSTM
2025-07-25 19:00:00,0.0,0.018251222,0.0,6.240563,0.018251222,LSTM
2025-07-25 20:00:00,0.0,0.0,0.0,1.0192093,0.0,LSTM
2025-07-25 21:00:00,0.0,0.0,0.0,0.0,0.0,LSTM
2025-07-25 22:00:00,0.0,0.0,0.0,0.0,0.0,LSTM
2025-07-25 23:00:00,0.0,0.46567187,0.0,0.0,0.46567187,LSTM
2025-07-26 00:00:00,0.0,0.9862989,0.0,0.0,0.9862989,LSTM
2025-07-26 01:00:00,0.0,0.25739583,0.0,0.0,0.25739583,LSTM
2025-07-26 02:00:00,0.0,0.059097722,0.0,0.0,0.059097722,LSTM
2025-07-26 03:00:00,0.0,0.10329432,0.0,0.8709517,0.10329432,LSTM
2025-07-26 04:00:00,0.0,0.40292194,0.0,4.0411673,0.40292194,LSTM
2025-07-26 05:00:00,0.0,0.4902335,0.7573388,7.5978456,0.4902335,LSTM
2025-07-26 06:00:00,0.0,0.0,2.8176389,14.58715,0.0,LSTM
2025-07-26 07:00:00,3.37681030035024,1.287743,10.072767,26.127937,1.287743,LSTM
2025-07-26 08:00:00,59.379656982422,59.34786,38.829163,48.843605,59.34786,LSTM
2025-07-26 09:00:00,119.31746768951514,119.68908,78.23846,75.75617,119.68908,LSTM
2025-07-26 10:00:00,161.000355529785,151.46208,108.962975,93.286285,151.46208,LSTM
2025-07-26 11:00:00,182.8597800514918,176.59116,41.681187,128.55371,176.59116,LSTM
2025-07-26 12:00:00,189.5740063985192,198.76729,81.07768,160.33394,198.76729,LSTM
2025-07-26 13:00:00,185.00255654074908,199.92322,115.96685,164.0287,199.92322,LSTM
2025-07-26 14:00:00,172.36778068542625,174.9732,133.97166,147.6029,174.9732,LSTM
2025-07-26 15:00:00,144.32171122233223,145.17912,129.5263,118.6378,145.17912,LSTM
2025-07-26 16:00:00,95.5032630920412,99.06837,100.64308,82.041504,99.06837,LSTM
2025-07-26 17:00:00,25.97002973821428,32.044117,54.643555,43.22725,32.044117,LSTM
2025-07-26 18:00:00,0.0,2.4767182,14.142987,18.869974,2.4767182,LSTM
2025-07-26 19:00:00,0.0,0.0,0.0,10.230876,0.0,LSTM
2025-07-26 20:00:00,0.0,0.15588085,0.0,4.1706133,0.15588085,LSTM
2025-07-26 21:00:00,0.0,0.0,0.0,0.0,0.0,LSTM
2025-07-26 22:00:00,0.0,0.14382268,0.0,0.0,0.14382268,LSTM
2025-07-26 23:00:00,0.0,0.40548977,0.0,0.0,0.40548977,LSTM
2025-07-27 00:00:00,0.0,0.4009622,0.0,0.0,0.4009622,LSTM
2025-07-27 01:00:00,0.0,0.22443093,0.0,0.0,0.22443093,LSTM
2025-07-27 02:00:00,0.0,0.42082566,0.0,2.68668,0.42082566,LSTM
2025-07-27 03:00:00,0.0,0.20867947,0.0,6.026077,0.20867947,LSTM
2025-07-27 04:00:00,0.0,0.0,0.0,10.235428,0.0,LSTM
2025-07-27 05:00:00,0.0,0.8195022,0.0,15.856797,0.8195022,LSTM
2025-07-27 06:00:00,0.0,0.9829899,0.0,24.681627,0.9829899,LSTM
2025-07-27 07:00:00,4.26679172515869,9.916945,4.961232,36.39301,9.916945,LSTM
2025-07-27 08:00:00,58.36000712712608,66.82341,35.87906,62.64751,66.82341,LSTM
2025-07-27 09:00:00,118.48693529764742,130.41861,78.07039,97.26599,130.41861,LSTM
2025-07-27 10:00:00,158.753227233887,149.28215,110.99955,117.24964,149.28215,LSTM
2025-07-27 11:00:00,177.066865539552,178.02957,42.33855,128.14313,178.02957,LSTM
2025-07-27 12:00:00,186.48870468139668,195.67249,82.349174,161.40703,195.67249,LSTM
2025-07-27 13:00:00,183.7674616033382,192.10997,116.92034,169.75764,192.10997,LSTM
2025-07-27 14:00:00,168.55080286661916,175.0503,135.58716,156.2406,175.0503,LSTM
2025-07-27 15:00:00,138.169590759277,143.87453,131.16263,128.34201,143.87453,LSTM
2025-07-27 16:00:00,98.60656907823343,96.32563,101.77515,92.47651,96.32563,LSTM
2025-07-27 17:00:00,30.74840090274801,27.4898,54.262222,53.97074,27.4898,LSTM
2025-07-27 18:00:00,0.0,3.742786,13.709288,22.272758,3.742786,LSTM
2025-07-27 19:00:00,0.0,0.35727587,0.0,13.654005,0.35727587,LSTM
2025-07-27 20:00:00,0.0,0.7580013,0.0,7.8204412,0.7580013,LSTM
2025-07-27 21:00:00,0.0,1.0576853,0.0,3.5359385,1.0576853,LSTM
2025-07-27 22:00:00,0.0,0.9620002,0.0,0.58187175,0.9620002,LSTM
2025-07-27 23:00:00,0.0,1.3044869,0.0,0.0,1.3044869,LSTM
2025-07-28 00:00:00,0.0,1.2443126,0.0,0.0,1.2443126,LSTM
2025-07-28 01:00:00,0.0,1.2014301,0.0,0.0,1.2014301,LSTM
2025-07-28 02:00:00,0.0,0.9386203,0.0,1.8938776,0.9386203,LSTM
2025-07-28 03:00:00,0.0,0.6261143,0.0,5.0058804,0.6261143,LSTM
2025-07-28 04:00:00,0.0,0.32226592,0.0,10.271577,0.32226592,LSTM
2025-07-28 05:00:00,0.0,1.0451396,0.0,18.208649,1.0451396,LSTM
2025-07-28 06:00:00,0.0,2.5585666,1.6210661,26.30668,2.5585666,LSTM
2025-07-28 07:00:00,2.6613059951500397,4.086679,9.134509,38.81158,4.086679,LSTM
2025-07-28 08:00:00,46.91802957322855,52.34118,41.776608,61.80148,52.34118,LSTM
2025-07-28 09:00:00,64.54124745455682,82.10995,78.69761,86.30377,82.10995,LSTM
2025-07-28 10:00:00,100.50872468948262,114.313255,105.90915,98.9643,114.313255,LSTM
2025-07-28 11:00:00,137.70566463470487,133.41368,41.36696,126.157455,133.41368,LSTM
2025-07-28 12:00:00,173.0490024566648,165.66019,79.618126,154.56161,165.66019,LSTM
2025-07-28 13:00:00,92.11236173456408,127.95936,110.241196,158.2976,127.95936,LSTM
2025-07-28 14:00:00,168.5810907537291,146.9679,123.871376,143.45454,146.9679,LSTM
2025-07-28 15:00:00,137.432195027668,139.39433,117.85174,117.98824,139.39433,LSTM
2025-07-28 16:00:00,39.17812590165582,57.09885,86.691826,82.948814,57.09885,LSTM
2025-07-28 17:00:00,15.07490310885699,13.796321,39.68394,47.86978,13.796321,LSTM
2025-07-28 18:00:00,0.00991236915191,0.12635097,2.5642269,17.918606,0.12635097,LSTM
2025-07-28 19:00:00,0.0,0.0,0.0,10.184353,0.0,LSTM
2025-07-28 22:00:00,0.0,0.5542153,0.0,0.0,0.5542153,LSTM
2025-07-28 23:00:00,0.0,0.6176962,0.0,0.0,0.6176962,LSTM
2025-07-29 00:00:00,0.0,0.53306675,0.0,0.0,0.53306675,LSTM
2025-07-29 01:00:00,0.0,0.39182484,0.0,0.0,0.39182484,LSTM
2025-07-29 02:00:00,0.0,0.5495015,0.0,0.0,0.5495015,LSTM
2025-07-29 03:00:00,0.0,0.56408834,0.0,1.4077411,0.56408834,LSTM
2025-07-29 04:00:00,0.0,0.30816272,0.0,5.4366937,0.30816272,LSTM
2025-07-29 05:00:00,0.0,0.33156216,1.3834606,11.15271,0.33156216,LSTM
2025-07-29 06:00:00,0.0,0.8009019,3.4501688,18.653654,0.8009019,LSTM
2025-07-29 07:00:00,3.6227146170356113,15.113685,11.4007015,31.034674,15.113685,LSTM
2025-07-29 08:00:00,61.89461690729326,69.72965,45.267555,53.855694,69.72965,LSTM
2025-07-29 09:00:00,117.89950847625788,127.98081,83.8273,81.14021,127.98081,LSTM
2025-07-29 10:00:00,162.516642252605,164.84201,113.71711,96.92744,164.84201,LSTM
2025-07-29 11:00:00,184.87870649857908,179.01491,41.5945,130.27097,179.01491,LSTM
2025-07-29 13:00:00,190.7101454301327,191.98657,111.35508,165.60034,191.98657,LSTM
2025-07-29 14:00:00,177.2754753960511,180.159,129.66823,151.7263,180.159,LSTM
2025-07-29 16:00:00,100.45991007486934,102.32265,98.83637,88.13071,102.32265,LSTM
2025-07-29 17:00:00,32.40615890242819,27.086931,54.526722,49.885616,27.086931,LSTM
2025-07-29 18:00:00,0.020146779038689,1.0151987,14.692803,20.354593,1.0151987,LSTM
2025-07-29 19:00:00,0.0,0.71797776,0.0,11.893845,0.71797776,LSTM
2025-07-29 20:00:00,0.0,0.0,0.0,5.3993053,0.0,LSTM
2025-07-29 21:00:00,0.0,0.3516925,0.0,1.1235182,0.3516925,LSTM
2025-07-29 22:00:00,0.0,0.35829332,0.0,0.0,0.35829332,LSTM
2025-07-30 00:00:00,0.0,0.5855312,0.0,0.0,0.5855312,LSTM
2025-07-30 01:00:00,0.0,0.4877721,0.0,0.0,0.4877721,LSTM
2025-07-30 02:00:00,0.0,0.410584,0.0,0.0,0.410584,LSTM
2025-07-30 03:00:00,0.0,0.21548533,0.0,3.5665822,0.21548533,LSTM
2025-07-30 04:00:00,0.0,0.5418167,0.0,9.107343,0.5418167,LSTM
2025-07-30 05:00:00,0.0,1.1036342,0.0,17.193369,1.1036342,LSTM
2025-07-30 06:00:00,0.0,1.3597336,0.67896265,26.588163,1.3597336,LSTM
2025-07-30 07:00:00,5.902227777242657,20.341145,13.128639,42.64515,20.341145,LSTM
2025-07-30 08:00:00,71.62594434950078,80.29896,51.136288,70.286674,80.29896,LSTM
2025-07-30 09:00:00,125.26510492960666,127.10743,90.69332,99.68222,127.10743,LSTM
2025-07-30 10:00:00,167.96882490678456,172.36539,124.17667,116.681595,172.36539,LSTM
2025-07-30 11:00:00,189.61848727139457,186.73969,43.360664,127.201256,186.73969,LSTM
2025-07-30 12:00:00,199.74153830788276,178.99146,79.91534,154.94873,178.99146,LSTM
2025-07-30 13:00:00,195.107969665526,183.10516,112.25528,162.42673,183.10516,LSTM
2025-07-30 14:00:00,176.23662143283445,171.5954,130.0434,149.59845,171.5954,LSTM
2025-07-30 15:00:00,133.5337860107416,127.05823,126.60546,123.08634,127.05823,LSTM
2025-07-30 16:00:00,65.187440109253,69.35091,98.54456,88.49038,69.35091,LSTM
2025-07-30 18:00:00,0.026428314772519,1.5523936,14.590906,22.032331,1.5523936,LSTM
2025-07-30 19:00:00,0.0,0.5406005,0.0,13.141353,0.5406005,LSTM
2025-07-30 20:00:00,0.0,0.45884877,0.0,6.3484144,0.45884877,LSTM
2025-07-30 21:00:00,0.0,0.61304736,0.0,1.3745164,0.61304736,LSTM
2025-07-30 22:00:00,0.0,0.5049206,0.0,0.0,0.5049206,LSTM
2025-07-30 23:00:00,0.0,0.38028166,0.0,0.0,0.38028166,LSTM
2025-07-31 00:00:00,0.0,0.403433,0.0,0.0,0.403433,LSTM
2025-07-31 01:00:00,0.0,0.5998833,0.0,0.0,0.5998833,LSTM
2025-07-31 02:00:00,0.0,0.46523356,0.0,0.0,0.46523356,LSTM
2025-07-31 03:00:00,0.0,0.73102754,0.0,2.119498,0.73102754,LSTM
2025-07-31 04:00:00,0.0,1.2241517,0.0,6.4786005,1.2241517,LSTM
2025-07-31 05:00:00,0.0,0.8414396,0.0,14.102899,0.8414396,LSTM
2025-07-31 06:00:00,0.0,0.50814193,0.49248323,23.760056,0.50814193,LSTM
2025-07-31 07:00:00,6.6794125080107705,14.446542,11.813663,36.992565,14.446542,LSTM
2025-07-31 08:00:00,67.64691819085012,71.422066,47.93107,64.84493,71.422066,LSTM
2025-07-31 09:00:00,121.22714767456002,121.33164,86.158516,94.645874,121.33164,LSTM
2025-07-31 10:00:00,167.96163601345668,161.3393,116.42425,112.68392,161.3393,LSTM
2025-07-31 11:00:00,192.02547385476,178.75827,42.291782,124.272446,178.75827,LSTM
2025-07-31 12:00:00,185.981508636474,184.51012,79.33363,153.92427,184.51012,LSTM
2025-07-31 13:00:00,194.4583053588867,186.79915,113.09117,161.42705,186.79915,LSTM
2025-07-31 14:00:00,180.28492355346668,171.34949,130.85344,147.79031,171.34949,LSTM
2025-07-31 15:00:00,149.4899291992191,154.31432,128.20248,121.902435,154.31432,LSTM
2025-07-31 16:00:00,101.28982543945465,101.17126,100.919716,86.69655,101.17126,LSTM
2025-07-31 17:00:00,32.828172553669305,30.489733,55.94396,48.8727,30.489733,LSTM
2025-07-31 18:00:00,0.0431160231431325,3.0191734,15.83054,22.37058,3.0191734,LSTM
2025-07-31 19:00:00,0.0,0.63206947,0.0,13.080727,0.63206947,LSTM
2025-07-31 20:00:00,0.0,0.17459148,0.0,5.893826,0.17459148,LSTM
2025-07-31 21:00:00,0.0,0.017607499,0.0,0.6327983,0.017607499,LSTM
2025-07-31 22:00:00,0.0,0.22539672,0.0,0.0,0.22539672,LSTM
2025-07-31 23:00:00,0.0,0.31740573,0.0,0.0,0.31740573,LSTM
2025-08-01 00:00:00,0.0,0.37121475,0.0,0.0,0.37121475,LSTM
2025-08-01 01:00:00,0.0,0.31449822,0.0,0.0,0.31449822,LSTM
2025-08-01 02:00:00,0.0,0.0789244,0.0,1.6031764,0.0789244,LSTM
2025-08-01 03:00:00,0.0,0.0,0.0,4.936992,0.0,LSTM
2025-08-01 04:00:00,0.0,0.0,0.0,9.650766,0.0,LSTM
2025-08-01 05:00:00,0.0,0.19355804,0.0,15.678072,0.19355804,LSTM
2025-08-01 06:00:00,0.0,0.8382793,0.0,22.43133,0.8382793,LSTM
2025-08-01 07:00:00,5.417805721362441,11.353685,9.479955,35.347496,11.353685,LSTM
2025-08-01 08:00:00,64.14787975947075,61.669262,45.272278,64.944374,61.669262,LSTM
2025-08-01 09:00:00,126.64587263627546,128.7218,89.603264,99.61529,128.7218,LSTM
2025-08-01 10:00:00,158.857344055176,165.08559,126.20323,117.64221,165.08559,LSTM
2025-08-01 11:00:00,194.3694063822425,195.49353,45.536793,126.60763,195.49353,LSTM
2025-08-01 12:00:00,204.34778722127248,190.1192,85.61689,154.90332,190.1192,LSTM
2025-08-01 13:00:00,200.9956728617358,195.44998,123.227455,162.69135,195.44998,LSTM
2025-08-01 14:00:00,184.1176466508336,177.23517,142.0462,147.1639,177.23517,LSTM
2025-08-01 15:00:00,152.7948265075675,142.47554,136.23375,119.55612,142.47554,LSTM
2025-08-01 16:00:00,106.50602097945,107.29806,105.90458,84.64596,107.29806,LSTM
2025-08-01 17:00:00,34.99466331799814,29.06435,57.44094,46.04377,29.06435,LSTM
2025-08-01 18:00:00,0.0704618632793429,1.0885738,15.102476,20.3724,1.0885738,LSTM
2025-08-01 19:00:00,0.0,0.0,0.0,11.10423,0.0,LSTM
2025-08-01 20:00:00,0.0,0.0,0.0,4.1959987,0.0,LSTM
2025-08-01 21:00:00,0.0,0.0,0.0,0.0,0.0,LSTM
2025-08-01 22:00:00,0.0,0.2205498,0.0,0.0,0.2205498,LSTM
2025-08-01 23:00:00,0.0,0.27263623,0.0,0.0,0.27263623,LSTM
2025-08-02 00:00:00,0.0,0.2922062,0.0,0.0,0.2922062,LSTM
2025-08-02 01:00:00,0.0,0.11483282,0.0,0.0,0.11483282,LSTM
2025-08-02 02:00:00,0.0,0.22864546,0.0,2.1665661,0.22864546,LSTM
2025-08-02 03:00:00,0.0,0.0,0.0,4.9945946,0.0,LSTM
2025-08-02 04:00:00,0.0,0.30602533,0.0,9.515651,0.30602533,LSTM
2025-08-02 05:00:00,0.0,0.0,0.0,15.230048,0.0,LSTM
2025-08-02 06:00:00,0.0,0.5386149,0.651895,22.533405,0.5386149,LSTM
2025-08-02 07:00:00,6.24092848847308,11.372053,13.40431,35.742233,11.372053,LSTM
2025-08-02 08:00:00,61.43346061706549,81.15756,47.867645,66.456764,81.15756,LSTM
2025-08-02 09:00:00,128.65724836077143,127.77851,90.8905,100.04919,127.77851,LSTM
2025-08-02 10:00:00,170.2887280782075,166.4238,126.351006,118.17362,166.4238,LSTM
2025-08-02 11:00:00,194.67992609197364,192.95871,45.624405,130.64629,192.95871,LSTM
2025-08-02 12:00:00,203.7737953879609,198.90363,87.86258,162.85843,198.90363,LSTM
2025-08-02 13:00:00,199.91232426961167,201.04428,127.18438,173.1904,201.04428,LSTM
2025-08-02 14:00:00,182.8863123113464,187.44792,149.0321,160.6256,187.44792,LSTM
2025-08-02 15:00:00,152.21134255149272,159.37897,146.03638,133.8255,159.37897,LSTM
2025-08-02 16:00:00,103.79130299886025,107.42159,115.97996,97.829544,107.42159,LSTM
2025-08-02 17:00:00,36.38012417879983,31.869833,65.33722,58.56518,31.869833,LSTM
2025-08-02 18:00:00,0.0,1.3258005,19.426657,24.75649,1.3258005,LSTM
2025-08-02 19:00:00,0.0,1.2396106,0.0,15.013187,1.2396106,LSTM
2025-08-02 20:00:00,0.0,0.520366,0.0,7.795777,0.520366,LSTM
2025-08-02 21:00:00,0.0,0.300791,0.0,2.5142927,0.300791,LSTM
2025-08-02 23:00:00,0.0,0.35234523,0.0,0.0,0.35234523,LSTM
2025-08-03 00:00:00,0.0,0.2806943,0.0,0.0,0.2806943,LSTM
2025-08-03 01:00:00,0.0,0.28791106,0.0,0.0,0.28791106,LSTM
2025-08-03 02:00:00,0.0,0.0732792,0.0,2.5657184,0.0732792,LSTM
2025-08-03 03:00:00,0.0,0.0,0.0,6.0622096,0.0,LSTM
2025-08-03 04:00:00,0.0,0.11788356,0.0,10.571697,0.11788356,LSTM
2025-08-03 05:00:00,0.0,0.8456549,0.0,17.451118,0.8456549,LSTM
2025-08-03 06:00:00,0.0,1.5245064,1.7922097,28.56238,1.5245064,LSTM
2025-08-03 07:00:00,6.672336892949234,17.598581,17.008638,45.612694,17.598581,LSTM
2025-08-03 08:00:00,64.5710884094239,67.081375,54.091625,75.4287,67.081375,LSTM
2025-08-03 09:00:00,130.84010738796667,117.14842,94.55328,104.60599,117.14842,LSTM
2025-08-03 10:00:00,167.0417353312175,171.10335,128.93938,119.91995,171.10335,LSTM
2025-08-03 11:00:00,187.8025800916878,144.03688,41.20121,126.06038,144.03688,LSTM
2025-08-03 12:00:00,196.538948059082,177.97237,79.17196,159.31392,177.97237,LSTM
2025-08-03 13:00:00,193.48346201578832,192.69197,117.31564,171.80518,192.69197,LSTM
2025-08-03 14:00:00,178.29914855956855,184.82047,140.01662,160.33205,184.82047,LSTM
2025-08-03 15:00:00,143.61959330240998,145.5487,137.40231,134.26707,145.5487,LSTM
2025-08-03 16:00:00,103.4079021107068,96.922165,108.293144,100.79369,96.922165,LSTM
2025-08-03 17:00:00,34.12350945039239,25.599092,60.329166,64.05606,25.599092,LSTM
2025-08-03 18:00:00,0.078302800655365,1.8719797,17.292768,30.238386,1.8719797,LSTM
2025-08-03 19:00:00,0.0,0.086679995,0.0,16.06017,0.086679995,LSTM
2025-08-03 20:00:00,0.0,0.3315113,0.0,9.351598,0.3315113,LSTM
2025-08-03 21:00:00,0.0,0.3019822,0.0,4.1381445,0.3019822,LSTM
2025-08-03 22:00:00,0.0,0.38207468,0.0,0.38495892,0.38207468,LSTM
2025-08-03 23:00:00,0.0,0.49451065,0.0,0.0,0.49451065,LSTM
2025-08-04 00:00:00,0.0,0.45921427,0.0,0.0,0.45921427,LSTM
2025-08-04 01:00:00,0.0,0.30256683,0.0,0.0,0.30256683,LSTM
2025-08-04 02:00:00,0.0,0.29050475,0.0,0.0,0.29050475,LSTM
2025-08-04 03:00:00,0.0,0.23256885,0.0,3.4913597,0.23256885,LSTM
2025-08-04 04:00:00,0.0,0.33671507,0.0,10.280333,0.33671507,LSTM
2025-08-04 05:00:00,0.0,0.80070937,1.6958632,18.488142,0.80070937,LSTM
2025-08-04 06:00:00,0.0,1.2484481,4.440991,28.487831,1.2484481,LSTM
2025-08-04 08:00:00,60.81975682576508,64.0094,61.43168,77.023094,64.0094,LSTM
2025-08-04 09:00:00,125.97764841715453,121.627106,101.86018,101.25668,121.627106,LSTM
2025-08-04 10:00:00,177.58780479431124,154.9358,134.0837,111.51698,154.9358,LSTM
2025-08-04 12:00:00,177.52706400553416,168.25583,80.055466,158.6657,168.25583,LSTM
2025-08-04 13:00:00,169.31724548339778,177.3189,115.6522,164.26495,177.3189,LSTM
2025-08-04 14:00:00,142.82038810036454,150.62553,134.14508,148.38281,150.62553,LSTM
2025-08-04 15:00:00,144.05579584295182,138.84602,128.46562,120.516304,138.84602,LSTM
2025-08-04 16:00:00,95.12628004286088,91.84407,97.05614,85.93789,91.84407,LSTM
2025-08-04 17:00:00,30.84958863258344,20.668217,48.552753,49.055378,20.668217,LSTM
2025-08-04 18:00:00,0.0911415815353363,2.906308,7.83904,20.397272,2.906308,LSTM
2025-08-04 19:00:00,0.0,0.23719545,0.0,11.7252445,0.23719545,LSTM
2025-08-04 20:00:00,0.0,0.03233487,0.0,4.994305,0.03233487,LSTM
2025-08-04 21:00:00,0.0,0.0,0.0,0.0,0.0,LSTM
2025-08-04 22:00:00,0.0,0.0,0.0,0.0,0.0,LSTM
2025-08-04 23:00:00,0.0,0.0,0.0,0.0,0.0,LSTM
2025-08-05 00:00:00,0.0,0.0,0.0,0.0,0.0,LSTM
2025-08-05 01:00:00,0.0,0.0,0.0,0.0,0.0,LSTM
2025-08-05 02:00:00,0.0,0.0,0.0,0.0,0.0,LSTM
2025-08-05 03:00:00,0.0,0.0,0.0,3.7664096,0.0,LSTM
2025-08-05 04:00:00,0.0,0.056330297,0.0,8.1079,0.056330297,LSTM
2025-08-05 05:00:00,0.0,0.7830169,0.0,14.649972,0.7830169,LSTM
2025-08-05 06:00:00,0.0,0.0,0.97234166,25.09139,0.0,LSTM
2025-08-05 07:00:00,4.594097730517381,1.340742,17.054007,40.53242,1.340742,LSTM
2025-08-05 08:00:00,45.589511108398405,51.324436,54.87215,69.69011,51.324436,LSTM
2025-08-05 10:00:00,158.822814941406,151.51297,127.2023,115.24923,151.51297,LSTM
2025-08-05 11:00:00,176.74009386698333,175.69475,43.877544,137.09836,175.69475,LSTM
2025-08-05 12:00:00,167.4908440329818,166.2493,85.636444,166.78647,166.2493,LSTM
2025-08-05 13:00:00,163.39637340198908,158.05461,121.73245,170.1753,158.05461,LSTM
2025-08-05 14:00:00,127.88789176940868,128.43082,139.05003,151.33655,128.43082,LSTM
2025-08-05 15:00:00,119.39195459539238,118.77993,131.19563,120.393875,118.77993,LSTM
2025-08-05 16:00:00,46.69337717692067,52.770462,94.681564,82.78292,52.770462,LSTM
2025-08-05 17:00:00,22.277982187271192,14.946595,42.28389,45.69548,14.946595,LSTM
2025-08-05 18:00:00,0.0681614379088083,0.8100028,1.6747977,16.011795,0.8100028,LSTM
2025-08-05 19:00:00,0.0,0.2522531,0.0,8.622024,0.2522531,LSTM
2025-08-05 20:00:00,0.0,0.14489725,0.0,3.351357,0.14489725,LSTM
2025-08-05 21:00:00,0.0,0.0,0.0,0.0,0.0,LSTM
2025-08-05 22:00:00,0.0,0.0,0.0,0.0,0.0,LSTM
2025-08-05 23:00:00,0.0,0.0,0.0,0.0,0.0,LSTM
2025-08-06 00:00:00,0.0,0.0,0.0,0.0,0.0,LSTM
2025-08-06 01:00:00,0.0,0.025090342,0.0,0.0,0.025090342,LSTM
2025-08-06 02:00:00,0.0,0.0,0.0,0.96573204,0.0,LSTM
2025-08-06 03:00:00,0.0,0.2135522,0.0,6.3611465,0.2135522,LSTM
2025-08-06 04:00:00,0.0,0.9978601,0.0,12.865705,0.9978601,LSTM
2025-08-06 05:00:00,0.0,1.4690531,1.0723524,20.502659,1.4690531,LSTM
2025-08-06 06:00:00,0.0,1.9961909,3.6439621,30.02727,1.9961909,LSTM
2025-08-06 07:00:00,1.0838450148701722,9.1838875,21.68766,46.311092,9.1838875,LSTM
2025-08-06 08:00:00,16.680145687527002,41.279697,57.91828,68.53691,41.279697,LSTM
2025-08-06 09:00:00,37.706088701884,42.212914,91.1974,90.92963,42.212914,LSTM
2025-08-06 10:00:00,71.33829255537536,78.78448,114.39175,103.303444,78.78448,LSTM
2025-08-06 11:00:00,80.66875839233373,87.83032,41.628628,118.59928,87.83032,LSTM
2025-08-06 12:00:00,97.9317665100106,103.40112,77.80139,137.98926,103.40112,LSTM
2025-08-06 13:00:00,87.58917028253718,90.83388,106.91117,135.90169,90.83388,LSTM
2025-08-06 14:00:00,52.4390354156495,54.301792,116.33459,118.060005,54.301792,LSTM
2025-08-06 15:00:00,32.21365002223428,41.154926,101.12629,93.15833,41.154926,LSTM
2025-08-06 17:00:00,11.186026329795531,11.722583,26.95491,36.80438,11.722583,LSTM
2025-08-06 18:00:00,0.0,6.0134416,0.0,14.619431,6.0134416,LSTM
2025-08-06 19:00:00,0.0,0.2163709,0.0,8.37417,0.2163709,LSTM
2025-08-06 20:00:00,0.0,0.0,0.0,3.5386872,0.0,LSTM
2025-08-06 21:00:00,0.0,0.0,0.0,0.0,0.0,LSTM
2025-08-06 22:00:00,0.0,0.0,0.0,0.0,0.0,LSTM
2025-08-06 23:00:00,0.0,0.0,0.0,0.0,0.0,LSTM
2025-08-07 00:00:00,0.0,0.0,0.0,0.0,0.0,LSTM
2025-08-07 01:00:00,0.0,0.0,0.0,0.0,0.0,LSTM
2025-08-07 02:00:00,0.0,0.0,0.0,0.914475,0.0,LSTM
2025-08-07 03:00:00,0.0,0.08062352,0.0,5.842171,0.08062352,LSTM
2025-08-07 04:00:00,0.0,0.0,0.49515048,9.553707,0.0,LSTM
2025-08-07 05:00:00,0.0,0.0,2.093131,14.546507,0.0,LSTM
2025-08-07 06:00:00,0.0,0.0,3.7805018,19.297863,0.0,LSTM
2025-08-07 07:00:00,0.069468926638365,0.20323229,12.241445,28.457108,0.20323229,LSTM
2025-08-07 08:00:00,6.615961511929832,13.131671,38.854084,46.43655,13.131671,LSTM
2025-08-07 09:00:00,46.21303627707736,48.901966,71.68451,72.49646,48.901966,LSTM
2025-08-07 10:00:00,63.646526683460536,61.683525,98.299484,91.59659,61.683525,LSTM
2025-08-07 11:00:00,82.2864398956301,89.73676,41.343315,108.366875,89.73676,LSTM
2025-08-07 12:00:00,73.73933633168542,87.854454,74.96308,123.834496,87.854454,LSTM
2025-08-07 13:00:00,55.73366737365739,71.16519,99.90294,120.96395,71.16519,LSTM
2025-08-07 14:00:00,74.2196550369265,75.58824,108.609535,105.23324,75.58824,LSTM
2025-08-07 15:00:00,25.837507594715472,34.590096,93.648865,79.36708,34.590096,LSTM
2025-08-07 16:00:00,14.072655598322491,15.117518,60.1419,51.08901,15.117518,LSTM
2025-08-07 17:00:00,4.932488600412989,5.735047,21.947744,22.638636,5.735047,LSTM
2025-08-07 18:00:00,0.0,0.0,0.11589917,10.647658,0.0,LSTM
2025-08-07 19:00:00,0.0,0.0,0.0,4.513705,0.0,LSTM
2025-08-07 20:00:00,0.0,0.08982113,0.0,0.0,0.08982113,LSTM
2025-08-07 21:00:00,0.0,0.0,0.0,0.0,0.0,LSTM
2025-08-07 22:00:00,0.0,0.0,0.0,0.0,0.0,LSTM
2025-08-07 23:00:00,0.0,0.008407536,0.0,0.0,0.008407536,LSTM
2025-08-08 00:00:00,0.0,0.10485178,0.0,0.0,0.10485178,LSTM
2025-08-08 02:00:00,0.0,0.0,0.0,3.7667515,0.0,LSTM
2025-08-08 03:00:00,0.0,0.58804506,0.0,9.448196,0.58804506,LSTM
2025-08-08 04:00:00,0.0,1.1151234,0.0,13.927703,1.1151234,LSTM
2025-08-08 05:00:00,0.0,0.38608417,1.0080771,19.166399,0.38608417,LSTM
2025-08-08 06:00:00,0.0,0.20829912,3.1059453,25.41443,0.20829912,LSTM
2025-08-08 07:00:00,5.4027658899625175,1.3478594,15.360381,39.907974,1.3478594,LSTM
2025-08-08 08:00:00,65.68032900492358,74.90302,44.956066,64.8222,74.90302,LSTM
2025-08-08 09:00:00,121.193184661865,120.82057,81.47484,93.86854,120.82057,LSTM
2025-08-08 11:00:00,189.65217312899543,195.33444,43.932713,125.702805,195.33444,LSTM
2025-08-08 12:00:00,199.64583502875445,186.05894,80.89382,152.36607,186.05894,LSTM
2025-08-08 13:00:00,195.333003234863,178.83864,111.31599,156.3835,178.83864,LSTM
2025-08-08 14:00:00,182.647019958495,181.45273,129.58435,145.4258,181.45273,LSTM
2025-08-08 15:00:00,151.064286804198,153.8863,124.66761,118.54758,153.8863,LSTM
2025-08-08 16:00:00,106.4410087585435,103.14201,95.75278,83.91853,103.14201,LSTM
2025-08-08 17:00:00,38.33425788084653,35.832882,49.80472,46.581627,35.832882,LSTM
2025-08-08 18:00:00,0.2194819574554767,1.8011205,10.012657,18.46526,1.8011205,LSTM
2025-08-08 19:00:00,0.0,0.63834625,0.0,9.874471,0.63834625,LSTM
2025-08-08 20:00:00,0.0,0.0,0.0,3.2984707,0.0,LSTM
2025-08-08 21:00:00,0.0,0.012489016,0.0,0.0,0.012489016,LSTM
2025-08-08 22:00:00,0.0,0.2281391,0.0,0.0,0.2281391,LSTM
2025-08-08 23:00:00,0.0,0.2591865,0.0,0.0,0.2591865,LSTM
2025-08-09 00:00:00,0.0,0.22797161,0.0,0.0,0.22797161,LSTM
2025-08-09 01:00:00,0.0,0.7150006,0.0,0.0,0.7150006,LSTM
2025-08-09 02:00:00,0.0,0.189439,0.0,1.4318047,0.189439,LSTM
2025-08-09 03:00:00,0.0,0.6609075,0.0,7.076789,0.6609075,LSTM
2025-08-09 04:00:00,0.0,0.0,0.0,12.171307,0.0,LSTM
2025-08-09 05:00:00,0.0,0.0,0.0,17.577415,0.0,LSTM
2025-08-09 06:00:00,0.0,0.302991,1.7133507,25.55989,0.302991,LSTM
2025-08-09 07:00:00,8.104007050395031,0.84051764,11.513666,40.4532,0.84051764,LSTM
2025-08-09 08:00:00,66.14183807373064,73.76548,42.83815,70.07289,73.76548,LSTM
2025-08-09 09:00:00,128.39470811323636,132.22133,85.34166,103.19473,132.22133,LSTM
2025-08-09 10:00:00,170.82999628240455,168.48424,119.95537,120.664345,168.48424,LSTM
2025-08-09 11:00:00,191.874989318849,195.9362,45.059074,130.88,195.9362,LSTM
2025-08-09 12:00:00,200.053933715822,189.79672,84.30418,159.8462,189.79672,LSTM
2025-08-09 13:00:00,195.732302856445,192.10915,120.150024,168.40344,192.10915,LSTM
2025-08-09 14:00:00,178.80848439534586,180.48454,139.47763,154.7126,180.48454,LSTM
2025-08-09 15:00:00,148.02361933390418,158.75745,136.57439,127.57361,158.75745,LSTM
2025-08-09 16:00:00,102.4523792266844,102.72881,106.50433,91.012596,102.72881,LSTM
2025-08-09 17:00:00,34.86048425327658,32.403244,57.906693,52.152218,32.403244,LSTM
2025-08-09 18:00:00,0.2344577908515933,1.5740782,14.558771,22.938055,1.5740782,LSTM
2025-08-09 19:00:00,0.0,0.05878388,0.0,14.025013,0.05878388,LSTM
2025-08-09 20:00:00,0.0,0.0,0.0,7.3955164,0.0,LSTM
2025-08-09 21:00:00,0.0,0.4786285,0.0,2.6791985,0.4786285,LSTM
2025-08-09 23:00:00,0.0,0.21128958,0.0,0.0,0.21128958,LSTM
2025-08-10 00:00:00,0.0,0.14593972,0.0,0.0,0.14593972,LSTM
2025-08-10 01:00:00,0.0,0.0,0.0,0.0,0.0,LSTM
2025-08-10 02:00:00,0.0,0.0,0.0,2.4813669,0.0,LSTM
2025-08-10 03:00:00,0.0,0.0,0.0,5.427956,0.0,LSTM
2025-08-10 04:00:00,0.0,0.0,0.0,9.538228,0.0,LSTM
2025-08-10 05:00:00,0.0,0.0,0.0,15.189338,0.0,LSTM
2025-08-10 06:00:00,0.0,2.033476,1.5039327,26.002884,2.033476,LSTM
2025-08-10 07:00:00,9.0370621711017,9.842841,15.828436,39.620872,9.842841,LSTM
2025-08-10 08:00:00,70.94127308238618,78.91549,52.412548,71.62107,78.91549,LSTM
2025-08-10 09:00:00,130.1681594848625,121.025246,94.70916,103.785614,121.025246,LSTM
2025-08-10 10:00:00,170.04050699869833,165.45522,129.1913,121.567635,165.45522,LSTM
2025-08-10 11:00:00,193.570907592773,188.84312,44.80661,131.31355,188.84312,LSTM
2025-08-10 12:00:00,200.88512490012545,186.35823,83.89654,161.41963,186.35823,LSTM
2025-08-10 13:00:00,195.6287384033218,192.83453,120.88487,171.69048,192.83453,LSTM
2025-08-10 14:00:00,179.18566894531182,185.5205,142.59004,159.08641,185.5205,LSTM
2025-08-10 15:00:00,150.83176574707198,160.03566,140.81421,131.6564,160.03566,LSTM
2025-08-10 16:00:00,99.42346615261611,99.88478,110.787346,95.00103,99.88478,LSTM
2025-08-10 17:00:00,32.68522818883269,36.088245,61.769974,56.538185,36.088245,LSTM
2025-08-10 18:00:00,0.0978024242953816,3.7126193,17.656431,24.12306,3.7126193,LSTM
2025-08-10 19:00:00,0.0,0.46103078,0.0,14.356716,0.46103078,LSTM
2025-08-10 20:00:00,0.0,0.029917682,0.0,7.314176,0.029917682,LSTM
2025-08-10 21:00:00,0.0,0.0,0.0,2.0707831,0.0,LSTM
2025-08-10 22:00:00,0.0,0.02897851,0.0,0.0,0.02897851,LSTM
2025-08-10 23:00:00,0.0,0.08726189,0.0,0.0,0.08726189,LSTM
2025-08-11 00:00:00,0.0,0.09262143,0.0,0.0,0.09262143,LSTM
2025-08-11 01:00:00,0.0,0.0,0.0,0.0,0.0,LSTM
2025-08-11 02:00:00,0.0,0.20829989,0.0,2.2502851,0.20829989,LSTM
2025-08-11 03:00:00,0.0,0.08597836,0.0,5.231015,0.08597836,LSTM
2025-08-11 04:00:00,0.0,0.8147703,0.0,9.518011,0.8147703,LSTM
2025-08-11 05:00:00,0.0,0.15966806,0.0,14.938545,0.15966806,LSTM
2025-08-11 06:00:00,0.0,0.17293149,1.7399981,24.892717,0.17293149,LSTM
2025-08-11 07:00:00,5.915561524304403,2.379354,15.70924,38.354877,2.379354,LSTM
2025-08-11 08:00:00,62.466489618474725,67.30801,51.421654,69.266945,67.30801,LSTM
2025-08-11 09:00:00,107.2659756053588,111.42348,92.67257,100.72744,111.42348,LSTM
2025-08-11 10:00:00,110.31140200296892,130.63655,123.10716,117.035446,130.63655,LSTM
2025-08-11 11:00:00,169.022421264649,168.90746,45.58975,129.14702,168.90746,LSTM
2025-08-11 13:00:00,185.3978515625,149.03381,117.56156,158.09013,149.03381,LSTM
2025-08-11 14:00:00,157.273344421386,160.57924,134.31696,146.05104,160.57924,LSTM
2025-08-11 15:00:00,107.55846405029178,105.49485,126.387146,117.438416,105.49485,LSTM
2025-08-11 16:00:00,68.86640803019189,63.222725,92.71566,82.28479,63.222725,LSTM
2025-08-11 17:00:00,48.920661078559,25.356737,43.77776,46.14922,25.356737,LSTM
2025-08-11 18:00:00,0.40577216148376,2.863799,4.6572165,17.165842,2.863799,LSTM
2025-08-11 19:00:00,0.0,0.0,0.0,8.7263155,0.0,LSTM
2025-08-11 20:00:00,0.0,0.0,0.0,2.6403136,0.0,LSTM
2025-08-11 22:00:00,0.0,0.0,0.0,0.0,0.0,LSTM
2025-08-11 23:00:00,0.0,0.3075507,0.0,0.0,0.3075507,LSTM
2025-08-12 00:00:00,0.0,0.16885158,0.0,0.0,0.16885158,LSTM
2025-08-12 01:00:00,0.0,0.0,0.0,0.0,0.0,LSTM
2025-08-12 02:00:00,0.0,0.0,0.0,0.7378211,0.0,LSTM
2025-08-12 03:00:00,0.0,0.0,0.0,3.7191694,0.0,LSTM
2025-08-12 04:00:00,0.0,0.0,0.0,8.230181,0.0,LSTM
2025-08-12 05:00:00,0.0,0.0,0.0,14.085215,0.0,LSTM
2025-08-12 06:00:00,0.0,0.39984614,1.6687807,23.015696,0.39984614,LSTM
2025-08-12 07:00:00,8.889195044835363,12.658823,11.331751,37.72748,12.658823,LSTM
2025-08-12 08:00:00,68.57104269663483,68.05149,45.552437,68.09603,68.05149,LSTM
2025-08-12 09:00:00,125.80799547831332,126.9136,88.26714,100.36029,126.9136,LSTM
2025-08-12 10:00:00,165.22678722034726,166.98264,122.85364,118.5848,166.98264,LSTM
2025-08-12 11:00:00,186.6155929565442,185.15662,43.923855,136.2568,185.15662,LSTM
2025-08-12 12:00:00,198.3452212015783,195.95937,85.154106,168.07494,195.95937,LSTM
2025-08-12 13:00:00,194.34133148193249,197.19731,122.698074,175.36856,197.19731,LSTM
2025-08-12 14:00:00,177.87704467773457,178.70177,141.86406,159.43172,178.70177,LSTM
2025-08-12 15:00:00,150.075074768067,132.8626,133.72943,129.88965,132.8626,LSTM
2025-08-12 16:00:00,101.42925008137978,90.63577,99.88583,94.86122,90.63577,LSTM
2025-08-12 17:00:00,37.10687151822165,32.63451,50.394814,57.431503,32.63451,LSTM
2025-08-12 18:00:00,0.3353441791100918,1.4129995,8.639114,22.999971,1.4129995,LSTM
2025-08-12 19:00:00,0.0,0.59888935,0.0,13.672292,0.59888935,LSTM
2025-08-12 20:00:00,0.0,0.47224802,0.0,7.0942583,0.47224802,LSTM
2025-08-12 21:00:00,0.0,0.092551775,0.0,2.224455,0.092551775,LSTM
2025-08-13 01:00:00,0.0,0.18733056,0.0,0.0,0.18733056,LSTM
2025-08-13 02:00:00,0.0,0.0,0.0,1.4428554,0.0,LSTM
2025-08-13 03:00:00,0.0,0.0,0.0,6.985436,0.0,LSTM
2025-08-13 04:00:00,0.0,0.2616581,0.0,12.0352335,0.2616581,LSTM
2025-08-13 05:00:00,0.0,0.0,0.0,18.770487,0.0,LSTM
2025-08-13 06:00:00,0.0,0.0,2.0576053,30.356253,0.0,LSTM
2025-08-13 09:00:00,132.64256954193,126.13852,89.97517,103.92765,126.13852,LSTM
2025-08-13 10:00:00,165.67185516357398,171.33328,122.051506,118.77691,171.33328,LSTM
2025-08-13 11:00:00,190.4542405870233,184.41405,43.201252,133.20798,184.41405,LSTM
2025-08-13 12:00:00,202.40261840820253,195.4735,83.57096,163.98387,195.4735,LSTM
2025-08-13 13:00:00,199.94512107155543,195.9517,118.94694,168.97903,195.9517,LSTM
2025-08-13 14:00:00,183.56017494201623,174.85175,135.80623,152.72182,174.85175,LSTM
2025-08-13 17:00:00,36.33719910515688,26.773718,48.68594,49.747852,26.773718,LSTM
2025-08-13 18:00:00,0.5311914814843122,3.8753307,8.733647,21.914976,3.8753307,LSTM
2025-08-13 19:00:00,0.0,0.39670226,0.0,12.973833,0.39670226,LSTM
2025-08-13 20:00:00,0.0,0.5239756,0.0,6.357283,0.5239756,LSTM
2025-08-13 21:00:00,0.0,0.0,0.0,1.2751725,0.0,LSTM
2025-08-13 22:00:00,0.0,0.0,0.0,0.0,0.0,LSTM
2025-08-13 23:00:00,0.0,0.0,0.0,0.0,0.0,LSTM
2025-08-14 00:00:00,0.0,0.0,0.0,0.0,0.0,LSTM
2025-08-14 01:00:00,0.0,0.0,0.0,0.0,0.0,LSTM
2025-08-14 02:00:00,0.0,0.0,0.0,2.3810885,0.0,LSTM
2025-08-14 04:00:00,0.0,0.0,0.0,9.881577,0.0,LSTM
2025-08-14 05:00:00,0.0,0.96743095,0.0,16.362759,0.96743095,LSTM
2025-08-14 06:00:00,0.0,1.8767503,1.9318628,27.862274,1.8767503,LSTM
2025-08-14 07:00:00,13.997573822736651,19.634481,17.814768,44.49666,19.634481,LSTM
2025-08-14 08:00:00,76.50256521051527,86.4404,55.402683,76.13683,86.4404,LSTM
2025-08-14 09:00:00,136.733924865722,138.88176,97.93643,106.96336,138.88176,LSTM
2025-08-14 10:00:00,172.173110961915,177.53172,133.03986,123.460594,177.53172,LSTM
2025-08-14 11:00:00,194.57828140258752,194.46207,44.97992,139.8014,194.46207,LSTM
2025-08-14 12:00:00,203.92763095432,203.55919,87.56265,172.86412,203.55919,LSTM
2025-08-14 13:00:00,198.44006178114225,199.25087,125.15865,180.0226,199.25087,LSTM
2025-08-14 14:00:00,182.31561001864276,182.42073,145.1471,165.03534,182.42073,LSTM
2025-08-14 15:00:00,154.63562289151272,156.34464,140.34694,135.48634,156.34464,LSTM
2025-08-14 16:00:00,106.73580932617274,105.78144,108.94689,97.459435,105.78144,LSTM
2025-08-14 17:00:00,41.84141254425048,37.81318,58.168022,57.332096,37.81318,LSTM
2025-08-14 18:00:00,0.5925733778211888,6.187227,13.854828,23.907894,6.187227,LSTM
2025-08-14 20:00:00,0.0,0.85018563,0.0,7.3969564,0.85018563,LSTM
2025-08-14 21:00:00,0.0,0.15606476,0.0,2.2962687,0.15606476,LSTM
2025-08-14 22:00:00,0.0,0.1784006,0.0,0.0,0.1784006,LSTM
2025-08-14 23:00:00,0.0,0.07235099,0.0,0.0,0.07235099,LSTM
2025-08-15 00:00:00,0.0,0.0,0.0,0.0,0.0,LSTM
2025-08-15 01:00:00,0.0,0.0,0.0,0.0,0.0,LSTM
2025-08-15 02:00:00,0.0,0.0,0.0,2.0318458,0.0,LSTM
2025-08-15 03:00:00,0.0,0.0,0.0,5.3002386,0.0,LSTM
2025-08-15 04:00:00,0.0,0.0,0.0,9.4654455,0.0,LSTM
2025-08-15 05:00:00,0.0,0.037950724,0.0,15.342781,0.037950724,LSTM
2025-08-15 06:00:00,0.0,0.38776216,1.1702062,26.888899,0.38776216,LSTM
2025-08-15 07:00:00,10.92369709660611,9.37686,12.224954,42.222866,9.37686,LSTM
2025-08-15 08:00:00,75.05535920461033,77.82803,49.09065,75.38939,77.82803,LSTM
2025-08-15 09:00:00,133.19720904032332,129.11716,94.323364,107.02676,129.11716,LSTM
2025-08-15 10:00:00,169.06859334309834,165.98,131.03543,123.72531,165.98,LSTM
2025-08-15 11:00:00,191.61492642489276,176.34184,43.315136,137.9188,176.34184,LSTM
2025-08-15 12:00:00,202.97345924377623,190.0788,84.544266,170.37578,190.0788,LSTM
2025-08-15 13:00:00,201.63278007507373,191.74492,120.76059,177.62149,191.74492,LSTM
2025-08-15 14:00:00,185.77989196777364,177.12878,140.4923,162.919,177.12878,LSTM
2025-08-15 15:00:00,152.7335289849178,145.00346,135.20593,133.38443,145.00346,LSTM
2025-08-15 16:00:00,105.93053283691488,103.050224,104.73834,96.692726,103.050224,LSTM
2025-08-15 17:00:00,41.2600547790528,32.938236,55.791367,56.901585,32.938236,LSTM
2025-08-15 18:00:00,0.5252783081748272,1.7571809,12.393477,22.956135,1.7571809,LSTM
2025-08-15 19:00:00,0.0,0.0,0.0,12.522826,0.0,LSTM
2025-08-15 20:00:00,0.0,0.0,0.0,5.909109,0.0,LSTM
2025-08-15 21:00:00,0.0,0.0,0.0,1.4058596,0.0,LSTM
2025-08-15 22:00:00,0.0,0.0,0.0,0.0,0.0,LSTM
2025-08-15 23:00:00,0.0,0.0,0.0,0.0,0.0,LSTM
2025-08-16 00:00:00,0.0,0.028636495,0.0,0.0,0.028636495,LSTM
2025-08-16 02:00:00,0.0,0.0,0.0,1.5186392,0.0,LSTM
2025-08-16 03:00:00,0.0,0.0,0.0,4.8950176,0.0,LSTM
2025-08-16 04:00:00,0.0,0.4818217,0.0,9.198008,0.4818217,LSTM
2025-08-16 05:00:00,0.0,0.2180923,0.0,14.591743,0.2180923,LSTM
2025-08-16 06:00:00,0.0,0.32578468,1.6301965,25.231594,0.32578468,LSTM
2025-08-16 07:00:00,10.899295422163734,11.497501,13.411954,38.097446,11.497501,LSTM
2025-08-16 08:00:00,74.3316785638981,73.96567,49.080177,66.758995,73.96567,LSTM
2025-08-16 09:00:00,133.14472113715334,124.288155,90.42072,97.51763,124.288155,LSTM
2025-08-16 10:00:00,177.22513580322249,161.06937,122.475136,115.115906,161.06937,LSTM
2025-08-16 11:00:00,199.37709461558907,185.32823,43.11012,129.97827,185.32823,LSTM
2025-08-16 12:00:00,208.655039978027,196.87985,82.87209,162.25017,196.87985,LSTM
2025-08-16 13:00:00,204.82321860573364,201.45142,120.19184,171.29366,201.45142,LSTM
2025-08-16 14:00:00,186.19145618785453,187.8795,140.95071,157.0959,187.8795,LSTM
2025-08-16 15:00:00,155.60444779829547,155.37433,136.94669,128.5965,155.37433,LSTM
2025-08-16 16:00:00,106.3656036376948,99.0285,105.55958,92.09584,99.0285,LSTM
2025-08-16 19:00:00,0.0,1.1086838,0.0,15.6981325,1.1086838,LSTM
2025-08-16 20:00:00,0.0,0.049866453,0.0,8.508081,0.049866453,LSTM
2025-08-16 21:00:00,0.0,0.0,0.0,3.278385,0.0,LSTM
2025-08-16 22:00:00,0.0,0.0,0.0,0.0,0.0,LSTM
2025-08-16 23:00:00,0.0,0.0,0.0,0.0,0.0,LSTM
2025-08-17 00:00:00,0.0,0.0076413294,0.0,0.0,0.0076413294,LSTM
2025-08-17 01:00:00,0.0,0.0213634,0.0,0.0,0.0213634,LSTM
2025-08-17 02:00:00,0.0,0.0035809805,0.0,2.4345367,0.0035809805,LSTM
2025-08-17 03:00:00,0.0,0.0,0.0,5.016568,0.0,LSTM
2025-08-17 04:00:00,0.0,0.0,0.0,9.055676,0.0,LSTM
2025-08-17 05:00:00,0.0,0.0,0.0,14.695337,0.0,LSTM
2025-08-17 06:00:00,0.0,0.03892511,0.34576124,24.795582,0.03892511,LSTM
2025-08-17 07:00:00,12.204971979061773,11.111277,15.232667,39.458565,11.111277,LSTM
2025-08-17 08:00:00,77.00473054250101,78.31779,53.767155,73.51751,78.31779,LSTM
2025-08-17 09:00:00,132.8779424031578,116.90197,97.69147,105.817,116.90197,LSTM
2025-08-17 10:00:00,178.44522094726454,167.04054,134.87965,124.06891,167.04054,LSTM
2025-08-17 11:00:00,202.69322343306,190.3717,45.204483,137.16197,190.3717,LSTM
2025-08-17 12:00:00,210.90232086181587,204.0639,89.249115,171.26247,204.0639,LSTM
2025-08-17 13:00:00,206.7971843372691,203.60062,129.13542,178.83061,203.60062,LSTM
2025-08-17 14:00:00,190.22804005940668,184.74942,150.28154,164.23685,184.74942,LSTM
2025-08-17 15:00:00,158.34375635783002,159.71991,146.31895,135.58484,159.71991,LSTM
2025-08-17 16:00:00,109.45072491963758,110.30227,115.68277,97.860146,110.30227,LSTM
2025-08-17 17:00:00,40.97875014218408,33.52548,64.03874,57.10432,33.52548,LSTM
2025-08-17 18:00:00,0.4957711398601572,2.158574,17.642136,23.838326,2.158574,LSTM
2025-08-17 19:00:00,0.0,0.0,0.0,13.620509,0.0,LSTM
2025-08-17 20:00:00,0.0,0.0,0.0,6.5914593,0.0,LSTM
2025-08-17 21:00:00,0.0,0.0,0.0,1.6375124,0.0,LSTM
2025-08-17 22:00:00,0.0,0.0,0.0,0.0,0.0,LSTM
2025-08-17 23:00:00,0.0,0.013486103,0.0,0.0,0.013486103,LSTM
2025-08-18 00:00:00,0.0,0.027540013,0.0,0.0,0.027540013,LSTM
2025-08-18 01:00:00,0.0,0.0,0.0,0.0,0.0,LSTM
2025-08-18 02:00:00,0.0,0.0,0.0,1.8009422,0.0,LSTM
2025-08-18 03:00:00,0.0,0.0,0.0,5.7269635,0.0,LSTM
2025-08-18 04:00:00,0.0,0.5251018,0.0,10.362991,0.5251018,LSTM
2025-08-18 05:00:00,0.0,0.86881644,0.0,17.021267,0.86881644,LSTM
2025-08-18 06:00:00,0.0,0.9297874,1.6442715,28.731117,0.9297874,LSTM
2025-08-18 07:00:00,11.935230070894276,26.02939,18.665026,47.009583,26.02939,LSTM
2025-08-18 08:00:00,78.82181583751364,82.48038,58.473206,78.66189,82.48038,LSTM
2025-08-18 09:00:00,135.3095592922622,126.44482,98.907974,107.7903,126.44482,LSTM
2025-08-18 10:00:00,180.58938429090665,174.7127,133.00485,124.069115,174.7127,LSTM
2025-08-18 11:00:00,198.6530214945483,193.53523,44.986458,132.6747,193.53523,LSTM
2025-08-18 12:00:00,207.11358226429363,201.96762,87.45501,164.67558,201.96762,LSTM
2025-08-18 13:00:00,195.027853393554,194.96327,126.02687,170.64853,194.96327,LSTM
2025-08-18 14:00:00,177.45575485229702,173.18379,144.70636,154.33191,173.18379,LSTM
2025-08-18 15:00:00,132.0820680098107,130.10582,137.52127,125.42497,130.10582,LSTM
2025-08-18 16:00:00,91.7932243347169,86.5278,103.13444,88.88202,86.5278,LSTM
2025-08-18 17:00:00,29.755455136299,33.331444,52.17497,50.823948,33.331444,LSTM
2025-08-18 18:00:00,0.9899945855140688,3.8611274,9.581711,21.879625,3.8611274,LSTM
2025-08-18 19:00:00,0.0,0.6246547,0.0,12.625369,0.6246547,LSTM
2025-08-18 20:00:00,0.0,0.0,0.0,5.5946045,0.0,LSTM
2025-08-18 21:00:00,0.0,0.0,0.0,0.6026775,0.0,LSTM
2025-08-18 22:00:00,0.0,0.0,0.0,0.0,0.0,LSTM
2025-08-18 23:00:00,0.0,0.0,0.0,0.0,0.0,LSTM
2025-08-19 00:00:00,0.0,0.0,0.0,0.0,0.0,LSTM
2025-08-19 01:00:00,0.0,0.0,0.0,0.0,0.0,LSTM
2025-08-19 02:00:00,0.0,0.0,0.0,3.3307219,0.0,LSTM
2025-08-19 03:00:00,0.0,0.03831074,0.0,6.507818,0.03831074,LSTM
2025-08-19 04:00:00,0.0,0.022111606,0.0,10.933952,0.022111606,LSTM
2025-08-19 05:00:00,0.0,1.402995,0.0,16.97423,1.402995,LSTM
2025-08-19 06:00:00,0.0,1.3685242,1.9207258,27.681433,1.3685242,LSTM
2025-08-19 07:00:00,10.771534681320212,14.469993,18.78464,44.147446,14.469993,LSTM
2025-08-19 08:00:00,75.54475996229377,75.90973,56.06836,75.59585,75.90973,LSTM
2025-08-19 09:00:00,138.25088331434443,133.16359,97.05923,105.39417,133.16359,LSTM
2025-08-19 10:00:00,184.12405056423555,170.2616,129.19987,120.811745,170.2616,LSTM
2025-08-19 11:00:00,205.3435280539764,185.16777,43.648155,133.58583,185.16777,LSTM
2025-08-19 12:00:00,213.86187553405875,201.46278,85.61928,166.92342,201.46278,LSTM
2025-08-19 13:00:00,208.067802429198,202.65874,123.42928,174.16116,202.65874,LSTM
2025-08-19 14:00:00,189.211154174804,186.1386,144.36926,160.48856,186.1386,LSTM
2025-08-19 15:00:00,159.22730463201364,150.6672,139.76698,132.21034,150.6672,LSTM
2025-08-19 16:00:00,112.51539334383818,114.08346,110.80558,96.726074,114.08346,LSTM
2025-08-19 17:00:00,44.987783050537104,44.698204,63.051094,57.446487,44.698204,LSTM
2025-08-19 18:00:00,0.8801195144653401,4.3375063,18.742786,24.891062,4.3375063,LSTM
2025-08-19 19:00:00,0.0,0.25786462,0.0,13.960367,0.25786462,LSTM
2025-08-19 20:00:00,0.0,0.0,0.0,6.8255615,0.0,LSTM
2025-08-19 21:00:00,0.0,0.0,0.0,1.6242685,0.0,LSTM
2025-08-19 22:00:00,0.0,0.0,0.0,0.0,0.0,LSTM
2025-08-19 23:00:00,0.0,0.073636085,0.0,0.0,0.073636085,LSTM
2025-08-20 00:00:00,0.0,0.088947706,0.0,0.0,0.088947706,LSTM
2025-08-20 01:00:00,0.0,0.16586266,0.0,0.0,0.16586266,LSTM
2025-08-20 02:00:00,0.0,0.036765803,0.0,0.7120573,0.036765803,LSTM
2025-08-20 03:00:00,0.0,0.05478771,0.0,4.9133816,0.05478771,LSTM
2025-08-20 04:00:00,0.0,0.046773452,0.0,9.1243105,0.046773452,LSTM
2025-08-20 05:00:00,0.0,0.9212175,0.10789274,15.832664,0.9212175,LSTM
2025-08-20 06:00:00,0.0,0.4573469,2.1429617,27.015007,0.4573469,LSTM
2025-08-20 07:00:00,11.458361679857472,16.776943,19.747364,43.88446,16.776943,LSTM
2025-08-20 08:00:00,84.082705064253,84.29768,60.723072,77.307076,84.29768,LSTM
2025-08-20 09:00:00,142.10973566228725,125.67824,102.077896,106.464775,125.67824,LSTM
2025-08-20 10:00:00,183.28227095170453,171.47118,135.57188,122.32756,171.47118,LSTM
2025-08-20 11:00:00,203.63681723854725,198.18839,45.965183,136.86455,198.18839,LSTM
2025-08-20 12:00:00,211.03539345481187,209.68431,90.696815,170.59831,209.68431,LSTM
2025-08-20 13:00:00,206.17135111490887,204.95348,130.38618,178.28674,204.95348,LSTM
2025-08-20 14:00:00,187.878649902344,183.44283,150.47404,165.16281,183.44283,LSTM
2025-08-20 15:00:00,157.309004211427,153.2671,144.83713,137.96495,153.2671,LSTM
2025-08-20 16:00:00,110.240040172229,107.82953,113.88266,102.36043,107.82953,LSTM
2025-08-20 17:00:00,41.838781452179,31.909702,62.943573,62.9572,31.909702,LSTM
2025-08-20 18:00:00,0.780383724098411,1.6200738,17.106794,27.286587,1.6200738,LSTM
2025-08-20 19:00:00,0.0,0.43481696,0.0,15.54154,0.43481696,LSTM
2025-08-20 20:00:00,0.0,0.32446086,0.0,8.241273,0.32446086,LSTM
2025-08-20 21:00:00,0.0,0.08269909,0.0,2.5881631,0.08269909,LSTM
2025-08-20 22:00:00,0.0,0.036618665,0.0,0.0,0.036618665,LSTM
2025-08-20 23:00:00,0.0,0.047997504,0.0,0.0,0.047997504,LSTM
2025-08-21 00:00:00,0.0,0.088210456,0.0,0.0,0.088210456,LSTM
2025-08-21 01:00:00,0.0,0.08886474,0.0,0.0,0.08886474,LSTM
2025-08-21 02:00:00,0.0,0.02888068,0.0,0.0,0.02888068,LSTM
2025-08-21 03:00:00,0.0,0.056392126,0.0,4.7802444,0.056392126,LSTM
2025-08-21 04:00:00,0.0,0.31872526,0.0,9.206194,0.31872526,LSTM
2025-08-21 05:00:00,0.0,0.69876236,0.28104925,17.46191,0.69876236,LSTM
2025-08-21 06:00:00,0.0,1.297933,2.483413,28.780273,1.297933,LSTM
2025-08-21 07:00:00,15.01498612165449,19.964882,19.869688,48.285015,19.964882,LSTM
2025-08-21 08:00:00,82.36355857849101,77.55658,60.63479,80.86668,77.55658,LSTM
2025-08-21 09:00:00,138.21104431152415,140.58093,103.7882,108.78158,140.58093,LSTM
2025-08-21 10:00:00,174.423078918457,170.52182,135.51439,119.86088,170.52182,LSTM
2025-08-21 11:00:00,196.617822265625,189.66527,44.688362,140.21605,189.66527,LSTM
2025-08-21 12:00:00,202.89851633707667,199.76553,87.56633,173.73244,199.76553,LSTM
2025-08-21 13:00:00,197.8735987345392,197.43193,125.2659,181.33101,197.43193,LSTM
2025-08-21 14:00:00,183.3626081678611,180.66005,145.46707,168.50526,180.66005,LSTM
2025-08-21 15:00:00,152.80970486727546,156.60864,141.83934,140.55936,156.60864,LSTM
2025-08-21 16:00:00,104.7121963500975,106.91453,112.29038,103.372284,106.91453,LSTM
2025-08-21 17:00:00,38.233497619628885,30.616539,61.801434,63.354618,30.616539,LSTM
2025-08-21 18:00:00,0.7655980090300201,2.142582,15.820182,26.98075,2.142582,LSTM
2025-08-21 19:00:00,0.0,0.0,0.0,13.677646,0.0,LSTM
2025-08-21 20:00:00,0.0,0.0,0.0,6.674075,0.0,LSTM
2025-08-21 21:00:00,0.0,0.0,0.0,1.7009816,0.0,LSTM
2025-08-21 22:00:00,0.0,0.0,0.0,0.0,0.0,LSTM
2025-08-21 23:00:00,0.0,0.17722507,0.0,0.0,0.17722507,LSTM
2025-08-22 00:00:00,0.0,0.24935575,0.0,0.0,0.24935575,LSTM
2025-08-22 01:00:00,0.0,0.05590767,0.0,0.0,0.05590767,LSTM
2025-08-22 02:00:00,0.0,0.02880946,0.0,0.0,0.02880946,LSTM
2025-08-22 03:00:00,0.0,0.0,0.0,2.8369913,0.0,LSTM
2025-08-22 04:00:00,0.0,0.14624965,0.0,10.0631895,0.14624965,LSTM
2025-08-22 05:00:00,0.0,0.7455878,0.0,18.911055,0.7455878,LSTM
2025-08-22 06:00:00,0.0,0.88058424,3.4395132,29.341372,0.88058424,LSTM
2025-08-22 07:00:00,15.444496241482874,21.740925,23.055647,50.329914,21.740925,LSTM
2025-08-22 08:00:00,81.109769503276,81.42756,67.422676,80.631195,81.42756,LSTM
2025-08-22 09:00:00,136.11107774214273,138.47014,110.11947,104.7901,138.47014,LSTM
2025-08-22 10:00:00,173.87234497070298,173.18251,142.72217,114.916115,173.18251,LSTM
2025-08-22 11:00:00,190.7191245339118,184.9633,43.495735,141.86282,184.9633,LSTM
2025-08-22 12:00:00,197.48569869995083,195.74203,84.868065,175.90503,195.74203,LSTM
2025-08-22 13:00:00,193.60039944119,195.86003,121.21896,184.01546,195.86003,LSTM
2025-08-22 14:00:00,178.64914772727363,183.10179,142.3935,171.73418,183.10179,LSTM
2025-08-22 15:00:00,149.19793423739364,155.16827,139.31241,142.4886,155.16827,LSTM
2025-08-22 16:00:00,106.18545850118085,107.06743,110.790924,104.58996,107.06743,LSTM
2025-08-22 17:00:00,42.09565067291267,34.07874,61.321526,63.844383,34.07874,LSTM
2025-08-22 18:00:00,0.7578747645020468,1.9274002,15.119864,26.754622,1.9274002,LSTM
2025-08-22 19:00:00,0.0,0.0,0.0,13.513864,0.0,LSTM
2025-08-22 20:00:00,0.0,0.0,0.0,6.317342,0.0,LSTM
2025-08-22 21:00:00,0.0,0.0,0.0,1.0234339,0.0,LSTM
2025-08-22 22:00:00,0.0,0.0,0.0,0.0,0.0,LSTM
2025-08-22 23:00:00,0.0,0.0,0.0,0.0,0.0,LSTM
2025-08-23 00:00:00,0.0,0.0,0.0,0.0,0.0,LSTM
2025-08-23 01:00:00,0.0,0.0,0.0,0.0,0.0,LSTM
2025-08-23 02:00:00,0.0,0.0,0.0,0.0,0.0,LSTM
2025-08-23 03:00:00,0.0,0.0,0.0,0.5834965,0.0,LSTM
2025-08-23 04:00:00,0.0,0.0,0.0,6.0068035,0.0,LSTM
2025-08-23 05:00:00,0.0,0.2796135,0.0,14.760839,0.2796135,LSTM
2025-08-23 06:00:00,0.0,0.8869284,0.76144534,26.40387,0.8869284,LSTM
2025-08-23 07:00:00,14.96009021500752,15.710083,18.070854,45.40948,15.710083,LSTM
2025-08-23 08:00:00,78.31000645955426,82.334305,63.40763,78.965004,82.334305,LSTM
2025-08-23 09:00:00,134.62443669637085,135.10408,108.036064,106.56787,135.10408,LSTM
2025-08-23 10:00:00,172.4025217692067,171.94559,143.01756,119.41997,171.94559,LSTM
2025-08-23 11:00:00,195.92488098144415,191.53668,45.538593,147.49628,191.53668,LSTM
2025-08-23 12:00:00,203.09374618530168,199.67897,88.91126,182.07735,199.67897,LSTM
2025-08-23 13:00:00,198.34779993693,198.4445,128.57973,191.07693,198.4445,LSTM
2025-08-23 14:00:00,181.6257197062175,183.68813,150.27972,177.4573,183.68813,LSTM
2025-08-23 15:00:00,150.96087773640917,155.86752,146.40984,147.04456,155.86752,LSTM
2025-08-23 16:00:00,105.65748023986642,107.574455,116.26769,107.71762,107.574455,LSTM
2025-08-23 17:00:00,41.59037025769542,32.441036,63.859898,65.67758,32.441036,LSTM
2025-08-23 18:00:00,0.8059286947051659,1.8344321,15.637484,27.656164,1.8344321,LSTM
2025-08-23 19:00:00,0.0,0.0,0.0,13.5178795,0.0,LSTM
2025-08-23 20:00:00,0.0,0.0,0.0,6.4849854,0.0,LSTM
2025-08-23 21:00:00,0.0,0.0,0.0,1.3096995,0.0,LSTM
2025-08-23 22:00:00,0.0,0.0,0.0,0.0,0.0,LSTM
2025-08-23 23:00:00,0.0,0.0,0.0,0.0,0.0,LSTM
2025-08-24 00:00:00,0.0,0.0,0.0,0.0,0.0,LSTM
2025-08-24 01:00:00,0.0,0.0,0.0,0.0,0.0,LSTM
2025-08-24 02:00:00,0.0,0.0,0.0,0.0,0.0,LSTM
2025-08-24 03:00:00,0.0,0.0,0.0,1.8580675,0.0,LSTM
2025-08-24 04:00:00,0.0,0.0,0.0,8.026814,0.0,LSTM
2025-08-24 05:00:00,0.0,0.47755942,0.0,16.650513,0.47755942,LSTM
2025-08-24 06:00:00,0.0,0.84174013,0.20321076,27.226057,0.84174013,LSTM
2025-08-24 07:00:00,15.062156365563451,15.65193,17.273294,46.897266,15.65193,LSTM
2025-08-24 08:00:00,79.54068311055516,76.91707,63.201706,78.99224,76.91707,LSTM
2025-08-24 09:00:00,135.40341059366918,131.25499,108.28061,106.29609,131.25499,LSTM
2025-08-24 10:00:00,171.06435139974084,170.18327,143.86339,118.944466,170.18327,LSTM
2025-08-24 11:00:00,191.6043904622392,189.68796,45.137417,148.81816,189.68796,LSTM
2025-08-24 12:00:00,198.740882873535,197.33157,87.81759,183.7384,197.33157,LSTM
2025-08-24 13:00:00,193.810647328695,196.07307,126.48252,193.32738,196.07307,LSTM
2025-08-24 14:00:00,176.86440658569416,180.17238,147.36803,180.90413,180.17238,LSTM
2025-08-24 15:00:00,147.57831954956083,151.82782,142.77724,151.08968,151.82782,LSTM
2025-08-24 16:00:00,103.67466100056924,102.45955,111.95635,112.41593,102.45955,LSTM
2025-08-24 17:00:00,40.54033772150675,30.253841,59.651054,71.22479,30.253841,LSTM
2025-08-24 18:00:00,0.7870629467070093,1.425047,12.351034,34.195538,1.425047,LSTM
2025-08-24 19:00:00,0.0,0.0,0.0,14.297295,0.0,LSTM
2025-08-24 20:00:00,0.0,0.0,0.0,7.4080853,0.0,LSTM
2025-08-24 21:00:00,0.0,0.0,0.0,2.5634832,0.0,LSTM
2025-08-24 22:00:00,0.0,0.0,0.0,0.0,0.0,LSTM
2025-08-24 23:00:00,0.0,0.019264352,0.0,0.0,0.019264352,LSTM
2025-08-25 00:00:00,0.0,0.11887986,0.0,0.0,0.11887986,LSTM
2025-08-25 01:00:00,0.0,0.0,0.0,0.0,0.0,LSTM
2025-08-25 02:00:00,0.0,0.0,0.0,0.0,0.0,LSTM
2025-08-25 03:00:00,0.0,0.0,0.0,3.2141294,0.0,LSTM
2025-08-25 04:00:00,0.0,0.17031355,0.0,9.568366,0.17031355,LSTM
2025-08-25 05:00:00,0.0,0.33204818,0.0,18.075264,0.33204818,LSTM
2025-08-25 06:00:00,0.0,0.6344792,2.0620492,27.53945,0.6344792,LSTM
2025-08-25 07:00:00,15.52883296956618,16.621317,17.21767,47.28708,16.621317,LSTM
2025-08-25 08:00:00,80.24832630157391,80.23785,61.56679,75.72521,80.23785,LSTM
2025-08-25 09:00:00,136.00625165303666,133.90019,105.904396,99.42953,133.90019,LSTM
2025-08-25 10:00:00,169.9967600504567,170.32854,140.46312,108.710915,170.32854,LSTM
2025-08-25 11:00:00,191.39925765991163,187.71199,44.282516,152.33455,187.71199,LSTM
2025-08-25 12:00:00,198.017939249675,193.12132,85.63441,187.13982,193.12132,LSTM
2025-08-25 13:00:00,193.016054789225,191.69638,122.99589,196.3842,191.69638,LSTM
2025-08-25 14:00:00,176.55412419637082,177.25291,143.03589,182.93468,177.25291,LSTM
2025-08-25 15:00:00,146.50496164957585,149.3218,138.14137,152.29138,149.3218,LSTM
2025-08-25 16:00:00,102.20864931742284,101.06196,107.71801,113.106834,101.06196,LSTM
2025-08-25 17:00:00,40.262452920278,29.273867,56.199398,71.839096,29.273867,LSTM
2025-08-25 18:00:00,0.8263558049996735,1.3522985,10.0076475,35.087025,1.3522985,LSTM
2025-08-25 19:00:00,0.0,0.0,0.0,13.479794,0.0,LSTM
2025-08-25 20:00:00,0.0,0.0,0.0,6.9720755,0.0,LSTM
2025-08-25 21:00:00,0.0,0.0067362036,0.0,2.450415,0.0067362036,LSTM
2025-08-25 22:00:00,0.0,0.11587373,0.0,0.0,0.11587373,LSTM
2025-08-25 23:00:00,0.0,0.106871784,0.0,0.0,0.106871784,LSTM
2025-08-26 00:00:00,0.0,0.0,0.0,0.0,0.0,LSTM
2025-08-26 01:00:00,0.0,0.0,0.0,0.0,0.0,LSTM
2025-08-26 02:00:00,0.0,0.0,0.0,0.0,0.0,LSTM
2025-08-26 03:00:00,0.0,0.0,0.0,2.37737,0.0,LSTM
2025-08-26 04:00:00,0.0,0.020770157,0.0,8.441609,0.020770157,LSTM
2025-08-26 05:00:00,0.0,0.19025138,0.0,16.639637,0.19025138,LSTM
2025-08-26 06:00:00,0.0,0.22754116,2.0013263,24.882668,0.22754116,LSTM
2025-08-26 07:00:00,14.893731109797862,16.651983,16.396692,43.08568,16.651983,LSTM
2025-08-26 08:00:00,77.27431138356583,78.176125,60.656517,69.717445,78.176125,LSTM
2025-08-26 09:00:00,129.94545110066835,130.3945,104.862236,93.285675,130.3945,LSTM
2025-08-26 10:00:00,165.745540618895,167.2407,139.23857,103.280716,167.2407,LSTM
2025-08-26 11:00:00,187.08859380086415,185.7182,43.63306,151.01627,185.7182,LSTM
2025-08-26 12:00:00,194.45379765828417,191.1607,83.77218,184.33954,191.1607,LSTM
2025-08-26 13:00:00,191.32321675618417,190.20126,119.49714,192.7113,190.20126,LSTM
2025-08-26 14:00:00,169.93153254191,172.30067,137.5315,177.01224,172.30067,LSTM
2025-08-26 15:00:00,143.96460342407167,144.98734,131.5578,145.55191,144.98734,LSTM
2025-08-26 16:00:00,86.62432765960709,87.26839,99.55254,105.618645,87.26839,LSTM
2025-08-26 17:00:00,22.0089275042217,18.211683,48.134956,64.37956,18.211683,LSTM
2025-08-26 18:00:00,0.6531637907028192,0.19618928,4.910538,27.644478,0.19618928,LSTM
2025-08-26 19:00:00,0.0,0.0,0.0,13.22436,0.0,LSTM
2025-08-26 20:00:00,0.0,0.0,0.0,7.1056523,0.0,LSTM
2025-08-26 21:00:00,0.0,0.060618397,0.0,2.8041146,0.060618397,LSTM
2025-08-26 22:00:00,0.0,0.12436266,0.0,0.0,0.12436266,LSTM
2025-08-26 23:00:00,0.0,0.074555695,0.0,0.0,0.074555695,LSTM
2025-08-27 00:00:00,0.0,0.0,0.0,0.0,0.0,LSTM
2025-08-27 01:00:00,0.0,0.0,0.0,0.0,0.0,LSTM
2025-08-27 02:00:00,0.0,0.0,0.0,0.0,0.0,LSTM
2025-08-27 03:00:00,0.0,0.0,0.0,1.3403243,0.0,LSTM
2025-08-27 04:00:00,0.0,0.0,0.0,5.23529,0.0,LSTM
2025-08-27 05:00:00,0.0,0.017634109,0.0,11.99479,0.017634109,LSTM
2025-08-27 06:00:00,0.0,0.0,0.0,20.121544,0.0,LSTM
2025-08-27 07:00:00,16.021927366654108,13.963723,12.675633,33.05321,13.963723,LSTM
2025-08-27 08:00:00,81.94372876485208,81.37674,55.22924,60.98702,81.37674,LSTM
2025-08-27 09:00:00,136.09235318501752,136.9183,100.928055,90.461105,136.9183,LSTM
2025-08-27 10:00:00,178.91164271036834,177.92435,138.08588,107.49064,177.92435,LSTM
2025-08-27 11:00:00,200.9109001159684,194.3503,44.381397,144.7097,194.3503,LSTM
2025-08-27 12:00:00,208.9731661478675,206.07278,86.41718,179.69357,206.07278,LSTM
2025-08-27 13:00:00,204.13834508260084,204.97177,125.5022,189.13945,204.97177,LSTM
2025-08-27 14:00:00,185.9116363525392,191.75291,147.69826,173.683,191.75291,LSTM
2025-08-27 15:00:00,156.96455891927084,165.12898,145.63481,142.78291,165.12898,LSTM
2025-08-27 16:00:00,111.41345214843632,118.20463,117.85568,102.78287,118.20463,LSTM
2025-08-27 17:00:00,45.14399186770117,36.402294,67.159294,59.985825,36.402294,LSTM
2025-08-27 18:00:00,1.1349417368571,1.9856969,19.00467,25.973196,1.9856969,LSTM
2025-08-27 19:00:00,0.0,0.0,0.0,13.525415,0.0,LSTM
2025-08-27 20:00:00,0.0,0.0,0.0,6.913823,0.0,LSTM
2025-08-27 21:00:00,0.0,0.0,0.0,2.2695322,0.0,LSTM
2025-08-27 22:00:00,0.0,0.0,0.0,0.0,0.0,LSTM
2025-08-27 23:00:00,0.0,0.0,0.0,0.0,0.0,LSTM
2025-08-28 00:00:00,0.0,0.042983115,0.0,0.0,0.042983115,LSTM
2025-08-28 01:00:00,0.0,0.0,0.0,0.0,0.0,LSTM
2025-08-28 02:00:00,0.0,0.0,0.0,0.0,0.0,LSTM
2025-08-28 03:00:00,0.0,0.0,0.0,1.3832663,0.0,LSTM
2025-08-28 04:00:00,0.0,0.0,0.0,6.272922,0.0,LSTM
2025-08-28 05:00:00,0.0,0.052120466,0.0,14.564651,0.052120466,LSTM
2025-08-28 06:00:00,0.0,0.40360597,0.0,24.547813,0.40360597,LSTM
2025-08-28 07:00:00,14.904381314913511,13.3695,17.934864,41.704594,13.3695,LSTM
2025-08-28 08:00:00,83.53025690714524,83.13573,65.44365,77.09745,83.13573,LSTM
2025-08-28 09:00:00,141.04073270162,138.24677,112.536606,108.787636,138.24677,LSTM
2025-08-28 10:00:00,179.91695658365833,177.19716,150.94138,125.2581,177.19716,LSTM
2025-08-28 11:00:00,200.82359568278,195.45541,46.6142,146.58395,195.45541,LSTM
2025-08-28 12:00:00,206.356806437175,205.12225,91.7028,182.03336,205.12225,LSTM
2025-08-28 13:00:00,201.7146695454917,203.81323,133.73543,191.39175,203.81323,LSTM
2025-08-28 14:00:00,186.9128430684408,189.89326,156.8663,178.14064,189.89326,LSTM
2025-08-28 15:00:00,154.09242375691835,161.71115,153.7248,147.90594,161.71115,LSTM
2025-08-28 16:00:00,109.94617080688536,112.987686,123.42369,108.191315,112.987686,LSTM
2025-08-28 17:00:00,42.64176082611092,35.609566,69.35165,65.19648,35.609566,LSTM
2025-08-28 18:00:00,1.14074687163035,2.3561234,19.127455,26.947212,2.3561234,LSTM
2025-08-28 19:00:00,0.0,0.1511983,0.0,13.363459,0.1511983,LSTM
2025-08-28 20:00:00,0.0,0.0,0.0,5.787595,0.0,LSTM
2025-08-28 21:00:00,0.0,0.0,0.0,0.28513443,0.0,LSTM
2025-08-28 22:00:00,0.0,0.0,0.0,0.0,0.0,LSTM
2025-08-28 23:00:00,0.0,0.0,0.0,0.0,0.0,LSTM
2025-08-29 00:00:00,0.0,0.0,0.0,0.0,0.0,LSTM
2025-08-29 01:00:00,0.0,0.0,0.0,0.0,0.0,LSTM
2025-08-29 02:00:00,0.0,0.0,0.0,0.0,0.0,LSTM
2025-08-29 03:00:00,0.0,0.0,0.0,3.0106897,0.0,LSTM
2025-08-29 04:00:00,0.0,0.0,0.0,7.5237756,0.0,LSTM
2025-08-29 05:00:00,0.0,0.3245708,0.0,15.039656,0.3245708,LSTM
2025-08-29 06:00:00,0.0,1.0022311,0.0,26.982325,1.0022311,LSTM
2025-08-29 07:00:00,18.541543481250542,18.585392,16.085514,45.693356,18.585392,LSTM
2025-08-29 08:00:00,85.30062103271409,85.22094,59.591034,80.807655,85.22094,LSTM
2025-08-29 09:00:00,141.47942670186333,139.24359,106.24253,110.21266,139.24359,LSTM
2025-08-29 10:00:00,179.37767028808582,177.46004,143.86517,123.33675,177.46004,LSTM
2025-08-29 11:00:00,201.921637217205,195.39264,46.021904,145.28682,195.39264,LSTM
2025-08-29 12:00:00,209.6480878194175,204.97977,90.23757,181.07544,204.97977,LSTM
2025-08-29 13:00:00,206.1319770812992,202.92073,131.23897,190.53928,202.92073,LSTM
2025-08-29 14:00:00,188.62111028035417,188.47636,153.67717,177.18616,188.47636,LSTM
2025-08-29 15:00:00,157.9058672587075,160.85231,150.29662,147.11508,160.85231,LSTM
2025-08-29 16:00:00,113.06531397501558,112.856674,120.04368,107.713715,112.856674,LSTM
2025-08-29 17:00:00,45.31485883394876,35.44676,66.71465,65.154,35.44676,LSTM
2025-08-29 18:00:00,1.241197198629375,2.2487895,17.713268,27.427338,2.2487895,LSTM
2025-08-29 19:00:00,0.0,0.10972412,0.0,13.316046,0.10972412,LSTM
2025-08-29 20:00:00,0.0,0.0,0.0,6.0769596,0.0,LSTM
2025-08-29 21:00:00,0.0,0.0,0.0,0.9408855,0.0,LSTM
2025-08-29 22:00:00,0.0,0.0,0.0,0.0,0.0,LSTM
2025-08-29 23:00:00,0.0,0.0,0.0,0.0,0.0,LSTM
2025-08-30 00:00:00,0.0,0.05388063,0.0,0.0,0.05388063,LSTM
2025-08-30 01:00:00,0.0,0.1307408,0.0,0.0,0.1307408,LSTM
2025-08-30 02:00:00,0.0,0.0,0.0,0.0,0.0,LSTM
2025-08-30 03:00:00,0.0,0.0,0.0,2.4448142,0.0,LSTM
2025-08-30 04:00:00,0.0,0.0,0.0,6.6211996,0.0,LSTM
2025-08-30 05:00:00,0.0,0.38052663,0.0,13.451836,0.38052663,LSTM
2025-08-30 06:00:00,0.0,0.5870848,0.5714049,24.329445,0.5870848,LSTM
2025-08-30 07:00:00,19.14774884780252,20.081335,17.066216,39.448433,20.081335,LSTM
2025-08-30 08:00:00,88.317399342854,89.51958,59.56486,72.39302,89.51958,LSTM
2025-08-30 09:00:00,149.55414708455416,147.97694,104.71731,103.38762,147.97694,LSTM
2025-08-30 10:00:00,190.61595153808585,187.50298,141.46857,119.76816,187.50298,LSTM
2025-08-30 11:00:00,214.7985560099292,204.04378,46.087776,136.62886,204.04378,LSTM
2025-08-30 12:00:00,223.44120279947836,210.08897,90.71162,172.19374,210.08897,LSTM
2025-08-30 13:00:00,217.77140426635836,210.08897,132.15834,181.68208,210.08897,LSTM
2025-08-30 14:00:00,199.43961418999555,187.90703,152.42387,167.99142,187.90703,LSTM
2025-08-30 15:00:00,167.89437527126776,153.41173,146.28743,141.15407,153.41173,LSTM
2025-08-30 16:00:00,115.80514417375656,110.81428,114.763756,106.34355,110.81428,LSTM
2025-08-30 17:00:00,47.8265525817872,40.784904,63.749073,68.10525,40.784904,LSTM
2025-08-30 18:00:00,1.7874806788232669,6.254137,18.28245,32.46735,6.254137,LSTM
2025-08-30 19:00:00,0.0,1.2275586,0.0,16.841484,1.2275586,LSTM
2025-08-30 20:00:00,0.0,0.63004947,0.0,9.304381,0.63004947,LSTM
2025-08-30 21:00:00,0.0,0.13033228,0.0,3.758209,0.13033228,LSTM
2025-08-30 22:00:00,0.0,0.20112385,0.0,0.16913745,0.20112385,LSTM
2025-08-30 23:00:00,0.0,0.4843692,0.0,0.0,0.4843692,LSTM
2025-08-31 00:00:00,0.0,0.7102875,0.0,0.0,0.7102875,LSTM
2025-08-31 01:00:00,0.0,0.91672045,0.0,0.0,0.91672045,LSTM
2025-08-31 03:00:00,0.0,0.68119514,0.0,6.9958663,0.68119514,LSTM
2025-08-31 04:00:00,0.0,1.1326922,0.0,12.40586,1.1326922,LSTM
2025-08-31 05:00:00,0.0,0.8868532,0.0,20.617731,0.8868532,LSTM
2025-08-31 06:00:00,0.0,1.3927424,1.4203387,31.523764,1.3927424,LSTM
2025-08-31 07:00:00,11.062752051786932,20.232092,19.474285,50.53032,20.232092,LSTM
2025-08-31 08:00:00,88.03272840711821,71.655106,56.96885,79.14959,71.655106,LSTM
2025-08-31 09:00:00,147.14760589599626,120.55063,93.56383,103.66649,120.55063,LSTM
2025-08-31 10:00:00,182.6165313720692,170.82353,122.83012,116.61843,170.82353,LSTM
2025-08-31 11:00:00,204.7775390625,183.43875,42.356834,125.24319,183.43875,LSTM
2025-08-31 12:00:00,212.100456237792,192.93578,79.6959,154.66287,192.93578,LSTM
2025-08-31 13:00:00,210.21808369954445,195.69374,113.119644,161.82571,195.69374,LSTM
2025-08-31 14:00:00,188.778196716307,170.6207,129.3342,149.30142,170.6207,LSTM
2025-08-31 15:00:00,155.66207038031666,149.28445,124.494156,125.79428,149.28445,LSTM
2025-08-31 16:00:00,112.10712710293852,102.07216,96.65412,93.81486,102.07216,LSTM
2025-08-31 17:00:00,46.74019761519,39.456833,53.36813,58.9658,39.456833,LSTM
2025-08-31 18:00:00,1.4819301041689843,4.013164,14.24613,26.175018,4.013164,LSTM
2025-08-31 19:00:00,0.0,1.3244733,0.0,15.513659,1.3244733,LSTM
2025-08-31 20:00:00,0.0,1.0923712,0.0,8.276706,1.0923712,LSTM
2025-08-31 21:00:00,0.0,0.722755,0.0,2.61338,0.722755,LSTM
2025-08-31 22:00:00,0.0,0.5132041,0.0,0.0,0.5132041,LSTM
2025-08-31 23:00:00,0.0,0.4879897,0.0,0.0,0.4879897,LSTM
2025-09-01 00:00:00,0.0,0.5021258,0.0,0.0,0.5021258,LSTM
2025-09-01 01:00:00,0.0,0.44970047,0.0,0.0,0.44970047,LSTM
2025-09-01 02:00:00,0.0,0.4259379,0.0,1.3439007,0.4259379,LSTM
2025-09-01 03:00:00,0.0,0.24195586,0.0,5.5680523,0.24195586,LSTM
2025-09-01 04:00:00,0.0,0.69573975,0.0,10.147348,0.69573975,LSTM
2025-09-01 05:00:00,0.0,0.36918536,0.020128781,16.029663,0.36918536,LSTM
2025-09-01 07:00:00,23.041123655107256,24.304117,19.873894,45.00459,24.304117,LSTM
2025-09-01 08:00:00,92.43149740045754,83.735374,60.744396,76.603935,83.735374,LSTM
2025-09-01 09:00:00,149.31305694580084,129.94804,102.01825,102.77972,129.94804,LSTM
2025-09-01 10:00:00,186.28056844075445,179.0074,137.52904,114.85592,179.0074,LSTM
2025-09-01 11:00:00,211.024220275879,197.02902,46.061493,125.40515,197.02902,LSTM
2025-09-01 13:00:00,212.32275113192543,199.86185,124.37767,159.92697,199.86185,LSTM
2025-09-01 14:00:00,191.51005554199224,180.81775,141.59961,147.92155,180.81775,LSTM
2025-09-01 16:00:00,108.21551609039264,108.82971,107.003525,92.41271,108.82971,LSTM
2025-09-01 17:00:00,38.08705764346645,38.21383,59.407345,57.587467,38.21383,LSTM
2025-09-01 19:00:00,0.0,0.44848737,0.0,14.822216,0.44848737,LSTM
2025-09-01 20:00:00,0.0,0.0015504147,0.0,7.1806936,0.0015504147,LSTM
2025-09-01 21:00:00,0.0,0.23125088,0.0,1.3869228,0.23125088,LSTM
2025-09-01 22:00:00,0.0,0.17710924,0.0,0.0,0.17710924,LSTM
2025-09-01 23:00:00,0.0,0.115120836,0.0,0.0,0.115120836,LSTM
2025-09-02 00:00:00,0.0,0.07800166,0.0,0.0,0.07800166,LSTM
2025-09-02 01:00:00,0.0,0.0,0.0,0.0,0.0,LSTM
2025-09-02 02:00:00,0.0,0.0,0.0,0.0,0.0,LSTM
2025-09-02 03:00:00,0.0,0.15856531,0.0,5.418859,0.15856531,LSTM
2025-09-02 04:00:00,0.0,0.014779811,0.0,11.221357,0.014779811,LSTM
2025-09-02 05:00:00,0.0,0.0,0.42628264,17.407646,0.0,LSTM
2025-09-02 07:00:00,24.98817615509033,27.764874,25.841692,49.874184,27.764874,LSTM
2025-09-02 08:00:00,95.71307563781735,98.45388,67.73164,83.07728,98.45388,LSTM
2025-09-02 09:00:00,145.959423065186,144.4721,108.461555,107.14485,144.4721,LSTM
2025-09-02 10:00:00,187.295790100097,175.22733,136.82016,116.748665,175.22733,LSTM
2025-09-02 11:00:00,207.93426929820723,181.71144,44.01777,127.6166,181.71144,LSTM
2025-09-02 12:00:00,215.309953308104,196.80644,85.11875,156.99956,196.80644,LSTM
2025-09-02 13:00:00,210.25833892822305,201.71054,123.92578,165.52573,201.71054,LSTM
2025-09-02 14:00:00,192.807341003419,186.7415,143.5242,152.3808,186.7415,LSTM
2025-09-02 15:00:00,161.977717590331,145.10808,136.3588,127.23497,145.10808,LSTM
2025-09-02 16:00:00,114.50455613569716,104.97103,103.906685,95.773544,104.97103,LSTM
2025-09-02 17:00:00,45.87005875327391,40.14968,55.37781,61.233593,40.14968,LSTM
2025-09-02 18:00:00,1.6254422399732775,4.5559807,14.048134,29.02459,4.5559807,LSTM
2025-09-02 19:00:00,0.0,0.8535596,0.0,17.51901,0.8535596,LSTM
2025-09-02 20:00:00,0.0,0.4572193,0.0,10.282053,0.4572193,LSTM
2025-09-02 21:00:00,0.0,0.21986812,0.0,4.6627607,0.21986812,LSTM
2025-09-02 23:00:00,0.0,0.26493973,0.0,0.0,0.26493973,LSTM
2025-09-03 00:00:00,0.0,0.15331769,0.0,0.0,0.15331769,LSTM
2025-09-03 01:00:00,0.0,0.0,0.0,0.0,0.0,LSTM
2025-09-03 03:00:00,0.0,0.0,0.0,6.863815,0.0,LSTM
2025-09-03 04:00:00,0.0,0.060683355,0.0,12.593007,0.060683355,LSTM
2025-09-03 05:00:00,0.0,0.0,0.83114123,20.215078,0.0,LSTM
2025-09-03 06:00:00,0.0,3.2479556,3.2227187,32.712482,3.2479556,LSTM
2025-09-03 07:00:00,23.936592979864635,25.965986,23.51288,51.46049,25.965986,LSTM
2025-09-03 08:00:00,95.63776302337624,82.901505,61.883217,84.48081,82.901505,LSTM
2025-09-03 09:00:00,142.68701256646,127.12129,100.19797,110.35491,127.12129,LSTM
2025-09-03 10:00:00,185.19739278157667,167.65807,129.30807,121.91986,167.65807,LSTM
2025-09-03 13:00:00,205.374212646485,190.10588,119.50788,160.08281,190.10588,LSTM
2025-09-03 14:00:00,189.52977294922,180.46713,136.90874,149.36517,180.46713,LSTM
2025-09-03 15:00:00,156.75267861106272,151.76302,130.30753,125.14224,151.76302,LSTM
2025-09-03 16:00:00,107.24110794067528,101.47597,98.85992,93.57074,101.47597,LSTM
2025-09-03 17:00:00,43.4411079406738,38.763313,51.905663,59.58419,38.763313,LSTM
2025-09-03 18:00:00,1.540076377716931,3.7779183,12.236069,27.915516,3.7779183,LSTM
2025-09-03 19:00:00,0.0,0.620864,0.0,16.990374,0.620864,LSTM
