timestamp,actual,predicted_rf,predicted_xgb,predicted_persist,predicted_best,best_model
2025-05-19 14:00:00,173.410751342775,155.06433451237655,162.0846974463205,173.742568969725,162.0846974463205,XGBoost
2025-05-19 15:00:00,138.480609130858,132.80842297428202,130.3676998997684,137.96228332519598,130.3676998997684,XGBoost
2025-05-19 18:00:00,0.0,0.11224616357473534,0.6874681384106498,0.0,0.6874681384106498,XGBoost
2025-05-19 19:00:00,0.0,0.0024784627706378,0.3665130159721498,0.0,0.3665130159721498,XGBoost
2025-05-19 20:00:00,0.0,1.8669466863563244e-05,0.0319287151526139,0.0,0.0319287151526139,XGBoost
2025-05-19 21:00:00,0.0,2.742968304856162e-05,0.1986517280618458,0.0,0.1986517280618458,XGBoost
2025-05-19 22:00:00,0.0,5.371033160355676e-05,0.24327970585050876,0.0,0.24327970585050876,XGBoost
2025-05-19 23:00:00,0.0,9.909250678564864e-06,0.0250992061125596,0.0,0.0250992061125596,XGBoost
2025-05-20 00:00:00,0.0,1.1490344935664848e-06,0.028621067143705346,0.0,0.028621067143705346,XGBoost
2025-05-20 01:00:00,0.0,1.1490344935664848e-06,0.054252696893478884,0.0,0.054252696893478884,XGBoost
2025-05-20 02:00:00,0.0,1.1490344935664848e-06,0.0471405202535016,0.0,0.0471405202535016,XGBoost
2025-05-20 03:00:00,0.0,1.1490344935664848e-06,0.04649209843654005,0.0,0.04649209843654005,XGBoost
2025-05-20 04:00:00,0.0,1.1490344935664848e-06,0.02119493704135461,0.0,0.02119493704135461,XGBoost
2025-05-20 05:00:00,0.0,1.1490344935664848e-06,0.0,0.0,0.0,XGBoost
2025-05-20 06:00:00,0.0,1.1490344935664848e-06,0.08258450620281654,0.0,0.08258450620281654,XGBoost
2025-05-20 07:00:00,9.51025300174957,11.21241913838379,9.909147258533828,9.444439536333068,9.909147258533828,XGBoost
2025-05-20 08:00:00,65.71178574995555,66.49441097965517,67.37336999779671,65.22954385930836,67.37336999779671,XGBoost
2025-05-20 09:00:00,131.09296502007223,130.2152974143147,126.60768061937132,130.71367051866335,126.60768061937132,XGBoost
2025-05-20 10:00:00,160.48082941228725,159.53046363596667,159.65690115642,160.24047712846092,159.65690115642,XGBoost
2025-05-20 11:00:00,182.23616536458334,182.41571140494634,180.11089684623514,183.40803866916224,180.11089684623514,XGBoost
2025-05-20 12:00:00,188.5468631320522,187.72892489433463,187.5516375730176,189.7782185872411,187.5516375730176,XGBoost
2025-05-20 13:00:00,183.33155822753798,182.2622620757966,182.90660585120932,184.41198425292902,182.90660585120932,XGBoost
2025-05-20 14:00:00,165.035165405274,164.13317167666622,163.0074001880228,166.119355773926,163.0074001880228,XGBoost
2025-05-20 15:00:00,134.0704354180211,134.79361999526802,134.8674922891987,134.8889389038089,134.8674922891987,XGBoost
2025-05-20 16:00:00,86.93549673897857,88.03969647191651,84.85582630383836,86.69533647809786,84.85582630383836,XGBoost
2025-05-20 17:00:00,18.416595697403,18.070496963876813,18.208124255907244,19.0088549093767,18.208124255907244,XGBoost
2025-05-20 18:00:00,0.0,1.1490344935664848e-06,0.03742997529854279,0.0,0.03742997529854279,XGBoost
2025-05-20 19:00:00,0.0,1.1490344935664848e-06,0.009212349396903841,0.0,0.009212349396903841,XGBoost
2025-05-20 20:00:00,0.0,1.1490344935664848e-06,0.031100008920303374,0.0,0.031100008920303374,XGBoost
2025-05-20 21:00:00,0.0,1.1490344935664848e-06,0.12701550821184557,0.0,0.12701550821184557,XGBoost
2025-05-20 22:00:00,0.0,1.1490344935664848e-06,0.40332215803999494,0.0,0.40332215803999494,XGBoost
2025-05-20 23:00:00,0.0,1.1490344935664848e-06,0.4384766557602983,0.0,0.4384766557602983,XGBoost
2025-05-21 00:00:00,0.0,1.1490344935664848e-06,0.19099576759126516,0.0,0.19099576759126516,XGBoost
2025-05-21 01:00:00,0.0,1.1490344935664848e-06,0.0818903412776317,0.0,0.0818903412776317,XGBoost
2025-05-21 02:00:00,0.0,1.1490344935664848e-06,0.04844795809946791,0.0,0.04844795809946791,XGBoost
2025-05-21 03:00:00,0.0,1.1490344935664848e-06,0.02947121670204779,0.0,0.02947121670204779,XGBoost
2025-05-21 04:00:00,0.0,1.1490344935664848e-06,0.7264257592148882,0.0,0.7264257592148882,XGBoost
2025-05-21 05:00:00,0.0,1.1490344935664848e-06,0.2182690339962913,0.0,0.2182690339962913,XGBoost
2025-05-21 06:00:00,0.0,1.1490344935664848e-06,0.0,0.0,0.0,XGBoost
2025-05-21 07:00:00,7.343695844213173,7.804776570364436,7.002104100426929,8.048971862842683,7.002104100426929,XGBoost
2025-05-21 08:00:00,65.29367796579992,66.43369691294112,66.8992022730201,67.94375673929842,66.8992022730201,XGBoost
2025-05-21 09:00:00,122.68793741861883,123.0205707034712,119.74609662741192,125.53544298807749,119.74609662741192,XGBoost
2025-05-21 10:00:00,159.72392654418917,158.44431424348272,154.5742839181032,161.43788146972668,154.5742839181032,XGBoost
2025-05-21 11:00:00,179.70468139648497,180.0791520736161,177.86343863051061,181.95221964518169,177.86343863051061,XGBoost
2025-05-21 12:00:00,187.76511001587,181.7834261772786,183.70593399486336,188.3457908630375,183.70593399486336,XGBoost
2025-05-21 13:00:00,183.7784843444825,169.92789298424088,169.13071271215455,183.52794075012125,169.13071271215455,XGBoost
2025-05-21 14:00:00,169.049472045898,137.5831450709511,142.96743104332762,169.733627319336,142.96743104332762,XGBoost
2025-05-21 15:00:00,129.90301513672,123.25121133048236,122.69091070111783,131.58951314290334,122.69091070111783,XGBoost
2025-05-21 16:00:00,85.7533359527595,88.49927300555002,88.50618838625178,88.31642723083576,88.50618838625178,XGBoost
2025-05-21 17:00:00,16.852429866790978,15.898943448339432,13.720017600542928,17.744257926940982,13.720017600542928,XGBoost
2025-05-21 18:00:00,0.0,1.1490344935664848e-06,0.0,0.0,0.0,XGBoost
2025-05-21 19:00:00,0.0,0.00022778150747934986,0.0,0.0,0.0,XGBoost
2025-05-21 20:00:00,0.0,2.742968304856162e-05,0.2056274773391394,0.0,0.2056274773391394,XGBoost
2025-05-21 21:00:00,0.0,1.866946686356324e-05,0.3104936446558829,0.0,0.3104936446558829,XGBoost
2025-05-21 22:00:00,0.0,1.1490344935664848e-06,0.3825226130815305,0.0,0.3825226130815305,XGBoost
2025-05-21 23:00:00,0.0,2.742968304856162e-05,0.1445968061413798,0.0,0.1445968061413798,XGBoost
2025-05-22 00:00:00,0.0,1.8669466863563244e-05,0.025493825586452936,0.0,0.025493825586452936,XGBoost
2025-05-22 01:00:00,0.0,1.1490344935664848e-06,0.0142488781884328,0.0,0.0142488781884328,XGBoost
2025-05-22 02:00:00,0.0,1.8669466863563244e-05,0.025266715656233497,0.0,0.025266715656233497,XGBoost
2025-05-22 03:00:00,0.0,2.2173553337562594e-05,0.0282783017683114,0.0,0.0282783017683114,XGBoost
2025-05-22 04:00:00,0.0,7.719196632315268e-06,0.0452928075803208,0.0,0.0452928075803208,XGBoost
2025-05-22 05:00:00,0.0,3.6189899233560005e-05,0.11437101187900144,0.0,0.11437101187900144,XGBoost
2025-05-22 06:00:00,0.0,0.3311280477826446,0.17800978787860475,0.0,0.17800978787860475,XGBoost
2025-05-22 07:00:00,7.530206782477271,14.574100776074511,12.751553264905573,8.4546604497092,12.751553264905573,XGBoost
2025-05-22 09:00:00,52.294372558594,62.4286023594106,60.06999561189907,113.46154785156,60.06999561189907,XGBoost
2025-05-22 10:00:00,111.90516662597668,111.34299421306217,107.43119580961508,158.20859273274667,107.43119580961508,XGBoost
2025-05-22 11:00:00,181.13838195801,173.74235014041207,167.10937417434178,184.50759124756001,167.10937417434178,XGBoost
2025-05-22 12:00:00,96.46849568685032,176.5772777927159,186.73774939183022,186.97760009765668,186.73774939183022,XGBoost
2025-05-22 13:00:00,165.30150349934667,172.69255114271846,166.70370567870884,183.05766805013,166.70370567870884,XGBoost
2025-05-22 14:00:00,111.59714202880821,112.16981723125711,116.57924767191862,165.250756835938,116.57924767191862,XGBoost
2025-05-22 15:00:00,49.93381881713875,90.48955593951864,93.26523401391829,134.8963432312,93.26523401391829,XGBoost
2025-05-22 16:00:00,34.10203456878675,62.55433117368699,61.86992658569355,85.7533359527595,61.86992658569355,XGBoost
2025-05-22 17:00:00,14.86139869689935,26.260685159783353,18.064849820409044,16.487233161926476,18.064849820409044,XGBoost
2025-05-22 18:00:00,0.0,0.19962593618647842,0.49947970736189196,0.0,0.49947970736189196,XGBoost
2025-05-22 19:00:00,0.0,0.0006810464534509166,0.3536793603270353,0.0,0.3536793603270353,XGBoost
2025-05-22 20:00:00,0.0,1.1490344935664848e-06,0.2984192856434422,0.0,0.2984192856434422,XGBoost
2025-05-22 21:00:00,0.0,1.1490344935664848e-06,0.1503081769688581,0.0,0.1503081769688581,XGBoost
2025-05-23 03:00:00,0.0,1.1490344935664848e-06,0.04849411550963693,0.0,0.04849411550963693,XGBoost
2025-05-23 04:00:00,0.0,2.2173553337562594e-05,0.00131362927966488,0.0,0.00131362927966488,XGBoost
2025-05-23 05:00:00,0.0,1.8669466863563244e-05,0.0674111211663781,0.0,0.0674111211663781,XGBoost
2025-05-23 06:00:00,0.0,0.19107467244385595,0.2668791126270117,0.0,0.2668791126270117,XGBoost
2025-05-23 07:00:00,5.045800495147719,11.297452170779716,6.924774525039474,2.7487487316131802,6.924774525039474,XGBoost
2025-05-23 08:00:00,66.12738609313975,76.40859309340355,73.80903397287436,56.902386665344494,73.80903397287436,XGBoost
2025-05-23 09:00:00,124.53558349609334,113.45251739576345,115.14408975453783,79.63955307006967,115.14408975453783,XGBoost
2025-05-23 10:00:00,154.08005632673002,148.0519627357462,149.63308412688735,125.8027245657773,149.63308412688735,XGBoost
2025-05-23 11:00:00,170.159323120116,155.3041099372769,161.9309053173418,130.4591857910154,161.9309053173418,XGBoost
2025-05-23 12:00:00,176.29701232910168,174.20476307235853,173.03009776604836,150.61679458618266,173.03009776604836,XGBoost
2025-05-23 13:00:00,174.11004638672,173.47534800014458,174.90560999496807,100.98623657227,174.90560999496807,XGBoost
2025-05-23 15:00:00,129.00340270996,108.18380795678758,110.79807574650802,55.524372100830504,110.79807574650802,XGBoost
2025-05-23 16:00:00,78.96372528076219,77.57126478372322,79.37825509047656,31.479216575622797,79.37825509047656,XGBoost
2025-05-23 17:00:00,20.090858650207558,29.863351489928267,27.11247145814434,22.92058620452884,27.11247145814434,XGBoost
2025-05-23 18:00:00,0.0,0.1788070144655564,1.3731164210191802,0.0,1.3731164210191802,XGBoost
2025-05-23 19:00:00,0.0,0.0009076789264367,0.4408172746161042,0.0,0.4408172746161042,XGBoost
2025-05-23 20:00:00,0.0,5.371033160355676e-05,0.6212388147066927,0.0,0.6212388147066927,XGBoost
2025-05-23 22:00:00,0.0,1.866946686356324e-05,0.12464908728677447,0.0,0.12464908728677447,XGBoost
2025-05-23 23:00:00,0.0,1.4289358771064054e-05,0.16690083830518454,0.0,0.16690083830518454,XGBoost
2025-05-24 00:00:00,0.0,1.4289358771064054e-05,0.1010577465790678,0.0,0.1010577465790678,XGBoost
2025-05-24 01:00:00,0.0,1.4289358771064054e-05,0.10259480707268837,0.0,0.10259480707268837,XGBoost
2025-05-24 02:00:00,0.0,1.166129391556454e-05,0.0,0.0,0.0,XGBoost
2025-05-24 03:00:00,0.0,1.1490344935664848e-06,0.0,0.0,0.0,XGBoost
2025-05-24 04:00:00,0.0,2.742968304856162e-05,0.0032303226834608004,0.0,0.0032303226834608004,XGBoost
2025-05-24 05:00:00,0.0,2.742968304856162e-05,0.0,0.0,0.0,XGBoost
2025-05-24 06:00:00,0.0,1.1490344935664848e-06,0.03082921911077724,0.0,0.03082921911077724,XGBoost
2025-05-24 07:00:00,2.904014366865242,10.652831347629252,7.386578172648944,5.29362406730646,7.386578172648944,XGBoost
2025-05-24 08:00:00,66.039451599121,67.41535531331087,66.82167466507161,71.891670227051,66.82167466507161,XGBoost
2025-05-24 09:00:00,89.641723632812,95.47049293115876,93.93297163493176,100.3288192749,93.93297163493176,XGBoost
2025-05-24 10:00:00,113.864575703939,118.78054146159747,118.37897603796227,157.56982421875,118.37897603796227,XGBoost
2025-05-24 11:00:00,90.36843363444,98.44098070847531,97.89587331723071,167.79851277669334,97.89587331723071,XGBoost
2025-05-24 12:00:00,158.71235656738,168.53597083224756,167.9972761613696,176.7761128743467,167.9972761613696,XGBoost
2025-05-24 13:00:00,129.69374084473,127.0770086374112,130.8391138217507,170.61837768555,130.8391138217507,XGBoost
2025-05-24 15:00:00,78.419473648071,79.08780028623886,78.31186164727485,111.653732299805,78.31186164727485,XGBoost
2025-05-24 16:00:00,49.848079363505,88.3129228170887,83.21944788539064,77.95312754313166,83.21944788539064,XGBoost
2025-05-24 17:00:00,6.8721668720245255,14.221215676261162,17.523978136488026,23.836359024047926,17.523978136488026,XGBoost
2025-05-24 18:00:00,0.0,1.1490344935664848e-06,0.0,0.0,0.0,XGBoost
2025-05-24 19:00:00,0.0,0.0009313433376793,0.0,0.0,0.0,XGBoost
2025-05-24 20:00:00,0.0,2.742968304856162e-05,0.037473646889534674,0.0,0.037473646889534674,XGBoost
2025-05-24 21:00:00,0.0,5.371033160355676e-05,0.0713714422549958,0.0,0.0713714422549958,XGBoost
2025-05-24 22:00:00,0.0,2.2173553337562594e-05,0.3934665163801406,0.0,0.3934665163801406,XGBoost
2025-05-24 23:00:00,0.0,1.1490344935664848e-06,0.019866172115847926,0.0,0.019866172115847926,XGBoost
2025-05-25 00:00:00,0.0,2.742968304856162e-05,0.10084434593173137,0.0,0.10084434593173137,XGBoost
2025-05-25 01:00:00,0.0,9.909250678564864e-06,0.13394588525549325,0.0,0.13394588525549325,XGBoost
2025-05-25 02:00:00,0.0,8.657791223565094e-06,0.06795458892057003,0.0,0.06795458892057003,XGBoost
2025-05-25 03:00:00,0.0,2.026223344265386e-05,0.2650832996677165,0.0,0.2650832996677165,XGBoost
2025-05-25 04:00:00,0.0,1.1490344935664848e-06,0.010668902214829266,0.0,0.010668902214829266,XGBoost
2025-05-25 05:00:00,0.0,1.8669466863563244e-05,0.0,0.0,0.0,XGBoost
2025-05-25 06:00:00,0.0,0.11103657198198022,0.16273023984178775,0.0,0.16273023984178775,XGBoost
2025-05-25 07:00:00,3.0986146479845,10.525922011826033,10.510022124414132,1.7856478691101,10.510022124414132,XGBoost
2025-05-25 08:00:00,32.500307559967254,47.84725975300839,51.23041241630283,53.9632959365845,51.23041241630283,XGBoost
2025-05-25 09:00:00,49.9748001098634,63.814637132346476,69.0107031192564,89.3619857788088,69.0107031192564,XGBoost
2025-05-25 10:00:00,115.59154891967667,128.33969417389463,130.37301908568068,101.23074086507133,130.37301908568068,XGBoost
2025-05-25 11:00:00,118.96321487427,128.37200565622527,130.6784564677377,91.43304824829099,130.6784564677377,XGBoost
2025-05-25 12:00:00,139.45363616943,156.8312078638451,155.78598531888878,184.28360748290999,155.78598531888878,XGBoost
2025-05-25 15:00:00,105.94584655761498,112.09851995513414,108.99754303445467,100.60371653238734,108.99754303445467,XGBoost
2025-05-25 16:00:00,29.100017820085718,41.91915892122099,44.502121832987655,34.43726498740072,44.502121832987655,XGBoost
2025-05-25 17:00:00,7.313969135284401,31.988748231405808,25.228871230354855,5.2308942079545,25.228871230354855,XGBoost
2025-05-25 18:00:00,0.0,0.2050684003432198,1.608124262724935,0.0,1.608124262724935,XGBoost
2025-05-25 19:00:00,0.0,1.1490344935664848e-06,0.0,0.0,0.0,XGBoost
2025-05-25 20:00:00,0.0,1.866946686356324e-05,0.26741041517299985,0.0,0.26741041517299985,XGBoost
2025-05-25 21:00:00,0.0,5.371033160355676e-05,0.7942397526057601,0.0,0.7942397526057601,XGBoost
2025-05-25 22:00:00,0.0,2.742968304856162e-05,0.21537982353706409,0.0,0.21537982353706409,XGBoost
2025-05-25 23:00:00,0.0,3.268581275956065e-05,0.00043101155102044,0.0,0.00043101155102044,XGBoost
2025-05-26 00:00:00,0.0,1.1490344935664848e-06,0.0,0.0,0.0,XGBoost
2025-05-26 01:00:00,0.0,1.4289358771064054e-05,0.0,0.0,0.0,XGBoost
2025-05-26 03:00:00,0.0,3.6189899233560005e-05,0.0,0.0,0.0,XGBoost
2025-05-26 04:00:00,0.0,1.4289358771064054e-05,0.0142754868302783,0.0,0.0142754868302783,XGBoost
2025-05-26 05:00:00,0.0,1.1490344935664848e-06,0.0,0.0,0.0,XGBoost
2025-05-26 06:00:00,0.0,0.1202903549244117,0.0,0.0,0.0,XGBoost
2025-05-26 07:00:00,0.5627351204554333,5.335545721809073,4.825674459164379,4.901371161142967,4.825674459164379,XGBoost
2025-05-26 08:00:00,2.929629180166449,24.42881220970109,28.006449865345584,31.236097971598447,28.006449865345584,XGBoost
2025-05-26 09:00:00,16.536965131759725,39.61485930732732,43.73240086572558,57.94723129272475,43.73240086572558,XGBoost
2025-05-26 10:00:00,33.21829922993967,57.44438115781002,67.94368889401947,117.03696950276667,67.94368889401947,XGBoost
2025-05-26 11:00:00,30.831186294556,32.13615186209226,44.44544253201377,117.6926574707,44.44544253201377,XGBoost
2025-05-26 12:00:00,33.741413116455,164.431892835629,161.81190718193358,140.24714660645,161.81190718193358,XGBoost
2025-05-26 13:00:00,12.324310302734,11.938422237078292,25.50560237325453,140.44868469238,25.50560237325453,XGBoost
2025-05-26 14:00:00,27.324563980102504,72.42697108348904,75.93926516195359,128.407024383545,75.93926516195359,XGBoost
2025-05-26 15:00:00,18.495147069295502,56.658361727136224,62.63603742523744,109.81192207336385,62.63603742523744,XGBoost
2025-05-26 16:00:00,18.40547752380367,70.37869134899243,72.31459390654382,33.742688814799,72.31459390654382,XGBoost
2025-05-26 17:00:00,0.0,1.1490344935664848e-06,0.1248166887171975,0.0,0.1248166887171975,XGBoost
2025-05-26 18:00:00,0.0,0.2813418035948172,1.4090683804258677,0.0,1.4090683804258677,XGBoost
2025-05-26 19:00:00,0.0,1.1490344935664848e-06,0.04189033232125443,0.0,0.04189033232125443,XGBoost
2025-05-26 20:00:00,0.0,1.166129391556454e-05,0.00743153166639926,0.0,0.00743153166639926,XGBoost
2025-05-26 21:00:00,0.0,2.7429683048561625e-05,0.0,0.0,0.0,XGBoost
2025-05-26 22:00:00,0.0,1.1490344935664848e-06,0.0,0.0,0.0,XGBoost
2025-05-27 00:00:00,0.0,1.1490344935664848e-06,0.0,0.0,0.0,XGBoost
2025-05-27 01:00:00,0.0,1.1490344935664848e-06,0.0,0.0,0.0,XGBoost
2025-05-27 02:00:00,0.0,2.742968304856162e-05,0.0,0.0,0.0,XGBoost
2025-05-27 03:00:00,0.0,3.6189899233560005e-05,0.046304771204490836,0.0,0.046304771204490836,XGBoost
2025-05-27 04:00:00,0.0,1.1490344935664848e-06,0.0,0.0,0.0,XGBoost
2025-05-27 05:00:00,0.0,1.1490344935664848e-06,0.041142646267109,0.0,0.041142646267109,XGBoost
2025-05-27 06:00:00,0.0,1.1490344935664848e-06,0.0789319477993863,0.0,0.0789319477993863,XGBoost
2025-05-27 07:00:00,0.02876928448677,8.20169481443756,2.8253927361024496,0.5555636882782,2.8253927361024496,XGBoost
2025-05-27 08:00:00,2.6046899557114003,17.868406148382263,19.33218871602343,1.57110738754272,19.33218871602343,XGBoost
2025-05-27 09:00:00,14.487653732299668,47.82079049441129,53.35379657898613,23.669205665588297,53.35379657898613,XGBoost
2025-05-27 10:00:00,29.857441902160502,85.09373990697455,83.49213673321707,38.8716983795165,83.49213673321707,XGBoost
2025-05-27 11:00:00,17.065984725952,13.65386825432193,31.426443157430988,30.831186294556,31.426443157430988,XGBoost
2025-05-27 12:00:00,8.5478754043579,13.128375241087346,34.89553183082927,27.0339012146,34.89553183082927,XGBoost
2025-05-27 13:00:00,11.164175033569,157.207436267381,165.6150282000424,40.482486724854,165.6150282000424,XGBoost
2025-05-27 14:00:00,13.135370731354001,155.6259009040601,154.89285023734004,28.134889602660998,154.89285023734004,XGBoost
2025-05-27 15:00:00,13.634957313538,21.806602091883903,27.412354565067652,13.320325374603499,27.412354565067652,XGBoost
2025-05-27 16:00:00,11.551259994506701,18.8991815494449,20.190466080596178,18.40547752380367,20.190466080596178,XGBoost
2025-05-27 17:00:00,0.20386616388956666,17.13071929371007,7.992253220516367,0.9225597778956,7.992253220516367,XGBoost
2025-05-27 18:00:00,0.0,0.09144294487835894,0.2511912066889498,0.0,0.2511912066889498,XGBoost
2025-05-27 19:00:00,0.0,0.0007518103558057399,0.2539521026229495,0.0,0.2539521026229495,XGBoost
2025-05-27 20:00:00,0.0,8.657791223565096e-06,0.08108672995319328,0.0,0.08108672995319328,XGBoost
2025-05-27 21:00:00,0.0,2.742968304856162e-05,0.0609441493692675,0.0,0.0609441493692675,XGBoost
2025-05-27 22:00:00,0.0,1.1490344935664848e-06,0.1135126113707786,0.0,0.1135126113707786,XGBoost
2025-05-27 23:00:00,0.0,5.371033160355676e-05,0.0,0.0,0.0,XGBoost
2025-05-28 00:00:00,0.0,1.1490344935664848e-06,0.08510436039065154,0.0,0.08510436039065154,XGBoost
2025-05-28 01:00:00,0.0,1.1490344935664848e-06,0.1802550214932331,0.0,0.1802550214932331,XGBoost
2025-05-28 02:00:00,0.0,2.742968304856162e-05,0.0509749146790796,0.0,0.0509749146790796,XGBoost
2025-05-28 03:00:00,0.0,1.1490344935664848e-06,0.0809069362751809,0.0,0.0809069362751809,XGBoost
2025-05-28 04:00:00,0.0,5.371033160355676e-05,0.0,0.0,0.0,XGBoost
2025-05-28 05:00:00,0.0,1.1490344935664848e-06,0.0613900388980781,0.0,0.0613900388980781,XGBoost
2025-05-28 06:00:00,0.0,1.1490344935664848e-06,0.0,0.0,0.0,XGBoost
2025-05-28 07:00:00,0.1655374831623489,8.699675887716426,4.872789752561998,0.012786348660786666,4.872789752561998,XGBoost
2025-05-28 08:00:00,2.1069954236348334,39.70836742527535,40.86319720440602,1.0960512955983566,40.86319720440602,XGBoost
2025-05-28 09:00:00,8.869308233261151,20.756354461417075,28.659130883296257,11.00386905670155,28.659130883296257,XGBoost
2025-05-28 11:00:00,32.06872463226325,33.25729343919237,36.91311964618014,16.5012257099151,36.91311964618014,XGBoost
2025-05-28 12:00:00,21.502738316853666,23.441604373788284,28.196037232278538,11.576984723409034,28.196037232278538,XGBoost
2025-05-28 13:00:00,27.97340965271,29.583181403397457,26.850226234175043,18.9780063629155,26.850226234175043,XGBoost
2025-05-28 14:00:00,25.478693008423,24.142453365388235,22.47073884521984,10.91909122467,22.47073884521984,XGBoost
2025-05-28 15:00:00,18.090997695923,108.27874430285944,97.59931551846928,9.0027112960815,97.59931551846928,XGBoost
2025-05-28 16:00:00,11.734736601511665,48.956720424636245,54.423404363729794,11.096635977427033,54.423404363729794,XGBoost
2025-05-28 18:00:00,0.0,0.234903167884383,1.7098677991784244,0.0,1.7098677991784244,XGBoost
2025-05-28 19:00:00,0.0,0.0011462548631409066,0.16979904805702134,0.0,0.16979904805702134,XGBoost
2025-05-28 20:00:00,0.0,3.6189899233560005e-05,0.05526239881310413,0.0,0.05526239881310413,XGBoost
2025-05-28 21:00:00,0.0,1.1490344935664848e-06,0.0,0.0,0.0,XGBoost
2025-05-28 22:00:00,0.0,1.1490344935664848e-06,0.0,0.0,0.0,XGBoost
2025-05-28 23:00:00,0.0,5.371033160355676e-05,0.047788025816517,0.0,0.047788025816517,XGBoost
2025-05-29 00:00:00,0.0,1.8669466863563244e-05,0.0580820609071968,0.0,0.0580820609071968,XGBoost
2025-05-29 01:00:00,0.0,5.371033160355676e-05,0.0,0.0,0.0,XGBoost
2025-05-29 03:00:00,0.0,1.1490344935664848e-06,0.0932615201606018,0.0,0.0932615201606018,XGBoost
2025-05-29 04:00:00,0.0,1.1490344935664848e-06,0.13144996397562209,0.0,0.13144996397562209,XGBoost
2025-05-29 05:00:00,0.0,1.8669466863563244e-05,0.1983970267967632,0.0,0.1983970267967632,XGBoost
2025-05-29 07:00:00,2.9520764350891,6.799924918760914,5.770182363531337,0.5881717801094,5.770182363531337,XGBoost
2025-05-29 08:00:00,29.73995399475094,35.65154484237875,29.511288603581857,2.8562141418457,29.511288603581857,XGBoost
2025-05-29 09:00:00,75.51355107625368,71.37938856270752,72.38638330915767,12.103490511576267,72.38638330915767,XGBoost
2025-05-29 10:00:00,130.30860028948143,132.73570707415774,123.09087604452095,19.681848526001,123.09087604452095,XGBoost
2025-05-29 11:00:00,108.4131808810769,121.11479452099196,128.62784629344293,31.656824535793778,128.62784629344293,XGBoost
2025-05-29 12:00:00,55.565549850463746,135.93397797087735,149.9600839575324,23.3274788856505,149.9600839575324,XGBoost
2025-05-29 15:00:00,85.92419815063413,88.90231498925824,86.58679588788148,18.547631382942125,86.58679588788148,XGBoost
2025-05-29 16:00:00,47.8977365493775,57.57653303050449,67.63896706213919,10.635833501816,67.63896706213919,XGBoost
2025-05-29 17:00:00,0.56503117084503,0.3155153660978795,0.0,0.0,0.0,XGBoost
2025-05-29 18:00:00,0.0,0.239576727493092,0.23599900371053661,0.0,0.23599900371053661,XGBoost
2025-05-29 19:00:00,0.0,1.1490344935664848e-06,0.0,0.0,0.0,XGBoost
2025-05-29 20:00:00,0.0,1.1490344935664848e-06,0.03132362319247124,0.0,0.03132362319247124,XGBoost
2025-05-29 21:00:00,0.0,1.1490344935664848e-06,0.0429153303834104,0.0,0.0429153303834104,XGBoost
2025-05-29 23:00:00,0.0,1.1490344935664848e-06,0.1010497606851938,0.0,0.1010497606851938,XGBoost
2025-05-30 00:00:00,0.0,9.909250678564864e-06,0.013820748112327884,0.0,0.013820748112327884,XGBoost
2025-05-30 01:00:00,0.0,2.742968304856162e-05,0.0,0.0,0.0,XGBoost
2025-05-30 02:00:00,0.0,1.8669466863563244e-05,0.0,0.0,0.0,XGBoost
2025-05-30 03:00:00,0.0,1.4289358771064054e-05,0.0,0.0,0.0,XGBoost
2025-05-30 04:00:00,0.0,6.989178616898738e-06,0.02189336968878658,0.0,0.02189336968878658,XGBoost
2025-05-30 05:00:00,0.0,5.371033160355676e-05,0.0,0.0,0.0,XGBoost
2025-05-30 06:00:00,0.0,0.06306564115555553,0.0,0.0,0.0,XGBoost
2025-05-30 07:00:00,3.6111106872559997,4.374838230831859,4.4858315265705695,1.2875449657440334,4.4858315265705695,XGBoost
2025-05-30 08:00:00,58.08844121297201,49.872478791276805,50.39562763454062,31.15314727359349,50.39562763454062,XGBoost
2025-05-30 09:00:00,117.60500196977037,111.79044821733892,101.62281902502818,81.56369295987245,101.62281902502818,XGBoost
2025-05-30 10:00:00,149.877352905272,132.37585438168,136.79706630595985,130.436943054198,136.79706630595985,XGBoost
2025-05-30 11:00:00,176.18421064104285,152.50697748547034,155.7644656906263,118.21562739781042,155.7644656906263,XGBoost
2025-05-30 12:00:00,183.87274678548,164.25834948847702,173.5998965694655,72.63721338907833,173.5998965694655,XGBoost
2025-05-30 13:00:00,175.02740478516,176.15098654975898,175.52512995743794,66.689430236816,175.52512995743794,XGBoost
2025-05-30 14:00:00,158.8678249782989,149.96598407492888,157.66265369659797,77.66435029771533,157.66265369659797,XGBoost
2025-05-30 15:00:00,129.35025024413918,125.53391746815645,129.1809947513301,93.90685335795125,129.1809947513301,XGBoost
2025-05-30 16:00:00,74.41454267501813,73.30530955293038,74.74962017279702,56.93593907356262,74.74962017279702,XGBoost
2025-05-30 17:00:00,16.846254777908307,11.847149304780345,10.534400914533919,8.531885707378413,10.534400914533919,XGBoost
2025-05-30 18:00:00,0.0,1.1490344935664848e-06,0.0271163651040069,0.0,0.0271163651040069,XGBoost
2025-05-30 19:00:00,0.0,1.1490344935664848e-06,0.09227234257946913,0.0,0.09227234257946913,XGBoost
2025-05-30 20:00:00,0.0,1.1490344935664848e-06,0.0858922747753599,0.0,0.0858922747753599,XGBoost
2025-05-30 21:00:00,0.0,1.1490344935664848e-06,0.03041657552833197,0.0,0.03041657552833197,XGBoost
2025-05-30 22:00:00,0.0,1.1490344935664848e-06,0.0,0.0,0.0,XGBoost
2025-05-30 23:00:00,0.0,1.1490344935664848e-06,0.0,0.0,0.0,XGBoost
2025-05-31 00:00:00,0.0,1.1490344935664848e-06,0.0,0.0,0.0,XGBoost
2025-05-31 01:00:00,0.0,1.1490344935664848e-06,0.03493207628186337,0.0,0.03493207628186337,XGBoost
2025-05-31 02:00:00,0.0,1.1490344935664848e-06,0.3215603562703827,0.0,0.3215603562703827,XGBoost
2025-05-31 03:00:00,0.0,1.1490344935664848e-06,0.14202426279857336,0.0,0.14202426279857336,XGBoost
2025-05-31 04:00:00,0.0,1.1490344935664848e-06,0.08056382375094845,0.0,0.08056382375094845,XGBoost
2025-05-31 05:00:00,0.0,1.1490344935664848e-06,0.1075680162927231,0.0,0.1075680162927231,XGBoost
2025-05-31 06:00:00,0.0,1.1490344935664848e-06,0.041952697728640846,0.0,0.041952697728640846,XGBoost
2025-05-31 07:00:00,5.84950375556955,7.662591654565704,7.90480477017168,6.1866185784341,7.90480477017168,XGBoost
2025-05-31 08:00:00,58.76893218358359,51.02323435283506,47.121873736023765,59.160036722819,47.121873736023765,XGBoost
2025-05-31 09:00:00,118.2015469868981,122.32374294652533,107.06275395278338,117.21523412068616,107.06275395278338,XGBoost
2025-05-31 10:00:00,146.975549316406,141.71392852524633,125.93900029386648,154.220909118651,125.93900029386648,XGBoost
2025-05-31 11:00:00,156.25639481977998,161.33312722557997,143.61062052465175,175.4635842063209,143.61062052465175,XGBoost
2025-05-31 12:00:00,170.41131930880888,176.1567918997406,158.95507479157325,183.9570448133678,158.95507479157325,XGBoost
2025-05-31 13:00:00,121.8166244506837,120.71770668745152,129.8881746812787,177.055886840821,129.8881746812787,XGBoost
2025-05-31 14:00:00,92.46229553222592,94.8852200934462,98.29203513716904,160.58890151977582,98.29203513716904,XGBoost
2025-05-31 15:00:00,78.93223539988142,80.12860773348763,76.97857193212631,129.35025024413918,76.97857193212631,XGBoost
2025-05-31 16:00:00,45.7743271191915,45.51075157700069,39.18291974237061,80.36390654245974,39.18291974237061,XGBoost
2025-05-31 17:00:00,7.154741878310756,9.344795454203943,9.07813581900001,15.587497472763031,9.07813581900001,XGBoost
2025-05-31 18:00:00,0.0,1.1490344935664848e-06,0.0115022807095118,0.0,0.0115022807095118,XGBoost
2025-05-31 19:00:00,0.0,1.1490344935664848e-06,0.023559790814659934,0.0,0.023559790814659934,XGBoost
2025-05-31 20:00:00,0.0,1.1490344935664848e-06,0.34910504675360404,0.0,0.34910504675360404,XGBoost
2025-05-31 21:00:00,0.0,1.1490344935664848e-06,0.15821226728885293,0.0,0.15821226728885293,XGBoost
2025-05-31 22:00:00,0.0,1.1490344935664848e-06,0.0,0.0,0.0,XGBoost
2025-05-31 23:00:00,0.0,1.1490344935664848e-06,0.0008919521018284584,0.0,0.0008919521018284584,XGBoost
2025-06-01 00:00:00,0.0,1.1490344935664848e-06,0.0027117660562736754,0.0,0.0027117660562736754,XGBoost
2025-06-01 01:00:00,0.0,1.1490344935664848e-06,0.00631292968021685,0.0,0.00631292968021685,XGBoost
2025-06-01 02:00:00,0.0,1.1490344935664848e-06,0.06466232901440826,0.0,0.06466232901440826,XGBoost
2025-06-01 03:00:00,0.0,1.1490344935664848e-06,0.08111980651038465,0.0,0.08111980651038465,XGBoost
2025-06-01 04:00:00,0.0,1.1490344935664848e-06,0.7937239350599771,0.0,0.7937239350599771,XGBoost
2025-06-01 05:00:00,0.0,1.1490344935664848e-06,0.2114227316899474,0.0,0.2114227316899474,XGBoost
2025-06-01 06:00:00,0.0,1.1490344935664848e-06,0.013456948664578708,0.0,0.013456948664578708,XGBoost
2025-06-01 07:00:00,4.8545837923883886,6.6921867644438064,7.293376856191177,4.888399759928462,7.293376856191177,XGBoost
2025-06-01 08:00:00,58.589813232422166,64.16875448439517,64.74416318468342,58.76893218358359,64.74416318468342,XGBoost
2025-06-01 09:00:00,115.88043657938624,117.82701395373397,112.55080069194973,118.2015469868981,112.55080069194973,XGBoost
2025-06-01 10:00:00,149.4613622029625,156.86311909540774,153.43194468358385,147.04832967122334,153.43194468358385,XGBoost
2025-06-01 11:00:00,168.66048558552916,173.68346918892726,171.04817702816865,159.0250193278,171.04817702816865,XGBoost
2025-06-01 12:00:00,175.13230024065288,170.9743794593212,167.68999364182648,165.6035723005,167.68999364182648,XGBoost
2025-06-01 14:00:00,154.50287246704,136.0437837034582,144.1775787424066,94.03580856323275,144.1775787424066,XGBoost
2025-06-01 15:00:00,131.52241770426667,123.06486802554343,126.67194341072975,85.00133641560733,126.67194341072975,XGBoost
2025-06-01 16:00:00,77.54649772643981,76.81496246324043,72.3806466250714,45.6636009216309,72.3806466250714,XGBoost
2025-06-01 17:00:00,0.0,1.1490344935664848e-06,0.6614611508054639,0.0,0.6614611508054639,XGBoost
2025-06-01 18:00:00,0.0,0.039673887856295616,0.216861567354864,0.0,0.216861567354864,XGBoost
2025-06-01 19:00:00,0.0,0.004642148733963867,0.5295458857025672,0.0,0.5295458857025672,XGBoost
2025-06-01 20:00:00,0.0,1.1490344935664848e-06,0.0,0.0,0.0,XGBoost
2025-06-01 21:00:00,0.0,3.268581275956065e-05,0.3059843664876755,0.0,0.3059843664876755,XGBoost
2025-06-01 22:00:00,0.0,4.3198072181558706e-05,0.21029514020163353,0.0,0.21029514020163353,XGBoost
2025-06-01 23:00:00,0.0,5.371033160355676e-05,0.17665919698117385,0.0,0.17665919698117385,XGBoost
2025-06-02 00:00:00,0.0,1.166129391556454e-05,0.07016741903861907,0.0,0.07016741903861907,XGBoost
2025-06-02 01:00:00,0.0,2.3675304683562315e-05,0.24156833110424283,0.0,0.24156833110424283,XGBoost
2025-06-02 02:00:00,0.0,1.8669466863563244e-05,0.5889981379883433,0.0,0.5889981379883433,XGBoost
2025-06-02 03:00:00,0.0,1.1490344935664848e-06,0.0,0.0,0.0,XGBoost
2025-06-02 04:00:00,0.0,1.1490344935664848e-06,0.6952470743289627,0.0,0.6952470743289627,XGBoost
2025-06-02 05:00:00,0.0,3.268581275956065e-05,0.01012558191961202,0.0,0.01012558191961202,XGBoost
2025-06-02 06:00:00,0.0,0.2293307645755105,0.3681427454719279,0.0,0.3681427454719279,XGBoost
2025-06-02 07:00:00,4.744126825282964,9.208615065544821,11.7625641116612,4.8545837923883886,11.7625641116612,XGBoost
2025-06-02 08:00:00,45.32034428914383,57.44836969879833,57.59470021003012,45.439018249512,57.59470021003012,XGBoost
2025-06-02 09:00:00,117.59450785319,113.5443320861968,117.05210937164433,119.30421447754001,117.05210937164433,XGBoost
2025-06-02 10:00:00,152.66283416748,143.02495677688822,136.2033467164768,154.328231811525,136.2033467164768,XGBoost
2025-06-02 11:00:00,164.58336893717333,168.19484788988112,155.4332652826333,166.54308064778667,155.4332652826333,XGBoost
2025-06-02 12:00:00,173.72728983561,161.22568215980945,159.64893083917576,175.19143676757668,159.64893083917576,XGBoost
2025-06-02 14:00:00,160.25789642334001,136.55709450447574,125.94980115755791,155.78719329834001,125.94980115755791,XGBoost
2025-06-02 15:00:00,138.66186523437332,127.54817504352985,131.29964416920217,135.35663350423332,131.29964416920217,XGBoost
2025-06-02 16:00:00,98.714431762694,94.11940734817006,93.6670810772097,98.98480987548851,93.6670810772097,XGBoost
2025-06-02 17:00:00,14.042215347290133,24.292967817258,19.31901104255202,14.252635002136367,19.31901104255202,XGBoost
2025-06-02 19:00:00,0.0,0.00214839046858118,0.0020888558008294,0.0,0.0020888558008294,XGBoost
2025-06-02 20:00:00,0.0,1.1490344935664848e-06,0.0241937414315177,0.0,0.0241937414315177,XGBoost
2025-06-02 21:00:00,0.0,1.1490344935664848e-06,0.0121358309725023,0.0,0.0121358309725023,XGBoost
2025-06-02 22:00:00,0.0,1.4289358771064054e-05,0.016853619927398,0.0,0.016853619927398,XGBoost
2025-06-02 23:00:00,0.0,8.657791223565096e-06,0.0,0.0,0.0,XGBoost
2025-06-03 00:00:00,0.0,1.6166547953563705e-05,0.023857619545974543,0.0,0.023857619545974543,XGBoost
2025-06-03 01:00:00,0.0,2.742968304856162e-05,0.04729450373757075,0.0,0.04729450373757075,XGBoost
2025-06-03 02:00:00,0.0,5.371033160355676e-05,0.0,0.0,0.0,XGBoost
2025-06-03 03:00:00,0.0,5.371033160355676e-05,0.0,0.0,0.0,XGBoost
2025-06-03 04:00:00,0.0,3.6189899233560005e-05,0.03226902185468742,0.0,0.03226902185468742,XGBoost
2025-06-03 06:00:00,0.0,1.1490344935664848e-06,0.11214847874033167,0.0,0.11214847874033167,XGBoost
2025-06-03 07:00:00,3.64047005176538,10.592840370427103,7.347302949863146,3.93419172763814,7.347302949863146,XGBoost
2025-06-03 08:00:00,53.19636726379383,62.21852610260067,61.59966553764002,54.50051498413083,61.59966553764002,XGBoost
2025-06-03 09:00:00,110.78549085344571,108.0864093145819,110.06283031274309,112.90316227504114,110.06283031274309,XGBoost
2025-06-03 10:00:00,142.18764495850002,136.7057009363972,139.12159472216422,145.98972320556499,139.12159472216422,XGBoost
2025-06-03 11:00:00,169.07624308268333,167.15459290107717,164.16798516325352,168.41316223144335,164.16798516325352,XGBoost
2025-06-03 12:00:00,178.6179707845033,166.7075174732443,166.59491050002546,174.20351664225333,166.59491050002546,XGBoost
2025-06-03 13:00:00,173.09106445312,176.22360820499358,155.6344622164233,174.19448852539,155.6344622164233,XGBoost
2025-06-03 14:00:00,158.48407999674333,154.92962828706558,152.75161309774708,160.4742991129567,152.75161309774708,XGBoost
2025-06-03 15:00:00,125.93270874023334,125.00176711417168,127.00256139790402,125.14227803548333,127.00256139790402,XGBoost
2025-06-03 16:00:00,75.86861801147366,73.10006193596227,74.83149601577621,75.72036997477134,74.83149601577621,XGBoost
2025-06-03 17:00:00,0.0,0.0287189740539501,0.6244511314388633,0.010245379060507,0.6244511314388633,XGBoost
2025-06-03 18:00:00,0.0,0.13090589175610368,0.10156861104391827,0.0,0.10156861104391827,XGBoost
2025-06-03 19:00:00,0.0,0.0007518103558057399,0.02485693272287462,0.0,0.02485693272287462,XGBoost
2025-06-03 20:00:00,0.0,2.742968304856162e-05,0.39397394014704523,0.0,0.39397394014704523,XGBoost
2025-06-03 21:00:00,0.0,1.1490344935664848e-06,0.00061467031465442,0.0,0.00061467031465442,XGBoost
2025-06-03 22:00:00,0.0,1.166129391556454e-05,0.06584564210955315,0.0,0.06584564210955315,XGBoost
2025-06-03 23:00:00,0.0,1.4289358771064054e-05,0.015594868371749575,0.0,0.015594868371749575,XGBoost
2025-06-04 00:00:00,0.0,2.742968304856162e-05,0.06134419016135985,0.0,0.06134419016135985,XGBoost
2025-06-04 01:00:00,0.0,1.1490344935664848e-06,0.0500964333397404,0.0,0.0500964333397404,XGBoost
2025-06-04 02:00:00,0.0,2.742968304856162e-05,0.0,0.0,0.0,XGBoost
2025-06-04 03:00:00,0.0,1.4289358771064054e-05,0.15130533747267644,0.0,0.15130533747267644,XGBoost
2025-06-04 04:00:00,0.0,1.1490344935664848e-06,0.16468767189607691,0.0,0.16468767189607691,XGBoost
2025-06-04 06:00:00,0.0,0.12466281636304004,0.07857784157834083,0.0,0.07857784157834083,XGBoost
2025-06-04 07:00:00,4.849738523363958,14.083245028610051,9.776423585421682,4.89966058731075,9.776423585421682,XGBoost
2025-06-04 08:00:00,34.715807914734,61.71804774036703,63.320660058433305,37.359880447388,63.320660058433305,XGBoost
2025-06-04 10:00:00,137.8801574707,141.96273744914205,142.2510866622335,134.57244873047,142.2510866622335,XGBoost
2025-06-04 11:00:00,168.893780517578,166.75142764947242,163.07140350323314,166.73101501465,163.07140350323314,XGBoost
2025-06-04 12:00:00,178.850887298585,168.18347608282554,164.78155310047373,178.0978889465325,164.78155310047373,XGBoost
2025-06-04 13:00:00,176.86882527669331,168.91431912544545,165.66990357406902,175.53975423177,165.66990357406902,XGBoost
2025-06-04 14:00:00,160.70563761393166,144.24211784926118,142.61918370275956,158.24438985188667,142.61918370275956,XGBoost
2025-06-04 15:00:00,133.06851959228499,109.74621819383384,115.9519267476164,132.9892578125,115.9519267476164,XGBoost
2025-06-04 16:00:00,71.9500717163086,69.601509273591,67.6847120159106,70.6629844665528,67.6847120159106,XGBoost
2025-06-04 17:00:00,1.497279942035675,4.275829675367992,6.129870932377891,1.451364725828175,6.129870932377891,XGBoost
2025-06-04 18:00:00,0.0,0.11588787217399697,0.2270828065716024,0.0,0.2270828065716024,XGBoost
2025-06-04 19:00:00,0.0,0.0009513078917550832,0.0,0.0,0.0,XGBoost
2025-06-04 20:00:00,0.0,1.866946686356324e-05,0.0,0.0,0.0,XGBoost
2025-06-04 21:00:00,0.0,1.1490344935664848e-06,0.00023661623341504,0.0,0.00023661623341504,XGBoost
2025-06-04 22:00:00,0.0,2.3675304683562315e-05,0.20737067115396315,0.0,0.20737067115396315,XGBoost
2025-06-04 23:00:00,0.0,2.2173553337562594e-05,0.17321867714157912,0.0,0.17321867714157912,XGBoost
2025-06-05 00:00:00,0.0,2.742968304856162e-05,0.16186855562027855,0.0,0.16186855562027855,XGBoost
2025-06-05 01:00:00,0.0,1.8669466863563244e-05,0.0196221148577236,0.0,0.0196221148577236,XGBoost
2025-06-05 02:00:00,0.0,5.371033160355676e-05,0.7848178107995843,0.0,0.7848178107995843,XGBoost
2025-06-05 03:00:00,0.0,1.1490344935664848e-06,0.0,0.0,0.0,XGBoost
2025-06-05 04:00:00,0.0,1.1490344935664848e-06,0.023812832891167535,0.0,0.023812832891167535,XGBoost
2025-06-05 05:00:00,0.0,5.371033160355676e-05,0.0,0.0,0.0,XGBoost
2025-06-05 08:00:00,6.2054152488708,68.84154187785455,64.02496426546689,17.22234916687,64.02496426546689,XGBoost
2025-06-05 09:00:00,120.71964009603,103.48056703990939,109.32049618335775,88.08753967285266,109.32049618335775,XGBoost
2025-06-05 10:00:00,147.687942504885,142.5239880463359,140.19212765130965,135.10946655273,140.19212765130965,XGBoost
2025-06-05 11:00:00,172.13039143880167,172.097737564026,170.60908614160323,170.76857503255167,170.60908614160323,XGBoost
2025-06-05 12:00:00,181.05470530192,175.63451693565298,174.61354382298535,181.269658406575,174.61354382298535,XGBoost
2025-06-05 13:00:00,175.9359269575627,173.01704566620563,170.22043657411095,175.86179421164817,170.22043657411095,XGBoost
2025-06-05 14:00:00,162.383434295655,159.08520021495235,157.02604278998538,164.4054985046375,157.02604278998538,XGBoost
2025-06-05 16:00:00,70.186002731323,67.83608864303442,71.0882558423792,69.384496688843,71.0882558423792,XGBoost
2025-06-05 17:00:00,12.2651703698295,18.38617529389234,18.537677149680064,12.214466946465786,18.537677149680064,XGBoost
2025-06-05 18:00:00,0.0,0.050467130082109124,0.17605327945710564,0.0,0.17605327945710564,XGBoost
2025-06-05 19:00:00,0.0,0.0009394756861337832,0.14127435983905,0.0,0.14127435983905,XGBoost
2025-06-05 20:00:00,0.0,2.0859520909812838e-05,0.07248330754628321,0.0,0.07248330754628321,XGBoost
2025-06-05 21:00:00,0.0,1.4289358771064054e-05,0.04506888211744545,0.0,0.04506888211744545,XGBoost
2025-06-05 22:00:00,0.0,2.2173553337562594e-05,0.13819348220455913,0.0,0.13819348220455913,XGBoost
2025-06-05 23:00:00,0.0,5.371033160355676e-05,0.0,0.0,0.0,XGBoost
2025-06-06 00:00:00,0.0,5.371033160355676e-05,0.0245190843489835,0.0,0.0245190843489835,XGBoost
2025-06-06 01:00:00,0.0,2.742968304856162e-05,0.1036336479836456,0.0,0.1036336479836456,XGBoost
2025-06-06 02:00:00,0.0,5.371033160355676e-05,0.1729919054866493,0.0,0.1729919054866493,XGBoost
2025-06-06 03:00:00,0.0,5.371033160355676e-05,0.0192948109559828,0.0,0.0192948109559828,XGBoost
2025-06-06 04:00:00,0.0,1.1490344935664848e-06,0.0051158648836616,0.0,0.0051158648836616,XGBoost
2025-06-06 05:00:00,0.0,0.005085795393704011,0.7549969962420641,0.0,0.7549969962420641,XGBoost
2025-06-06 07:00:00,0.0,18.534481808238635,15.564113880665507,2.3130135536194,15.564113880665507,XGBoost
2025-06-06 08:00:00,67.467262268066,68.54327671135795,74.64650995575406,74.005554199219,74.64650995575406,XGBoost
2025-06-06 09:00:00,123.49961598714333,119.01205575125766,120.34144282584002,127.81292978922666,120.34144282584002,XGBoost
2025-06-06 10:00:00,151.644549560548,140.597430669345,141.51898620430273,154.60257873535198,141.51898620430273,XGBoost
2025-06-06 11:00:00,172.863666534425,144.81509018806682,149.34611824202494,171.14459991454999,149.34611824202494,XGBoost
2025-06-06 12:00:00,175.09616088867,166.30154732016706,171.02568283505354,182.07336425781,171.02568283505354,XGBoost
2025-06-06 13:00:00,176.74960327148,160.41547169243418,169.76201896922854,177.73974609375,169.76201896922854,XGBoost
2025-06-06 14:00:00,164.72894287109,161.86099324592698,159.46561477184954,164.72583007812,159.46561477184954,XGBoost
2025-06-06 17:00:00,14.2563133239746,18.674707960787046,19.758745642563845,14.372866948445667,19.758745642563845,XGBoost
2025-06-06 18:00:00,0.0,0.009129391505508325,0.34999107212572445,0.0,0.34999107212572445,XGBoost
2025-06-06 19:00:00,0.0,1.1490344935664848e-06,0.0017691419371441669,0.0,0.0017691419371441669,XGBoost
2025-06-06 21:00:00,0.0,1.1490344935664848e-06,0.0065947426602186,0.0,0.0065947426602186,XGBoost
2025-06-06 22:00:00,0.0,5.371033160355676e-05,0.0,0.0,0.0,XGBoost
2025-06-06 23:00:00,0.0,1.1490344935664848e-06,0.0,0.0,0.0,XGBoost
2025-06-07 00:00:00,0.0,5.371033160355676e-05,0.0,0.0,0.0,XGBoost
2025-06-07 01:00:00,0.0,1.1490344935664848e-06,0.0047433089863629,0.0,0.0047433089863629,XGBoost
2025-06-07 02:00:00,0.0,2.742968304856162e-05,0.00073993972952215,0.0,0.00073993972952215,XGBoost
2025-06-07 03:00:00,0.0,5.371033160355676e-05,0.0,0.0,0.0,XGBoost
2025-06-07 04:00:00,0.0,1.166129391556454e-05,0.00390890869177222,0.0,0.00390890869177222,XGBoost
2025-06-07 05:00:00,0.0,1.1490344935664848e-06,0.032764067080300135,0.0,0.032764067080300135,XGBoost
2025-06-07 06:00:00,0.0,0.13445344445787435,0.011963847314453567,0.0,0.011963847314453567,XGBoost
2025-06-07 07:00:00,0.8911897341410334,1.091083959582248,1.1195269878020315,0.012582316994667,1.1195269878020315,XGBoost
2025-06-07 08:00:00,77.173469543457,44.444375617224146,50.938974181857134,69.1422004699705,50.938974181857134,XGBoost
2025-06-07 09:00:00,121.26282246907665,117.80758357809441,117.04966410568602,118.64934285481667,117.04966410568602,XGBoost
2025-06-07 10:00:00,156.80428314209001,153.56466333756418,146.16880163258395,152.222564697265,146.16880163258395,XGBoost
2025-06-07 11:00:00,171.71292877197249,174.95528399816754,169.05738346809736,170.7805900573725,169.05738346809736,XGBoost
2025-06-07 12:00:00,180.38598378499333,173.119491895297,172.92912518473022,177.89420572916666,172.92912518473022,XGBoost
2025-06-07 13:00:00,178.998580932615,176.49641513483346,169.44941256319606,177.490432739255,169.44941256319606,XGBoost
2025-06-07 22:00:00,0.0,1.1490344935664848e-06,0.1655993598017461,0.0,0.1655993598017461,XGBoost
2025-06-07 23:00:00,0.0,2.742968304856162e-05,0.02505908791771105,0.0,0.02505908791771105,XGBoost
2025-06-08 00:00:00,0.0,1.1490344935664848e-06,0.11690738547484934,0.0,0.11690738547484934,XGBoost
2025-06-08 01:00:00,0.0,2.742968304856162e-05,0.18871283250547427,0.0,0.18871283250547427,XGBoost
2025-06-08 02:00:00,0.0,5.371033160355676e-05,0.0,0.0,0.0,XGBoost
2025-06-08 04:00:00,0.0,1.1490344935664848e-06,0.29877451651427944,0.0,0.29877451651427944,XGBoost
2025-06-08 05:00:00,0.0,1.1490344935664848e-06,0.263042693548838,0.0,0.263042693548838,XGBoost
2025-06-08 09:00:00,118.45083872477333,111.32831790611266,114.06806906261961,115.72025044759334,114.06806906261961,XGBoost
2025-06-08 15:00:00,132.3860988616925,126.63169449285145,127.32630953995624,132.57180595398,127.32630953995624,XGBoost
2025-06-08 16:00:00,74.551952362061,74.63877207282776,74.42450234375295,73.942974090576,74.42450234375295,XGBoost
2025-06-08 22:00:00,0.0,1.1490344935664848e-06,0.07962229943823751,0.0,0.07962229943823751,XGBoost
2025-06-08 23:00:00,0.0,1.6166547953563705e-05,0.016937665411931,0.0,0.016937665411931,XGBoost
2025-06-09 00:00:00,0.0,5.371033160355676e-05,0.0,0.0,0.0,XGBoost
2025-06-09 01:00:00,0.0,5.371033160355676e-05,0.0,0.0,0.0,XGBoost
2025-06-09 02:00:00,0.0,2.742968304856162e-05,0.1471355289017513,0.0,0.1471355289017513,XGBoost
2025-06-09 03:00:00,0.0,1.1490344935664848e-06,0.1513384431129278,0.0,0.1513384431129278,XGBoost
2025-06-09 04:00:00,0.0,1.1490344935664848e-06,0.3818462121621222,0.0,0.3818462121621222,XGBoost
2025-06-09 05:00:00,0.0,1.8669466863563244e-05,0.1709362393446736,0.0,0.1709362393446736,XGBoost
2025-06-09 06:00:00,0.0,0.6619638989455607,0.3292530100660714,0.0,0.3292530100660714,XGBoost
2025-06-09 07:00:00,0.0,6.382850111249031,6.777164612252896,0.0,6.777164612252896,XGBoost
2025-06-09 12:00:00,181.51278686523,162.97869020196467,157.33255406073286,183.30033874512,157.33255406073286,XGBoost
2025-06-09 14:00:00,150.40702819824,151.6110912098544,154.41135145258338,151.93583679199,154.41135145258338,XGBoost
2025-06-09 21:00:00,0.0,1.1490344935664848e-06,0.0,0.0,0.0,XGBoost
2025-06-09 22:00:00,0.0,5.371033160355676e-05,0.0661282522965144,0.0,0.0661282522965144,XGBoost
2025-06-09 23:00:00,0.0,1.8669466863563244e-05,0.08324413021122633,0.0,0.08324413021122633,XGBoost
2025-06-10 00:00:00,0.0,5.371033160355676e-05,1.020030933005108,0.0,1.020030933005108,XGBoost
2025-06-10 02:00:00,0.0,1.1490344935664848e-06,0.0,0.0,0.0,XGBoost
2025-06-10 03:00:00,0.0,1.1490344935664848e-06,0.29721905762491474,0.0,0.29721905762491474,XGBoost
2025-06-10 05:00:00,0.0,1.1490344935664848e-06,1.042363423048779,0.0,1.042363423048779,XGBoost
2025-06-10 07:00:00,17.264347076416,26.44430606406261,22.63005919091045,17.506921768188,22.63005919091045,XGBoost
2025-06-10 08:00:00,39.452248573303,56.9713418213301,54.9225744207253,39.295064926147504,54.9225744207253,XGBoost
2025-06-10 10:00:00,155.3708267211925,148.35048599489852,144.228276880992,159.593830108645,144.228276880992,XGBoost
2025-06-10 11:00:00,176.977600097655,176.18146735169262,175.7282808502933,177.70425415039,175.7282808502933,XGBoost
2025-06-10 12:00:00,178.77146911621165,176.12630980456652,170.48249122970444,180.01531982421832,170.48249122970444,XGBoost
2025-06-10 13:00:00,171.30089823405,177.5174540029906,158.30863662024987,176.92852274577,158.30863662024987,XGBoost
2025-06-10 14:00:00,158.75712585449165,151.0670879000298,145.67644451475155,161.20808410644668,145.67644451475155,XGBoost
2025-06-10 15:00:00,119.90908050537,114.8769609266897,115.82506815266036,119.15436553955,115.82506815266036,XGBoost
2025-06-10 17:00:00,8.904511523246759,15.358665126797007,14.139926942692128,8.516075253486573,14.139926942692128,XGBoost
2025-06-10 18:00:00,0.0,0.2089900456529294,0.44504076595688646,0.0,0.44504076595688646,XGBoost
2025-06-10 19:00:00,0.0,0.00045441398046513326,0.2041809047977202,0.0,0.2041809047977202,XGBoost
2025-06-10 20:00:00,0.0,3.6189899233560005e-05,0.16904040112418817,0.0,0.16904040112418817,XGBoost
2025-06-10 21:00:00,0.0,4.057000732605919e-05,0.35462250792896366,0.0,0.35462250792896366,XGBoost
2025-06-10 22:00:00,0.0,2.742968304856162e-05,0.25642902648250293,0.0,0.25642902648250293,XGBoost
2025-06-10 23:00:00,0.0,9.909250678564864e-06,0.0,0.0,0.0,XGBoost
2025-06-11 00:00:00,0.0,2.742968304856162e-05,0.44956191754374236,0.0,0.44956191754374236,XGBoost
2025-06-11 01:00:00,0.0,2.742968304856162e-05,0.2807968872512117,0.0,0.2807968872512117,XGBoost
2025-06-11 02:00:00,0.0,1.8669466863563244e-05,0.10757288023800667,0.0,0.10757288023800667,XGBoost
2025-06-11 04:00:00,0.0,2.742968304856162e-05,0.0,0.0,0.0,XGBoost
2025-06-11 05:00:00,0.0,2.742968304856162e-05,0.02413242876016195,0.0,0.02413242876016195,XGBoost
2025-06-11 06:00:00,0.0,1.1490344935664848e-06,1.2193275035649047,0.0,1.2193275035649047,XGBoost
2025-06-11 07:00:00,0.0,32.04657892212342,12.43619389728372,0.0,12.43619389728372,XGBoost
2025-06-11 08:00:00,55.039125061034994,56.93192048742101,60.72646297957367,55.6871303558348,60.72646297957367,XGBoost
2025-06-11 09:00:00,98.754917144776,97.93087415923051,93.41993229986488,99.2804565429695,93.41993229986488,XGBoost
2025-06-11 10:00:00,153.05263900757,146.05081155448033,137.5031284000418,155.6886405944825,137.5031284000418,XGBoost
2025-06-11 11:00:00,169.8572902679425,175.1221632378167,161.1431207446571,173.81403732299876,161.1431207446571,XGBoost
2025-06-11 13:00:00,164.86049652099751,170.46088226925465,161.07763100072526,172.02527999878,161.07763100072526,XGBoost
2025-06-11 14:00:00,155.80699157715,151.1179653470756,151.09209560564253,151.56564331055,151.09209560564253,XGBoost
2025-06-11 15:00:00,124.30017852783,111.62442657881948,114.28079142508318,123.3703994751,114.28079142508318,XGBoost
2025-06-11 16:00:00,75.17507934570325,71.97172985161117,73.61503803744763,73.11323881149238,73.61503803744763,XGBoost
2025-06-11 17:00:00,12.630528189919119,18.312346592006087,18.317219077629684,12.791193864562281,18.317219077629684,XGBoost
2025-06-11 18:00:00,0.0,0.7678165737986631,0.0,0.0,0.0,XGBoost
2025-06-11 19:00:00,0.0,0.005474105661252684,0.6419721971447805,0.0,0.6419721971447805,XGBoost
2025-06-11 20:00:00,0.0,6.989178616898738e-06,0.007115846880767978,0.0,0.007115846880767978,XGBoost
2025-06-11 23:00:00,0.0,1.1490344935664848e-06,0.0009423539645214399,0.0,0.0009423539645214399,XGBoost
2025-06-12 00:00:00,0.0,5.371033160355676e-05,0.0,0.0,0.0,XGBoost
2025-06-12 01:00:00,0.0,1.1490344935664848e-06,0.0099938336532835,0.0,0.0099938336532835,XGBoost
2025-06-12 02:00:00,0.0,8.657791223565096e-06,0.028901664238319472,0.0,0.028901664238319472,XGBoost
2025-06-12 03:00:00,0.0,1.8669466863563244e-05,0.023374370507765297,0.0,0.023374370507765297,XGBoost
2025-06-12 04:00:00,0.0,1.1490344935664848e-06,0.0068592675541579,0.0,0.0068592675541579,XGBoost
2025-06-12 05:00:00,0.0,0.007628118573309233,1.12887551037621,0.0,1.12887551037621,XGBoost
2025-06-12 06:00:00,0.0,1.508435778740691,0.09978894711111291,0.0,0.09978894711111291,XGBoost
2025-06-12 08:00:00,31.4727334976195,31.61145172244389,40.749397118462824,31.7159423828125,40.749397118462824,XGBoost
2025-06-12 09:00:00,133.00469970703,131.57288812466717,128.1170122051412,132.38371276855,128.1170122051412,XGBoost
2025-06-12 11:00:00,171.30708312988,169.18955086248403,168.67022236790189,173.35589599609,168.67022236790189,XGBoost
2025-06-12 12:00:00,177.234240722658,164.06458040753495,169.24154377194708,175.84089050293,169.24154377194708,XGBoost
2025-06-12 13:00:00,172.82676696777332,146.94022030667443,149.92303761483865,168.54176330566335,149.92303761483865,XGBoost
2025-06-12 14:00:00,158.9607887268075,150.79801205619046,157.8404448150792,161.4820137023925,157.8404448150792,XGBoost
2025-06-12 15:00:00,131.405743408204,115.18412485499081,117.7759306323175,128.716798400876,117.7759306323175,XGBoost
2025-06-12 16:00:00,78.29721069335933,71.1239843953962,66.43832513727426,77.08308792114217,66.43832513727426,XGBoost
2025-06-12 17:00:00,12.144400358200057,15.042337457794252,14.818081916598791,11.679278782435729,14.818081916598791,XGBoost
2025-06-12 18:00:00,0.0,0.09905727740420381,0.2141009290638613,0.0,0.2141009290638613,XGBoost
2025-06-12 19:00:00,0.0,0.003128637990394633,0.40169236011951936,0.0,0.40169236011951936,XGBoost
2025-06-12 20:00:00,0.0,1.4289358771064054e-05,0.13672487467047717,0.0,0.13672487467047717,XGBoost
2025-06-12 21:00:00,0.0,1.1490344935664848e-06,0.08000459959515,0.0,0.08000459959515,XGBoost
2025-06-12 22:00:00,0.0,5.371033160355676e-05,0.0,0.0,0.0,XGBoost
2025-06-12 23:00:00,0.0,1.866946686356324e-05,0.10169220532414609,0.0,0.10169220532414609,XGBoost
2025-06-13 00:00:00,0.0,8.657791223565094e-06,0.11417510712896443,0.0,0.11417510712896443,XGBoost
2025-06-13 01:00:00,0.0,1.166129391556454e-05,0.1634511346360516,0.0,0.1634511346360516,XGBoost
2025-06-13 02:00:00,0.0,2.742968304856162e-05,0.5484161714591774,0.0,0.5484161714591774,XGBoost
2025-06-13 03:00:00,0.0,2.4509610986895496e-05,0.11389199671861075,0.0,0.11389199671861075,XGBoost
2025-06-13 04:00:00,0.0,1.2829322740230991e-05,0.21845343511223791,0.0,0.21845343511223791,XGBoost
2025-06-13 05:00:00,0.0,1.6166547953563705e-05,0.0,0.0,0.0,XGBoost
2025-06-13 06:00:00,0.0,0.055209956582255394,0.041036946133456244,0.0,0.041036946133456244,XGBoost
2025-06-13 07:00:00,0.0,6.674524290938881,9.577495160497843,0.0,9.577495160497843,XGBoost
2025-06-13 08:00:00,80.787826538086,105.68194482662388,83.93878202668779,80.150611877441,83.93878202668779,XGBoost
2025-06-13 09:00:00,131.647575378415,109.13158480727381,108.64610760796528,132.798629760745,108.64610760796528,XGBoost
2025-06-13 10:00:00,152.83518218993999,144.27045871330114,139.4874380613462,152.3189620971675,139.4874380613462,XGBoost
2025-06-13 11:00:00,170.15230015346,164.70384867138142,163.34068745906896,169.37473188127572,163.34068745906896,XGBoost
2025-06-13 12:00:00,173.55910164969285,174.77778085732643,169.773035705313,176.23940168108427,169.773035705313,XGBoost
2025-06-13 13:00:00,169.647430419925,166.07207527035752,156.72388567023467,170.08984375,156.72388567023467,XGBoost
2025-06-13 14:00:00,158.49875793457198,153.05604197534223,152.049741085204,158.979162597658,152.049741085204,XGBoost
2025-06-13 15:00:00,121.01957829793334,121.93942319368172,122.23212809905863,124.33438491821333,122.23212809905863,XGBoost
2025-06-13 16:00:00,74.2439066569011,77.67560713743504,77.647567212394,76.24044672648122,77.647567212394,XGBoost
2025-06-13 17:00:00,16.229185551404914,15.609057218483963,16.800105085801967,16.51436278223994,16.800105085801967,XGBoost
2025-06-13 18:00:00,0.0,1.1490344935664848e-06,0.11061239485979725,0.0,0.11061239485979725,XGBoost
2025-06-13 20:00:00,0.0,5.371033160355676e-05,0.2486217472435781,0.0,0.2486217472435781,XGBoost
2025-06-13 21:00:00,0.0,1.1490344935664848e-06,0.1756466292153837,0.0,0.1756466292153837,XGBoost
2025-06-13 22:00:00,0.0,1.1490344935664848e-06,0.2120273376957377,0.0,0.2120273376957377,XGBoost
2025-06-13 23:00:00,0.0,1.6166547953563705e-05,0.16837913754451347,0.0,0.16837913754451347,XGBoost
2025-06-14 00:00:00,0.0,2.742968304856162e-05,0.309588239948827,0.0,0.309588239948827,XGBoost
2025-06-14 01:00:00,0.0,1.1490344935664848e-06,0.2937243327465869,0.0,0.2937243327465869,XGBoost
2025-06-14 02:00:00,0.0,9.909250678564864e-06,0.10957818143705507,0.0,0.10957818143705507,XGBoost
2025-06-14 03:00:00,0.0,5.927334230838328e-06,0.04457587785184317,0.0,0.04457587785184317,XGBoost
2025-06-14 04:00:00,0.0,9.909250678564864e-06,0.1179614810992682,0.0,0.1179614810992682,XGBoost
2025-06-14 05:00:00,0.0,1.1490344935664848e-06,0.24501563204443855,0.0,0.24501563204443855,XGBoost
2025-06-14 06:00:00,0.0,1.1490344935664848e-06,0.29219169111607735,0.0,0.29219169111607735,XGBoost
2025-06-14 07:00:00,2.0586848656336065,3.7626528376419173,2.707651499837778,1.7780138651530002,2.707651499837778,XGBoost
2025-06-14 08:00:00,40.5444847106934,26.21750402426465,30.660530418235243,58.800572967529206,30.660530418235243,XGBoost
2025-06-14 09:00:00,81.22505133492642,76.0326153909582,74.92704699655386,116.723500932967,74.92704699655386,XGBoost
2025-06-14 10:00:00,125.87377929687666,143.07071050934601,138.49528886494736,150.90609232584666,138.49528886494736,XGBoost
2025-06-14 11:00:00,117.27424621582,133.89002159531694,133.2475069723704,169.02119064331,133.2475069723704,XGBoost
2025-06-14 12:00:00,127.31754875183,125.09553324666552,121.12702620842195,173.8039245605475,121.12702620842195,XGBoost
2025-06-14 13:00:00,112.37036048041378,139.27273385977475,132.72111896424263,171.28763834635555,132.72111896424263,XGBoost
2025-06-14 14:00:00,123.03193511962941,121.16222768513924,116.23518252493474,157.950357055666,116.23518252493474,XGBoost
2025-06-14 15:00:00,55.947830200195,53.594584735092106,59.39329699262892,109.21583557129,59.39329699262892,XGBoost
2025-06-14 16:00:00,48.3785322189332,60.794975447161775,62.82235891599102,81.4355049133308,62.82235891599102,XGBoost
2025-06-14 17:00:00,5.4747035503387504,22.9215593225192,23.071005718820043,23.5789155960085,23.071005718820043,XGBoost
2025-06-14 18:00:00,0.0,0.012172138995846578,0.44134685921787575,0.0,0.44134685921787575,XGBoost
2025-06-14 19:00:00,0.0,1.1490344935664848e-06,0.0033013890369487,0.0,0.0033013890369487,XGBoost
2025-06-14 20:00:00,0.0,0.0031435703346730593,0.049294664780868025,0.0,0.049294664780868025,XGBoost
2025-06-14 21:00:00,0.0,1.1490344935664848e-06,0.0371415773943451,0.0,0.0371415773943451,XGBoost
2025-06-14 22:00:00,0.0,8.657791223565096e-06,0.017847247546847942,0.0,0.017847247546847942,XGBoost
2025-06-14 23:00:00,0.0,1.8669466863563244e-05,0.05492489424421418,0.0,0.05492489424421418,XGBoost
2025-06-15 00:00:00,0.0,8.657791223565096e-06,0.0376256208127583,0.0,0.0376256208127583,XGBoost
2025-06-15 01:00:00,0.0,1.166129391556454e-05,0.04766726770058318,0.0,0.04766726770058318,XGBoost
2025-06-15 02:00:00,0.0,1.1490344935664848e-06,0.015216792708128566,0.0,0.015216792708128566,XGBoost
2025-06-15 03:00:00,0.0,0.0009133084722867526,0.2319634636545118,0.0,0.2319634636545118,XGBoost
2025-06-15 04:00:00,0.0,0.0015648509278533144,0.318569862467344,0.0,0.318569862467344,XGBoost
2025-06-15 05:00:00,0.0,1.6166547953563705e-05,0.19954682642020066,0.0,0.19954682642020066,XGBoost
2025-06-15 06:00:00,0.0,0.012016012348175077,0.04653216532336854,0.0,0.04653216532336854,XGBoost
2025-06-15 07:00:00,0.33522255420684,0.8700865559696384,1.2460934414392397,1.1722502708434999,1.2460934414392397,XGBoost
2025-06-15 08:00:00,55.44085884094243,50.42610962115766,52.19416131350179,34.38998903547,52.19416131350179,XGBoost
2025-06-15 09:00:00,113.60606479644687,104.94378811421709,105.42787786774947,78.37673139572175,105.42787786774947,XGBoost
2025-06-15 10:00:00,133.91681594848632,135.635054022169,135.3128220971949,123.6171115875255,135.3128220971949,XGBoost
2025-06-15 11:00:00,162.39875793457,140.66533484410132,136.7512936316619,133.3388671875,136.7512936316619,XGBoost
2025-06-15 12:00:00,125.02089309692501,125.83849289156304,125.31794668763196,128.34841664632168,125.31794668763196,XGBoost
2025-06-15 13:00:00,124.85399780273401,124.65784697581708,122.06276131620152,115.30934753418,122.06276131620152,XGBoost
2025-06-15 14:00:00,158.062487792968,155.3452754853065,157.69249901275717,133.1939407348636,157.69249901275717,XGBoost
2025-06-15 15:00:00,126.40528615315777,122.14739393021348,122.52512016667684,92.68838161892411,122.52512016667684,XGBoost
2025-06-15 16:00:00,27.174079259236667,27.39028863617695,27.243273720568563,38.476649284363,27.243273720568563,XGBoost
2025-06-15 21:00:00,0.0,1.1490344935664848e-06,0.0,0.0,0.0,XGBoost
2025-06-15 22:00:00,0.0,1.1490344935664848e-06,0.028222014696891302,0.0,0.028222014696891302,XGBoost
2025-06-15 23:00:00,0.0,1.1490344935664848e-06,0.02876398310143415,0.0,0.02876398310143415,XGBoost
2025-06-16 00:00:00,0.0,1.8669466863563244e-05,0.11339131205839903,0.0,0.11339131205839903,XGBoost
2025-06-16 01:00:00,0.0,1.1490344935664848e-06,0.0,0.0,0.0,XGBoost
2025-06-16 02:00:00,0.0,1.1490344935664848e-06,0.0359683636673984,0.0,0.0359683636673984,XGBoost
2025-06-16 03:00:00,0.0,1.6166547953563705e-05,0.29059816255352955,0.0,0.29059816255352955,XGBoost
2025-06-16 04:00:00,0.0,1.1490344935664848e-06,0.00936442884447369,0.0,0.00936442884447369,XGBoost
2025-06-16 05:00:00,0.0,1.1490344935664848e-06,0.10084240658944525,0.0,0.10084240658944525,XGBoost
2025-06-16 06:00:00,0.0,0.018972912174239506,0.6771185802290959,0.0,0.6771185802290959,XGBoost
2025-06-16 07:00:00,3.48068985939026,6.16697199254178,5.920313164520543,2.5941491365432396,5.920313164520543,XGBoost
2025-06-16 08:00:00,45.47167151314871,63.088398861710914,62.078702717103646,43.57737350463857,62.078702717103646,XGBoost
2025-06-16 09:00:00,114.12338027954169,112.40185000409278,112.63777891477189,113.47404174804551,112.63777891477189,XGBoost
2025-06-16 10:00:00,148.71393432617202,134.3046983338117,139.08512667923537,133.43163909912,139.08512667923537,XGBoost
2025-06-16 11:00:00,173.052001953125,161.56239432172924,148.87006214601416,172.26762008667,148.87006214601416,XGBoost
2025-06-16 12:00:00,178.4626293182375,159.65118364794353,164.52501991073223,115.1638698577875,164.52501991073223,XGBoost
2025-06-16 13:00:00,178.24385070800713,167.02335611408225,166.67338824431383,122.46729278564429,166.67338824431383,XGBoost
2025-06-16 14:00:00,162.22768729073854,159.6507432232429,157.1078265531668,163.12849208286713,157.1078265531668,XGBoost
2025-06-16 15:00:00,123.46372604369999,117.26055206694598,122.5924848023185,120.37562942505001,122.5924848023185,XGBoost
2025-06-16 16:00:00,74.85261535644544,79.35482397503296,70.44767466523214,23.263296127319222,70.44767466523214,XGBoost
2025-06-16 17:00:00,7.5201721191406,37.89076554388112,22.64240327659723,2.3376669883728,22.64240327659723,XGBoost
2025-06-16 20:00:00,0.0,1.1490344935664848e-06,0.0,0.0,0.0,XGBoost
2025-06-16 21:00:00,0.0,1.6166547953563705e-05,0.018744402568815145,0.0,0.018744402568815145,XGBoost
2025-06-16 22:00:00,0.0,1.8669466863563244e-05,0.070967453083791,0.0,0.070967453083791,XGBoost
2025-06-16 23:00:00,0.0,2.742968304856162e-05,0.2573734153808747,0.0,0.2573734153808747,XGBoost
2025-06-17 00:00:00,0.0,1.1490344935664848e-06,0.0,0.0,0.0,XGBoost
2025-06-17 01:00:00,0.0,1.4289358771064054e-05,0.11293625366259682,0.0,0.11293625366259682,XGBoost
2025-06-17 02:00:00,0.0,9.909250678564864e-06,0.42546143180885615,0.0,0.42546143180885615,XGBoost
2025-06-17 03:00:00,0.0,0.0009264487965642503,0.25770842569909036,0.0,0.25770842569909036,XGBoost
2025-06-17 04:00:00,0.0,0.007298424536839056,1.4737839500223473,0.0,1.4737839500223473,XGBoost
2025-06-17 05:00:00,0.0,0.009153512481072367,1.3532787589406206,0.0,1.3532787589406206,XGBoost
2025-06-17 06:00:00,0.0,0.9052554178338825,0.028516930445332,0.0,0.028516930445332,XGBoost
2025-06-17 07:00:00,3.869099199771886,24.026293323510195,14.663143442973801,3.818034954369061,14.663143442973801,XGBoost
2025-06-17 08:00:00,44.155911684036376,47.13523473804012,53.210426241132794,44.740342617035,53.210426241132794,XGBoost
2025-06-17 09:00:00,110.44496663411383,114.3459863250405,120.7640850731458,112.51133728027366,120.7640850731458,XGBoost
2025-06-17 10:00:00,133.37017822266,131.63020944067998,143.8998089249,135.73306274414,143.8998089249,XGBoost
2025-06-17 11:00:00,168.90931701660168,164.47115781405094,168.58694134213465,170.91347757975333,168.58694134213465,XGBoost
2025-06-17 12:00:00,175.666125488282,177.44708693170276,177.38541798303822,177.911209106446,177.38541798303822,XGBoost
2025-06-17 13:00:00,176.63582865397333,175.03758222995214,175.44958588838492,178.12534586588333,175.44958588838492,XGBoost
2025-06-17 14:00:00,163.011151123046,154.44006015713822,154.62155958582747,160.684512329102,154.62155958582747,XGBoost
2025-06-17 15:00:00,125.31186548868834,116.48047828442132,117.16444173458719,124.85775502522667,117.16444173458719,XGBoost
2025-06-17 16:00:00,73.55941295623788,74.524258452749,73.70017470455902,73.3356523513795,73.70017470455902,XGBoost
2025-06-17 17:00:00,15.116896390914901,15.083001100102521,14.550821725963653,14.99616479873665,14.550821725963653,XGBoost
2025-06-17 18:00:00,0.0,0.5424576074159486,0.2125781563898605,0.0,0.2125781563898605,XGBoost
2025-06-17 19:00:00,0.0,1.1490344935664848e-06,0.0,0.0,0.0,XGBoost
2025-06-17 20:00:00,0.0,1.166129391556454e-05,0.0,0.0,0.0,XGBoost
2025-06-17 21:00:00,0.0,5.371033160355676e-05,0.23866573984350525,0.0,0.23866573984350525,XGBoost
2025-06-17 22:00:00,0.0,1.4289358771064054e-05,0.0,0.0,0.0,XGBoost
2025-06-17 23:00:00,0.0,1.1490344935664848e-06,0.0,0.0,0.0,XGBoost
2025-06-18 00:00:00,0.0,1.282932274023099e-05,0.08120419669468144,0.0,0.08120419669468144,XGBoost
2025-06-18 01:00:00,0.0,1.8669466863563244e-05,0.33338786535780146,0.0,0.33338786535780146,XGBoost
2025-06-18 02:00:00,0.0,1.1490344935664848e-06,0.15227031230417484,0.0,0.15227031230417484,XGBoost
2025-06-18 03:00:00,0.0,1.1490344935664848e-06,0.257579914893175,0.0,0.257579914893175,XGBoost
2025-06-18 04:00:00,0.0,1.1490344935664848e-06,1.3757756477488423,0.0,1.3757756477488423,XGBoost
2025-06-18 05:00:00,0.0,3.6189899233560005e-05,0.0651640356682514,0.0,0.0651640356682514,XGBoost
2025-06-18 06:00:00,0.0,0.1695152281444173,0.399470112655102,0.0,0.399470112655102,XGBoost
2025-06-18 07:00:00,4.866592781884257,7.250711692598427,7.677066406305428,4.778147765568328,7.677066406305428,XGBoost
2025-06-18 08:00:00,57.40866960797972,39.379300933220506,51.981643393945866,60.66721480233343,51.981643393945866,XGBoost
2025-06-18 09:00:00,114.72014999389734,112.08222490290638,115.69668380189437,112.471738179524,115.69668380189437,XGBoost
2025-06-18 10:00:00,150.60902913411334,149.98622772875567,148.81834984182396,146.86127726237,148.81834984182396,XGBoost
2025-06-18 11:00:00,173.47896466936572,173.51180703977974,175.39328842881017,169.66670445033574,175.39328842881017,XGBoost
2025-06-18 12:00:00,179.51271820068376,176.9352173581497,178.84994512216926,176.4910125732425,178.84994512216926,XGBoost
2025-06-18 13:00:00,171.04504140218168,173.43095763660543,172.94057849496076,176.478406270345,172.94057849496076,XGBoost
2025-06-18 14:00:00,162.6376953125,147.23154296527878,155.38952093954498,164.765625,155.38952093954498,XGBoost
2025-06-18 15:00:00,126.629174804688,124.78576516397045,125.52036693051153,126.14849548339801,125.52036693051153,XGBoost
2025-06-18 16:00:00,92.042289733887,89.77430312681967,91.56820450807976,90.8521614074705,91.56820450807976,XGBoost
2025-06-18 17:00:00,21.403256734212132,19.810654625882012,20.471813648986494,21.036650657653865,20.471813648986494,XGBoost
2025-06-18 18:00:00,0.0,0.027016479633490194,0.19375834081755344,0.0,0.19375834081755344,XGBoost
2025-06-18 19:00:00,0.0,1.1490344935664848e-06,0.016569870344747432,0.0,0.016569870344747432,XGBoost
2025-06-18 20:00:00,0.0,1.1490344935664848e-06,0.0104983703123949,0.0,0.0104983703123949,XGBoost
2025-06-18 21:00:00,0.0,3.6189899233560005e-05,0.08375514818747205,0.0,0.08375514818747205,XGBoost
2025-06-18 22:00:00,0.0,1.2829322740230991e-05,0.21896427775169292,0.0,0.21896427775169292,XGBoost
2025-06-18 23:00:00,0.0,1.1490344935664848e-06,0.0662456010289013,0.0,0.0662456010289013,XGBoost
2025-06-19 00:00:00,0.0,1.1490344935664848e-06,0.0,0.0,0.0,XGBoost
2025-06-19 01:00:00,0.0,1.1490344935664848e-06,0.3038616222485229,0.0,0.3038616222485229,XGBoost
2025-06-19 02:00:00,0.0,9.909250678564864e-06,0.10329349479296736,0.0,0.10329349479296736,XGBoost
2025-06-19 03:00:00,0.0,1.4289358771064054e-05,0.2219826618600576,0.0,0.2219826618600576,XGBoost
2025-06-19 04:00:00,0.0,1.4289358771064054e-05,0.041439676098554895,0.0,0.041439676098554895,XGBoost
2025-06-19 05:00:00,0.0,3.268581275956065e-05,0.00123654056134564,0.0,0.00123654056134564,XGBoost
2025-06-19 06:00:00,0.0,0.062362838032492554,0.00832361894353966,0.0,0.00832361894353966,XGBoost
2025-06-19 07:00:00,1.21923036575318,20.093626339140577,9.672674808513438,1.2735150337219199,9.672674808513438,XGBoost
2025-06-19 08:00:00,64.94593715667718,69.33733650041391,69.0789571405718,59.58191935221333,69.0789571405718,XGBoost
2025-06-19 09:00:00,111.0471178690595,108.63880783197897,108.79008757203218,109.62266413370718,108.79008757203218,XGBoost
2025-06-19 10:00:00,145.15847778320332,142.23536712815437,140.05767182912277,147.04200490315665,140.05767182912277,XGBoost
2025-06-19 11:00:00,168.747493743895,168.5619973594609,159.84916882304387,172.973796844485,159.84916882304387,XGBoost
2025-06-19 12:00:00,181.6471862793,175.65472948119637,175.3235679240302,181.14921569824,175.3235679240302,XGBoost
2025-06-19 13:00:00,176.00155639648,154.89942947548036,126.07400939973331,164.33493041992,126.07400939973331,XGBoost
2025-06-19 14:00:00,160.80368041992,160.18405572312153,158.66704725239913,159.68545532227,158.66704725239913,XGBoost
2025-06-19 15:00:00,130.6961517334,129.94831067076734,132.19929244763523,130.42207336426,132.19929244763523,XGBoost
2025-06-19 16:00:00,90.00422210693259,94.67974210639184,93.11769337075535,92.15586013793941,93.11769337075535,XGBoost
2025-06-19 17:00:00,14.12038448878687,13.360263310170234,18.27325029552223,13.912695203508672,18.27325029552223,XGBoost
2025-06-19 18:00:00,0.0,1.1490344935664848e-06,0.0021354728785876,0.0,0.0021354728785876,XGBoost
2025-06-19 19:00:00,0.0,0.001825467910079939,0.2160201879315445,0.0,0.2160201879315445,XGBoost
2025-06-19 20:00:00,0.0,1.1490344935664848e-06,0.005224314487560992,0.0,0.005224314487560992,XGBoost
2025-06-19 21:00:00,0.0,1.0705633968110171e-05,0.054205938943130146,0.0,0.054205938943130146,XGBoost
2025-06-19 22:00:00,0.0,6.989178616898738e-06,0.11940701610907094,0.0,0.11940701610907094,XGBoost
2025-06-19 23:00:00,0.0,1.4289358771064054e-05,0.03713382795753965,0.0,0.03713382795753965,XGBoost
2025-06-20 00:00:00,0.0,2.3675304683562315e-05,0.0238238541132747,0.0,0.0238238541132747,XGBoost
2025-06-20 01:00:00,0.0,1.1490344935664848e-06,0.035275653400238714,0.0,0.035275653400238714,XGBoost
2025-06-20 02:00:00,0.0,1.0705633968110171e-05,0.2288203036652255,0.0,0.2288203036652255,XGBoost
2025-06-20 03:00:00,0.0,2.742968304856162e-05,0.10984642251724375,0.0,0.10984642251724375,XGBoost
2025-06-20 04:00:00,0.0,1.4289358771064054e-05,0.08132588372879297,0.0,0.08132588372879297,XGBoost
2025-06-20 05:00:00,0.0,1.1490344935664848e-06,0.22005706744425302,0.0,0.22005706744425302,XGBoost
2025-06-20 06:00:00,0.0,0.07078632044170335,0.16853911846648031,0.0,0.16853911846648031,XGBoost
2025-06-20 07:00:00,3.2892594337463836,17.967005178291362,11.155858601496261,3.41612966855365,11.155858601496261,XGBoost
2025-06-20 08:00:00,52.81814902169357,58.02754266185769,62.37272333108764,53.84102003914957,62.37272333108764,XGBoost
2025-06-20 09:00:00,110.90872410365543,110.4311276101802,103.49069817237748,113.312381199429,103.49069817237748,XGBoost
2025-06-20 10:00:00,143.38562447684143,146.7767990329349,146.98242999420208,145.16824340820287,146.98242999420208,XGBoost
2025-06-20 11:00:00,161.8123626709,168.5777513754058,166.17246770528865,161.61297607422,166.17246770528865,XGBoost
2025-06-20 12:00:00,180.1522407531725,179.02690826884333,185.20707825926718,179.1916542053225,185.20707825926718,XGBoost
2025-06-20 13:00:00,174.91771697998,172.43467490293955,171.03857626044294,177.5021324157725,171.03857626044294,XGBoost
2025-06-20 14:00:00,156.3693745931,152.80076510888549,153.30252137649828,157.36466471354333,153.30252137649828,XGBoost
2025-06-20 15:00:00,134.26203918457,130.52687793868517,130.88074193927687,135.84233093262,130.88074193927687,XGBoost
2025-06-20 16:00:00,101.72920227051,95.08193506800386,91.45241722097644,102.84468078613,91.45241722097644,XGBoost
2025-06-20 17:00:00,0.0,32.62831931203601,15.746487055691889,0.0,15.746487055691889,XGBoost
2025-06-20 18:00:00,0.0,0.11251511399482722,0.6026971075466239,0.0,0.6026971075466239,XGBoost
2025-06-20 19:00:00,0.0,0.0007513648325306416,0.18659401293094982,0.0,0.18659401293094982,XGBoost
2025-06-20 20:00:00,0.0,1.2829322740230991e-05,0.17700403694627806,0.0,0.17700403694627806,XGBoost
2025-06-20 21:00:00,0.0,1.1490344935664848e-06,0.025367597127713148,0.0,0.025367597127713148,XGBoost
2025-06-20 22:00:00,0.0,1.1490344935664848e-06,0.010076621688484335,0.0,0.010076621688484335,XGBoost
2025-06-20 23:00:00,0.0,9.909250678564864e-06,0.012625124885438217,0.0,0.012625124885438217,XGBoost
2025-06-21 00:00:00,0.0,2.50405331799257e-05,0.035593399629489236,0.0,0.035593399629489236,XGBoost
2025-06-21 01:00:00,0.0,1.1490344935664848e-06,0.023544384997015777,0.0,0.023544384997015777,XGBoost
2025-06-21 02:00:00,0.0,2.4509610986895496e-05,0.3603358095703172,0.0,0.3603358095703172,XGBoost
2025-06-21 03:00:00,0.0,1.4289358771064054e-05,0.1348390218435445,0.0,0.1348390218435445,XGBoost
2025-06-21 04:00:00,0.0,2.3675304683562315e-05,0.15427006508419158,0.0,0.15427006508419158,XGBoost
2025-06-21 05:00:00,0.0,7.719196632315268e-06,0.05763001682318674,0.0,0.05763001682318674,XGBoost
2025-06-21 06:00:00,0.0,0.15193894380465872,0.38225481988046633,0.0,0.38225481988046633,XGBoost
2025-06-21 07:00:00,6.9451939264931655,8.873141538539958,10.567403825619857,7.706711451212667,10.567403825619857,XGBoost
2025-06-21 08:00:00,64.84047063191734,90.38522396009093,77.68525886490592,67.87439727783168,77.68525886490592,XGBoost
2025-06-21 09:00:00,100.9397544860845,105.61720449435818,116.6754493928615,104.037132263182,116.6754493928615,XGBoost
2025-06-21 10:00:00,143.04926300048498,145.2763615323987,149.87743622184286,144.593460083005,149.87743622184286,XGBoost
2025-06-21 12:00:00,176.3744354248,163.86659039072558,167.56330793795922,178.61880493164,167.56330793795922,XGBoost
2025-06-21 14:00:00,152.41198730469,151.02078552712635,149.70229658299291,154.62211608887,149.70229658299291,XGBoost
2025-06-21 16:00:00,105.52585601807,102.82368240673512,105.88053885353284,104.95406341553,105.88053885353284,XGBoost
2025-06-21 18:00:00,0.0,0.12675531824200448,0.9898226723301028,0.0,0.9898226723301028,XGBoost
2025-06-21 23:00:00,0.0,1.1490344935664848e-06,0.0,0.0,0.0,XGBoost
2025-06-22 00:00:00,0.0,1.1490344935664848e-06,0.0,0.0,0.0,XGBoost
2025-06-22 01:00:00,0.0,1.1490344935664848e-06,0.0,0.0,0.0,XGBoost
2025-06-22 02:00:00,0.0,1.1490344935664848e-06,0.0,0.0,0.0,XGBoost
2025-06-22 03:00:00,0.0,1.1490344935664848e-06,0.02155379980472896,0.0,0.02155379980472896,XGBoost
2025-06-22 04:00:00,0.0,1.6166547953563705e-05,0.0371268429532466,0.0,0.0371268429532466,XGBoost
2025-06-22 05:00:00,0.0,1.8669466863563244e-05,0.015337733964807566,0.0,0.015337733964807566,XGBoost
2025-06-22 06:00:00,0.0,0.1567484634730394,0.0,0.0,0.0,XGBoost
2025-06-22 07:00:00,6.78945058584205,7.067852279524347,5.8400347098399426,7.31296867132175,5.8400347098399426,XGBoost
2025-06-22 08:00:00,51.906837887234,51.61311612224367,48.20136503410762,54.59166187710233,48.20136503410762,XGBoost
2025-06-22 09:00:00,105.30508995056188,105.10581545149884,102.78829637099095,107.2062120437615,102.78829637099095,XGBoost
2025-06-22 10:00:00,143.13878059387125,144.18788227119938,143.3151914717203,143.26753425598,143.3151914717203,XGBoost
2025-06-22 11:00:00,164.9751396179175,162.83140652747272,159.4627007360117,163.7499084472675,159.4627007360117,XGBoost
2025-06-22 12:00:00,171.73895263672,158.20434878373638,165.4761686454292,175.54011535645,165.4761686454292,XGBoost
2025-06-22 14:00:00,154.47579956055,146.1497646063308,145.44153671625702,156.396118164065,145.44153671625702,XGBoost
2025-06-22 15:00:00,136.99449157715,127.77165024279518,133.39073420018838,137.109367370605,133.39073420018838,XGBoost
2025-06-22 16:00:00,71.321449279785,69.73250375719331,72.14883473611322,71.873014450073,72.14883473611322,XGBoost
2025-06-22 17:00:00,9.16376160681249,12.413042557422433,12.683578251565043,9.12867352962502,12.683578251565043,XGBoost
2025-06-22 18:00:00,0.0,1.1490344935664848e-06,0.0645804397120836,0.0,0.0645804397120836,XGBoost
2025-06-23 00:00:00,0.0,1.866946686356324e-05,0.0,0.0,0.0,XGBoost
2025-06-23 01:00:00,0.0,5.371033160355676e-05,0.0,0.0,0.0,XGBoost
2025-06-23 02:00:00,0.0,1.1490344935664848e-06,0.0,0.0,0.0,XGBoost
2025-06-23 03:00:00,0.0,1.1490344935664848e-06,0.0,0.0,0.0,XGBoost
2025-06-23 06:00:00,0.0,1.1490344935664848e-06,0.1777081585022623,0.0,0.1777081585022623,XGBoost
2025-06-23 07:00:00,8.0572872161865,8.862940373713554,6.666947629734091,7.9991607666016,6.666947629734091,XGBoost
2025-06-23 08:00:00,71.98316701253233,55.28243389830027,56.33952378346686,71.43112691243466,56.33952378346686,XGBoost
2025-06-23 09:00:00,111.14120568169612,107.73930969389218,107.81922984346448,110.22431098090311,107.81922984346448,XGBoost
2025-06-23 10:00:00,141.8295154571525,140.91790148482005,142.01706118781516,142.4570751190175,142.01706118781516,XGBoost
2025-06-23 11:00:00,164.97589874267499,168.34860575910864,165.87051679921092,166.482400894165,165.87051679921092,XGBoost
2025-06-23 12:00:00,175.03568812779142,168.30199803315728,169.3687120254678,175.52534702846,169.3687120254678,XGBoost
2025-06-23 13:00:00,171.88787623814,168.28965178797884,167.41816055659612,171.01863098144426,167.41816055659612,XGBoost
2025-06-23 14:00:00,153.08637084960802,148.42120249467044,146.93628294791515,153.032229614258,146.93628294791515,XGBoost
2025-06-23 15:00:00,136.17080688477,125.36399583289447,130.54189568849546,135.77687072754,130.54189568849546,XGBoost
2025-06-23 16:00:00,65.8771842956544,66.78037870635366,69.41311388959652,64.4505920410156,69.41311388959652,XGBoost
2025-06-23 17:00:00,9.91733743995432,14.247720419614776,12.944465416673035,9.642041535675556,12.944465416673035,XGBoost
2025-06-23 18:00:00,0.0,1.1490344935664848e-06,0.1815863251340722,0.0,0.1815863251340722,XGBoost
2025-06-23 20:00:00,0.0,5.371033160355676e-05,0.3758876723070003,0.0,0.3758876723070003,XGBoost
2025-06-23 21:00:00,0.0,1.866946686356324e-05,0.0,0.0,0.0,XGBoost
2025-06-23 23:00:00,0.0,9.909250678564865e-06,0.0,0.0,0.0,XGBoost
2025-06-24 00:00:00,0.0,2.742968304856162e-05,0.0,0.0,0.0,XGBoost
2025-06-24 02:00:00,0.0,1.1490344935664848e-06,0.0,0.0,0.0,XGBoost
2025-06-24 03:00:00,0.0,1.1490344935664848e-06,0.0,0.0,0.0,XGBoost
2025-06-24 04:00:00,0.0,1.1490344935664848e-06,0.0835455165475103,0.0,0.0835455165475103,XGBoost
2025-06-24 05:00:00,0.0,9.909250678564864e-06,1.2367240355242393,0.0,1.2367240355242393,XGBoost
2025-06-24 06:00:00,0.0,0.06615849332407274,0.041855674922893764,0.0,0.041855674922893764,XGBoost
2025-06-24 07:00:00,3.6284345269203078,3.424644576609424,3.823410674022523,3.2858100891113358,3.823410674022523,XGBoost
2025-06-24 08:00:00,52.3148641586306,49.75921171890484,54.75077510532246,50.2227705001831,54.75077510532246,XGBoost
2025-06-24 09:00:00,112.093599319457,113.09781261285794,115.57698465268307,107.74391810099358,115.57698465268307,XGBoost
2025-06-24 10:00:00,163.45506286621,160.03315972123443,149.16823697548995,156.31942749023,149.16823697548995,XGBoost
2025-06-24 11:00:00,174.85403060913,172.77970491758572,165.85589253118928,165.4786643981925,165.85589253118928,XGBoost
2025-06-24 12:00:00,182.11296590169164,172.87777123674368,169.63591085682006,174.365526835125,169.63591085682006,XGBoost
2025-06-24 13:00:00,177.275779724121,171.32548257123324,168.92783530595733,171.747827148437,168.92783530595733,XGBoost
2025-06-24 14:00:00,157.42335510254,145.61680691173575,144.43807393911098,152.28371429443,144.43807393911098,XGBoost
2025-06-24 15:00:00,126.00716527303,124.82381101211553,128.87039752004583,122.47718048095668,128.87039752004583,XGBoost
2025-06-24 16:00:00,86.11119333902934,83.63051609093536,85.49476785959804,82.64076487223316,85.49476785959804,XGBoost
2025-06-24 17:00:00,11.3688414096833,21.73784433434339,21.77310953814203,10.17068397998835,21.77310953814203,XGBoost
2025-06-24 18:00:00,0.0,0.031162399276017137,0.259303188973454,0.0,0.259303188973454,XGBoost
2025-06-24 19:00:00,0.0,1.1490344935664848e-06,0.006307395326185399,0.0,0.006307395326185399,XGBoost
2025-06-24 20:00:00,0.0,9.909250678564864e-06,0.006544253505114,0.0,0.006544253505114,XGBoost
2025-06-24 21:00:00,0.0,1.6166547953563705e-05,0.0,0.0,0.0,XGBoost
2025-06-24 22:00:00,0.0,1.1490344935664848e-06,0.04868060489409785,0.0,0.04868060489409785,XGBoost
2025-06-24 23:00:00,0.0,7.71919663231527e-06,0.13529779229894573,0.0,0.13529779229894573,XGBoost
2025-06-25 00:00:00,0.0,9.909250678564865e-06,0.0011416447825305666,0.0,0.0011416447825305666,XGBoost
2025-06-25 01:00:00,0.0,1.1490344935664848e-06,0.009197417654754,0.0,0.009197417654754,XGBoost
2025-06-25 02:00:00,0.0,1.8669466863563244e-05,0.0009296902510528667,0.0,0.0009296902510528667,XGBoost
2025-06-25 03:00:00,0.0,1.1490344935664848e-06,0.002132189973436826,0.0,0.002132189973436826,XGBoost
2025-06-25 04:00:00,0.0,0.001825467910079939,0.37216560111016195,0.0,0.37216560111016195,XGBoost
2025-06-25 05:00:00,0.0,1.6166547953563705e-05,0.002556594369540043,0.0,0.002556594369540043,XGBoost
2025-06-25 06:00:00,0.0,1.1490344935664848e-06,0.01904832374269019,0.0,0.01904832374269019,XGBoost
2025-06-25 07:00:00,2.4841551507512385,2.6944273328271677,3.1953724678909983,2.602237448096295,3.1953724678909983,XGBoost
2025-06-25 08:00:00,50.864629983902,54.952856885163065,54.54225429010338,51.08904767036462,54.54225429010338,XGBoost
2025-06-25 09:00:00,110.14990615844631,108.85007310016822,107.6038726036362,110.95796127319241,107.6038726036362,XGBoost
2025-06-25 10:00:00,148.08168029785,123.82343984290448,123.06166710922987,148.83158874512,123.06166710922987,XGBoost
2025-06-25 11:00:00,170.04054260254,170.25367627780207,168.56161875383276,169.32578277587498,168.56161875383276,XGBoost
2025-06-25 12:00:00,182.1903495788575,181.40151732856083,178.15394862171524,181.92043304443,178.15394862171524,XGBoost
2025-06-25 13:00:00,177.46059672037666,174.43832795760423,171.30131501683533,177.340527852375,171.30131501683533,XGBoost
2025-06-25 14:00:00,162.21884155273,131.14776425503425,122.80861250751292,162.65270996094,122.80861250751292,XGBoost
2025-06-25 15:00:00,128.135498046878,128.13419451413847,131.7794427616649,127.977256774902,131.7794427616649,XGBoost
2025-06-25 16:00:00,93.8603363037106,94.90081086727267,97.7400722388739,94.3587493896478,97.7400722388739,XGBoost
2025-06-25 17:00:00,6.7767972946165,15.951331436259,14.753836340315821,6.7990102767945,14.753836340315821,XGBoost
2025-06-25 18:00:00,0.0,0.23494464874997872,0.6037413745902057,0.0,0.6037413745902057,XGBoost
2025-06-25 19:00:00,0.0,0.0006353975634533889,0.0347726199423168,0.0,0.0347726199423168,XGBoost
2025-06-25 20:00:00,0.0,2.2173553337562594e-05,0.275839580408665,0.0,0.275839580408665,XGBoost
2025-06-25 21:00:00,0.0,3.0349755110227747e-05,0.054859606920738296,0.0,0.054859606920738296,XGBoost
2025-06-25 22:00:00,0.0,1.1490344935664848e-06,0.0,0.0,0.0,XGBoost
2025-06-25 23:00:00,0.0,1.616654795356371e-05,0.9023932665478024,0.0,0.9023932665478024,XGBoost
2025-06-26 00:00:00,0.0,1.1490344935664848e-06,0.7936307514421728,0.0,0.7936307514421728,XGBoost
2025-06-26 01:00:00,0.0,9.909250678564864e-06,0.20214625596139404,0.0,0.20214625596139404,XGBoost
2025-06-26 02:00:00,0.0,1.4289358771064054e-05,0.5023277456797558,0.0,0.5023277456797558,XGBoost
2025-06-26 03:00:00,0.0,1.1490344935664848e-06,0.9747836528329937,0.0,0.9747836528329937,XGBoost
2025-06-26 04:00:00,0.0,1.1490344935664848e-06,1.3651957348243404,0.0,1.3651957348243404,XGBoost
2025-06-26 05:00:00,0.0,9.909250678564864e-06,0.4131845279907583,0.0,0.4131845279907583,XGBoost
2025-06-26 06:00:00,0.0,0.10032231088898559,0.43790089263991555,0.0,0.43790089263991555,XGBoost
2025-06-26 07:00:00,4.125073909759533,17.551126679720394,11.748361711661232,4.742815653483067,11.748361711661232,XGBoost
2025-06-26 08:00:00,59.466904322306334,37.031915084178145,56.64183415490899,62.06743812561033,56.64183415490899,XGBoost
2025-06-26 09:00:00,104.1008918762208,101.63873146987991,102.19588928082814,107.33403549194229,102.19588928082814,XGBoost
2025-06-26 10:00:00,150.56042989095,147.3200082530228,137.12184607980228,153.86811574300333,137.12184607980228,XGBoost
2025-06-26 11:00:00,144.5738792419425,149.33515132009742,137.56543197369845,170.83500289917,137.56543197369845,XGBoost
2025-06-26 12:00:00,180.9442214965825,175.07736854656326,176.83738587794232,182.20034790039,176.83738587794232,XGBoost
2025-06-26 13:00:00,175.65288289388,176.7378379800732,170.84563463467623,176.82654825846498,170.84563463467623,XGBoost
2025-06-26 14:00:00,163.6513557434075,156.21022256317295,153.91075592948775,164.114295959475,153.91075592948775,XGBoost
2025-06-26 15:00:00,122.77287510463286,121.58528718798736,124.99697518612496,123.75429861886286,124.99697518612496,XGBoost
2025-06-26 16:00:00,80.9150466918942,80.81194462146371,84.41776703296532,82.2119773864746,84.41776703296532,XGBoost
2025-06-26 17:00:00,17.09343295097344,16.87755320949904,16.554057323216387,17.7566296577454,16.554057323216387,XGBoost
2025-06-26 18:00:00,0.0,0.24109630578570468,0.26441340967228355,0.0,0.26441340967228355,XGBoost
2025-06-26 19:00:00,0.0,0.0003813948950831532,0.00850427742599284,0.0,0.00850427742599284,XGBoost
2025-06-26 20:00:00,0.0,1.6917423626563567e-05,0.13117772818779225,0.0,0.13117772818779225,XGBoost
2025-06-26 21:00:00,0.0,4.3198072181558706e-05,0.0937454478323662,0.0,0.0937454478323662,XGBoost
2025-06-26 22:00:00,0.0,1.1490344935664848e-06,0.0,0.0,0.0,XGBoost
2025-06-26 23:00:00,0.0,1.1490344935664848e-06,0.019568241711727465,0.0,0.019568241711727465,XGBoost
2025-06-27 00:00:00,0.0,2.742968304856162e-05,0.15062054377166376,0.0,0.15062054377166376,XGBoost
2025-06-27 01:00:00,0.0,4.057000732605919e-05,0.033491633925480324,0.0,0.033491633925480324,XGBoost
2025-06-27 02:00:00,0.0,3.6189899233560005e-05,0.0,0.0,0.0,XGBoost
2025-06-27 03:00:00,0.0,2.2173553337562594e-05,0.1533986327240172,0.0,0.1533986327240172,XGBoost
2025-06-27 04:00:00,0.0,2.742968304856162e-05,0.26080280052726645,0.0,0.26080280052726645,XGBoost
2025-06-27 05:00:00,0.0,2.3675304683562315e-05,0.08378067336742692,0.0,0.08378067336742692,XGBoost
2025-06-27 06:00:00,0.0,0.06984016519863506,0.46436436882789184,0.0,0.46436436882789184,XGBoost
2025-06-27 07:00:00,0.5196637324988778,1.3553626099043874,1.7281036720232867,2.4445819258689747,1.7281036720232867,XGBoost
2025-06-27 08:00:00,16.04091703891755,40.195957422364856,40.955229422920404,50.18461203575137,40.955229422920404,XGBoost
2025-06-27 09:00:00,54.5522247314452,66.45107145729773,74.3050559471474,103.03768005371039,74.3050559471474,XGBoost
2025-06-27 10:00:00,118.6358180999749,116.96179463670265,122.15887919945439,141.480012512207,122.15887919945439,XGBoost
2025-06-27 11:00:00,170.9115791320825,165.37507285167635,164.68925050822622,144.5738792419425,164.68925050822622,XGBoost
2025-06-27 12:00:00,183.31622314453,173.15686881805712,164.5746430337765,181.24449157715,164.5746430337765,XGBoost
2025-06-27 13:00:00,179.70726352267778,171.85814950942486,164.85736235505158,177.85499572753778,164.85736235505158,XGBoost
2025-06-27 14:00:00,162.29152933756666,151.1337810832805,144.81963909886915,158.62141927083,144.81963909886915,XGBoost
2025-06-27 15:00:00,127.13202497694334,126.11096004113834,127.65722482789948,124.88195292155001,127.65722482789948,XGBoost
2025-06-27 16:00:00,82.48982772827159,80.70578229861688,84.07375665092408,81.0911132812502,84.07375665092408,XGBoost
2025-06-27 17:00:00,17.402335502884494,25.34962460364329,23.450643006746237,16.47727890448131,23.450643006746237,XGBoost
2025-06-27 18:00:00,0.0,0.13502239462477125,0.24556730914079883,0.0,0.24556730914079883,XGBoost
2025-06-27 19:00:00,0.0,0.0004933407791510832,0.0,0.0,0.0,XGBoost
2025-06-27 20:00:00,0.0,1.6917423626563567e-05,0.0,0.0,0.0,XGBoost
2025-06-27 21:00:00,0.0,2.742968304856162e-05,0.058867955617490975,0.0,0.058867955617490975,XGBoost
2025-06-27 22:00:00,0.0,1.1490344935664848e-06,0.6695874696409079,0.0,0.6695874696409079,XGBoost
2025-06-27 23:00:00,0.0,1.1490344935664848e-06,0.16954145131392287,0.0,0.16954145131392287,XGBoost
2025-06-28 00:00:00,0.0,1.1490344935664848e-06,0.0,0.0,0.0,XGBoost
2025-06-28 01:00:00,0.0,1.1490344935664848e-06,0.5848378229142422,0.0,0.5848378229142422,XGBoost
2025-06-28 02:00:00,0.0,8.657791223565096e-06,0.03980403806202943,0.0,0.03980403806202943,XGBoost
2025-06-28 03:00:00,0.0,6.4051642045655125e-06,0.01538544812633289,0.0,0.01538544812633289,XGBoost
2025-06-28 04:00:00,0.0,1.1490344935664848e-06,0.034144253680737924,0.0,0.034144253680737924,XGBoost
2025-06-28 05:00:00,0.0,1.1490344935664848e-06,0.004022410995820682,0.0,0.004022410995820682,XGBoost
2025-06-28 06:00:00,0.0,0.04941721317940433,0.0049073513183621005,0.0,0.0049073513183621005,XGBoost
2025-06-28 07:00:00,10.292555332183749,18.452256772354303,15.948229103494496,2.7007633447647,15.948229103494496,XGBoost
2025-06-28 08:00:00,63.00560251871733,42.77827807019377,45.60669989904051,19.161656697591166,45.60669989904051,XGBoost
2025-06-28 09:00:00,102.03674570719333,98.83482991144626,108.09183680680876,47.03330739339166,108.09183680680876,XGBoost
2025-06-28 10:00:00,155.22008260091334,143.27716260507705,142.71278442698124,117.230873107909,142.71278442698124,XGBoost
2025-06-28 11:00:00,181.09819030761665,172.8243816147601,172.94227553207284,176.67520141601668,172.94227553207284,XGBoost
2025-06-28 12:00:00,186.19954750754638,183.24493244123767,182.92524314179695,182.6862834583627,182.92524314179695,XGBoost
2025-06-28 13:00:00,184.42784812233637,179.27999004440323,179.32972120835086,179.27165915749273,179.32972120835086,XGBoost
2025-06-28 14:00:00,163.561767578124,154.00238949920023,153.12594793285325,162.26735382080102,153.12594793285325,XGBoost
2025-06-28 15:00:00,140.91755167643333,129.64394883028865,133.5829659100317,137.66361490885333,133.5829659100317,XGBoost
2025-06-28 16:00:00,88.58998434884185,87.84007746444674,87.03863521842393,84.70835059029729,87.03863521842393,XGBoost
2025-06-28 17:00:00,6.574209690094,6.063864829178566,6.745632090753752,5.9844655990601,6.745632090753752,XGBoost
2025-06-28 18:00:00,0.0,0.0782098268673778,0.21694371138500185,0.0,0.21694371138500185,XGBoost
2025-06-28 19:00:00,0.0,1.1490344935664848e-06,0.19756673428003502,0.0,0.19756673428003502,XGBoost
2025-06-28 20:00:00,0.0,6.989178616898738e-06,0.336194936949789,0.0,0.336194936949789,XGBoost
2025-06-28 21:00:00,0.0,1.1490344935664848e-06,0.20102509346428735,0.0,0.20102509346428735,XGBoost
2025-06-28 22:00:00,0.0,8.657791223565096e-06,0.166446763926367,0.0,0.166446763926367,XGBoost
2025-06-28 23:00:00,0.0,3.118406141356093e-05,0.0515987859326596,0.0,0.0515987859326596,XGBoost
2025-06-29 00:00:00,0.0,1.1490344935664848e-06,0.2275574880154355,0.0,0.2275574880154355,XGBoost
2025-06-29 01:00:00,0.0,1.4289358771064054e-05,0.09749610558834709,0.0,0.09749610558834709,XGBoost
2025-06-29 02:00:00,0.0,5.529142586065674e-06,0.2076085969170036,0.0,0.2076085969170036,XGBoost
2025-06-29 03:00:00,0.0,6.989178616898738e-06,0.00936125282071481,0.0,0.00936125282071481,XGBoost
2025-06-29 04:00:00,0.0,6.4051642045655125e-06,0.01170710608100718,0.0,0.01170710608100718,XGBoost
2025-06-29 05:00:00,0.0,1.1490344935664848e-06,0.004327270477402533,0.0,0.004327270477402533,XGBoost
2025-06-29 06:00:00,0.0,1.1490344935664848e-06,0.010306560300004932,0.0,0.010306560300004932,XGBoost
2025-06-29 07:00:00,0.0,1.1490344935664848e-06,0.0,0.0,0.0,XGBoost
2025-06-29 08:00:00,48.420341491699006,77.77302594402673,72.60160051900908,49.3254203796385,72.60160051900908,XGBoost
2025-06-29 09:00:00,114.22976493835526,113.2403297970128,112.55208361143983,114.668310165405,112.55208361143983,XGBoost
2025-06-29 10:00:00,144.8757019042975,135.20419607821142,141.51563066837159,144.64237213135,141.51563066837159,XGBoost
2025-06-29 11:00:00,174.36112976074,178.58860294125273,162.76153128767126,175.64079284668,162.76153128767126,XGBoost
2025-06-29 12:00:00,188.36494445801,183.11487167345956,177.40713735363124,186.26410675048498,177.40713735363124,XGBoost
2025-06-29 13:00:00,182.85364532470498,178.84068314173768,160.15669425939618,183.071922302245,160.15669425939618,XGBoost
2025-06-29 14:00:00,166.9052734375,166.32861132848996,159.19526526601828,165.76683807373,159.19526526601828,XGBoost
2025-06-29 15:00:00,126.06303405762,127.65478185596936,128.15940432742306,128.08139038086,128.15940432742306,XGBoost
2025-06-29 16:00:00,90.70825195312575,91.82144512387097,93.60545699450827,92.27519226074075,93.60545699450827,XGBoost
2025-06-29 17:00:00,21.6405334472655,19.881343370662094,18.837617996884564,21.354684829712,18.837617996884564,XGBoost
2025-06-29 18:00:00,0.0,1.1490344935664848e-06,0.20427414288730997,0.0,0.20427414288730997,XGBoost
2025-06-29 20:00:00,0.0,1.1490344935664848e-06,0.1000493252716099,0.0,0.1000493252716099,XGBoost
2025-06-29 21:00:00,0.0,1.1490344935664848e-06,0.04448363636083243,0.0,0.04448363636083243,XGBoost
2025-06-29 23:00:00,0.0,1.1490344935664848e-06,0.046341656856518074,0.0,0.046341656856518074,XGBoost
2025-06-30 00:00:00,0.0,1.1490344935664848e-06,0.0,0.0,0.0,XGBoost
2025-06-30 01:00:00,0.0,1.8669466863563244e-05,0.43782633121986264,0.0,0.43782633121986264,XGBoost
2025-06-30 02:00:00,0.0,1.8669466863563244e-05,0.005365682147939633,0.0,0.005365682147939633,XGBoost
2025-06-30 03:00:00,0.0,1.1490344935664848e-06,0.0,0.0,0.0,XGBoost
2025-06-30 04:00:00,0.0,1.1490344935664848e-06,0.0,0.0,0.0,XGBoost
2025-06-30 05:00:00,0.0,1.1490344935664848e-06,0.0,0.0,0.0,XGBoost
2025-06-30 06:00:00,0.0,0.10687153284657208,0.0,0.0,0.0,XGBoost
2025-06-30 07:00:00,3.2753114700318,7.010307997963855,6.847990473028338,3.36506729125974,6.847990473028338,XGBoost
2025-06-30 08:00:00,40.6229976654052,59.39623463128994,54.45331323426687,41.53032112121561,54.45331323426687,XGBoost
2025-06-30 09:00:00,114.5777175903344,112.98658152755888,117.02558127849348,114.64420242309691,117.02558127849348,XGBoost
2025-06-30 10:00:00,157.1252746582,147.69673184848796,151.44252362763112,158.96881103516,151.44252362763112,XGBoost
2025-06-30 11:00:00,175.08952331543,174.99448907445708,169.38998696615576,176.23363749186333,169.38998696615576,XGBoost
2025-06-30 12:00:00,188.69725036621,185.34298242839736,179.11725382146207,187.8020210266125,179.11725382146207,XGBoost
2025-06-30 13:00:00,180.41876220703,180.29923227561812,171.4207025918358,182.72893778483,171.4207025918358,XGBoost
2025-06-30 14:00:00,168.37907409668,168.15885693725292,164.74089858192815,168.6085357666,164.74089858192815,XGBoost
2025-06-30 15:00:00,117.25342941284,115.99305157499623,119.65199501806649,116.86491012573501,119.65199501806649,XGBoost
2025-06-30 16:00:00,83.76528167724601,83.68379296726621,87.82368130250758,83.52076721191399,87.82368130250758,XGBoost
2025-06-30 17:00:00,5.420301318168599,16.672491001144213,16.877962675022985,5.37557661533355,16.877962675022985,XGBoost
2025-06-30 18:00:00,0.0,1.1490344935664848e-06,0.011904908292413766,0.0,0.011904908292413766,XGBoost
2025-06-30 19:00:00,0.0,0.0036674724850035557,0.39519214075977205,0.0,0.39519214075977205,XGBoost
2025-06-30 20:00:00,0.0,1.866946686356324e-05,0.001637847671138333,0.0,0.001637847671138333,XGBoost
2025-06-30 21:00:00,0.0,1.1490344935664848e-06,0.0028268289854152,0.0,0.0028268289854152,XGBoost
2025-06-30 22:00:00,0.0,2.742968304856162e-05,0.0,0.0,0.0,XGBoost
2025-06-30 23:00:00,0.0,1.866946686356324e-05,0.0,0.0,0.0,XGBoost
2025-07-01 00:00:00,0.0,2.0859520909812838e-05,0.032679432781705715,0.0,0.032679432781705715,XGBoost
2025-07-01 01:00:00,0.0,6.4051642045655125e-06,0.08567983800810049,0.0,0.08567983800810049,XGBoost
2025-07-01 02:00:00,0.0,1.4289358771064054e-05,0.38774931294497245,0.0,0.38774931294497245,XGBoost
2025-07-01 03:00:00,0.0,1.1490344935664848e-06,0.26101040075478615,0.0,0.26101040075478615,XGBoost
2025-07-01 05:00:00,0.0,1.1490344935664848e-06,0.0,0.0,0.0,XGBoost
2025-07-01 06:00:00,0.0,1.1490344935664848e-06,0.250507038846055,0.0,0.250507038846055,XGBoost
2025-07-01 07:00:00,0.0,7.737850002630734,10.243206140577673,0.0,10.243206140577673,XGBoost
2025-07-01 08:00:00,44.0698963165284,64.06518402391933,66.52447884345969,43.845634460449205,66.52447884345969,XGBoost
2025-07-01 09:00:00,107.32043457031138,111.44266405206102,112.10673814021929,107.66740989685175,112.10673814021929,XGBoost
2025-07-01 10:00:00,154.23444366454999,156.11384977912445,154.08521607738246,154.805755615235,154.08521607738246,XGBoost
2025-07-01 11:00:00,172.94415791829667,179.45968020636914,180.12160343008702,175.30575561523665,180.12160343008702,XGBoost
2025-07-01 12:00:00,181.32409667969,190.80690401988244,191.09247733610687,188.07124328613,191.09247733610687,XGBoost
2025-07-01 13:00:00,178.12840270996,161.4114084343665,165.70942673453987,181.394302368165,165.70942673453987,XGBoost
2025-07-01 14:00:00,154.85902404785,158.9679690852734,163.44929783424212,160.38005065918,163.44929783424212,XGBoost
2025-07-01 15:00:00,128.318359375,130.83866970308404,133.23437014723584,129.23922729492,133.23437014723584,XGBoost
2025-07-01 16:00:00,111.81562042236,91.3999836533031,92.00431938202036,111.11612701416,92.00431938202036,XGBoost
2025-07-01 17:00:00,3.59388065338135,23.025012182438758,17.893590368598957,3.46239018440245,17.893590368598957,XGBoost
2025-07-01 18:00:00,0.0,0.19982742641019585,0.6374617895428144,0.0,0.6374617895428144,XGBoost
2025-07-01 19:00:00,0.0,0.00027613385080651413,0.21962203454315038,0.0,0.21962203454315038,XGBoost
2025-07-01 20:00:00,0.0,3.268581275956065e-05,0.17817255655336103,0.0,0.17817255655336103,XGBoost
2025-07-01 21:00:00,0.0,1.166129391556454e-05,0.05594190165309274,0.0,0.05594190165309274,XGBoost
2025-07-01 22:00:00,0.0,8.657791223565096e-06,0.05871551149192914,0.0,0.05871551149192914,XGBoost
2025-07-01 23:00:00,0.0,1.866946686356324e-05,0.07405201697256035,0.0,0.07405201697256035,XGBoost
2025-07-02 00:00:00,0.0,1.1490344935664848e-06,0.04774803582294116,0.0,0.04774803582294116,XGBoost
2025-07-02 01:00:00,0.0,1.1490344935664848e-06,0.0186362041531437,0.0,0.0186362041531437,XGBoost
2025-07-02 02:00:00,0.0,1.1490344935664848e-06,0.00569541265767665,0.0,0.00569541265767665,XGBoost
2025-07-02 03:00:00,0.0,9.909250678564864e-06,0.0018427631686787167,0.0,0.0018427631686787167,XGBoost
2025-07-02 04:00:00,0.0,1.866946686356324e-05,0.0586210064027591,0.0,0.0586210064027591,XGBoost
2025-07-02 05:00:00,0.0,1.866946686356324e-05,0.01290506501954005,0.0,0.01290506501954005,XGBoost
2025-07-02 06:00:00,0.0,1.1490344935664848e-06,0.018421768541884348,0.0,0.018421768541884348,XGBoost
2025-07-02 07:00:00,4.8996237754820795,6.742435817997031,7.446911731764084,4.172603940963819,7.446911731764084,XGBoost
2025-07-02 08:00:00,39.83005746205633,51.00999033475495,48.79936590491059,39.046271642049,48.79936590491059,XGBoost
2025-07-02 09:00:00,106.32357025146,105.28481446088294,107.0803440917738,107.08777618408,107.0803440917738,XGBoost
2025-07-02 10:00:00,159.32229105631333,160.15946121984226,156.09504665270708,161.28593953450334,156.09504665270708,XGBoost
2025-07-02 11:00:00,171.17199707031,177.26953131830146,172.07559214319943,172.57916259765668,172.07559214319943,XGBoost
2025-07-02 12:00:00,180.087631225585,187.6388268808478,183.38596812709181,181.61882781982,183.38596812709181,XGBoost
2025-07-02 13:00:00,171.76904296875,176.39735361291852,164.7531767468506,173.66450500488,164.7531767468506,XGBoost
2025-07-02 15:00:00,128.1730891636457,124.11729581237122,129.3860250701277,128.1041706630157,129.3860250701277,XGBoost
2025-07-02 16:00:00,85.16294733683266,82.6385344312645,84.14311949330074,85.0683224995925,84.14311949330074,XGBoost
2025-07-02 17:00:00,22.4762802124025,22.662840171641633,22.58828103497796,21.877601623535,22.58828103497796,XGBoost
2025-07-02 20:00:00,0.0,3.6189899233560005e-05,0.08474151667513748,0.0,0.08474151667513748,XGBoost
2025-07-02 21:00:00,0.0,1.1490344935664848e-06,0.07804033986020202,0.0,0.07804033986020202,XGBoost
2025-07-02 22:00:00,0.0,2.7429683048561625e-05,1.1709668054141322,0.0,1.1709668054141322,XGBoost
2025-07-02 23:00:00,0.0,1.6166547953563705e-05,0.4258522952448475,0.0,0.4258522952448475,XGBoost
2025-07-03 00:00:00,0.0,1.8669466863563244e-05,0.5579183228776743,0.0,0.5579183228776743,XGBoost
2025-07-03 01:00:00,0.0,1.8669466863563244e-05,0.8773431651384361,0.0,0.8773431651384361,XGBoost
2025-07-03 02:00:00,0.0,1.1490344935664848e-06,0.4042331625466316,0.0,0.4042331625466316,XGBoost
2025-07-03 03:00:00,0.0,6.4051642045655125e-06,0.26422424269694844,0.0,0.26422424269694844,XGBoost
2025-07-03 04:00:00,0.0,2.2173553337562594e-05,0.2659033628833437,0.0,0.2659033628833437,XGBoost
2025-07-03 05:00:00,0.0,1.1490344935664848e-06,0.0,0.0,0.0,XGBoost
2025-07-03 06:00:00,0.0,0.05790000715229307,0.15848841370152925,0.0,0.15848841370152925,XGBoost
2025-07-03 07:00:00,6.865837415059267,21.96926602724709,19.13087740689021,6.693958123524833,19.13087740689021,XGBoost
2025-07-03 08:00:00,50.007464408874505,51.44485364881613,50.014690694032105,50.860609690348326,50.014690694032105,XGBoost
2025-07-03 09:00:00,99.88542175292967,102.95444512533963,107.13521495839774,100.42126973469867,107.13521495839774,XGBoost
2025-07-03 10:00:00,153.68287222725857,143.08339637408332,147.9205119294848,155.15150887625427,147.9205119294848,XGBoost
2025-07-03 11:00:00,167.65936109754776,171.31294741139718,163.48527291756363,172.44583977593112,163.48527291756363,XGBoost
2025-07-03 12:00:00,179.10690307617,168.16368067809182,158.1645214341023,178.67222595215,158.1645214341023,XGBoost
2025-07-03 14:00:00,161.58760070800668,159.31464310311534,158.14206104650737,159.93356323242332,158.14206104650737,XGBoost
2025-07-03 15:00:00,119.854736328125,117.32275474308666,120.18420884416867,120.749404907225,120.18420884416867,XGBoost
2025-07-03 16:00:00,86.41933250427316,89.47040383172897,87.98559013687692,86.63362248738599,87.98559013687692,XGBoost
2025-07-03 17:00:00,0.0,0.0050727332761194835,1.1357926370767732,0.0,1.1357926370767732,XGBoost
2025-07-03 19:00:00,0.0,0.053339581759139,0.0,0.0,0.0,XGBoost
2025-07-03 20:00:00,0.0,2.742968304856162e-05,0.02927803003908105,0.0,0.02927803003908105,XGBoost
2025-07-03 21:00:00,0.0,1.1490344935664848e-06,0.048363083354709596,0.0,0.048363083354709596,XGBoost
2025-07-03 22:00:00,0.0,1.166129391556454e-05,0.09967314246126552,0.0,0.09967314246126552,XGBoost
2025-07-03 23:00:00,0.0,1.1490344935664848e-06,0.0327897831276618,0.0,0.0327897831276618,XGBoost
2025-07-04 01:00:00,0.0,1.1490344935664848e-06,0.0255579691399901,0.0,0.0255579691399901,XGBoost
2025-07-04 02:00:00,0.0,5.371033160355676e-05,0.6131793938263798,0.0,0.6131793938263798,XGBoost
2025-07-04 03:00:00,0.0,1.1490344935664848e-06,0.16379021456749113,0.0,0.16379021456749113,XGBoost
2025-07-04 04:00:00,0.0,2.742968304856162e-05,0.01383744371455775,0.0,0.01383744371455775,XGBoost
2025-07-04 05:00:00,0.0,1.1490344935664848e-06,0.15609947633791282,0.0,0.15609947633791282,XGBoost
2025-07-04 06:00:00,0.0,0.07396741247002449,0.1179125582831043,0.0,0.1179125582831043,XGBoost
2025-07-04 07:00:00,0.0,0.0038663497836142,0.815978313113582,0.0,0.815978313113582,XGBoost
2025-07-04 08:00:00,47.86920420328777,48.4934417972338,52.45233594905554,47.92808914184567,52.45233594905554,XGBoost
2025-07-04 09:00:00,116.14079284667999,117.78298110688668,119.37705021519467,116.72064208984666,119.37705021519467,XGBoost
2025-07-04 10:00:00,145.623191833495,141.03784170773443,149.38276680643145,148.55492401123,149.38276680643145,XGBoost
2025-07-04 11:00:00,175.506370544435,173.30186037936107,173.91101102520824,171.8663965861,173.91101102520824,XGBoost
2025-07-04 12:00:00,180.4520619710289,174.46836199776965,178.06622930676778,180.3325670030389,178.06622930676778,XGBoost
2025-07-04 13:00:00,177.0043182373025,170.56178721413522,169.40817320915167,174.4225616455075,169.40817320915167,XGBoost
2025-07-04 14:00:00,161.4077148437525,146.23529237531514,141.8884599182948,159.52725982665999,141.8884599182948,XGBoost
2025-07-04 15:00:00,126.64390563964999,113.51499055121519,113.40848054395362,127.52603149414,113.40848054395362,XGBoost
2025-07-04 16:00:00,83.14549933539489,82.25481418346754,82.20594073697097,84.81317181057489,82.20594073697097,XGBoost
2025-07-04 17:00:00,8.026953324675564,10.219707003747006,9.941394867144515,8.152667582035,9.941394867144515,XGBoost
2025-07-04 18:00:00,0.0,0.10480222586479367,0.8128350688061986,0.0,0.8128350688061986,XGBoost
2025-07-04 19:00:00,0.0,0.0019014667490166,0.9446905069969532,0.0,0.9446905069969532,XGBoost
2025-07-04 20:00:00,0.0,5.371033160355676e-05,0.24383964609269843,0.0,0.24383964609269843,XGBoost
2025-07-04 21:00:00,0.0,1.1490344935664848e-06,0.08737516037313607,0.0,0.08737516037313607,XGBoost
2025-07-04 23:00:00,0.0,2.742968304856162e-05,0.0543373275906329,0.0,0.0543373275906329,XGBoost
2025-07-05 00:00:00,0.0,1.1490344935664848e-06,0.2145656640225598,0.0,0.2145656640225598,XGBoost
2025-07-05 01:00:00,0.0,1.1490344935664848e-06,0.10418259763526454,0.0,0.10418259763526454,XGBoost
2025-07-05 02:00:00,0.0,1.1490344935664848e-06,0.08504692383617456,0.0,0.08504692383617456,XGBoost
2025-07-05 03:00:00,0.0,1.1490344935664848e-06,0.02768332908860148,0.0,0.02768332908860148,XGBoost
2025-07-05 04:00:00,0.0,1.1490344935664848e-06,0.01041815994810631,0.0,0.01041815994810631,XGBoost
2025-07-05 05:00:00,0.0,1.1490344935664848e-06,0.03314687143135977,0.0,0.03314687143135977,XGBoost
2025-07-05 06:00:00,0.0,1.1490344935664848e-06,0.10264547294013392,0.0,0.10264547294013392,XGBoost
2025-07-05 07:00:00,2.21384197473524,2.4058879510752647,2.4579764493866993,2.3148369138891294,2.4579764493866993,XGBoost
2025-07-05 08:00:00,45.78373891657046,47.283535409823905,48.98153268699229,47.81126681241118,48.98153268699229,XGBoost
2025-07-05 09:00:00,110.878013610839,110.41535504260932,110.33103152606175,113.68576431274491,110.33103152606175,XGBoost
2025-07-05 10:00:00,149.804668426515,151.38397048135175,150.93824837366597,149.08336830139126,150.93824837366597,XGBoost
2025-07-05 11:00:00,169.7422574361175,178.39089715614406,178.4004190349555,171.42605590820335,178.4004190349555,XGBoost
2025-07-05 12:00:00,177.56460189819248,187.44583186687234,188.00739683472372,180.43021011352585,188.00739683472372,XGBoost
2025-07-05 13:00:00,172.83131269975,181.16564847937514,177.9860624182002,177.36690868030908,177.9860624182002,XGBoost
2025-07-05 14:00:00,159.749305725098,160.3905670648405,162.4226525835905,162.231143188477,162.4226525835905,XGBoost
2025-07-05 15:00:00,132.8863553133891,130.65386422088295,133.8501825661128,132.36012822931636,133.8501825661128,XGBoost
2025-07-05 16:00:00,84.55377610524475,82.99829566140949,83.10740174251846,83.60810597737617,83.10740174251846,XGBoost
2025-07-05 17:00:00,19.644706447919308,19.26088706342936,20.613066546391874,18.658671448628123,20.613066546391874,XGBoost
2025-07-05 18:00:00,0.0,1.1490344935664848e-06,0.29693533951485124,0.0,0.29693533951485124,XGBoost
2025-07-05 19:00:00,0.0,1.1490344935664848e-06,0.08685601856972636,0.0,0.08685601856972636,XGBoost
2025-07-05 20:00:00,0.0,1.1490344935664848e-06,0.12580579565007513,0.0,0.12580579565007513,XGBoost
2025-07-05 21:00:00,0.0,1.1490344935664848e-06,0.0421432020688409,0.0,0.0421432020688409,XGBoost
2025-07-05 22:00:00,0.0,1.1490344935664848e-06,0.05589169804156319,0.0,0.05589169804156319,XGBoost
2025-07-05 23:00:00,0.0,1.1490344935664848e-06,0.08910455166242824,0.0,0.08910455166242824,XGBoost
2025-07-06 00:00:00,0.0,1.1490344935664848e-06,0.034896167178729925,0.0,0.034896167178729925,XGBoost
2025-07-06 01:00:00,0.0,1.1490344935664848e-06,0.46901653386219316,0.0,0.46901653386219316,XGBoost
2025-07-06 02:00:00,0.0,1.1490344935664848e-06,0.4817055002303585,0.0,0.4817055002303585,XGBoost
2025-07-06 03:00:00,0.0,1.1490344935664848e-06,0.14482151559905557,0.0,0.14482151559905557,XGBoost
2025-07-06 04:00:00,0.0,1.1490344935664848e-06,0.06657745291205924,0.0,0.06657745291205924,XGBoost
2025-07-06 05:00:00,0.0,1.1490344935664848e-06,0.04813569652624766,0.0,0.04813569652624766,XGBoost
2025-07-06 06:00:00,0.0,1.1490344935664848e-06,0.13055577165284094,0.0,0.13055577165284094,XGBoost
2025-07-06 07:00:00,2.2922462970018342,3.062434724082536,2.6207408539423045,2.1968632688124785,2.6207408539423045,XGBoost
2025-07-06 08:00:00,50.94772195816042,52.194952033272955,54.51263459762001,48.582987785339334,54.51263459762001,XGBoost
2025-07-06 09:00:00,110.68652280171642,108.4927656376255,108.37933810671905,108.42722256978317,108.37933810671905,XGBoost
2025-07-06 10:00:00,149.78374354044666,152.1842583376464,153.90724691649504,148.15134684244833,153.90724691649504,XGBoost
2025-07-06 11:00:00,172.07203165690166,181.1097356406456,175.3635812645434,169.7422574361175,175.3635812645434,XGBoost
2025-07-06 12:00:00,179.1429290771475,177.00128915705523,172.64970678469044,177.38806152343625,172.64970678469044,XGBoost
2025-07-06 13:00:00,176.835166931155,175.80180607101696,175.08230243404407,174.29809570312332,175.08230243404407,XGBoost
2025-07-06 14:00:00,164.11549377441,137.31583227208236,139.0497850362383,164.5735168457,139.0497850362383,XGBoost
2025-07-06 15:00:00,137.92115275065,135.51133087677806,140.1317374700941,140.56118774414333,140.1317374700941,XGBoost
2025-07-06 16:00:00,92.44023895263832,91.77345064584675,86.76651913269625,90.72190856933634,86.76651913269625,XGBoost
2025-07-06 17:00:00,27.776743570963664,26.439376045109086,28.092942298147815,27.476092020670666,28.092942298147815,XGBoost
2025-07-06 18:00:00,0.0,0.05213874304425991,0.34553185251728463,0.0,0.34553185251728463,XGBoost
2025-07-06 19:00:00,0.0,0.00010187457804280353,0.10931511884461448,0.0,0.10931511884461448,XGBoost
2025-07-06 20:00:00,0.0,1.1490344935664848e-06,0.04415099559967105,0.0,0.04415099559967105,XGBoost
2025-07-06 21:00:00,0.0,1.1490344935664848e-06,0.0,0.0,0.0,XGBoost
2025-07-06 22:00:00,0.0,1.1490344935664848e-06,0.06017107258536765,0.0,0.06017107258536765,XGBoost
2025-07-06 23:00:00,0.0,1.8669466863563244e-05,0.30635641846593714,0.0,0.30635641846593714,XGBoost
2025-07-07 00:00:00,0.0,2.0859520909812838e-05,0.12049031461704153,0.0,0.12049031461704153,XGBoost
2025-07-07 01:00:00,0.0,1.866946686356324e-05,0.5368215121725788,0.0,0.5368215121725788,XGBoost
2025-07-07 02:00:00,0.0,1.8669466863563244e-05,0.2673565266208422,0.0,0.2673565266208422,XGBoost
2025-07-07 03:00:00,0.0,1.1490344935664848e-06,0.47036941768379764,0.0,0.47036941768379764,XGBoost
2025-07-07 05:00:00,0.0,9.909250678564864e-06,0.3075298865321041,0.0,0.3075298865321041,XGBoost
2025-07-07 06:00:00,0.0,0.260907987189984,0.5130560846456863,0.0,0.5130560846456863,XGBoost
2025-07-07 07:00:00,7.1231492360433,8.17574731851472,7.899914058443145,6.7521934509277335,7.899914058443145,XGBoost
2025-07-07 08:00:00,61.301509857178,66.07748993874281,65.14210148470622,60.439914703369,65.14210148470622,XGBoost
2025-07-07 09:00:00,117.80271911621,119.14212599003795,120.76022786329544,118.26507568359,120.76022786329544,XGBoost
2025-07-07 10:00:00,143.86009979248166,139.53902385080184,145.69690361555297,146.16765085856335,145.69690361555297,XGBoost
2025-07-07 11:00:00,166.80836791992402,181.178740723818,178.09058220250472,171.083462524412,178.09058220250472,XGBoost
2025-07-07 12:00:00,175.37849731445198,187.4668437201812,189.0866092184854,179.31727905273402,189.0866092184854,XGBoost
2025-07-07 13:00:00,174.606698608398,183.40883739611434,182.67352355080348,174.913052368164,182.67352355080348,XGBoost
2025-07-07 14:00:00,161.068103790285,160.6107030524277,162.86990840475534,159.36254119873,162.86990840475534,XGBoost
2025-07-07 15:00:00,139.88450012207198,140.76514404742045,143.01418272548943,138.76764526367,143.01418272548943,XGBoost
2025-07-07 16:00:00,91.16696548461826,86.59804696439794,85.61654830200058,89.9266414642345,85.61654830200058,XGBoost
2025-07-07 17:00:00,19.62813949585,37.70104266940496,34.35819646842271,18.72483253479,34.35819646842271,XGBoost
2025-07-07 18:00:00,0.0,0.010713215874553178,0.47477705694759803,0.0,0.47477705694759803,XGBoost
2025-07-07 19:00:00,0.0,0.0027020240793007816,0.2831767184729228,0.0,0.2831767184729228,XGBoost
2025-07-07 20:00:00,0.0,1.1490344935664848e-06,0.0,0.0,0.0,XGBoost
2025-07-07 21:00:00,0.0,5.371033160355676e-05,0.2696228192006385,0.0,0.2696228192006385,XGBoost
2025-07-07 22:00:00,0.0,1.4289358771064054e-05,0.21100944985223868,0.0,0.21100944985223868,XGBoost
2025-07-07 23:00:00,0.0,1.1490344935664848e-06,0.4905733121181223,0.0,0.4905733121181223,XGBoost
2025-07-08 00:00:00,0.0,0.0002857661724478295,0.14898582836574178,0.0,0.14898582836574178,XGBoost
2025-07-08 01:00:00,0.0,1.866946686356324e-05,0.45625966263619655,0.0,0.45625966263619655,XGBoost
2025-07-08 02:00:00,0.0,2.742968304856162e-05,0.6927948370825596,0.0,0.6927948370825596,XGBoost
2025-07-08 03:00:00,0.0,1.1490344935664848e-06,0.76257943039407,0.0,0.76257943039407,XGBoost
2025-07-08 04:00:00,0.0,1.1490344935664848e-06,0.452286800932092,0.0,0.452286800932092,XGBoost
2025-07-08 05:00:00,0.0,2.7429683048561625e-05,0.19140654812860525,0.0,0.19140654812860525,XGBoost
2025-07-08 06:00:00,0.0,1.1490344935664848e-06,0.20917579365079533,0.0,0.20917579365079533,XGBoost
2025-07-08 07:00:00,2.607828329909897,7.18615313461762,6.63627775043959,2.5672588050365417,6.63627775043959,XGBoost
2025-07-08 08:00:00,63.14286677042634,58.666796120182944,62.5845831698511,66.05044174194366,62.5845831698511,XGBoost
2025-07-08 09:00:00,111.40554264613557,116.14463679498314,118.32606621346501,117.75827244349944,118.32606621346501,XGBoost
2025-07-08 10:00:00,142.76477432251,143.7282260076105,149.39205656337168,148.48233795165748,149.39205656337168,XGBoost
2025-07-08 11:00:00,166.09482320150002,174.50014350034698,172.5321018874531,167.42037455240998,172.5321018874531,XGBoost
2025-07-08 12:00:00,178.52936706543,180.80277965310614,186.70418546845332,174.94073791504,186.70418546845332,XGBoost
2025-07-08 13:00:00,178.36846923828,169.05404443457266,165.55629786986674,175.340744018555,165.55629786986674,XGBoost
2025-07-08 14:00:00,159.469429016115,154.800707646391,149.58217204765293,158.4490699768075,149.58217204765293,XGBoost
2025-07-08 15:00:00,136.9174709320075,136.51070478413854,138.74981175308994,137.92845916748252,138.74981175308994,XGBoost
2025-07-08 16:00:00,79.92586040496825,81.96613928633339,81.68675715471063,83.90232372284012,81.68675715471063,XGBoost
2025-07-08 17:00:00,18.28751192092896,23.51101767795212,22.119773653515896,18.7483360767365,22.119773653515896,XGBoost
2025-07-08 18:00:00,0.0,0.46814847556944167,0.015542249187083485,0.0,0.015542249187083485,XGBoost
2025-07-08 19:00:00,0.0,1.1490344935664848e-06,0.0655630575903574,0.0,0.0655630575903574,XGBoost
2025-07-08 20:00:00,0.0,1.1490344935664848e-06,0.07572451173918889,0.0,0.07572451173918889,XGBoost
2025-07-08 21:00:00,0.0,8.657791223565096e-06,0.05785075718989503,0.0,0.05785075718989503,XGBoost
2025-07-08 22:00:00,0.0,5.927334230838328e-06,0.2541234930087253,0.0,0.2541234930087253,XGBoost
2025-07-08 23:00:00,0.0,2.2173553337562594e-05,0.4263510480614864,0.0,0.4263510480614864,XGBoost
2025-07-09 00:00:00,0.0,2.2173553337562594e-05,0.23641667091212532,0.0,0.23641667091212532,XGBoost
2025-07-09 01:00:00,0.0,1.6166547953563705e-05,0.2148906218645902,0.0,0.2148906218645902,XGBoost
2025-07-09 02:00:00,0.0,1.1490344935664848e-06,0.47037008675138425,0.0,0.47037008675138425,XGBoost
2025-07-09 04:00:00,0.0,1.1490344935664848e-06,1.0474299197406534,0.0,1.0474299197406534,XGBoost
2025-07-09 05:00:00,0.0,1.4289358771064054e-05,0.7962789385566572,0.0,0.7962789385566572,XGBoost
2025-07-09 06:00:00,0.0,1.1490344935664848e-06,1.147354167228724,0.0,1.147354167228724,XGBoost
2025-07-09 07:00:00,2.3915352821350124,5.640583592307027,8.123247498295104,1.7415401563048338,8.123247498295104,XGBoost
2025-07-09 08:00:00,44.762623786926376,53.955114623328,56.716087416517226,53.774910449981746,56.716087416517226,XGBoost
2025-07-09 09:00:00,105.293988545738,108.73499074320313,110.7106129778969,103.37632751464967,110.7106129778969,XGBoost
2025-07-09 10:00:00,131.46987915039,116.4036241641816,103.64557478244292,128.60215759277,103.64557478244292,XGBoost
2025-07-09 11:00:00,169.446937561035,136.2177254585932,134.32619041242663,168.49386850993167,134.32619041242663,XGBoost
2025-07-09 12:00:00,178.03306143624428,175.60550076184282,179.51989350346727,178.40784563337144,179.51989350346727,XGBoost
2025-07-09 13:00:00,174.71723175049,166.80577915708142,166.37487149614842,178.0319156646725,166.37487149614842,XGBoost
2025-07-09 14:00:00,164.34639485677,165.13589282289692,166.6274809918499,167.03437805175668,166.6274809918499,XGBoost
2025-07-09 15:00:00,125.911529541015,128.3507369943291,131.08316939400078,126.87819290160999,131.08316939400078,XGBoost
2025-07-09 16:00:00,104.48461151123,104.06402081674143,103.98374492282116,105.16023254395,103.98374492282116,XGBoost
2025-07-09 17:00:00,31.5691723028818,31.71406320721401,34.37361826500748,30.882688363393132,34.37361826500748,XGBoost
2025-07-09 18:00:00,0.0,0.051444473840656174,0.49551574629250233,0.0,0.49551574629250233,XGBoost
2025-07-09 19:00:00,0.0,0.000634588272667911,0.6298345812928094,0.0,0.6298345812928094,XGBoost
2025-07-09 20:00:00,0.0,1.1490344935664848e-06,0.14885006961421207,0.0,0.14885006961421207,XGBoost
2025-07-09 21:00:00,0.0,1.1490344935664848e-06,0.08881620595410573,0.0,0.08881620595410573,XGBoost
2025-07-09 22:00:00,0.0,1.1490344935664848e-06,0.03956987484127803,0.0,0.03956987484127803,XGBoost
2025-07-09 23:00:00,0.0,1.1490344935664848e-06,0.016296215832847176,0.0,0.016296215832847176,XGBoost
2025-07-10 00:00:00,0.0,1.1490344935664848e-06,0.0,0.0,0.0,XGBoost
2025-07-10 01:00:00,0.0,1.1490344935664848e-06,0.08094165914972812,0.0,0.08094165914972812,XGBoost
2025-07-10 02:00:00,0.0,1.1490344935664848e-06,0.07800706970415427,0.0,0.07800706970415427,XGBoost
2025-07-10 03:00:00,0.0,1.1490344935664848e-06,0.0830092811780218,0.0,0.0830092811780218,XGBoost
2025-07-10 04:00:00,0.0,1.1490344935664848e-06,0.09050629928909594,0.0,0.09050629928909594,XGBoost
2025-07-10 05:00:00,0.0,1.1490344935664848e-06,0.07052646161390728,0.0,0.07052646161390728,XGBoost
2025-07-10 06:00:00,0.0,1.1490344935664848e-06,0.17326506168258668,0.0,0.17326506168258668,XGBoost
2025-07-10 07:00:00,2.6177619153802993,2.9276658011444296,4.140964112888583,3.1226398728110185,4.140964112888583,XGBoost
2025-07-10 08:00:00,49.80047480265309,37.731311379683305,48.69995992773926,39.94239234924325,48.69995992773926,XGBoost
2025-07-10 09:00:00,112.06472873687864,109.07089492116812,113.48316200881722,105.70803546905613,113.48316200881722,XGBoost
2025-07-10 10:00:00,155.45354207356777,153.57631132585277,149.6485037368452,141.4799346923811,149.6485037368452,XGBoost
2025-07-10 11:00:00,176.95995677601275,182.42260937570182,172.87230384203397,169.18219271573182,172.87230384203397,XGBoost
2025-07-10 12:00:00,185.7227464155718,190.3264576289859,182.40932173247492,178.04341125488273,182.40932173247492,XGBoost
2025-07-10 13:00:00,183.07122421264583,186.2752403824821,183.55000490627023,174.73583730061918,183.55000490627023,XGBoost
2025-07-10 14:00:00,169.20297895159,166.43766172107934,169.19153632843216,162.87926592145573,169.19153632843216,XGBoost
2025-07-10 15:00:00,138.52057647705,139.23175792169718,144.20457109803436,132.665370178222,144.20457109803436,XGBoost
2025-07-10 16:00:00,86.5805488586418,85.99557149992259,89.09852532996024,83.9109172821053,89.09852532996024,XGBoost
2025-07-10 17:00:00,21.25473229289065,21.390094131293445,23.952859306694446,20.332950299978215,23.952859306694446,XGBoost
2025-07-10 18:00:00,0.0,1.1490344935664848e-06,0.3137486641865871,0.0,0.3137486641865871,XGBoost
2025-07-10 19:00:00,0.0,1.1490344935664848e-06,0.07366611828645404,0.0,0.07366611828645404,XGBoost
2025-07-10 20:00:00,0.0,1.1490344935664848e-06,0.07739233222138668,0.0,0.07739233222138668,XGBoost
2025-07-10 21:00:00,0.0,1.1490344935664848e-06,0.05996500637136041,0.0,0.05996500637136041,XGBoost
2025-07-10 22:00:00,0.0,1.1490344935664848e-06,0.07674301450862107,0.0,0.07674301450862107,XGBoost
2025-07-10 23:00:00,0.0,1.1490344935664848e-06,0.20656305969042563,0.0,0.20656305969042563,XGBoost
2025-07-11 00:00:00,0.0,1.1490344935664848e-06,0.7961424238715499,0.0,0.7961424238715499,XGBoost
2025-07-11 01:00:00,0.0,1.1490344935664848e-06,0.0,0.0,0.0,XGBoost
2025-07-11 02:00:00,0.0,1.1490344935664848e-06,0.0,0.0,0.0,XGBoost
2025-07-11 03:00:00,0.0,1.1490344935664848e-06,0.0,0.0,0.0,XGBoost
2025-07-11 04:00:00,0.0,1.1490344935664848e-06,0.15522215692577418,0.0,0.15522215692577418,XGBoost
2025-07-11 05:00:00,0.0,1.1490344935664848e-06,0.0049889814154578166,0.0,0.0049889814154578166,XGBoost
2025-07-11 06:00:00,0.0,1.1490344935664848e-06,0.0,0.0,0.0,XGBoost
2025-07-11 07:00:00,2.5590675671895178,3.49631211196162,4.1672960372638,2.399615089098608,4.1672960372638,XGBoost
2025-07-11 08:00:00,52.35431512196859,41.246312227775924,52.87426104981279,49.80047480265309,52.87426104981279,XGBoost
2025-07-11 09:00:00,111.76669120788574,108.4918367411346,109.33525060263202,112.09747695922908,109.33525060263202,XGBoost
2025-07-11 10:00:00,143.29156621297082,147.8419342149829,143.9715949469618,153.57597351074165,143.9715949469618,XGBoost
2025-07-11 11:00:00,110.0376542409254,118.7201795833463,121.09082556715758,176.51846694946335,121.09082556715758,XGBoost
2025-07-11 12:00:00,179.68405659993334,182.64671638483347,191.6133377660714,185.80048794216555,191.6133377660714,XGBoost
2025-07-11 13:00:00,179.33009847005334,182.48206679452596,187.88540172726815,181.47106424967333,187.88540172726815,XGBoost
2025-07-11 14:00:00,164.18224487304602,159.98573934768993,160.74313619649894,166.297326660156,160.74313619649894,XGBoost
2025-07-11 15:00:00,135.64001846313,140.77980497795045,143.43784296969233,143.371963500975,143.43784296969233,XGBoost
2025-07-11 16:00:00,82.538070678711,81.64404573267592,84.22118658100847,81.91832987467433,84.22118658100847,XGBoost
2025-07-11 17:00:00,33.06735702753076,32.60955900803699,35.14177347929747,32.543656098842725,35.14177347929747,XGBoost
2025-07-11 18:00:00,0.0,1.1490344935664848e-06,0.0028117939473104,0.0,0.0028117939473104,XGBoost
2025-07-11 19:00:00,0.0,1.1490344935664848e-06,0.0,0.0,0.0,XGBoost
2025-07-11 20:00:00,0.0,1.1490344935664848e-06,0.5929974190585945,0.0,0.5929974190585945,XGBoost
2025-07-11 21:00:00,0.0,1.1490344935664848e-06,0.0623668929805576,0.0,0.0623668929805576,XGBoost
2025-07-11 22:00:00,0.0,1.166129391556454e-05,0.1263312694477741,0.0,0.1263312694477741,XGBoost
2025-07-12 00:00:00,0.0,1.1490344935664848e-06,0.2372920648566936,0.0,0.2372920648566936,XGBoost
2025-07-12 01:00:00,0.0,5.371033160355676e-05,0.0,0.0,0.0,XGBoost
2025-07-12 02:00:00,0.0,1.4289358771064054e-05,0.1444520564502687,0.0,0.1444520564502687,XGBoost
2025-07-12 03:00:00,0.0,1.166129391556454e-05,0.04448080162711062,0.0,0.04448080162711062,XGBoost
2025-07-12 04:00:00,0.0,1.166129391556454e-05,0.0,0.0,0.0,XGBoost
2025-07-12 05:00:00,0.0,1.166129391556454e-05,0.0,0.0,0.0,XGBoost
2025-07-12 06:00:00,0.0,1.1490344935664848e-06,0.0,0.0,0.0,XGBoost
2025-07-12 07:00:00,5.282913875579899,13.787406571866352,12.261746595486676,5.488528156280481,12.261746595486676,XGBoost
2025-07-12 08:00:00,48.446475982666,54.336628207835716,59.833017225294675,48.7578430175785,59.833017225294675,XGBoost
2025-07-12 09:00:00,116.586513519285,115.12518966463143,115.4963635579272,114.57378768921001,115.4963635579272,XGBoost
2025-07-12 10:00:00,153.77313741048224,144.47660497478233,149.7452190763244,143.50203280978556,149.7452190763244,XGBoost
2025-07-12 11:00:00,174.457748413086,170.76100598596628,176.27105281645214,105.8872177124014,176.27105281645214,XGBoost
2025-07-12 12:00:00,182.365905761718,176.24838816489418,185.81014034230188,174.793838500976,185.81014034230188,XGBoost
2025-07-12 13:00:00,176.63716125488,184.639374130558,183.7526092765496,179.56016540527,183.7526092765496,XGBoost
2025-07-12 14:00:00,159.3876438140875,155.32751655576743,159.66303562903758,162.630126953125,159.66303562903758,XGBoost
2025-07-12 15:00:00,134.61855570474998,133.54994075726964,129.62896860174317,140.12649536132668,129.62896860174317,XGBoost
2025-07-12 16:00:00,102.6612701416025,98.05443502456203,98.288944749201,106.432697296145,98.288944749201,XGBoost
2025-07-12 17:00:00,21.71352771520593,31.46229915572252,26.98322813728234,21.448860418796663,26.98322813728234,XGBoost
2025-07-12 19:00:00,0.0,1.1490344935664848e-06,0.41729748012255075,0.0,0.41729748012255075,XGBoost
2025-07-12 20:00:00,0.0,1.866946686356324e-05,0.13272734770176045,0.0,0.13272734770176045,XGBoost
2025-07-12 21:00:00,0.0,2.7429683048561625e-05,0.18405647039259565,0.0,0.18405647039259565,XGBoost
2025-07-12 22:00:00,0.0,1.1490344935664848e-06,0.1289851272401864,0.0,0.1289851272401864,XGBoost
2025-07-12 23:00:00,0.0,1.1490344935664848e-06,0.24251275314477566,0.0,0.24251275314477566,XGBoost
2025-07-13 00:00:00,0.0,2.742968304856162e-05,0.22765466568061696,0.0,0.22765466568061696,XGBoost
2025-07-13 01:00:00,0.0,1.866946686356324e-05,0.14520890696964528,0.0,0.14520890696964528,XGBoost
2025-07-13 02:00:00,0.0,3.268581275956065e-05,0.3734096563706823,0.0,0.3734096563706823,XGBoost
2025-07-13 03:00:00,0.0,3.6189899233560005e-05,0.2376097927286023,0.0,0.2376097927286023,XGBoost
2025-07-13 04:00:00,0.0,5.371033160355676e-05,0.0,0.0,0.0,XGBoost
2025-07-13 06:00:00,0.0,0.0398167476140335,0.14682870088912625,0.0,0.14682870088912625,XGBoost
2025-07-13 08:00:00,41.441785812377994,70.7830928197165,66.96593634180653,42.80668195088733,66.96593634180653,XGBoost
2025-07-13 09:00:00,130.31129455566,126.61626741914952,124.30373600877606,136.19891357422,124.30373600877606,XGBoost
2025-07-13 10:00:00,146.89247894287166,149.60531758023026,152.19226020005968,153.76505279541,152.19226020005968,XGBoost
2025-07-13 11:00:00,164.7089233398425,175.4161192331486,171.32549385170512,171.5712776184075,171.32549385170512,XGBoost
2025-07-13 12:00:00,176.887142944336,185.9084867464665,184.25753393455702,182.954406738282,184.25753393455702,XGBoost
2025-07-13 13:00:00,179.759216308595,182.31917126423264,176.59848226696477,179.5400390625,176.59848226696477,XGBoost
2025-07-13 14:00:00,162.31665802001834,155.78685587713883,150.61483377941266,160.60610707601,150.61483377941266,XGBoost
2025-07-13 15:00:00,132.34066136678166,128.2669716389063,130.5684217533151,128.69055430094332,130.5684217533151,XGBoost
2025-07-13 16:00:00,78.2313507080078,79.21937777900551,76.75358233519181,76.9812187194822,76.75358233519181,XGBoost
2025-07-13 17:00:00,22.329305720329188,33.40350961179776,31.108121252104876,21.622528332471735,31.108121252104876,XGBoost
2025-07-13 18:00:00,0.0,0.09310078938157543,0.2691117021847829,0.0,0.2691117021847829,XGBoost
2025-07-13 19:00:00,0.0,0.00047031236031367486,0.10289815425569229,0.0,0.10289815425569229,XGBoost
2025-07-13 20:00:00,0.0,3.268581275956065e-05,0.014194253882018079,0.0,0.014194253882018079,XGBoost
2025-07-13 21:00:00,0.0,2.742968304856162e-05,0.20296761675597433,0.0,0.20296761675597433,XGBoost
2025-07-13 22:00:00,0.0,1.8669466863563244e-05,0.06975472626650087,0.0,0.06975472626650087,XGBoost
2025-07-13 23:00:00,0.0,3.0349755110227747e-05,0.021808841124146022,0.0,0.021808841124146022,XGBoost
2025-07-14 00:00:00,0.0,5.371033160355676e-05,0.0,0.0,0.0,XGBoost
2025-07-14 01:00:00,0.0,1.4289358771064054e-05,0.04578791236725442,0.0,0.04578791236725442,XGBoost
2025-07-14 02:00:00,0.0,1.8669466863563244e-05,0.5813511708645568,0.0,0.5813511708645568,XGBoost
2025-07-14 03:00:00,0.0,1.4289358771064054e-05,0.012921525815361599,0.0,0.012921525815361599,XGBoost
2025-07-14 05:00:00,0.0,1.8669466863563244e-05,0.03456250410870693,0.0,0.03456250410870693,XGBoost
2025-07-14 06:00:00,0.0,0.021568429976391922,0.039090771770133106,0.0,0.039090771770133106,XGBoost
2025-07-14 08:00:00,77.384506225586,73.28996456213864,75.27390322386943,78.17564010620151,75.27390322386943,XGBoost
2025-07-14 09:00:00,115.6529632568352,108.87088311175985,110.56848961299723,115.91282653808601,110.56848961299723,XGBoost
2025-07-14 10:00:00,143.724952697755,146.97448917149742,151.01671605678763,142.99983215332,151.01671605678763,XGBoost
2025-07-14 11:00:00,169.19128417968668,165.84886825179782,166.43720549477322,170.01963806152332,166.43720549477322,XGBoost
2025-07-14 12:00:00,178.26981735229376,184.88743668248813,178.03281837215047,176.62786102294876,178.03281837215047,XGBoost
2025-07-14 13:00:00,175.1057332356778,177.87926641840158,175.17667617782678,177.6809200710711,175.17667617782678,XGBoost
2025-07-14 14:00:00,165.4959411621075,157.4936352848888,157.15532186018496,168.678298950195,157.15532186018496,XGBoost
2025-07-14 15:00:00,133.75842285156332,121.10935739593818,119.09344894546028,135.65162404378333,119.09344894546028,XGBoost
2025-07-14 16:00:00,86.17158253987634,80.33123184887639,80.46366470219414,86.90160624186267,80.46366470219414,XGBoost
2025-07-14 17:00:00,11.724411010742,12.76128839514599,10.836781211462016,11.256332397461,10.836781211462016,XGBoost
2025-07-14 18:00:00,0.0,0.07913315716285976,0.9257984901342166,0.0,0.9257984901342166,XGBoost
2025-07-14 19:00:00,0.0,0.0004933407791510832,1.4130050860697376,0.0,1.4130050860697376,XGBoost
2025-07-14 21:00:00,0.0,1.1490344935664848e-06,1.0847149787064383,0.0,1.0847149787064383,XGBoost
2025-07-14 22:00:00,0.0,1.166129391556454e-05,0.7926968686656135,0.0,0.7926968686656135,XGBoost
2025-07-14 23:00:00,0.0,2.742968304856162e-05,0.5520806546305428,0.0,0.5520806546305428,XGBoost
2025-07-15 00:00:00,0.0,1.166129391556454e-05,0.49406223129452087,0.0,0.49406223129452087,XGBoost
2025-07-15 01:00:00,0.0,9.909250678564864e-06,0.07775953340462406,0.0,0.07775953340462406,XGBoost
2025-07-15 02:00:00,0.0,1.6166547953563705e-05,0.35205047567181047,0.0,0.35205047567181047,XGBoost
2025-07-15 03:00:00,0.0,5.371033160355676e-05,0.5461717556287562,0.0,0.5461717556287562,XGBoost
2025-07-15 04:00:00,0.0,2.742968304856162e-05,0.31025156103709484,0.0,0.31025156103709484,XGBoost
2025-07-15 05:00:00,0.0,7.719196632315268e-06,0.3791077818058057,0.0,0.3791077818058057,XGBoost
2025-07-15 06:00:00,0.0,1.1490344935664848e-06,0.2912882596648709,0.0,0.2912882596648709,XGBoost
2025-07-15 07:00:00,3.05390467643746,13.026250785640276,11.120087823831298,3.14302430152884,11.120087823831298,XGBoost
2025-07-15 08:00:00,57.48179769515975,59.03383264454743,61.4760762181962,59.80226945877075,61.4760762181962,XGBoost
2025-07-15 09:00:00,103.95531027657614,96.83759204270682,94.53434624298724,106.74973079136342,94.53434624298724,XGBoost
2025-07-15 10:00:00,146.28907775878668,136.298056346237,142.36592176051897,145.16689046224,142.36592176051897,XGBoost
2025-07-15 11:00:00,162.46032714844,144.40832842997656,134.9194401051794,159.36152648926,134.9194401051794,XGBoost
2025-07-15 12:00:00,177.68711853027,167.0406880299096,158.09060904482237,179.1845703125,158.09060904482237,XGBoost
2025-07-15 13:00:00,174.39731025695875,171.94231764211094,168.0972018984134,174.9761486053475,168.0972018984134,XGBoost
2025-07-15 14:00:00,167.3840993245433,149.15285927005198,154.7922540241464,167.35051472981667,154.7922540241464,XGBoost
2025-07-15 15:00:00,129.97776794434,129.0598846705131,132.3298087998727,132.0510635376,132.3298087998727,XGBoost
2025-07-15 16:00:00,85.98494720459,82.08835211881237,85.3699522449104,89.342441558838,85.3699522449104,XGBoost
2025-07-15 17:00:00,26.7698383927347,38.90044217592663,36.30998859988429,28.396285116672463,36.30998859988429,XGBoost
2025-07-15 18:00:00,0.0,1.1490344935664848e-06,0.0639935327379592,0.0,0.0639935327379592,XGBoost
2025-07-15 20:00:00,0.0,5.371033160355676e-05,0.3303418119208808,0.0,0.3303418119208808,XGBoost
2025-07-15 21:00:00,0.0,1.8669466863563244e-05,0.21836270345840395,0.0,0.21836270345840395,XGBoost
2025-07-15 23:00:00,0.0,2.4509610986895496e-05,0.15562132520641475,0.0,0.15562132520641475,XGBoost
2025-07-16 00:00:00,0.0,2.742968304856162e-05,0.1462148302780548,0.0,0.1462148302780548,XGBoost
2025-07-16 01:00:00,0.0,1.8669466863563244e-05,0.3071944855920384,0.0,0.3071944855920384,XGBoost
2025-07-16 02:00:00,0.0,1.6917423626563567e-05,0.26158174969976605,0.0,0.26158174969976605,XGBoost
2025-07-16 04:00:00,0.0,1.1490344935664848e-06,0.6632281527992604,0.0,0.6632281527992604,XGBoost
2025-07-16 05:00:00,0.0,9.909250678564864e-06,0.1426046516252085,0.0,0.1426046516252085,XGBoost
2025-07-16 06:00:00,0.0,0.028731994836620853,0.28854404311942905,0.0,0.28854404311942905,XGBoost
2025-07-16 07:00:00,1.2405234336852993,4.787773159957771,4.475995556938335,2.5533508300782,4.475995556938335,XGBoost
2025-07-16 08:00:00,39.92983036041264,45.46712821712294,47.642246333551554,51.0412387847898,47.642246333551554,XGBoost
2025-07-16 09:00:00,84.142984771727,92.52420038514177,94.8746703745229,105.7456176757814,94.8746703745229,XGBoost
2025-07-16 10:00:00,152.14948018392,149.51719185573242,153.68088628034786,157.14809163411334,153.68088628034786,XGBoost
2025-07-16 12:00:00,137.2884521484375,135.9564049105234,139.58655584645817,177.8362312316925,139.58655584645817,XGBoost
2025-07-16 13:00:00,145.26914542062144,159.45861836047337,153.22852527831125,175.1398773193357,153.22852527831125,XGBoost
2025-07-16 14:00:00,152.23546142578,156.18606852365224,156.0865853563809,158.133267211912,156.0865853563809,XGBoost
2025-07-16 15:00:00,136.254533386232,129.6450513853752,133.72496396913664,134.194581604004,133.72496396913664,XGBoost
2025-07-16 16:00:00,97.5535049438495,95.20256231360167,99.12434338286678,94.816890716552,99.12434338286678,XGBoost
2025-07-16 17:00:00,19.35818905830362,17.839539998950976,17.76906619270918,18.29045312404628,17.76906619270918,XGBoost
2025-07-16 18:00:00,0.0,0.03834761542631154,0.2717727046121165,0.0,0.2717727046121165,XGBoost
2025-07-16 19:00:00,0.0,0.0053692526197126,0.467734022085145,0.0,0.467734022085145,XGBoost
2025-07-16 20:00:00,0.0,1.866946686356324e-05,0.09678078320270928,0.0,0.09678078320270928,XGBoost
2025-07-16 21:00:00,0.0,2.742968304856162e-05,0.10131161893763792,0.0,0.10131161893763792,XGBoost
2025-07-16 22:00:00,0.0,2.2173553337562594e-05,0.1119727204076417,0.0,0.1119727204076417,XGBoost
2025-07-16 23:00:00,0.0,2.742968304856162e-05,0.0107824408280867,0.0,0.0107824408280867,XGBoost
2025-07-17 00:00:00,0.0,1.1490344935664848e-06,0.0215272132817297,0.0,0.0215272132817297,XGBoost
2025-07-17 01:00:00,0.0,2.2173553337562594e-05,0.02383772616697042,0.0,0.02383772616697042,XGBoost
2025-07-17 02:00:00,0.0,1.166129391556454e-05,0.25741404803147444,0.0,0.25741404803147444,XGBoost
2025-07-17 04:00:00,0.0,1.1490344935664848e-06,0.2833867367341763,0.0,0.2833867367341763,XGBoost
2025-07-17 05:00:00,0.0,3.118406141356093e-05,0.12373952071522475,0.0,0.12373952071522475,XGBoost
2025-07-17 06:00:00,0.0,0.04784749304461727,0.23648751988742517,0.0,0.23648751988742517,XGBoost
2025-07-17 07:00:00,3.4021758503383888,14.479574691632791,9.988542611787333,2.246258364783399,9.988542611787333,XGBoost
2025-07-17 08:00:00,41.85186004638683,55.744517262927786,54.485491018632096,27.9528915087382,54.485491018632096,XGBoost
2025-07-17 09:00:00,108.6661224365218,97.64822437258331,102.06519916821706,85.8559852600096,102.06519916821706,XGBoost
2025-07-17 10:00:00,150.26243209839,156.1829356875803,155.122389719233,149.2913627624525,155.122389719233,XGBoost
2025-07-17 11:00:00,180.371994018555,185.84155313542075,185.25765807853202,179.101852416995,185.25765807853202,XGBoost
2025-07-17 12:00:00,185.579882812502,178.32451400266893,181.47914207021716,142.149920654298,181.47914207021716,XGBoost
2025-07-17 13:00:00,182.3255615234375,180.6493740304438,176.6124709912074,146.73162841797,176.6124709912074,XGBoost
2025-07-17 14:00:00,165.53960842556444,159.75022620178945,161.55943704009854,154.16505940755113,161.55943704009854,XGBoost
2025-07-17 15:00:00,137.008064270018,133.73525845728807,138.90192104327502,133.586850738526,138.90192104327502,XGBoost
2025-07-17 16:00:00,93.916122436523,91.3987759669394,93.46227709441852,91.361999511719,93.46227709441852,XGBoost
2025-07-17 17:00:00,22.044236421584948,17.436402784602333,18.4630549199355,20.3697559833528,18.4630549199355,XGBoost
2025-07-17 18:00:00,0.0,1.1490344935664848e-06,1.2224955033729892,0.0,1.2224955033729892,XGBoost
2025-07-17 19:00:00,0.0,1.1490344935664848e-06,0.6975593851132541,0.0,0.6975593851132541,XGBoost
2025-07-17 20:00:00,0.0,6.4051642045655125e-06,0.08045575406962009,0.0,0.08045575406962009,XGBoost
2025-07-17 21:00:00,0.0,1.6166547953563705e-05,0.1438848008359446,0.0,0.1438848008359446,XGBoost
2025-07-17 22:00:00,0.0,2.2173553337562594e-05,0.2625904575618284,0.0,0.2625904575618284,XGBoost
2025-07-17 23:00:00,0.0,2.742968304856162e-05,0.08039333666643853,0.0,0.08039333666643853,XGBoost
2025-07-18 00:00:00,0.0,1.1490344935664848e-06,0.1655928807247934,0.0,0.1655928807247934,XGBoost
2025-07-18 01:00:00,0.0,2.742968304856162e-05,0.07568617548700945,0.0,0.07568617548700945,XGBoost
2025-07-18 02:00:00,0.0,1.1490344935664848e-06,0.10272062691050446,0.0,0.10272062691050446,XGBoost
2025-07-18 03:00:00,0.0,1.1490344935664848e-06,0.0814889854596086,0.0,0.0814889854596086,XGBoost
2025-07-18 04:00:00,0.0,1.8669466863563244e-05,0.18361587122961098,0.0,0.18361587122961098,XGBoost
2025-07-18 05:00:00,0.0,1.8669466863563244e-05,0.10156148624442989,0.0,0.10156148624442989,XGBoost
2025-07-18 06:00:00,0.0,1.1490344935664848e-06,0.0894487444311931,0.0,0.0894487444311931,XGBoost
2025-07-18 08:00:00,60.444851875305,61.46578597179333,60.2155576743095,57.06320222218833,60.2155576743095,XGBoost
2025-07-18 09:00:00,107.30419703892271,107.86636670738257,103.67126021666124,103.72479248046758,103.67126021666124,XGBoost
2025-07-18 10:00:00,154.2360401153575,155.25573718177935,155.2934253679354,149.797428131105,155.2934253679354,XGBoost
2025-07-18 11:00:00,176.24938964844,176.84309149743993,172.8662852301537,171.09561538696124,172.8662852301537,XGBoost
2025-07-18 12:00:00,185.5698966979975,187.10272176683213,186.9164239612383,187.05120086670001,186.9164239612383,XGBoost
2025-07-18 13:00:00,181.095264434815,171.295937769151,168.92336148341923,181.8625488281275,168.92336148341923,XGBoost
2025-07-18 14:00:00,164.438131713867,164.3445642388121,169.37104595857969,165.71055450439502,169.37104595857969,XGBoost
2025-07-18 15:00:00,150.09544881185,143.804439529215,148.84986560141934,149.24257405598667,148.84986560141934,XGBoost
2025-07-18 16:00:00,109.04859924316,91.90188285470552,91.7292911921988,105.99034881592,91.7292911921988,XGBoost
2025-07-18 17:00:00,30.2392520904545,36.640583507205335,35.64631017670415,29.049949645996,35.64631017670415,XGBoost
2025-07-18 18:00:00,0.0,0.020760381116926338,0.24017571240776103,0.0,0.24017571240776103,XGBoost
2025-07-18 19:00:00,0.0,0.0012908465374304747,0.2851839094944524,0.0,0.2851839094944524,XGBoost
2025-07-18 20:00:00,0.0,2.2173553337562594e-05,0.079562719189746,0.0,0.079562719189746,XGBoost
2025-07-18 21:00:00,0.0,1.1490344935664848e-06,0.046650393857622874,0.0,0.046650393857622874,XGBoost
2025-07-18 22:00:00,0.0,1.1490344935664848e-06,0.055622896390304995,0.0,0.055622896390304995,XGBoost
2025-07-18 23:00:00,0.0,8.657791223565094e-06,0.3543711661503294,0.0,0.3543711661503294,XGBoost
2025-07-19 00:00:00,0.0,1.1490344935664848e-06,1.1650444480298074,0.0,1.1650444480298074,XGBoost
2025-07-19 01:00:00,0.0,1.1490344935664848e-06,0.5053229543818614,0.0,0.5053229543818614,XGBoost
2025-07-19 02:00:00,0.0,1.8669466863563244e-05,0.6178992122679472,0.0,0.6178992122679472,XGBoost
2025-07-19 03:00:00,0.0,1.1490344935664848e-06,0.3964911596542926,0.0,0.3964911596542926,XGBoost
2025-07-19 04:00:00,0.0,5.927334230838329e-06,0.14865291536445088,0.0,0.14865291536445088,XGBoost
2025-07-19 05:00:00,0.0,9.909250678564864e-06,0.03362902717446005,0.0,0.03362902717446005,XGBoost
2025-07-19 06:00:00,0.0,0.052742681090958914,0.0,0.0,0.0,XGBoost
2025-07-19 07:00:00,0.0,17.94200443846922,8.908002356877613,0.0,8.908002356877613,XGBoost
2025-07-19 08:00:00,56.847522099813,58.42769419472589,61.94553713893625,57.196121215820334,61.94553713893625,XGBoost
2025-07-19 09:00:00,127.311209106444,127.44097149002428,132.8849833352682,129.489239501954,132.8849833352682,XGBoost
2025-07-19 10:00:00,152.11940973455182,152.90295520371112,157.45042837772178,157.10450605912726,157.45042837772178,XGBoost
2025-07-19 11:00:00,169.94335632324402,176.8723435823086,167.98204204176426,176.32264709472798,167.98204204176426,XGBoost
2025-07-19 12:00:00,180.13525390625,191.67950556730193,187.20171888753276,183.65016937256001,187.20171888753276,XGBoost
2025-07-19 13:00:00,179.999234008788,185.40320661462755,180.5990626805546,181.576403808594,180.5990626805546,XGBoost
2025-07-19 14:00:00,161.77290344238,163.0590508744091,166.57810690280414,160.44160461426,166.57810690280414,XGBoost
2025-07-19 15:00:00,138.2728977203375,133.3389203645741,145.1854362371736,136.361795425415,145.1854362371736,XGBoost
2025-07-19 16:00:00,91.10186513264834,85.19989543876589,86.4594342949567,89.431813557944,86.4594342949567,XGBoost
2025-07-19 17:00:00,5.9762659072876,5.059822540011471,6.112525267162174,5.5138444900513,6.112525267162174,XGBoost
2025-07-19 18:00:00,0.0,0.03834761542631154,0.278338437745281,0.0,0.278338437745281,XGBoost
2025-07-19 19:00:00,0.0,0.001725499064402022,0.6697706577050405,0.0,0.6697706577050405,XGBoost
2025-07-19 20:00:00,0.0,1.1490344935664848e-06,0.19773983736078504,0.0,0.19773983736078504,XGBoost
2025-07-19 21:00:00,0.0,1.866946686356324e-05,0.2668530510611063,0.0,0.2668530510611063,XGBoost
2025-07-19 22:00:00,0.0,5.371033160355676e-05,0.0,0.0,0.0,XGBoost
2025-07-19 23:00:00,0.0,1.1490344935664848e-06,0.8356885160011834,0.0,0.8356885160011834,XGBoost
2025-07-20 00:00:00,0.0,5.371033160355676e-05,0.0,0.0,0.0,XGBoost
2025-07-20 01:00:00,0.0,1.8669466863563244e-05,0.33969601503568186,0.0,0.33969601503568186,XGBoost
2025-07-20 02:00:00,0.0,1.1490344935664848e-06,0.567438139294434,0.0,0.567438139294434,XGBoost
2025-07-20 03:00:00,0.0,1.1490344935664848e-06,0.8762287164264368,0.0,0.8762287164264368,XGBoost
2025-07-20 04:00:00,0.0,1.1490344935664848e-06,1.4368578913474392,0.0,1.4368578913474392,XGBoost
2025-07-20 05:00:00,0.0,1.166129391556454e-05,0.5052611866785204,0.0,0.5052611866785204,XGBoost
2025-07-20 06:00:00,0.0,1.1490344935664848e-06,0.2530906477331591,0.0,0.2530906477331591,XGBoost
2025-07-20 07:00:00,6.38176417350775,9.100118844418159,9.045707686710784,6.474012136459249,9.045707686710784,XGBoost
2025-07-20 08:00:00,52.569097042083754,54.4022020226578,57.223543769929506,52.83439588546775,57.223543769929506,XGBoost
2025-07-20 10:00:00,154.95413716634002,158.3879308816444,154.99039043151117,153.13520812988335,154.99039043151117,XGBoost
2025-07-20 12:00:00,184.43956502278834,189.1367495644779,185.51855105352357,181.83201090494833,185.51855105352357,XGBoost
2025-07-20 13:00:00,182.376696777345,182.0928196713932,174.26256003824534,180.657801818846,174.26256003824534,XGBoost
2025-07-20 14:00:00,164.78373718261702,158.09544104933417,159.94267962458193,164.77885131835802,159.94267962458193,XGBoost
2025-07-20 15:00:00,135.091537475585,132.7570078036311,138.24363155806375,137.31644821167,138.24363155806375,XGBoost
2025-07-20 17:00:00,22.9655594825743,35.64799978089277,35.13632990315665,22.58391151428232,35.13632990315665,XGBoost
2025-07-20 18:00:00,0.0,1.1490344935664848e-06,0.06447628480955475,0.0,0.06447628480955475,XGBoost
2025-07-20 21:00:00,0.0,2.742968304856162e-05,0.03754257928331797,0.0,0.03754257928331797,XGBoost
2025-07-20 22:00:00,0.0,6.989178616898738e-06,0.018373513096795097,0.0,0.018373513096795097,XGBoost
2025-07-20 23:00:00,0.0,1.282932274023099e-05,0.1976102708029453,0.0,0.1976102708029453,XGBoost
2025-07-21 00:00:00,0.0,1.1490344935664848e-06,0.7122658824216238,0.0,0.7122658824216238,XGBoost
2025-07-21 01:00:00,0.0,1.1490344935664848e-06,0.6091074925124287,0.0,0.6091074925124287,XGBoost
2025-07-21 02:00:00,0.0,5.371033160355676e-05,0.4363157262693573,0.0,0.4363157262693573,XGBoost
2025-07-21 03:00:00,0.0,3.6189899233560005e-05,0.5701827777836278,0.0,0.5701827777836278,XGBoost
2025-07-21 04:00:00,0.0,1.866946686356324e-05,0.1252785467324357,0.0,0.1252785467324357,XGBoost
2025-07-21 05:00:00,0.0,1.1490344935664848e-06,0.0080709094750551,0.0,0.0080709094750551,XGBoost
2025-07-21 06:00:00,0.0,1.1490344935664848e-06,0.0,0.0,0.0,XGBoost
2025-07-21 07:00:00,4.308805306752533,5.785450293594802,6.986683760824867,4.5438899993898,6.986683760824867,XGBoost
2025-07-21 08:00:00,52.843344370524,64.48505328063362,62.750638138583106,55.41416931152333,62.750638138583106,XGBoost
2025-07-21 09:00:00,131.59339904785,133.46418679725917,134.9951509481319,133.79502868652,134.9951509481319,XGBoost
2025-07-21 10:00:00,150.873153686525,155.55833154929667,158.4480821372125,155.72570800781,158.4480821372125,XGBoost
2025-07-21 11:00:00,173.98537190755,171.00847609948104,174.93054043923613,179.39085896810002,174.93054043923613,XGBoost
2025-07-21 12:00:00,179.96653747559,173.67529446654984,174.17658719159277,185.46534729004,174.17658719159277,XGBoost
2025-07-21 13:00:00,164.53303527832,158.00967089915704,162.69777407664768,178.93626403809,162.69777407664768,XGBoost
2025-07-21 14:00:00,120.71285502115866,130.75518111204812,135.06152470641595,169.25450642904,135.06152470641595,XGBoost
2025-07-21 15:00:00,63.33605702718116,69.13157810837701,65.70896427869737,131.247568766275,65.70896427869737,XGBoost
2025-07-21 16:00:00,33.685493787129666,35.93619625478124,37.954968591468976,96.352724711101,37.954968591468976,XGBoost
2025-07-21 17:00:00,7.825420022010775,28.20033591715592,26.788537498416307,31.5594062805175,26.788537498416307,XGBoost
2025-07-21 18:00:00,0.0,0.08944945242828298,0.2617492956680076,0.0,0.2617492956680076,XGBoost
2025-07-21 19:00:00,0.0,0.0035816058934126332,0.02707724941009795,0.0,0.02707724941009795,XGBoost
2025-07-21 20:00:00,0.0,1.4289358771064054e-05,0.0708737517089151,0.0,0.0708737517089151,XGBoost
2025-07-21 21:00:00,0.0,6.4051642045655125e-06,0.033516053131684084,0.0,0.033516053131684084,XGBoost
2025-07-21 22:00:00,0.0,1.4289358771064054e-05,0.022845288325681102,0.0,0.022845288325681102,XGBoost
2025-07-21 23:00:00,0.0,1.8669466863563244e-05,0.14840579553148206,0.0,0.14840579553148206,XGBoost
2025-07-22 00:00:00,0.0,0.04400819321990321,0.256780764556433,0.0,0.256780764556433,XGBoost
2025-07-22 01:00:00,0.0,1.1490344935664848e-06,0.37574187719778523,0.0,0.37574187719778523,XGBoost
2025-07-22 03:00:00,0.0,1.1490344935664848e-06,0.2726473392254983,0.0,0.2726473392254983,XGBoost
2025-07-22 04:00:00,0.0,1.1490344935664848e-06,0.16607001659024653,0.0,0.16607001659024653,XGBoost
2025-07-22 05:00:00,0.0,1.1490344935664848e-06,0.14289575256045495,0.0,0.14289575256045495,XGBoost
2025-07-22 06:00:00,0.0,0.056014874517635226,0.0910868370190334,0.0,0.0910868370190334,XGBoost
2025-07-22 07:00:00,0.0873468294739725,1.6440440989798328,2.352494723558827,1.2851361334323874,2.352494723558827,XGBoost
2025-07-22 08:00:00,33.37343106951015,42.83538141769598,40.98816091946771,50.39902142116,40.98816091946771,XGBoost
2025-07-22 09:00:00,109.404457092285,106.89440969352043,106.72305354919254,105.121761322022,106.72305354919254,XGBoost
2025-07-22 10:00:00,151.53269195556499,129.62588295273625,138.97539260857207,152.20183563232501,138.97539260857207,XGBoost
2025-07-22 11:00:00,171.16001129150666,173.03706081739665,160.96544850892178,171.31057993571002,160.96544850892178,XGBoost
2025-07-22 12:00:00,189.19634628296,190.920504496206,182.58722143838455,181.3244705200225,182.58722143838455,XGBoost
2025-07-22 13:00:00,188.401974487306,185.71765512811334,185.12182208964202,183.596408081054,185.12182208964202,XGBoost
2025-07-22 14:00:00,169.65126037598,173.7609870300647,174.799325439582,96.101791381836,174.799325439582,XGBoost
2025-07-22 15:00:00,141.48185221354166,138.18545082689232,138.04375754696272,78.74150276184,138.04375754696272,XGBoost
2025-07-22 16:00:00,94.1487982613693,93.54413450982052,90.68164942956238,34.37576511928014,90.68164942956238,XGBoost
2025-07-22 17:00:00,6.45647996664065,4.872650703003232,4.03375548192823,0.65525138378145,4.03375548192823,XGBoost
2025-07-22 18:00:00,0.0,1.1490344935664848e-06,0.12616140562253012,0.0,0.12616140562253012,XGBoost
2025-07-22 19:00:00,0.0,0.004761848496199534,0.8188555854482825,0.0,0.8188555854482825,XGBoost
2025-07-22 20:00:00,0.0,1.866946686356324e-05,0.1924079970475299,0.0,0.1924079970475299,XGBoost
2025-07-22 21:00:00,0.0,6.989178616898738e-06,0.4714871504758968,0.0,0.4714871504758968,XGBoost
2025-07-22 22:00:00,0.0,2.2173553337562594e-05,0.40783214047986843,0.0,0.40783214047986843,XGBoost
2025-07-22 23:00:00,0.0,0.00031204682100281756,0.0,0.0,0.0,XGBoost
2025-07-23 00:00:00,0.0,2.7429683048561625e-05,0.20137409914542573,0.0,0.20137409914542573,XGBoost
2025-07-23 01:00:00,0.0,2.2173553337562594e-05,0.41044853720012026,0.0,0.41044853720012026,XGBoost
2025-07-23 02:00:00,0.0,9.909250678564864e-06,0.8993991035782121,0.0,0.8993991035782121,XGBoost
2025-07-23 03:00:00,0.0,1.4289358771064054e-05,0.8987100475975457,0.0,0.8987100475975457,XGBoost
2025-07-23 04:00:00,0.0,1.866946686356324e-05,0.16606629116030017,0.0,0.16606629116030017,XGBoost
2025-07-23 05:00:00,0.0,1.1490344935664848e-06,0.13582270371672672,0.0,0.13582270371672672,XGBoost
2025-07-23 06:00:00,0.0,0.21095819077674238,0.11537550417509272,0.0,0.11537550417509272,XGBoost
2025-07-23 07:00:00,0.0,1.1490344935664848e-06,0.3377084282813386,0.0,0.3377084282813386,XGBoost
2025-07-23 08:00:00,80.925870259603,78.48223514745524,76.5035508484578,41.99138450622533,76.5035508484578,XGBoost
2025-07-23 09:00:00,105.1394081115715,112.11179658671955,110.19710825350246,88.9478302001955,110.19710825350246,XGBoost
2025-07-23 10:00:00,159.64009530203572,159.16663656755836,159.70304156453207,152.40207781110573,159.70304156453207,XGBoost
2025-07-23 11:00:00,182.80055652965183,187.55067487311598,183.73822779362732,159.46397885409363,183.73822779362732,XGBoost
2025-07-23 12:00:00,189.83993668989817,192.3499369728768,195.52782673368276,187.6109022660691,195.52782673368276,XGBoost
2025-07-23 13:00:00,186.06381443568426,191.39730214478945,194.32470618368933,189.05363682338142,194.32470618368933,XGBoost
2025-07-23 14:00:00,166.91138076782124,169.37430351047928,172.87383738335765,170.81670570373626,172.87383738335765,XGBoost
2025-07-23 15:00:00,144.45196024576833,148.96911685174197,151.9968890842441,150.01378885905,151.9968890842441,XGBoost
2025-07-23 16:00:00,120.21110534668,102.64966862379462,99.90993634367943,123.696434021,99.90993634367943,XGBoost
2025-07-23 17:00:00,15.117782632509966,32.90218689525051,30.263788495570935,25.786597569783666,30.263788495570935,XGBoost
2025-07-23 18:00:00,0.05456648554120714,0.1682516436289379,0.5544505577339887,0.1415217093059,0.5544505577339887,XGBoost
2025-07-23 19:00:00,0.0,0.0004933407791510832,0.9327018678672748,0.0,0.9327018678672748,XGBoost
2025-07-23 20:00:00,0.0,1.866946686356324e-05,0.37826338164687484,0.0,0.37826338164687484,XGBoost
2025-07-23 21:00:00,0.0,1.1490344935664848e-06,0.29467434709479795,0.0,0.29467434709479795,XGBoost
2025-07-23 22:00:00,0.0,1.4289358771064054e-05,0.025353691141160675,0.0,0.025353691141160675,XGBoost
2025-07-23 23:00:00,0.0,3.118406141356093e-05,0.1299770145922062,0.0,0.1299770145922062,XGBoost
2025-07-24 00:00:00,0.0,2.2173553337562594e-05,0.3509770764571244,0.0,0.3509770764571244,XGBoost
2025-07-24 01:00:00,0.0,2.2173553337562594e-05,0.3164640912729887,0.0,0.3164640912729887,XGBoost
2025-07-24 02:00:00,0.0,2.2173553337562594e-05,0.09122192451585187,0.0,0.09122192451585187,XGBoost
2025-07-24 03:00:00,0.0,0.0013149778124211735,0.6341285166194204,0.0,0.6341285166194204,XGBoost
2025-07-24 04:00:00,0.0,1.1490344935664848e-06,0.0071790256005134,0.0,0.0071790256005134,XGBoost
2025-07-24 05:00:00,0.0,0.00272044146293135,0.6034501393324883,0.0,0.6034501393324883,XGBoost
2025-07-24 06:00:00,0.0,0.9053714518584643,0.008206696287807642,0.0,0.008206696287807642,XGBoost
2025-07-24 07:00:00,0.904798646767925,5.323591426616144,5.965278131624526,5.30919806162505,5.965278131624526,XGBoost
2025-07-24 08:00:00,12.453271865844732,31.548743336147993,41.32061462687604,54.391178131103665,41.32061462687604,XGBoost
2025-07-24 10:00:00,65.20741526285799,107.9269360038336,127.94786741186648,165.95974222818998,127.94786741186648,XGBoost
2025-07-24 11:00:00,93.85551452636791,117.80356284453406,120.82100158350335,182.52900557084456,120.82100158350335,XGBoost
2025-07-24 12:00:00,125.94095102945874,144.78219571564054,145.92056319063929,189.82165145874168,145.92056319063929,XGBoost
2025-07-24 13:00:00,77.97912597656259,82.30562964307764,84.5424701879559,186.8905670166,84.5424701879559,XGBoost
2025-07-24 14:00:00,138.87979295518554,133.29092589946129,133.8382501736117,169.83035108778222,133.8382501736117,XGBoost
2025-07-24 15:00:00,112.5863220214824,116.42255499786124,114.32096590524247,145.19391479492202,114.32096590524247,XGBoost
2025-07-24 16:00:00,89.61875305175799,92.07240412783207,92.69743801854308,96.9703918457034,92.69743801854308,XGBoost
2025-07-24 17:00:00,22.56868146224464,22.537056227927295,23.760636005974266,21.932888984680265,23.760636005974266,XGBoost
2025-07-24 18:00:00,0.0,0.49272701070063585,0.49581605078611474,0.07639307975769,0.49581605078611474,XGBoost
2025-07-24 19:00:00,0.0,1.1490344935664848e-06,0.4012719468796816,0.0,0.4012719468796816,XGBoost
2025-07-24 21:00:00,0.0,1.1490344935664848e-06,0.31441056810057105,0.0,0.31441056810057105,XGBoost
2025-07-24 22:00:00,0.0,1.1490344935664848e-06,0.36711676275430266,0.0,0.36711676275430266,XGBoost
2025-07-25 00:00:00,0.0,1.8669466863563244e-05,0.0,0.0,0.0,XGBoost
2025-07-25 01:00:00,0.0,2.0859520909812838e-05,0.10893703834364217,0.0,0.10893703834364217,XGBoost
2025-07-25 02:00:00,0.0,3.268581275956065e-05,0.01065293548910584,0.0,0.01065293548910584,XGBoost
2025-07-25 03:00:00,0.0,3.6189899233560005e-05,0.0,0.0,0.0,XGBoost
2025-07-25 04:00:00,0.0,1.1490344935664848e-06,0.06418838161571119,0.0,0.06418838161571119,XGBoost
2025-07-25 05:00:00,0.0,1.8669466863563244e-05,0.021770867228553967,0.0,0.021770867228553967,XGBoost
2025-07-25 06:00:00,0.0,0.30502313041831147,0.16574607739418432,0.0,0.16574607739418432,XGBoost
2025-07-25 07:00:00,0.0,11.422795990533665,5.307601323927144,0.0,5.307601323927144,XGBoost
2025-07-25 08:00:00,4.218675911426525,8.56153882148486,11.453225716735254,11.458351731300425,11.453225716735254,XGBoost
2025-07-25 09:00:00,15.742119789123544,32.60221680920913,38.09517457165657,35.33044869559171,38.09517457165657,XGBoost
2025-07-25 10:00:00,30.151384353637834,33.54576660261108,37.490427500763026,138.197017669677,37.490427500763026,XGBoost
2025-07-25 11:00:00,74.01039123535134,125.1592482930203,125.24949952411139,81.40663401285833,125.24949952411139,XGBoost
2025-07-25 12:00:00,140.27536010742367,139.95407737859475,145.10836979286265,133.86340332031,145.10836979286265,XGBoost
2025-07-25 13:00:00,84.57563018799101,85.08322835660356,94.60831296256744,107.0819740295415,94.60831296256744,XGBoost
2025-07-25 14:00:00,146.59133693150002,153.26227336315623,155.9767865722933,144.46815381731145,155.9767865722933,XGBoost
2025-07-25 15:00:00,158.21717834473,95.37467186172763,90.8238306179994,98.646133422852,90.8238306179994,XGBoost
2025-07-25 16:00:00,91.531869888305,83.83311487405307,81.4466196422472,85.18398857116688,81.4466196422472,XGBoost
2025-07-25 17:00:00,35.121473789215,29.757333733273807,32.38445356758261,28.757518053055,32.38445356758261,XGBoost
2025-07-25 18:00:00,0.0,0.13909437188817567,0.4913552991655879,0.0,0.4913552991655879,XGBoost
2025-07-25 19:00:00,0.0,0.000657404694036922,0.13306503315549337,0.0,0.13306503315549337,XGBoost
2025-07-25 20:00:00,0.0,1.166129391556454e-05,0.1586997899058778,0.0,0.1586997899058778,XGBoost
2025-07-25 21:00:00,0.0,1.866946686356324e-05,0.31720035173258815,0.0,0.31720035173258815,XGBoost
2025-07-25 22:00:00,0.0,2.742968304856162e-05,0.29425018685638765,0.0,0.29425018685638765,XGBoost
2025-07-25 23:00:00,0.0,1.1490344935664848e-06,0.04796623989135517,0.0,0.04796623989135517,XGBoost
2025-07-26 00:00:00,0.0,5.371033160355676e-05,0.2130225933377267,0.0,0.2130225933377267,XGBoost
2025-07-26 01:00:00,0.0,1.1490344935664848e-06,0.10463014162075764,0.0,0.10463014162075764,XGBoost
2025-07-26 02:00:00,0.0,1.1490344935664848e-06,0.0276681873995094,0.0,0.0276681873995094,XGBoost
2025-07-26 03:00:00,0.0,9.909250678564864e-06,0.21497378589659558,0.0,0.21497378589659558,XGBoost
2025-07-26 04:00:00,0.0,1.166129391556454e-05,0.1484652056519326,0.0,0.1484652056519326,XGBoost
2025-07-26 05:00:00,0.0,1.1490344935664848e-06,0.11709613120171054,0.0,0.11709613120171054,XGBoost
2025-07-26 06:00:00,0.0,0.027981191426935375,0.14866664752314945,0.0,0.14866664752314945,XGBoost
2025-07-26 07:00:00,0.8397044340769501,0.3781000263002032,0.8641840252793457,0.0,0.8641840252793457,XGBoost
2025-07-26 08:00:00,84.472751617432,73.19195163653764,72.43274194580506,4.58060228824615,72.43274194580506,XGBoost
2025-07-26 09:00:00,107.4438972473155,110.22170760537136,100.76477315143781,10.60392189025865,100.76477315143781,XGBoost
2025-07-26 10:00:00,159.3011932373,162.67754386679036,164.6871883714964,26.9030199050905,164.6871883714964,XGBoost
2025-07-26 11:00:00,180.22183736165334,188.08697164359043,188.35849871341418,72.02888488769533,188.35849871341418,XGBoost
2025-07-26 12:00:00,189.324760437012,197.47385578707625,196.90701869046833,128.6868202209477,196.90701869046833,XGBoost
2025-07-26 13:00:00,186.075808207195,195.5921224567468,190.40260132507797,57.663897196452666,190.40260132507797,XGBoost
2025-07-26 14:00:00,177.2241363525425,173.65936944909407,180.88879153887336,149.2024726867675,180.88879153887336,XGBoost
2025-07-26 15:00:00,149.80263519287502,143.58684424325727,152.44641911543522,148.75184631348,152.44641911543522,XGBoost
2025-07-26 16:00:00,89.65212758382167,89.93412144983074,90.32015991941978,83.04513041178366,90.32015991941978,XGBoost
2025-07-26 17:00:00,16.886465370655248,15.457378972905238,17.097288928242943,15.95660287141825,17.097288928242943,XGBoost
2025-07-26 18:00:00,0.0,0.12907417751897823,0.01444360609637567,0.0,0.01444360609637567,XGBoost
2025-07-26 19:00:00,0.0,1.1490344935664848e-06,0.0043618158372046,0.0,0.0043618158372046,XGBoost
2025-07-26 20:00:00,0.0,0.0032857209793125835,0.0008132094908023,0.0,0.0008132094908023,XGBoost
2025-07-26 21:00:00,0.0,1.1490344935664848e-06,0.0022844327847798,0.0,0.0022844327847798,XGBoost
2025-07-26 22:00:00,0.0,0.002190863664372911,0.13989582585893526,0.0,0.13989582585893526,XGBoost
2025-07-26 23:00:00,0.0,1.1490344935664848e-06,0.0,0.0,0.0,XGBoost
2025-07-27 00:00:00,0.0,1.1490344935664848e-06,0.0,0.0,0.0,XGBoost
2025-07-27 01:00:00,0.0,1.1490344935664848e-06,0.0,0.0,0.0,XGBoost
2025-07-27 02:00:00,0.0,1.8669466863563244e-05,0.03050281410353987,0.0,0.03050281410353987,XGBoost
2025-07-27 03:00:00,0.0,8.657791223565096e-06,0.28469350024616413,0.0,0.28469350024616413,XGBoost
2025-07-27 04:00:00,0.0,1.1490344935664848e-06,0.1352331126660092,0.0,0.1352331126660092,XGBoost
2025-07-27 05:00:00,0.0,1.0705633968110171e-05,0.10567911064484686,0.0,0.10567911064484686,XGBoost
2025-07-27 06:00:00,0.0,0.020984727947082633,0.2507186600817345,0.0,0.2507186600817345,XGBoost
2025-07-27 07:00:00,0.0,0.008012362038923493,0.07575297572305881,0.0,0.07575297572305881,XGBoost
2025-07-27 08:00:00,62.087550844465,66.63331506008944,66.70213013587039,62.007501874651425,66.70213013587039,XGBoost
2025-07-27 09:00:00,117.15175914764488,119.60964530435417,119.89833077265143,119.31746768951513,119.89833077265143,XGBoost
2025-07-27 10:00:00,152.94375864664832,140.73214488503928,132.7357815451871,156.23538208007832,132.7357815451871,XGBoost
2025-07-27 11:00:00,176.76296997070503,177.30288611138937,175.26851676129874,182.50742848714165,175.26851676129874,XGBoost
2025-07-27 12:00:00,187.00865681966002,195.100084610845,191.01204048143583,189.49244944254667,191.01204048143583,XGBoost
2025-07-27 13:00:00,184.39738655090375,185.92953787338368,184.94497899063114,185.8593292236325,184.94497899063114,XGBoost
2025-07-27 14:00:00,169.53219858805332,170.5908720012182,173.57803566642806,172.24714914957835,173.57803566642806,XGBoost
2025-07-27 15:00:00,145.9535179138175,145.26872745555454,153.0434212209259,148.57063484192,153.0434212209259,XGBoost
2025-07-27 16:00:00,105.371111551922,106.64199439988211,109.94342374225987,107.75313822428467,109.94342374225987,XGBoost
2025-07-27 17:00:00,17.5265626907345,15.982001093575619,13.527813864767536,17.172303676605,13.527813864767536,XGBoost
2025-07-27 18:00:00,0.0,0.1158797342733742,0.35155817240888826,0.0,0.35155817240888826,XGBoost
2025-07-27 19:00:00,0.0,1.1490344935664848e-06,0.0,0.0,0.0,XGBoost
2025-07-27 20:00:00,0.0,3.2685812759560645e-05,0.2505832386013428,0.0,0.2505832386013428,XGBoost
2025-07-27 21:00:00,0.0,2.742968304856162e-05,0.04958339825677415,0.0,0.04958339825677415,XGBoost
2025-07-27 22:00:00,0.0,2.742968304856162e-05,0.2687403036478582,0.0,0.2687403036478582,XGBoost
2025-07-27 23:00:00,0.0,3.6189899233560005e-05,0.10592985052561556,0.0,0.10592985052561556,XGBoost
2025-07-28 00:00:00,0.0,5.371033160355676e-05,0.0,0.0,0.0,XGBoost
2025-07-28 01:00:00,0.0,5.371033160355676e-05,0.0,0.0,0.0,XGBoost
2025-07-28 02:00:00,0.0,1.6166547953563705e-05,0.008646713504656242,0.0,0.008646713504656242,XGBoost
2025-07-28 03:00:00,0.0,1.1490344935664848e-06,0.0630182698918779,0.0,0.0630182698918779,XGBoost
2025-07-28 04:00:00,0.0,1.1490344935664848e-06,0.10670444185899343,0.0,0.10670444185899343,XGBoost
2025-07-28 05:00:00,0.0,5.927334230838328e-06,0.021162123441339116,0.0,0.021162123441339116,XGBoost
2025-07-28 06:00:00,0.0,1.1490344935664848e-06,0.08283750693028702,0.0,0.08283750693028702,XGBoost
2025-07-28 07:00:00,2.1601622899373334,3.5244844734820666,3.7455420476073016,2.964028994242367,3.7455420476073016,XGBoost
2025-07-28 08:00:00,47.99479929606133,52.463482790902354,51.58805988883446,66.89165369669567,51.58805988883446,XGBoost
2025-07-28 09:00:00,71.58583768208867,76.09843299072234,79.41485745400551,129.37002817789667,79.41485745400551,XGBoost
2025-07-28 10:00:00,122.523101806639,132.6577235333722,131.2339487750227,146.44753265381001,131.2339487750227,XGBoost
2025-07-28 11:00:00,117.15066909789999,157.12882581205673,165.60953818356825,176.54341888428002,165.60953818356825,XGBoost
2025-07-28 12:00:00,190.02133178711,189.85270514408677,188.0778633146486,185.328689575195,188.0778633146486,XGBoost
2025-07-28 13:00:00,103.74229335784933,103.95820066095392,109.11612547464996,183.317609151205,109.11612547464996,XGBoost
2025-07-28 14:00:00,171.25478744506876,146.60715118101217,142.14632842608268,168.77559661865251,142.14632842608268,XGBoost
2025-07-28 15:00:00,132.3347644805895,129.44549901261303,129.75194012530602,136.21317291259749,129.75194012530602,XGBoost
2025-07-28 16:00:00,40.284278869629,63.42136058308848,64.07818809897732,101.00122261047362,64.07818809897732,XGBoost
2025-07-28 17:00:00,15.6168422188078,22.847185343108993,21.62368539627654,25.763741118567157,21.62368539627654,XGBoost
2025-07-28 18:00:00,0.014868553727865,0.01240857730060187,0.0,0.0,0.0,XGBoost
2025-07-28 19:00:00,0.0,1.1490344935664848e-06,0.0686300555663254,0.0,0.0686300555663254,XGBoost
2025-07-28 22:00:00,0.0,5.371033160355676e-05,0.9825086235534953,0.0,0.9825086235534953,XGBoost
2025-07-28 23:00:00,0.0,2.7429683048561625e-05,0.16282243581459394,0.0,0.16282243581459394,XGBoost
2025-07-29 00:00:00,0.0,1.166129391556454e-05,0.0,0.0,0.0,XGBoost
2025-07-29 01:00:00,0.0,1.866946686356324e-05,0.0,0.0,0.0,XGBoost
2025-07-29 02:00:00,0.0,3.118406141356093e-05,0.4473403085310957,0.0,0.4473403085310957,XGBoost
2025-07-29 03:00:00,0.0,2.742968304856162e-05,0.33100788631030237,0.0,0.33100788631030237,XGBoost
2025-07-29 04:00:00,0.0,1.4289358771064054e-05,0.030130730542647075,0.0,0.030130730542647075,XGBoost
2025-07-29 05:00:00,0.0,0.0021765829772437935,0.4784526961056826,0.0,0.4784526961056826,XGBoost
2025-07-29 06:00:00,0.0,0.0059509854644492054,0.5494580219362789,0.0,0.5494580219362789,XGBoost
2025-07-29 07:00:00,2.0985695272683524,6.364002463171675,8.2958266859196,1.3625059779733413,8.2958266859196,XGBoost
2025-07-29 08:00:00,67.0675277709962,62.576045597807685,61.78174556246406,48.374637222290005,61.78174556246406,XGBoost
2025-07-29 09:00:00,107.77344512939435,105.14129191826913,107.6633315554564,51.18977165222166,107.6633315554564,XGBoost
2025-07-29 10:00:00,172.4358291626,167.18086119013674,170.05447728524507,83.694389343262,170.05447728524507,XGBoost
2025-07-29 11:00:00,183.9143306187214,176.24860588057146,173.46151930693992,131.59706224713986,173.46151930693992,XGBoost
2025-07-29 13:00:00,189.89594078064124,181.65869271571418,182.24401765605435,103.57462596893387,182.24401765605435,XGBoost
2025-07-29 14:00:00,177.1144866943375,159.1930538584417,158.83300531197335,166.826309204105,158.83300531197335,XGBoost
2025-07-29 16:00:00,99.230422973633,53.07121714584291,64.74570471640274,26.900356292725,64.74570471640274,XGBoost
2025-07-29 17:00:00,30.292566657066203,18.759854513337764,20.140318549420392,15.753280619780218,20.140318549420392,XGBoost
2025-07-29 18:00:00,0.0277018211781975,0.08615309712643153,0.3316866443724249,0.014868553727865,0.3316866443724249,XGBoost
2025-07-29 19:00:00,0.0,0.006078117885309801,0.7083364132719135,0.0,0.7083364132719135,XGBoost
2025-07-29 20:00:00,0.0,1.1490344935664848e-06,0.0,0.0,0.0,XGBoost
2025-07-29 21:00:00,0.0,3.6189899233560005e-05,0.053360913133977166,0.0,0.053360913133977166,XGBoost
2025-07-29 22:00:00,0.0,1.8669466863563244e-05,0.5110312783657868,0.0,0.5110312783657868,XGBoost
2025-07-30 00:00:00,0.0,1.1490344935664848e-06,0.0221734516879591,0.0,0.0221734516879591,XGBoost
2025-07-30 01:00:00,0.0,5.371033160355676e-05,0.484445147123216,0.0,0.484445147123216,XGBoost
2025-07-30 02:00:00,0.0,1.1490344935664848e-06,0.7567998617165814,0.0,0.7567998617165814,XGBoost
2025-07-30 03:00:00,0.0,1.1490344935664848e-06,0.929863546710687,0.0,0.929863546710687,XGBoost
2025-07-30 04:00:00,0.0,1.4289358771064054e-05,0.054736597524428596,0.0,0.054736597524428596,XGBoost
2025-07-30 05:00:00,0.0,1.1490344935664848e-06,0.05190650105721855,0.0,0.05190650105721855,XGBoost
2025-07-30 06:00:00,0.0,1.1490344935664848e-06,0.17993533923969005,0.0,0.17993533923969005,XGBoost
2025-07-30 07:00:00,9.552969614664567,16.084645553738465,13.898652493362798,8.8107110659283,13.898652493362798,XGBoost
2025-07-30 08:00:00,89.44625345865866,86.34526928717816,83.62853299226119,86.98006184895867,83.62853299226119,XGBoost
2025-07-30 09:00:00,129.502932739258,123.63438645511337,123.11691073805612,126.942117309572,123.11691073805612,XGBoost
2025-07-30 10:00:00,169.3779697418225,163.9537162252872,163.4747702936834,164.95529365539625,163.4747702936834,XGBoost
2025-07-30 11:00:00,190.111756896972,180.69923408915977,179.30577977018532,185.356311035156,179.30577977018532,XGBoost
2025-07-30 12:00:00,200.670471191405,186.82370237087065,196.04511788121718,193.68091201782,196.04511788121718,XGBoost
2025-07-30 13:00:00,197.37026468912666,187.7090357155228,185.49471140070605,192.11047871907667,185.49471140070605,XGBoost
2025-07-30 14:00:00,179.381744384765,175.3157651325727,180.84323183935243,176.12223815918,180.84323183935243,XGBoost
2025-07-30 15:00:00,157.36873372395667,139.5589722549675,147.68023517047405,154.30377705892,147.68023517047405,XGBoost
2025-07-30 16:00:00,57.579442024231,76.36655548868778,73.82606181337944,94.832447052002,73.82606181337944,XGBoost
2025-07-30 18:00:00,0.0,1.1490344935664848e-06,0.2176217551239384,0.0,0.2176217551239384,XGBoost
2025-07-30 19:00:00,0.0,0.0003812125773981732,0.19294819143257244,0.0,0.19294819143257244,XGBoost
2025-07-30 20:00:00,0.0,1.1490344935664848e-06,0.14763248765515927,0.0,0.14763248765515927,XGBoost
2025-07-30 21:00:00,0.0,1.1490344935664848e-06,0.0888053847762899,0.0,0.0888053847762899,XGBoost
2025-07-30 22:00:00,0.0,1.166129391556454e-05,0.33252652535395844,0.0,0.33252652535395844,XGBoost
2025-07-30 23:00:00,0.0,1.1490344935664848e-06,0.47055237720027515,0.0,0.47055237720027515,XGBoost
2025-07-31 00:00:00,0.0,2.742968304856162e-05,0.8505287002762444,0.0,0.8505287002762444,XGBoost
2025-07-31 01:00:00,0.0,1.6166547953563705e-05,0.5167149760721209,0.0,0.5167149760721209,XGBoost
2025-07-31 02:00:00,0.0,1.2829322740230991e-05,0.6856611874880342,0.0,0.6856611874880342,XGBoost
2025-07-31 03:00:00,0.0,2.2173553337562594e-05,0.4239451190955914,0.0,0.4239451190955914,XGBoost
2025-07-31 04:00:00,0.0,1.1490344935664848e-06,0.0830708593133596,0.0,0.0830708593133596,XGBoost
2025-07-31 05:00:00,0.0,1.6166547953563705e-05,0.093292234230084,0.0,0.093292234230084,XGBoost
2025-07-31 06:00:00,0.0,1.1490344935664848e-06,0.3284854296137047,0.0,0.3284854296137047,XGBoost
2025-07-31 07:00:00,4.25125370025628,13.114636803768741,8.228097685460755,3.7489746570588203,8.228097685460755,XGBoost
2025-07-31 08:00:00,81.2971000671385,75.13626573292706,79.72864254584096,80.660018920898,79.72864254584096,XGBoost
2025-07-31 09:00:00,123.11827741350429,119.76256382142935,120.82046640260624,123.00353349958286,120.82046640260624,XGBoost
2025-07-31 10:00:00,166.90267181396501,147.67203137615343,143.33208578042075,164.68235015868999,143.33208578042075,XGBoost
2025-07-31 11:00:00,192.98585764567167,188.41688848179146,184.13076007877154,190.022201538085,184.13076007877154,XGBoost
2025-07-31 12:00:00,191.2140045166025,184.5606247919058,186.18031214028528,200.1212196350075,186.18031214028528,XGBoost
2025-07-31 13:00:00,194.73605092366498,181.67143354849645,181.06354241424143,194.13720957438,181.06354241424143,XGBoost
2025-07-31 14:00:00,176.78534444173224,162.89855813425388,167.2977828554718,176.23662143283445,167.2977828554718,XGBoost
2025-07-31 15:00:00,148.14933522542333,145.1493703777388,145.71401371615713,127.92761866251699,145.71401371615713,XGBoost
2025-07-31 16:00:00,92.7304702758806,85.45747627396983,79.545308448904,63.759070587158405,79.545308448904,XGBoost
2025-07-31 17:00:00,36.246796131134,30.34571103707945,24.86538160051408,12.962517023086875,24.86538160051408,XGBoost
2025-07-31 18:00:00,0.0,0.13886550550727392,0.8091287285612051,0.0,0.8091287285612051,XGBoost
2025-07-31 19:00:00,0.0,0.0004933407791510832,0.4063447711021851,0.0,0.4063447711021851,XGBoost
2025-07-31 20:00:00,0.0,1.866946686356324e-05,0.12005634326728083,0.0,0.12005634326728083,XGBoost
2025-07-31 21:00:00,0.0,1.1490344935664848e-06,0.024691211889576552,0.0,0.024691211889576552,XGBoost
2025-07-31 22:00:00,0.0,0.0032857209793125835,0.2098437387884029,0.0,0.2098437387884029,XGBoost
2025-07-31 23:00:00,0.0,0.0013149778124211735,0.0,0.0,0.0,XGBoost
2025-08-01 00:00:00,0.0,0.05445917004655545,0.0956074902165637,0.0,0.0956074902165637,XGBoost
2025-08-01 01:00:00,0.0,1.1490344935664848e-06,0.024023215719058924,0.0,0.024023215719058924,XGBoost
2025-08-01 02:00:00,0.0,1.1490344935664848e-06,0.015198998178894413,0.0,0.015198998178894413,XGBoost
2025-08-01 03:00:00,0.0,1.1490344935664848e-06,0.032426285733528314,0.0,0.032426285733528314,XGBoost
2025-08-01 04:00:00,0.0,6.4051642045655125e-06,0.34575155912662403,0.0,0.34575155912662403,XGBoost
2025-08-01 05:00:00,0.0,1.1490344935664848e-06,0.07177198969659228,0.0,0.07177198969659228,XGBoost
2025-08-01 06:00:00,0.0,1.1490344935664848e-06,0.27307749700005984,0.0,0.27307749700005984,XGBoost
2025-08-01 07:00:00,7.223740961816588,7.669976848467862,7.790571278752534,7.421569453345301,7.790571278752534,XGBoost
2025-08-01 08:00:00,68.41173362731955,67.05501703157432,68.82374649790239,67.64691819085012,68.82374649790239,XGBoost
2025-08-01 09:00:00,117.7374463762557,115.7525949505676,114.02171944077759,116.05443790980715,114.02171944077759,XGBoost
2025-08-01 10:00:00,155.19618225097668,158.82904706254723,152.72853519598388,165.94528198242332,152.72853519598388,XGBoost
2025-08-01 11:00:00,193.88648986816332,191.18896623733093,190.65873598529845,192.20698716905557,190.65873598529845,XGBoost
2025-08-01 12:00:00,204.383793640137,182.0745262281692,181.55797924767415,185.981508636474,181.55797924767415,XGBoost
2025-08-01 13:00:00,200.9956728617358,197.6427166583169,195.41168018609702,194.4583053588867,195.41168018609702,XGBoost
2025-08-01 14:00:00,185.33465766906625,162.4606665817666,172.51108555899438,179.25890159607,172.51108555899438,XGBoost
2025-08-01 15:00:00,150.838194274902,142.92981801309895,148.89711535157818,148.669343566895,148.89711535157818,XGBoost
2025-08-01 16:00:00,105.085484313967,102.20021114665147,101.045811962744,103.88123092651531,101.045811962744,XGBoost
2025-08-01 17:00:00,31.572297028132674,26.881816662996055,25.330284410285742,28.629126616886616,25.330284410285742,XGBoost
2025-08-01 18:00:00,0.10065980468477571,0.02328307140237006,0.03439521473165777,0.07391318253108428,0.03439521473165777,XGBoost
2025-08-01 19:00:00,0.0,1.1490344935664848e-06,0.05975952008929086,0.0,0.05975952008929086,XGBoost
2025-08-01 20:00:00,0.0,1.1490344935664848e-06,0.06111737856045406,0.0,0.06111737856045406,XGBoost
2025-08-01 21:00:00,0.0,1.1490344935664848e-06,0.4693351657456517,0.0,0.4693351657456517,XGBoost
2025-08-01 22:00:00,0.0,1.1490344935664848e-06,0.0,0.0,0.0,XGBoost
2025-08-01 23:00:00,0.0,1.6166547953563705e-05,0.698118060949758,0.0,0.698118060949758,XGBoost
2025-08-02 00:00:00,0.0,1.1490344935664848e-06,0.16775625480056316,0.0,0.16775625480056316,XGBoost
2025-08-02 01:00:00,0.0,1.1490344935664848e-06,0.07253145539000512,0.0,0.07253145539000512,XGBoost
2025-08-02 02:00:00,0.0,2.742968304856162e-05,0.35444813879186776,0.0,0.35444813879186776,XGBoost
2025-08-02 03:00:00,0.0,1.1490344935664848e-06,0.0,0.0,0.0,XGBoost
2025-08-02 04:00:00,0.0,1.5483933705382014e-05,0.0,0.0,0.0,XGBoost
2025-08-02 05:00:00,0.0,1.1490344935664848e-06,0.10772284821611655,0.0,0.10772284821611655,XGBoost
2025-08-02 06:00:00,0.0,1.1490344935664848e-06,0.1700031224744305,0.0,0.1700031224744305,XGBoost
2025-08-02 07:00:00,6.808285623788814,14.04824770535189,12.9592986774191,5.910333514213573,12.9592986774191,XGBoost
2025-08-02 08:00:00,57.37945938110355,73.94817285266559,67.99551350766004,55.233176973131116,67.99551350766004,XGBoost
2025-08-02 09:00:00,120.94598388672,117.71192018410716,117.39973266231021,119.25294113159501,117.39973266231021,XGBoost
2025-08-02 10:00:00,176.8711967468275,164.3682660242115,165.55688608591754,166.960803985595,165.55688608591754,XGBoost
2025-08-02 11:00:00,193.71609687805125,191.29115679063904,188.944052016077,192.6637020111075,188.944052016077,XGBoost
2025-08-02 12:00:00,203.62271690368624,196.36778935531623,200.14455104464088,204.1930007934575,200.14455104464088,XGBoost
2025-08-02 13:00:00,199.529443359374,198.63055323472514,196.4575567210578,200.637480163575,196.4575567210578,XGBoost
2025-08-02 14:00:00,179.75424412318714,178.9035682470848,179.44831272920644,180.49302455357142,179.44831272920644,XGBoost
2025-08-02 15:00:00,152.0528850555425,145.48043328126448,142.71317938814178,152.72766494750874,142.71317938814178,XGBoost
2025-08-02 16:00:00,104.29933251274944,98.37867695923927,95.56095984523284,104.38324737549,95.56095984523284,XGBoost
2025-08-02 17:00:00,39.883061620924344,36.39634183650393,36.896055229980334,38.8104843563503,36.896055229980334,XGBoost
2025-08-02 18:00:00,0.0,1.1490344935664848e-06,0.09817592073323875,0.0,0.09817592073323875,XGBoost
2025-08-02 19:00:00,0.0,0.0027661707914467086,0.06371663532075987,0.0,0.06371663532075987,XGBoost
2025-08-02 20:00:00,0.0,1.6166547953563705e-05,0.03137730756582686,0.0,0.03137730756582686,XGBoost
2025-08-02 21:00:00,0.0,1.1490344935664848e-06,0.6940918234985869,0.0,0.6940918234985869,XGBoost
2025-08-02 23:00:00,0.0,1.8669466863563244e-05,0.15242097355955367,0.0,0.15242097355955367,XGBoost
2025-08-03 00:00:00,0.0,2.742968304856162e-05,0.0347603280262947,0.0,0.0347603280262947,XGBoost
2025-08-03 01:00:00,0.0,1.166129391556454e-05,0.2736527739384993,0.0,0.2736527739384993,XGBoost
2025-08-03 02:00:00,0.0,1.0705633968110171e-05,0.3263646894127126,0.0,0.3263646894127126,XGBoost
2025-08-03 03:00:00,0.0,1.1490344935664848e-06,0.2863424599944962,0.0,0.2863424599944962,XGBoost
2025-08-03 04:00:00,0.0,1.1490344935664848e-06,0.3761479021831925,0.0,0.3761479021831925,XGBoost
2025-08-03 05:00:00,0.0,1.166129391556454e-05,0.5496879681408363,0.0,0.5496879681408363,XGBoost
2025-08-03 06:00:00,0.0,1.1490344935664848e-06,0.3108606929329671,0.0,0.3108606929329671,XGBoost
2025-08-03 07:00:00,5.9287392298381,10.586546619022643,9.968116123629,5.8767312367757,9.968116123629,XGBoost
2025-08-03 08:00:00,66.2902732849122,60.67429938855103,61.97315038928425,65.4000717163088,61.97315038928425,XGBoost
2025-08-03 09:00:00,134.67244720459,135.23958842556956,132.88477599474456,135.08414204915334,132.88477599474456,XGBoost
2025-08-03 10:00:00,170.2285480499275,172.97921936497164,174.1247193820098,173.93844413757375,174.1247193820098,XGBoost
2025-08-03 11:00:00,184.14878234863198,180.23336489652098,188.28622431427112,189.79317626953,188.28622431427112,XGBoost
2025-08-03 12:00:00,196.098182678225,196.78475463849261,184.67531742713516,203.6875953674325,184.67531742713516,XGBoost
2025-08-03 13:00:00,192.92190551757716,197.44811284654244,195.224133921348,199.21302795410142,195.224133921348,XGBoost
2025-08-03 14:00:00,177.630973815915,164.28186686744874,165.65812347714356,184.352531433105,165.65812347714356,XGBoost
2025-08-03 15:00:00,142.904296875,145.02701087131288,154.05631235764483,147.59756469727,154.05631235764483,XGBoost
2025-08-03 16:00:00,101.09332711356085,97.5291418888102,97.78987916736067,103.37897927420416,97.78987916736067,XGBoost
2025-08-03 17:00:00,28.6110059022903,26.668045549301876,26.70821199067733,28.615156650543227,26.70821199067733,XGBoost
2025-08-03 18:00:00,0.0,0.0718771461387015,0.22973380751144665,0.0,0.22973380751144665,XGBoost
2025-08-03 19:00:00,0.0,0.00022778150747934986,0.02247902189753915,0.0,0.02247902189753915,XGBoost
2025-08-03 20:00:00,0.0,1.1490344935664848e-06,0.0,0.0,0.0,XGBoost
2025-08-03 21:00:00,0.0,1.1490344935664848e-06,0.0689057125124113,0.0,0.0689057125124113,XGBoost
2025-08-03 22:00:00,0.0,1.4289358771064054e-05,0.09018452950066541,0.0,0.09018452950066541,XGBoost
2025-08-03 23:00:00,0.0,9.909250678564864e-06,0.04971780656195709,0.0,0.04971780656195709,XGBoost
2025-08-04 00:00:00,0.0,1.1490344935664848e-06,0.09293493567158255,0.0,0.09293493567158255,XGBoost
2025-08-04 01:00:00,0.0,1.4289358771064054e-05,0.09876029833889395,0.0,0.09876029833889395,XGBoost
2025-08-04 02:00:00,0.0,1.1490344935664848e-06,0.09730728822283474,0.0,0.09730728822283474,XGBoost
2025-08-04 03:00:00,0.0,1.1490344935664848e-06,0.09158559169069992,0.0,0.09158559169069992,XGBoost
2025-08-04 04:00:00,0.0,1.4289358771064054e-05,0.07351206973261096,0.0,0.07351206973261096,XGBoost
2025-08-04 05:00:00,0.0,1.1490344935664848e-06,0.035349479451188534,0.0,0.035349479451188534,XGBoost
2025-08-04 06:00:00,0.0,1.1490344935664848e-06,0.020573064580027636,0.0,0.020573064580027636,XGBoost
2025-08-04 08:00:00,69.73922093709317,73.67027907175327,77.72652977076909,76.15582084655783,77.72652977076909,XGBoost
2025-08-04 09:00:00,131.66047668457043,124.86923055931533,121.91983683559744,130.84010738796667,121.91983683559744,XGBoost
2025-08-04 10:00:00,178.72751617431499,162.92449626259375,165.62444979851125,159.6948547363275,165.62444979851125,XGBoost
2025-08-04 12:00:00,180.3233925955643,183.94512104431774,175.52261482673796,196.33318873814142,175.52261482673796,XGBoost
2025-08-04 13:00:00,180.87648010254,181.0114072975955,180.45720209723166,192.02355957031332,180.45720209723166,XGBoost
2025-08-04 14:00:00,126.67607371012333,126.06559446907993,120.39278439615914,175.58298746744666,120.39278439615914,XGBoost
2025-08-04 15:00:00,141.32782440185798,141.57791844323532,140.57099558129923,145.51153259277402,140.57099558129923,XGBoost
2025-08-04 16:00:00,95.76334381103675,94.39201686585623,95.26786880256395,101.78917312621975,95.26786880256395,XGBoost
2025-08-04 17:00:00,28.881227811177336,28.94827592126346,29.696207756845364,32.127147356669184,29.696207756845364,XGBoost
2025-08-04 18:00:00,0.1253196746110875,0.18410848304904073,0.305524697577947,0.1174542009830475,0.305524697577947,XGBoost
2025-08-04 19:00:00,0.0,0.00225349574101794,0.10984030715146775,0.0,0.10984030715146775,XGBoost
2025-08-04 20:00:00,0.0,1.1490344935664848e-06,0.040173783580704,0.0,0.040173783580704,XGBoost
2025-08-04 21:00:00,0.0,1.4289358771064054e-05,0.056568536489081174,0.0,0.056568536489081174,XGBoost
2025-08-04 22:00:00,0.0,6.989178616898738e-06,0.07186368122077456,0.0,0.07186368122077456,XGBoost
2025-08-04 23:00:00,0.0,9.909250678564864e-06,0.09698173842262837,0.0,0.09698173842262837,XGBoost
2025-08-05 00:00:00,0.0,1.1490344935664848e-06,0.08269278880805156,0.0,0.08269278880805156,XGBoost
2025-08-05 01:00:00,0.0,9.909250678564864e-06,0.040394863099123934,0.0,0.040394863099123934,XGBoost
2025-08-05 02:00:00,0.0,2.7429683048561625e-05,0.22867080712566246,0.0,0.22867080712566246,XGBoost
2025-08-05 03:00:00,0.0,6.989178616898738e-06,0.05646133784945005,0.0,0.05646133784945005,XGBoost
2025-08-05 04:00:00,0.0,2.3675304683562315e-05,0.008650412162466785,0.0,0.008650412162466785,XGBoost
2025-08-05 05:00:00,0.0,2.2173553337562594e-05,0.0289263063809164,0.0,0.0289263063809164,XGBoost
2025-08-05 06:00:00,0.0,1.1490344935664848e-06,0.10905976483514038,0.0,0.10905976483514038,XGBoost
2025-08-05 07:00:00,3.9387758324543847,5.053018783258712,5.485094698528852,5.792798995971733,5.485094698528852,XGBoost
2025-08-05 08:00:00,37.57159423828125,38.298044110829935,38.01868058760934,50.58882331848175,38.01868058760934,XGBoost
2025-08-05 10:00:00,165.21168518066,140.35877068054353,147.58128415926157,152.66618347168,147.58128415926157,XGBoost
2025-08-05 11:00:00,181.46058464050125,173.41408669378973,174.6235671597131,172.54771232604875,174.6235671597131,XGBoost
2025-08-05 12:00:00,167.4908440329818,167.83924158386364,166.42956544721685,176.55924155495453,166.42956544721685,XGBoost
2025-08-05 13:00:00,156.09080810547,158.7182955900662,159.2267152175344,162.86372985839802,159.2267152175344,XGBoost
2025-08-05 14:00:00,122.320004781086,128.2789827001759,125.85221889429505,141.73820580376554,125.85221889429505,XGBoost
2025-08-05 15:00:00,121.64253670828657,120.09189924095952,112.01802038191684,144.91914367675858,112.01802038191684,XGBoost
2025-08-05 16:00:00,47.5647950172425,50.369875862941676,48.70103649270005,93.82319068908726,48.70103649270005,XGBoost
2025-08-05 17:00:00,20.995299895604486,16.93141003629533,21.364433759778095,29.1605349779128,21.364433759778095,XGBoost
2025-08-05 18:00:00,0.09088191721174445,0.12017550535405117,0.1197293665630659,0.11139526632096668,0.1197293665630659,XGBoost
2025-08-05 19:00:00,0.0,0.0002964640812880765,0.1809347303356102,0.0,0.1809347303356102,XGBoost
2025-08-05 20:00:00,0.0,2.2173553337562594e-05,0.1970294394446368,0.0,0.1970294394446368,XGBoost
2025-08-05 21:00:00,0.0,7.719196632315268e-06,0.14151707136208677,0.0,0.14151707136208677,XGBoost
2025-08-05 22:00:00,0.0,1.1490344935664848e-06,0.04346228343776134,0.0,0.04346228343776134,XGBoost
2025-08-05 23:00:00,0.0,1.1490344935664848e-06,0.19156659723855743,0.0,0.19156659723855743,XGBoost
2025-08-06 00:00:00,0.0,6.4051642045655125e-06,0.097510427458728,0.0,0.097510427458728,XGBoost
2025-08-06 01:00:00,0.0,1.1490344935664848e-06,0.06230385426889025,0.0,0.06230385426889025,XGBoost
2025-08-06 02:00:00,0.0,1.1490344935664848e-06,0.2339040943022022,0.0,0.2339040943022022,XGBoost
2025-08-06 03:00:00,0.0,1.8669466863563244e-05,0.04469784198010892,0.0,0.04469784198010892,XGBoost
2025-08-06 04:00:00,0.0,1.1490344935664848e-06,0.0241937359293171,0.0,0.0241937359293171,XGBoost
2025-08-06 05:00:00,0.0,2.742968304856162e-05,0.0,0.0,0.0,XGBoost
2025-08-06 06:00:00,0.0,0.07517816153531946,0.07221977857815398,0.0,0.07221977857815398,XGBoost
2025-08-06 07:00:00,1.08953332901,12.41398879579193,8.933546484021646,4.9344375530877995,8.933546484021646,XGBoost
2025-08-06 08:00:00,26.2343883514405,66.63858661339277,72.48317978188523,69.403652191162,72.48317978188523,XGBoost
2025-08-06 09:00:00,44.089566548665495,41.20950032385103,43.02048971237411,127.07952753702834,43.02048971237411,XGBoost
2025-08-06 10:00:00,80.06718880789599,96.42710000186813,101.39866915282414,159.52647835867856,101.39866915282414,XGBoost
2025-08-06 11:00:00,83.1387550354001,77.06095426626332,81.18775775924942,176.839299774169,81.18775775924942,XGBoost
2025-08-06 12:00:00,102.1729248046894,99.2217861330416,100.22676167862804,174.24407348632798,100.22676167862804,XGBoost
2025-08-06 13:00:00,87.33887481689466,113.13787950920107,115.41543765006453,164.78123474121,115.41543765006453,XGBoost
2025-08-06 14:00:00,51.342645818537,49.77731745090132,56.822985542094216,126.22308835116219,56.822985542094216,XGBoost
2025-08-06 15:00:00,32.57504208882667,57.14323121850037,63.368406975108655,129.19137573242,63.368406975108655,XGBoost
2025-08-06 17:00:00,7.643954865634424,17.919266707426218,21.768240381174095,22.030073463916864,21.768240381174095,XGBoost
2025-08-06 18:00:00,0.0,0.63978606539342,0.46821683754209076,0.16358745098114,0.46821683754209076,XGBoost
2025-08-06 19:00:00,0.0,0.0015306337998816874,0.018701800407985938,0.0,0.018701800407985938,XGBoost
2025-08-06 20:00:00,0.0,1.166129391556454e-05,0.4578398752655583,0.0,0.4578398752655583,XGBoost
2025-08-06 21:00:00,0.0,8.657791223565096e-06,0.5502375183733655,0.0,0.5502375183733655,XGBoost
2025-08-06 22:00:00,0.0,5.927334230838328e-06,0.02546011160290107,0.0,0.02546011160290107,XGBoost
2025-08-06 23:00:00,0.0,6.989178616898738e-06,0.10207265351371718,0.0,0.10207265351371718,XGBoost
2025-08-07 00:00:00,0.0,1.1490344935664848e-06,0.13527985044829194,0.0,0.13527985044829194,XGBoost
2025-08-07 01:00:00,0.0,1.1490344935664848e-06,0.05512998505561947,0.0,0.05512998505561947,XGBoost
2025-08-07 02:00:00,0.0,1.1490344935664848e-06,0.07955478149514883,0.0,0.07955478149514883,XGBoost
2025-08-07 03:00:00,0.0,2.3675304683562315e-05,0.04204107449828277,0.0,0.04204107449828277,XGBoost
2025-08-07 04:00:00,0.0,1.1490344935664848e-06,0.2531134378478249,0.0,0.2531134378478249,XGBoost
2025-08-07 05:00:00,0.0,1.2829322740230991e-05,0.07877476263067049,0.0,0.07877476263067049,XGBoost
2025-08-07 06:00:00,0.0,1.1490344935664848e-06,0.09163769918054045,0.0,0.09163769918054045,XGBoost
2025-08-07 07:00:00,0.08296280105908667,0.2568492092031315,0.546171843663965,1.1635367621978034,0.546171843663965,XGBoost
2025-08-07 08:00:00,6.04233059883128,23.929723869788926,24.03748998968282,16.7456745147702,24.03748998968282,XGBoost
2025-08-07 09:00:00,47.908535003661996,59.64855730219988,64.54722123903099,34.227890014648445,64.54722123903099,XGBoost
2025-08-07 10:00:00,65.62291669845575,70.36388767565307,80.93233161577939,63.61986923217762,80.93233161577939,XGBoost
2025-08-07 11:00:00,81.5793746948244,93.04404706720027,107.86589107707906,82.871362304687,107.86589107707906,XGBoost
2025-08-07 12:00:00,75.93502616882326,85.64525165468315,95.10922625755256,97.73017978668263,95.10922625755256,XGBoost
2025-08-07 13:00:00,49.905422846476505,77.03127670465413,90.61472713646906,81.501838684082,90.61472713646906,XGBoost
2025-08-07 14:00:00,73.5880551338195,71.72038945434963,83.85878295350287,51.20642089843763,83.85878295350287,XGBoost
2025-08-07 15:00:00,30.575247049331498,29.369655446187004,38.2171785731835,31.64907979965225,38.2171785731835,XGBoost
2025-08-07 16:00:00,14.458515697055333,16.540680162707304,21.391219845390303,22.51149262322311,21.391219845390303,XGBoost
2025-08-07 17:00:00,4.942231059074375,11.35492888813496,13.095827489976607,7.594514966011025,13.095827489976607,XGBoost
2025-08-07 18:00:00,0.0,1.1490344935664848e-06,0.0,0.0,0.0,XGBoost
2025-08-07 19:00:00,0.0,0.00016521294937940536,0.09332096153355153,0.0,0.09332096153355153,XGBoost
2025-08-07 20:00:00,0.0,8.657791223565096e-06,0.5373997136288625,0.0,0.5373997136288625,XGBoost
2025-08-07 21:00:00,0.0,1.1490344935664848e-06,0.07377284427038483,0.0,0.07377284427038483,XGBoost
2025-08-07 22:00:00,0.0,1.8669466863563244e-05,0.039054267342001,0.0,0.039054267342001,XGBoost
2025-08-07 23:00:00,0.0,2.742968304856162e-05,0.0423850508537097,0.0,0.0423850508537097,XGBoost
2025-08-08 00:00:00,0.0,3.118406141356093e-05,0.056010943485644935,0.0,0.056010943485644935,XGBoost
2025-08-08 02:00:00,0.0,1.1490344935664848e-06,0.0,0.0,0.0,XGBoost
2025-08-08 03:00:00,0.0,3.6189899233560005e-05,0.03156004240584023,0.0,0.03156004240584023,XGBoost
2025-08-08 04:00:00,0.0,5.371033160355676e-05,0.0,0.0,0.0,XGBoost
2025-08-08 05:00:00,0.0,1.866946686356324e-05,0.1287344315771021,0.0,0.1287344315771021,XGBoost
2025-08-08 06:00:00,0.0,0.2695694765473679,0.0,0.0,0.0,XGBoost
2025-08-08 07:00:00,8.3392087817193,10.479166772302737,4.39353018882479,0.15343150496483,4.39353018882479,XGBoost
2025-08-08 08:00:00,72.72777430216483,72.48899104991783,67.20178618746287,5.59492727120725,67.20178618746287,XGBoost
2025-08-08 09:00:00,119.60681915283223,111.6081071761361,108.00252788117994,47.926805284288115,108.00252788117994,XGBoost
2025-08-08 11:00:00,192.15923055013,193.97617285466004,186.02182510066663,93.04901885986199,186.02182510066663,XGBoost
2025-08-08 12:00:00,198.71848551432333,125.65434784882116,145.78142417705942,61.22760645548533,145.78142417705942,XGBoost
2025-08-08 13:00:00,196.08703613281,105.80070452045588,133.7169777530538,46.66187286377,133.7169777530538,XGBoost
2025-08-08 14:00:00,184.084295654296,175.87645690580314,181.21015289851715,82.47722930908239,181.21015289851715,XGBoost
2025-08-08 15:00:00,147.80252583821334,135.96304644315504,128.82008138383824,22.9408181508383,128.82008138383824,XGBoost
2025-08-08 16:00:00,109.1952728271472,93.29379941679278,89.59764219960401,13.289814376830801,89.59764219960401,XGBoost
2025-08-08 17:00:00,32.01781209309883,20.630787478153284,23.979268348071795,4.8857634862263835,23.979268348071795,XGBoost
2025-08-08 18:00:00,0.29264260994063557,0.018391098385669227,0.12322737588830697,0.0,0.12322737588830697,XGBoost
2025-08-08 19:00:00,0.0,0.000370292842986704,0.019093274015910888,0.0,0.019093274015910888,XGBoost
2025-08-08 20:00:00,0.0,1.166129391556454e-05,0.0,0.0,0.0,XGBoost
2025-08-08 21:00:00,0.0,1.4289358771064054e-05,0.08840447243563095,0.0,0.08840447243563095,XGBoost
2025-08-08 22:00:00,0.0,5.371033160355676e-05,0.0,0.0,0.0,XGBoost
2025-08-08 23:00:00,0.0,1.8669466863563244e-05,0.44234720989757137,0.0,0.44234720989757137,XGBoost
2025-08-09 00:00:00,0.0,7.71919663231527e-06,0.19512653364754867,0.0,0.19512653364754867,XGBoost
2025-08-09 01:00:00,0.0,4.620157487355815e-05,0.06564388729412998,0.0,0.06564388729412998,XGBoost
2025-08-09 02:00:00,0.0,1.1490344935664848e-06,0.013950851967420016,0.0,0.013950851967420016,XGBoost
2025-08-09 03:00:00,0.0,1.1490344935664848e-06,0.069061521626622,0.0,0.069061521626622,XGBoost
2025-08-09 04:00:00,0.0,1.1490344935664848e-06,0.0706433954803729,0.0,0.0706433954803729,XGBoost
2025-08-09 05:00:00,0.0,1.1490344935664848e-06,0.07198404185774085,0.0,0.07198404185774085,XGBoost
2025-08-09 06:00:00,0.0,0.03685213570056297,0.23648645356095918,0.0,0.23648645356095918,XGBoost
2025-08-09 07:00:00,6.653160790602343,6.442812506354277,6.071914167581551,5.4027658899625175,6.071914167581551,XGBoost
2025-08-09 08:00:00,66.14183807373064,67.70350420013911,68.40715970707917,62.894053372469905,68.40715970707917,XGBoost
2025-08-09 09:00:00,131.29040418352287,126.76260044342169,126.98603597182,124.916015625,126.98603597182,XGBoost
2025-08-09 10:00:00,163.70389556885,159.00530232012858,159.87883316698512,159.02632904053002,159.87883316698512,XGBoost
2025-08-09 11:00:00,191.23042297363375,188.36908706733985,186.71874787237306,188.20069885254,186.71874787237306,XGBoost
2025-08-09 12:00:00,197.8650970459,190.3302181206352,187.9072265710841,197.15042114258,187.9072265710841,XGBoost
2025-08-09 13:00:00,195.98469034830669,194.06709570433637,192.00062432230843,195.8200607299817,192.00062432230843,XGBoost
2025-08-09 14:00:00,179.46669578552374,177.4093292182762,178.75422479183348,181.8774433135975,178.75422479183348,XGBoost
2025-08-09 15:00:00,147.12747192382898,148.75063404396667,149.605665531944,151.064286804198,149.605665531944,XGBoost
2025-08-09 16:00:00,103.1729118347168,101.69174840290472,100.4669066283059,106.44100875854349,100.4669066283059,XGBoost
2025-08-09 17:00:00,31.4079154133798,32.87743076714803,30.373880292022893,32.25290316343305,30.373880292022893,XGBoost
2025-08-09 18:00:00,0.23302745819091816,0.20310313100609798,0.12013124482336758,0.21864255991849094,0.12013124482336758,XGBoost
2025-08-09 19:00:00,0.0,0.0001652129493794054,0.15631911758110975,0.0,0.15631911758110975,XGBoost
2025-08-09 20:00:00,0.0,8.657791223565096e-06,0.4218887012901387,0.0,0.4218887012901387,XGBoost
2025-08-09 21:00:00,0.0,5.371033160355676e-05,0.0,0.0,0.0,XGBoost
2025-08-09 23:00:00,0.0,1.866946686356324e-05,0.29031989457747537,0.0,0.29031989457747537,XGBoost
2025-08-10 00:00:00,0.0,1.1490344935664848e-06,0.24179140792146125,0.0,0.24179140792146125,XGBoost
2025-08-10 01:00:00,0.0,1.1490344935664848e-06,0.07228805101442284,0.0,0.07228805101442284,XGBoost
2025-08-10 02:00:00,0.0,1.1490344935664848e-06,0.14713758819200937,0.0,0.14713758819200937,XGBoost
2025-08-10 03:00:00,0.0,2.2173553337562594e-05,0.07194892934486198,0.0,0.07194892934486198,XGBoost
2025-08-10 04:00:00,0.0,1.1490344935664848e-06,0.38625962350940646,0.0,0.38625962350940646,XGBoost
2025-08-10 05:00:00,0.0,1.1490344935664848e-06,0.12600355299103633,0.0,0.12600355299103633,XGBoost
2025-08-10 06:00:00,0.0,0.056292529032062194,0.38734720992811505,0.0,0.38734720992811505,XGBoost
2025-08-10 07:00:00,1.8610507647196333,1.5975944910389748,1.6468421695430948,1.6762930552164665,1.6468421695430948,XGBoost
2025-08-10 08:00:00,64.0772399902345,62.89844818430787,65.0099142946348,63.08449554443375,65.0099142946348,XGBoost
2025-08-10 09:00:00,128.91555328369,121.59333490486613,124.40949725471005,128.724466705322,124.40949725471005,XGBoost
2025-08-10 10:00:00,170.0922213467691,167.53044459027277,167.2025759934256,170.82999628240455,167.2025759934256,XGBoost
2025-08-10 11:00:00,196.01532491048332,190.92105836816248,187.37287398240642,194.07327270508003,187.37287398240642,XGBoost
2025-08-10 12:00:00,200.66045052664714,178.63211175184318,172.72782747829442,200.6973942347957,172.72782747829442,XGBoost
2025-08-10 13:00:00,196.57272593180502,193.14861604199953,196.57815768886192,197.23081207275334,196.57815768886192,XGBoost
2025-08-10 14:00:00,180.0409197126114,179.25825915567856,181.68579772622837,179.77670288086142,181.68579772622837,XGBoost
2025-08-10 15:00:00,154.54047393799001,149.33763144805013,152.0194632837569,152.46535237630334,152.0194632837569,XGBoost
2025-08-10 16:00:00,77.633445739746,78.02434409798741,76.33680624711451,76.012741088867,76.33680624711451,XGBoost
2025-08-10 17:00:00,20.673958063125664,26.667648931260857,27.134192603527165,28.465456783771675,27.134192603527165,XGBoost
2025-08-10 18:00:00,0.119536296361022,0.46138568325768525,0.8652973449397927,0.3126103878021244,0.8652973449397927,XGBoost
2025-08-10 19:00:00,0.0,0.0012680275108422553,0.6962420130442002,0.0,0.6962420130442002,XGBoost
2025-08-10 20:00:00,0.0,1.1490344935664848e-06,0.2120279682479204,0.0,0.2120279682479204,XGBoost
2025-08-10 21:00:00,0.0,1.4289358771064054e-05,0.45800631033950945,0.0,0.45800631033950945,XGBoost
2025-08-10 22:00:00,0.0,1.166129391556454e-05,0.11364387318755682,0.0,0.11364387318755682,XGBoost
2025-08-10 23:00:00,0.0,1.6166547953563705e-05,0.10023571310116926,0.0,0.10023571310116926,XGBoost
2025-08-11 00:00:00,0.0,1.1490344935664848e-06,0.0334526823805544,0.0,0.0334526823805544,XGBoost
2025-08-11 01:00:00,0.0,1.166129391556454e-05,0.0026247234754497198,0.0,0.0026247234754497198,XGBoost
2025-08-11 02:00:00,0.0,2.3675304683562315e-05,0.1251923842762422,0.0,0.1251923842762422,XGBoost
2025-08-11 03:00:00,0.0,8.657791223565096e-06,0.10219760759730781,0.0,0.10219760759730781,XGBoost
2025-08-11 04:00:00,0.0,2.742968304856162e-05,0.047701559010030405,0.0,0.047701559010030405,XGBoost
2025-08-11 05:00:00,0.0,8.657791223565096e-06,0.08293552074326983,0.0,0.08293552074326983,XGBoost
2025-08-11 06:00:00,0.0,1.1490344935664848e-06,0.759767198471596,0.0,0.759767198471596,XGBoost
2025-08-11 07:00:00,5.382702536053047,7.076554903290731,6.391935549988915,6.69322872493011,6.391935549988915,XGBoost
2025-08-11 08:00:00,72.16750771658756,73.69271312038542,73.52158877402967,75.17461286272314,73.52158877402967,XGBoost
2025-08-11 09:00:00,115.44796371460102,113.9312619308486,115.7534162258285,133.17760594685834,115.7534162258285,XGBoost
2025-08-11 10:00:00,112.76610981334183,122.23157949726014,126.54974772385458,170.81041648171183,126.54974772385458,XGBoost
2025-08-11 11:00:00,172.86795806884834,183.91523281281502,172.95200476077517,192.32356516520167,172.95200476077517,XGBoost
2025-08-11 13:00:00,192.23139953613,186.4632235465467,186.86566497271664,200.81437683105,186.86566497271664,XGBoost
2025-08-11 14:00:00,153.7014465332,157.8250139997034,168.00843874412675,169.69945526123,168.00843874412675,XGBoost
2025-08-11 15:00:00,108.9943084716796,109.64217035402316,108.62838269763446,153.544201660158,108.62838269763446,XGBoost
2025-08-11 16:00:00,39.12328338623,37.83253597728841,40.77371680966662,88.402847290039,40.77371680966662,XGBoost
2025-08-11 17:00:00,40.556630452474,24.32755349782794,26.227047950998408,34.2335093816123,26.227047950998408,XGBoost
2025-08-11 18:00:00,0.0,0.08390837988401142,0.1822936066038306,0.0,0.1822936066038306,XGBoost
2025-08-11 19:00:00,0.0,1.1490344935664848e-06,0.0727190230557132,0.0,0.0727190230557132,XGBoost
2025-08-11 20:00:00,0.0,1.1490344935664848e-06,0.1114627852644636,0.0,0.1114627852644636,XGBoost
2025-08-11 22:00:00,0.0,1.1490344935664848e-06,0.0291910014579186,0.0,0.0291910014579186,XGBoost
2025-08-11 23:00:00,0.0,1.1490344935664848e-06,0.2369777791614471,0.0,0.2369777791614471,XGBoost
2025-08-12 00:00:00,0.0,5.371033160355676e-05,0.0440429012934942,0.0,0.0440429012934942,XGBoost
2025-08-12 01:00:00,0.0,1.8669466863563244e-05,0.2256786934113645,0.0,0.2256786934113645,XGBoost
2025-08-12 02:00:00,0.0,6.989178616898738e-06,0.2571901238753717,0.0,0.2571901238753717,XGBoost
2025-08-12 03:00:00,0.0,1.1490344935664848e-06,0.30441718289628283,0.0,0.30441718289628283,XGBoost
2025-08-12 04:00:00,0.0,8.657791223565096e-06,0.5204502276036878,0.0,0.5204502276036878,XGBoost
2025-08-12 05:00:00,0.0,1.1490344935664848e-06,0.8592155568928574,0.0,0.8592155568928574,XGBoost
2025-08-12 06:00:00,0.0,1.1490344935664848e-06,0.9844002827426213,0.0,0.9844002827426213,XGBoost
2025-08-12 07:00:00,7.661769008636436,7.701367479136328,8.644455673203243,6.507117676734843,8.644455673203243,XGBoost
2025-08-12 08:00:00,66.02071900801218,66.01993473685665,66.63755505077528,62.466489618474725,66.63755505077528,XGBoost
2025-08-12 09:00:00,127.01939184015545,124.55385159811523,125.8064393223051,107.2659756053588,125.8064393223051,XGBoost
2025-08-12 10:00:00,162.45958518981874,159.54230328861837,161.15618995875133,107.93400764465238,161.15618995875133,XGBoost
2025-08-12 11:00:00,186.04209391276112,178.5370868882338,173.19987660063455,169.2399783664289,173.19987660063455,XGBoost
2025-08-12 12:00:00,198.46874427795376,196.2916201723695,190.12747678952394,177.8865146636975,190.12747678952394,XGBoost
2025-08-12 13:00:00,193.055676269532,190.1718417807955,190.79692513888514,185.3978515625,190.79692513888514,XGBoost
2025-08-12 14:00:00,174.643847147625,163.24796332182765,168.1179844053577,157.27636973063,168.1179844053577,XGBoost
2025-08-12 15:00:00,152.97867838541833,126.61528436021973,127.26653405578229,111.33118947346884,127.26653405578229,XGBoost
2025-08-12 16:00:00,115.568607330325,109.84095304468283,102.62573323077889,70.066612243652,102.62573323077889,XGBoost
2025-08-12 17:00:00,42.298002878824995,47.323069048839415,47.78140732071952,48.25368754069,47.78140732071952,XGBoost
2025-08-12 18:00:00,0.46109824627637624,0.3003017259761198,0.46828852587808406,0.5072152018547,0.46828852587808406,XGBoost
2025-08-12 19:00:00,0.0,0.000642780272557111,0.0,0.0,0.0,XGBoost
2025-08-12 20:00:00,0.0,1.8669466863563244e-05,0.0,0.0,0.0,XGBoost
2025-08-12 21:00:00,0.0,1.1490344935664848e-06,0.0,0.0,0.0,XGBoost
2025-08-13 01:00:00,0.0,1.1490344935664848e-06,0.13824766582597658,0.0,0.13824766582597658,XGBoost
2025-08-13 02:00:00,0.0,1.1490344935664848e-06,0.1594338470642902,0.0,0.1594338470642902,XGBoost
2025-08-13 03:00:00,0.0,1.4289358771064054e-05,0.14668538066971726,0.0,0.14668538066971726,XGBoost
2025-08-13 04:00:00,0.0,1.1490344935664848e-06,0.0344889925085183,0.0,0.0344889925085183,XGBoost
2025-08-13 05:00:00,0.0,1.1490344935664848e-06,0.09569675148066412,0.0,0.09569675148066412,XGBoost
2025-08-13 06:00:00,0.0,0.163947819159111,0.0,0.0,0.0,XGBoost
2025-08-13 09:00:00,141.30218505859,125.12438374426033,130.32631112532493,134.25473022461,130.32631112532493,XGBoost
2025-08-13 10:00:00,166.5664787292475,162.6336361243307,159.9627080430565,161.018745422365,159.9627080430565,XGBoost
2025-08-13 11:00:00,191.05306243896501,190.36491529755045,187.59695274594267,184.28755950928002,187.59695274594267,XGBoost
2025-08-13 12:00:00,203.33249155680167,198.02476449371434,195.30229679136286,198.09927622477167,195.30229679136286,XGBoost
2025-08-13 13:00:00,200.16057777404876,194.3289864420565,194.28803540422672,195.2129135131825,194.28803540422672,XGBoost
2025-08-13 14:00:00,182.8933614095033,174.63015548472276,173.10251820503854,178.55740356445335,173.10251820503854,XGBoost
2025-08-13 17:00:00,22.0630254745485,18.43511003177923,18.824657990466793,25.615180969237997,18.824657990466793,XGBoost
2025-08-13 18:00:00,0.0,0.8607900686109584,0.6845148079473036,0.1413985937833775,0.6845148079473036,XGBoost
2025-08-13 19:00:00,0.0,1.1490344935664848e-06,0.020582374853573237,0.0,0.020582374853573237,XGBoost
2025-08-13 20:00:00,0.0,2.742968304856162e-05,0.0350828142012365,0.0,0.0350828142012365,XGBoost
2025-08-13 21:00:00,0.0,1.1490344935664848e-06,0.21006996919186488,0.0,0.21006996919186488,XGBoost
2025-08-13 22:00:00,0.0,1.1490344935664848e-06,0.0206235923880911,0.0,0.0206235923880911,XGBoost
2025-08-13 23:00:00,0.0,6.989178616898738e-06,0.05326988032636656,0.0,0.05326988032636656,XGBoost
2025-08-14 00:00:00,0.0,1.1490344935664848e-06,0.07171855339093085,0.0,0.07171855339093085,XGBoost
2025-08-14 01:00:00,0.0,1.1490344935664848e-06,0.269777963098803,0.0,0.269777963098803,XGBoost
2025-08-14 02:00:00,0.0,6.989178616898738e-06,0.28310920573858395,0.0,0.28310920573858395,XGBoost
2025-08-14 04:00:00,0.0,1.1490344935664848e-06,0.5243641975260743,0.0,0.5243641975260743,XGBoost
2025-08-14 05:00:00,0.0,2.2173553337562594e-05,0.10959188411729737,0.0,0.10959188411729737,XGBoost
2025-08-14 06:00:00,0.0,0.4587617425249777,0.1854797966869237,0.0,0.1854797966869237,XGBoost
2025-08-14 07:00:00,27.886903762817,25.85415908005291,27.177048706573228,25.222063064575,27.177048706573228,XGBoost
2025-08-14 08:00:00,96.54682350158575,91.19516653287434,92.54655485457424,91.97654342651376,92.54655485457424,XGBoost
2025-08-14 09:00:00,142.611919403075,138.62711973067667,136.98396350472177,139.7042846679675,136.98396350472177,XGBoost
2025-08-14 10:00:00,173.36058553060002,169.65247625359552,170.33819800115072,169.235712687175,170.33819800115072,XGBoost
2025-08-14 11:00:00,194.87785339355287,193.43553639892966,190.03833042551946,191.39031110491143,190.03833042551946,XGBoost
2025-08-14 12:00:00,203.925888061524,200.53773721620001,198.89594348138516,200.455477905272,198.89594348138516,XGBoost
2025-08-14 13:00:00,192.81170654297,194.94092815520088,197.04427721564676,194.93771362305,197.04427721564676,XGBoost
2025-08-14 14:00:00,180.598931884766,178.2325091986771,177.08402419193274,182.65049743652202,177.08402419193274,XGBoost
2025-08-14 15:00:00,150.95237986246835,146.13502170400082,145.69656105294868,150.85706329345666,145.69656105294868,XGBoost
2025-08-14 16:00:00,102.02974828084284,96.82872685355225,97.121684085219,100.97315724690766,97.121684085219,XGBoost
2025-08-14 17:00:00,55.465115865071674,48.03865852978863,48.12815730211458,54.85461552937833,48.12815730211458,XGBoost
2025-08-14 18:00:00,0.0,0.0004370264515018,0.3076503847240842,0.0,0.3076503847240842,XGBoost
2025-08-14 20:00:00,0.0,1.1490344935664848e-06,0.0568952384500821,0.0,0.0568952384500821,XGBoost
2025-08-14 21:00:00,0.0,1.1490344935664848e-06,0.0,0.0,0.0,XGBoost
2025-08-14 22:00:00,0.0,2.742968304856162e-05,0.44606175208951354,0.0,0.44606175208951354,XGBoost
2025-08-14 23:00:00,0.0,1.1490344935664848e-06,0.0999031609647381,0.0,0.0999031609647381,XGBoost
2025-08-15 00:00:00,0.0,1.1490344935664848e-06,0.0391116613461271,0.0,0.0391116613461271,XGBoost
2025-08-15 01:00:00,0.0,1.1490344935664848e-06,0.0,0.0,0.0,XGBoost
2025-08-15 02:00:00,0.0,1.1490344935664848e-06,0.0,0.0,0.0,XGBoost
2025-08-15 03:00:00,0.0,9.909250678564864e-06,0.027084320288020967,0.0,0.027084320288020967,XGBoost
2025-08-15 04:00:00,0.0,1.1490344935664848e-06,0.02940630523389124,0.0,0.02940630523389124,XGBoost
2025-08-15 05:00:00,0.0,1.1490344935664848e-06,0.08553832555043668,0.0,0.08553832555043668,XGBoost
2025-08-15 06:00:00,0.0,1.1490344935664848e-06,0.2294948257582169,0.0,0.2294948257582169,XGBoost
2025-08-15 07:00:00,14.775094062089938,14.061415424261916,13.564639574721532,13.99757382273665,13.564639574721532,XGBoost
2025-08-15 08:00:00,77.48631945523363,74.80043981085983,71.7138792378527,76.50256521051527,71.7138792378527,XGBoost
2025-08-15 09:00:00,137.20929794311502,134.9143977445518,133.93477725390525,136.733924865722,133.93477725390525,XGBoost
2025-08-15 10:00:00,169.593127441406,167.02081553757765,164.81192262756554,172.173110961915,164.81192262756554,XGBoost
2025-08-15 11:00:00,190.55487823486249,182.1440020991775,178.08237726470645,193.8491802215575,178.08237726470645,XGBoost
2025-08-15 12:00:00,204.16278076172,196.77650248239345,197.867806731184,204.05133056641,197.867806731184,XGBoost
2025-08-15 13:00:00,201.750984191895,165.72257933639457,148.74354498681174,199.27417755127,148.74354498681174,XGBoost
2025-08-15 14:00:00,182.27040100097668,165.35880162296928,166.26319721399798,180.48504130045333,166.26319721399798,XGBoost
2025-08-15 15:00:00,168.147857666015,148.02366513761535,137.80711439843324,167.20184326172,137.80711439843324,XGBoost
2025-08-15 16:00:00,106.12719268798818,102.12233995538296,101.28799673750837,104.9061813354516,101.28799673750837,XGBoost
2025-08-15 17:00:00,27.4813437461855,22.414364946177205,22.148008319752638,27.18812108039875,22.148008319752638,XGBoost
2025-08-15 18:00:00,0.290938258171075,0.12978221341499294,0.16660481752573583,0.251652359962475,0.16660481752573583,XGBoost
2025-08-15 19:00:00,0.0,1.1490344935664848e-06,0.3601441087949488,0.0,0.3601441087949488,XGBoost
2025-08-15 20:00:00,0.0,1.1490344935664848e-06,0.3038019695910722,0.0,0.3038019695910722,XGBoost
2025-08-15 21:00:00,0.0,1.4289358771064054e-05,0.0,0.0,0.0,XGBoost
2025-08-15 22:00:00,0.0,1.282932274023099e-05,0.10205661459912257,0.0,0.10205661459912257,XGBoost
2025-08-15 23:00:00,0.0,1.1490344935664848e-06,0.0,0.0,0.0,XGBoost
2025-08-16 00:00:00,0.0,1.1490344935664848e-06,0.4540801133484644,0.0,0.4540801133484644,XGBoost
2025-08-16 02:00:00,0.0,1.1490344935664848e-06,0.08458246126260403,0.0,0.08458246126260403,XGBoost
2025-08-16 03:00:00,0.0,1.1490344935664848e-06,0.11528761191351038,0.0,0.11528761191351038,XGBoost
2025-08-16 04:00:00,0.0,1.4289358771064054e-05,0.1016101119417643,0.0,0.1016101119417643,XGBoost
2025-08-16 05:00:00,0.0,8.657791223565096e-06,0.07115664656401212,0.0,0.07115664656401212,XGBoost
2025-08-16 06:00:00,0.0,0.022787786415367346,0.12387108493294495,0.0,0.12387108493294495,XGBoost
2025-08-16 07:00:00,8.47153092424063,12.463817104603706,10.444588282839856,8.91260294616222,10.444588282839856,XGBoost
2025-08-16 08:00:00,73.17395945957699,71.91347671277737,73.19737403530992,75.09568405151387,73.19737403530992,XGBoost
2025-08-16 09:00:00,136.159185791016,130.31398875076326,129.17499111631963,133.258425903322,129.17499111631963,XGBoost
2025-08-16 10:00:00,184.52987670898,173.84959041196498,176.9658265712419,176.70896911621,176.9658265712419,XGBoost
2025-08-16 11:00:00,200.31082407633335,193.55006662415397,190.80166872947416,192.41739908854166,190.80166872947416,XGBoost
2025-08-16 12:00:00,208.52094268799,201.7528891947101,199.22469946050896,203.39041900635,199.22469946050896,XGBoost
2025-08-16 13:00:00,205.46641286214165,200.25309073229218,197.7285820769531,201.29298909505334,197.7285820769531,XGBoost
2025-08-16 14:00:00,184.92462921142499,181.24869161912542,180.60355520881387,183.51083374023497,180.60355520881387,XGBoost
2025-08-16 15:00:00,152.41146545409998,145.05054190552124,145.16520363335727,151.382452392578,145.16520363335727,XGBoost
2025-08-16 16:00:00,100.4228820800772,96.45014682636324,100.27851116889045,101.3862411499038,100.27851116889045,XGBoost
2025-08-16 19:00:00,0.0,1.1490344935664848e-06,0.042127099988984035,0.0,0.042127099988984035,XGBoost
2025-08-16 20:00:00,0.0,1.1490344935664848e-06,0.024231789449202,0.0,0.024231789449202,XGBoost
2025-08-16 21:00:00,0.0,1.1490344935664848e-06,0.11146653446391634,0.0,0.11146653446391634,XGBoost
2025-08-16 22:00:00,0.0,1.1490344935664848e-06,0.21839019685409738,0.0,0.21839019685409738,XGBoost
2025-08-16 23:00:00,0.0,1.1490344935664848e-06,0.6918032954259399,0.0,0.6918032954259399,XGBoost
2025-08-17 00:00:00,0.0,2.7429683048561625e-05,0.5773694484166914,0.0,0.5773694484166914,XGBoost
2025-08-17 01:00:00,0.0,1.1490344935664848e-06,1.0796148877789042,0.0,1.0796148877789042,XGBoost
2025-08-17 02:00:00,0.0,1.166129391556454e-05,1.4275847730616598,0.0,1.4275847730616598,XGBoost
2025-08-17 03:00:00,0.0,5.927334230838329e-06,0.3227076167050841,0.0,0.3227076167050841,XGBoost
2025-08-17 04:00:00,0.0,1.1490344935664848e-06,0.364833093187621,0.0,0.364833093187621,XGBoost
2025-08-17 05:00:00,0.0,1.1490344935664848e-06,0.009792893564415933,0.0,0.009792893564415933,XGBoost
2025-08-17 06:00:00,0.0,1.1490344935664848e-06,0.145288314315275,0.0,0.145288314315275,XGBoost
2025-08-17 07:00:00,13.753347551822676,12.418852624064012,13.032830459459191,11.777812391519387,13.032830459459191,XGBoost
2025-08-17 08:00:00,78.2632061351431,74.49227410484144,76.83119446206275,74.3316785638981,76.83119446206275,XGBoost
2025-08-17 09:00:00,126.27696838378999,118.63720163292187,127.70232665043065,125.44364013672,127.70232665043065,XGBoost
2025-08-17 10:00:00,179.891105651855,175.86653607165923,174.24970853170095,176.98727416992,174.24970853170095,XGBoost
2025-08-17 11:00:00,200.63902282714713,195.45926014736307,193.20832620810162,197.5147138323086,193.20832620810162,XGBoost
2025-08-17 12:00:00,210.83659701877113,202.02933231407007,201.5115745371243,208.59686957465223,201.5115745371243,XGBoost
2025-08-17 13:00:00,206.53665597098285,200.1197947110388,198.33179811998534,204.33546229771,198.33179811998534,XGBoost
2025-08-17 14:00:00,188.57053527832,177.15007013962284,180.1558493234906,185.489062499999,180.1558493234906,XGBoost
2025-08-17 15:00:00,158.62306213379,152.97087478173208,152.03005865086214,155.60444779829547,152.03005865086214,XGBoost
2025-08-17 16:00:00,108.3847724914561,106.21412028589066,106.04970708530155,106.36560363769482,106.04970708530155,XGBoost
2025-08-17 17:00:00,39.850296974182,35.11743004986916,37.25866150279846,39.17813301086425,37.25866150279846,XGBoost
2025-08-17 18:00:00,0.0,1.1490344935664848e-06,0.20194653092347323,0.0,0.20194653092347323,XGBoost
2025-08-17 19:00:00,0.0,1.1490344935664848e-06,0.052060030059522505,0.0,0.052060030059522505,XGBoost
2025-08-17 20:00:00,0.0,1.1490344935664848e-06,0.0,0.0,0.0,XGBoost
2025-08-17 21:00:00,0.0,1.616654795356371e-05,0.09567629779685775,0.0,0.09567629779685775,XGBoost
2025-08-17 22:00:00,0.0,1.1490344935664848e-06,0.25714455155545335,0.0,0.25714455155545335,XGBoost
2025-08-17 23:00:00,0.0,6.4051642045655125e-06,0.049644535407932434,0.0,0.049644535407932434,XGBoost
2025-08-18 00:00:00,0.0,7.719196632315268e-06,0.13094691703730885,0.0,0.13094691703730885,XGBoost
2025-08-18 01:00:00,0.0,1.1490344935664848e-06,0.12401984242693449,0.0,0.12401984242693449,XGBoost
2025-08-18 02:00:00,0.0,1.1490344935664848e-06,0.6720458506444418,0.0,0.6720458506444418,XGBoost
2025-08-18 03:00:00,0.0,1.166129391556454e-05,0.0059647611107474605,0.0,0.0059647611107474605,XGBoost
2025-08-18 04:00:00,0.0,1.1490344935664848e-06,0.0040231897822881665,0.0,0.0040231897822881665,XGBoost
2025-08-18 05:00:00,0.0,1.8669466863563244e-05,0.03318601061966502,0.0,0.03318601061966502,XGBoost
2025-08-18 06:00:00,0.0,0.07129270254985128,0.3065245366530316,0.0,0.3065245366530316,XGBoost
2025-08-18 07:00:00,9.056017756462003,10.771114852278505,10.023902782380999,9.044896589385141,10.023902782380999,XGBoost
2025-08-18 08:00:00,83.60186449686749,77.56993927840108,78.91266687378362,83.18276786804249,78.91266687378362,XGBoost
2025-08-18 09:00:00,133.4250717163075,127.60478927403167,126.5606500041065,131.743589401245,126.5606500041065,XGBoost
2025-08-18 10:00:00,180.09204101562332,178.40348321581936,174.96271878702666,180.15282694498669,174.96271878702666,XGBoost
2025-08-18 11:00:00,198.849254608155,190.47300864470895,187.33311925412244,203.46389961242625,187.33311925412244,XGBoost
2025-08-18 12:00:00,207.3413696289075,192.7055275543413,187.67038678711236,211.04814529418874,187.67038678711236,XGBoost
2025-08-18 13:00:00,195.68914031982376,193.23678040480058,180.94448275278654,208.407331466675,180.94448275278654,XGBoost
2025-08-18 14:00:00,181.50305684407667,173.32105615576293,175.803128525631,193.67837015787998,175.803128525631,XGBoost
2025-08-18 15:00:00,116.01489715576182,113.85593023149738,121.58964900488635,156.58495788574402,121.58964900488635,XGBoost
2025-08-18 16:00:00,94.86870066324799,96.01480591102894,86.462577081481,117.76888020833333,86.462577081481,XGBoost
2025-08-18 17:00:00,31.6441230773925,39.812412492467836,45.14905879671208,54.8058071136475,45.14905879671208,XGBoost
2025-08-18 18:00:00,0.0,1.1490344935664848e-06,0.0283828869360453,0.0,0.0283828869360453,XGBoost
2025-08-18 19:00:00,0.0,1.1490344935664848e-06,0.033403286631912735,0.0,0.033403286631912735,XGBoost
2025-08-18 20:00:00,0.0,1.1490344935664848e-06,0.03061067632689758,0.0,0.03061067632689758,XGBoost
2025-08-18 21:00:00,0.0,1.1490344935664848e-06,0.0095827253223458,0.0,0.0095827253223458,XGBoost
2025-08-18 22:00:00,0.0,6.989178616898738e-06,0.19995439164839748,0.0,0.19995439164839748,XGBoost
2025-08-18 23:00:00,0.0,2.742968304856162e-05,0.531896833324254,0.0,0.531896833324254,XGBoost
2025-08-19 00:00:00,0.0,1.4289358771064054e-05,0.6593159990746715,0.0,0.6593159990746715,XGBoost
2025-08-19 01:00:00,0.0,1.6917423626563567e-05,0.6099861191098623,0.0,0.6099861191098623,XGBoost
2025-08-19 02:00:00,0.0,7.719196632315268e-06,0.7595316745763,0.0,0.7595316745763,XGBoost
2025-08-19 03:00:00,0.0,1.1490344935664848e-06,0.24842647744748422,0.0,0.24842647744748422,XGBoost
2025-08-19 04:00:00,0.0,1.4289358771064054e-05,0.19311724280288364,0.0,0.19311724280288364,XGBoost
2025-08-19 05:00:00,0.0,4.057000732605919e-05,0.14372508012876226,0.0,0.14372508012876226,XGBoost
2025-08-19 06:00:00,0.0,0.2310633368474954,0.10062213956263948,0.0,0.10062213956263948,XGBoost
2025-08-19 07:00:00,0.0,1.1490344935664848e-06,0.0,0.0,0.0,XGBoost
2025-08-19 08:00:00,78.493324279785,77.47975928543114,74.67623176907958,74.678527832031,74.67623176907958,XGBoost
2025-08-19 09:00:00,140.97887674967333,135.7707336033199,134.41760842689658,135.82504272460667,134.41760842689658,XGBoost
2025-08-19 10:00:00,193.4535369873,186.4720512322968,184.03731936734528,191.94496154785,184.03731936734528,XGBoost
2025-08-19 11:00:00,207.52878679547857,186.0945596255517,177.30247353146888,201.9536111014243,177.30247353146888,XGBoost
2025-08-19 12:00:00,213.080787658695,201.8850426101787,202.28410579618048,209.097175598145,202.28410579618048,XGBoost
2025-08-19 13:00:00,208.095664978025,173.34744885203452,175.4157623386132,195.99201965332,175.4157623386132,XGBoost
2025-08-19 14:00:00,190.67522430420001,144.47420283459368,147.76136616515902,183.58869934082,147.76136616515902,XGBoost
2025-08-19 15:00:00,160.27963447570875,147.18125216058814,150.3962934869294,132.8432035446175,150.3962934869294,XGBoost
2025-08-19 16:00:00,120.6332138061518,114.69789971591081,110.8474040854165,99.4616821289054,110.8474040854165,XGBoost
2025-08-19 17:00:00,56.4068994522095,38.982432380824186,42.245401887379636,32.4360876083375,42.245401887379636,XGBoost
2025-08-19 18:00:00,2.1352814038594667,1.489004057494143,0.8721682068684983,1.4860574404398665,0.8721682068684983,XGBoost
2025-08-19 19:00:00,0.0,1.1490344935664848e-06,0.12577220730963007,0.0,0.12577220730963007,XGBoost
2025-08-19 20:00:00,0.0,8.657791223565096e-06,0.22666414601844748,0.0,0.22666414601844748,XGBoost
2025-08-19 21:00:00,0.0,6.4051642045655125e-06,0.4425261644585591,0.0,0.4425261644585591,XGBoost
2025-08-19 22:00:00,0.0,5.529142586065674e-06,0.5242068654027523,0.0,0.5242068654027523,XGBoost
2025-08-19 23:00:00,0.0,1.1490344935664848e-06,0.37297614052059386,0.0,0.37297614052059386,XGBoost
2025-08-20 00:00:00,0.0,7.71919663231527e-06,0.5499374462769836,0.0,0.5499374462769836,XGBoost
2025-08-20 01:00:00,0.0,3.6189899233560005e-05,0.3242709699517137,0.0,0.3242709699517137,XGBoost
2025-08-20 02:00:00,0.0,1.1490344935664848e-06,0.4662631935052792,0.0,0.4662631935052792,XGBoost
2025-08-20 03:00:00,0.0,1.4289358771064054e-05,0.3773736906743612,0.0,0.3773736906743612,XGBoost
2025-08-20 04:00:00,0.0,1.1490344935664848e-06,0.14065110632538572,0.0,0.14065110632538572,XGBoost
2025-08-20 05:00:00,0.0,1.4289358771064054e-05,0.13128681107434131,0.0,0.13128681107434131,XGBoost
2025-08-20 06:00:00,0.0,0.02004018724826798,0.16177250535598914,0.0,0.16177250535598914,XGBoost
2025-08-20 07:00:00,6.719388638223886,9.759630611045003,9.324329340128756,6.659161976405528,9.324329340128756,XGBoost
2025-08-20 08:00:00,93.1578407287595,88.32845088911787,89.0691567843204,92.212162017822,89.0691567843204,XGBoost
2025-08-20 09:00:00,138.61567905970858,134.14859174621301,132.97831168358462,138.31499481201143,132.97831168358462,XGBoost
2025-08-20 10:00:00,185.61846923828,177.75906261626287,177.36987555708902,186.17196960449002,177.36987555708902,XGBoost
2025-08-20 11:00:00,204.59352111816287,196.57540976962557,194.01382675680105,205.34063502720284,194.01382675680105,XGBoost
2025-08-20 12:00:00,211.264642333984,201.99339067504133,200.60047189673338,213.66781311035402,200.60047189673338,XGBoost
2025-08-20 13:00:00,207.651569366455,201.0841343335671,200.66534198548067,210.50846099853499,200.66534198548067,XGBoost
2025-08-20 14:00:00,187.752899169925,169.2555746900166,174.12675109377147,188.789642333985,174.12675109377147,XGBoost
2025-08-20 15:00:00,155.34777323405,147.15976166123784,147.89365392665295,157.13300832112665,147.89365392665295,XGBoost
2025-08-20 16:00:00,106.28474044799725,100.95731960537417,99.53248080832218,108.60027885436975,99.53248080832218,XGBoost
2025-08-20 17:00:00,62.011688232422,55.969641792291824,58.416325911357006,62.731348991394,58.416325911357006,XGBoost
2025-08-20 18:00:00,1.157560378313075,0.8883817165056077,0.6664171457033122,1.100149393081675,0.6664171457033122,XGBoost
2025-08-20 19:00:00,0.0,0.0004386528075224702,0.4151290232711212,0.0,0.4151290232711212,XGBoost
2025-08-20 20:00:00,0.0,3.0349755110227747e-05,0.2522508050469414,0.0,0.2522508050469414,XGBoost
2025-08-20 21:00:00,0.0,9.909250678564864e-06,0.011793343473241983,0.0,0.011793343473241983,XGBoost
2025-08-20 22:00:00,0.0,7.719196632315268e-06,0.007547562305378612,0.0,0.007547562305378612,XGBoost
2025-08-20 23:00:00,0.0,1.6166547953563705e-05,0.0305377162515713,0.0,0.0305377162515713,XGBoost
2025-08-21 00:00:00,0.0,6.4051642045655125e-06,0.23494444248990737,0.0,0.23494444248990737,XGBoost
2025-08-21 01:00:00,0.0,1.4289358771064054e-05,0.10225235575039665,0.0,0.10225235575039665,XGBoost
2025-08-21 02:00:00,0.0,1.1490344935664848e-06,0.0,0.0,0.0,XGBoost
2025-08-21 03:00:00,0.0,1.8669466863563244e-05,0.0,0.0,0.0,XGBoost
2025-08-21 04:00:00,0.0,9.909250678564865e-06,0.01226737840851085,0.0,0.01226737840851085,XGBoost
2025-08-21 05:00:00,0.0,9.909250678564864e-06,0.06281587474607568,0.0,0.06281587474607568,XGBoost
2025-08-21 06:00:00,0.0,0.08197448409680227,0.6381510825897215,0.0,0.6381510825897215,XGBoost
2025-08-21 07:00:00,10.3390600681305,9.69032155677846,13.01408222962256,9.99617433547975,13.01408222962256,XGBoost
2025-08-21 08:00:00,71.545930226643,69.39047044311026,74.45896481785572,72.11937586466533,74.45896481785572,XGBoost
2025-08-21 09:00:00,138.15913899739667,143.12111944475032,139.5940689355055,143.16870456271778,139.5940689355055,XGBoost
2025-08-21 10:00:00,173.58857727050668,167.8122937007457,166.268725543395,180.76366933187,166.268725543395,XGBoost
2025-08-21 11:00:00,198.82968902587498,198.39358461115796,194.54026853180372,206.503356933595,194.54026853180372,XGBoost
2025-08-21 12:00:00,202.660163879395,190.43270935549089,195.65285045720137,211.10229682922375,195.65285045720137,XGBoost
2025-08-21 13:00:00,198.2565951877189,184.68558620280862,189.47999308858536,206.17135111490887,189.47999308858536,XGBoost
2025-08-21 14:00:00,185.97237141927167,173.78731827298304,174.07597069508702,192.77262878418,174.07597069508702,XGBoost
2025-08-21 15:00:00,142.282722473145,143.0401492131387,132.77776574752568,146.004348754885,132.77776574752568,XGBoost
2025-08-21 16:00:00,100.5455856323245,97.54965468603751,88.64417913899683,104.566986083983,88.64417913899683,XGBoost
2025-08-21 17:00:00,20.949774424235,25.498223480554447,21.78659906753693,22.214464823404665,21.78659906753693,XGBoost
2025-08-21 18:00:00,0.0,1.1490344935664848e-06,0.0,0.0,0.0,XGBoost
2025-08-21 19:00:00,0.0,1.1490344935664848e-06,0.32162938627820564,0.0,0.32162938627820564,XGBoost
2025-08-21 20:00:00,0.0,1.1490344935664848e-06,0.11770201912393984,0.0,0.11770201912393984,XGBoost
2025-08-21 21:00:00,0.0,5.529142586065674e-06,0.029626804352686414,0.0,0.029626804352686414,XGBoost
2025-08-21 22:00:00,0.0,1.1490344935664848e-06,0.025772192503863353,0.0,0.025772192503863353,XGBoost
2025-08-21 23:00:00,0.0,8.657791223565094e-06,0.04544503228598507,0.0,0.04544503228598507,XGBoost
2025-08-22 00:00:00,0.0,8.657791223565094e-06,0.0,0.0,0.0,XGBoost
2025-08-22 01:00:00,0.0,1.1490344935664848e-06,0.12731727650088756,0.0,0.12731727650088756,XGBoost
2025-08-22 02:00:00,0.0,1.1490344935664848e-06,0.03852336391778022,0.0,0.03852336391778022,XGBoost
2025-08-22 03:00:00,0.0,1.6166547953563705e-05,0.14609981039135092,0.0,0.14609981039135092,XGBoost
2025-08-22 04:00:00,0.0,9.909250678564864e-06,0.10626278372873603,0.0,0.10626278372873603,XGBoost
2025-08-22 05:00:00,0.0,1.1490344935664848e-06,0.0988250971259134,0.0,0.0988250971259134,XGBoost
2025-08-22 06:00:00,0.0,1.1490344935664848e-06,0.11527608095182394,0.0,0.11527608095182394,XGBoost
2025-08-22 07:00:00,13.503925919532774,20.029775525615644,18.0724377335148,13.342642650008187,18.0724377335148,XGBoost
2025-08-22 08:00:00,83.67201614379945,79.84033396345465,80.06460255643442,83.35650338066922,80.06460255643442,XGBoost
2025-08-22 09:00:00,134.207196807861,134.61268848746238,132.1924556192379,134.688945007325,132.1924556192379,XGBoost
2025-08-22 10:00:00,171.74233500162666,172.86129459117237,168.25225542403436,174.79384867349998,168.25225542403436,XGBoost
2025-08-22 11:00:00,190.635518391925,176.77610227046353,170.2069221515603,196.32266998291,170.2069221515603,XGBoost
2025-08-22 12:00:00,197.4574030095873,193.0217951376969,192.08996637051757,202.87083851207362,192.08996637051757,XGBoost
2025-08-22 13:00:00,195.08948771158998,194.33215142347737,191.71787945908474,199.2716776529967,191.71787945908474,XGBoost
2025-08-22 14:00:00,179.406024169922,178.03426845506175,176.12955372682475,181.816564941408,176.12955372682475,XGBoost
2025-08-22 15:00:00,148.31806291852715,146.44950875820595,145.27681787046473,150.56424604143285,145.27681787046473,XGBoost
2025-08-22 16:00:00,103.13069915771511,100.17269315639334,100.98732803724863,103.21510145399277,100.98732803724863,XGBoost
2025-08-22 17:00:00,39.06362321641722,35.41697417386772,35.63823253547013,38.233497619628885,35.63823253547013,XGBoost
2025-08-22 18:00:00,0.7578747645020468,0.6112854443061545,0.9540717611305237,0.7655980090300201,0.9540717611305237,XGBoost
2025-08-22 19:00:00,0.0,7.669319215549427e-05,0.08543273381701245,0.0,0.08543273381701245,XGBoost
2025-08-22 20:00:00,0.0,7.71919663231527e-06,0.020148709013497926,0.0,0.020148709013497926,XGBoost
2025-08-22 21:00:00,0.0,8.657791223565096e-06,0.03211114910086016,0.0,0.03211114910086016,XGBoost
2025-08-22 22:00:00,0.0,8.657791223565096e-06,0.115901108139136,0.0,0.115901108139136,XGBoost
2025-08-22 23:00:00,0.0,1.1490344935664848e-06,0.030281362361253,0.0,0.030281362361253,XGBoost
2025-08-23 00:00:00,0.0,1.1490344935664848e-06,0.0460986934858825,0.0,0.0460986934858825,XGBoost
2025-08-23 01:00:00,0.0,7.719196632315268e-06,0.1496068048624872,0.0,0.1496068048624872,XGBoost
2025-08-23 02:00:00,0.0,5.529142586065674e-06,0.06224297496460509,0.0,0.06224297496460509,XGBoost
2025-08-23 03:00:00,0.0,1.1490344935664848e-06,0.17499639588142507,0.0,0.17499639588142507,XGBoost
2025-08-23 04:00:00,0.0,1.0705633968110171e-05,0.12948825386036755,0.0,0.12948825386036755,XGBoost
2025-08-23 05:00:00,0.0,8.657791223565096e-06,0.09556066386457276,0.0,0.09556066386457276,XGBoost
2025-08-23 06:00:00,0.0,0.03326710362264431,0.21169198429468464,0.0,0.21169198429468464,XGBoost
2025-08-23 07:00:00,15.622365635633571,12.061024569946673,12.53603375774209,9.161836051940941,12.53603375774209,XGBoost
2025-08-23 08:00:00,78.31000645955426,74.08347055570147,74.61859842803315,69.32314682006817,74.61859842803315,XGBoost
2025-08-23 09:00:00,134.62443669637085,131.81158842884992,129.74905482416028,130.01477686564166,129.74905482416028,XGBoost
2025-08-23 10:00:00,175.0682576497411,170.60103720504014,168.32792720283024,169.7933705647789,168.32792720283024,XGBoost
2025-08-23 11:00:00,195.67097056995635,191.61097962399933,187.93309701369452,188.54138183593633,187.93309701369452,XGBoost
2025-08-23 12:00:00,203.09374618530168,195.73785533425314,194.1343532558736,197.0886294047025,194.1343532558736,XGBoost
2025-08-23 13:00:00,198.4521382649733,193.01395173120363,193.58964904130573,195.0852644178611,193.58964904130573,XGBoost
2025-08-23 14:00:00,181.36601950905546,179.08971622523597,175.83840018095725,182.82703469016454,175.83840018095725,XGBoost
2025-08-23 15:00:00,150.7796963778409,149.36189748824532,139.19800933458188,154.57633139870362,139.19800933458188,XGBoost
2025-08-23 16:00:00,105.65748023986642,107.75489635884396,103.88718677901072,115.26315180460716,103.88718677901072,XGBoost
2025-08-23 17:00:00,41.59037025769542,37.22520777854212,41.31175321404751,53.75022411346441,41.31175321404751,XGBoost
2025-08-23 18:00:00,0.8059286947051659,1.221769014718875,1.5042796471670348,3.0231157516439637,1.5042796471670348,XGBoost
2025-08-23 19:00:00,0.0,1.1490344935664848e-06,0.11957606828637153,0.0,0.11957606828637153,XGBoost
2025-08-23 20:00:00,0.0,1.1490344935664848e-06,0.062391165638150795,0.0,0.062391165638150795,XGBoost
2025-08-23 21:00:00,0.0,1.1490344935664848e-06,0.07380133826625768,0.0,0.07380133826625768,XGBoost
2025-08-23 22:00:00,0.0,1.1490344935664848e-06,0.048700452932111095,0.0,0.048700452932111095,XGBoost
2025-08-23 23:00:00,0.0,1.1490344935664848e-06,0.06787329418259765,0.0,0.06787329418259765,XGBoost
2025-08-24 00:00:00,0.0,1.1490344935664848e-06,0.11038645992450462,0.0,0.11038645992450462,XGBoost
2025-08-24 01:00:00,0.0,1.1490344935664848e-06,0.06490719714839632,0.0,0.06490719714839632,XGBoost
2025-08-24 02:00:00,0.0,1.1490344935664848e-06,0.17933603900588724,0.0,0.17933603900588724,XGBoost
2025-08-24 03:00:00,0.0,1.1490344935664848e-06,0.0693532485747357,0.0,0.0693532485747357,XGBoost
2025-08-24 04:00:00,0.0,1.1490344935664848e-06,0.0,0.0,0.0,XGBoost
2025-08-24 05:00:00,0.0,1.1490344935664848e-06,0.14833965923096673,0.0,0.14833965923096673,XGBoost
2025-08-24 06:00:00,0.0,1.1490344935664848e-06,0.24934060074144695,0.0,0.24934060074144695,XGBoost
2025-08-24 07:00:00,15.062156365563455,15.074792184958964,16.224651771022703,14.960090215007519,16.224651771022703,XGBoost
2025-08-24 08:00:00,79.54068311055516,77.02469783858756,78.89508011534522,78.31000645955426,78.89508011534522,XGBoost
2025-08-24 09:00:00,135.40341059366918,133.46859058163173,133.73999480488075,134.62443669637085,133.73999480488075,XGBoost
2025-08-24 10:00:00,171.06435139974084,170.94352713083583,168.47689535920534,172.4025217692067,168.47689535920534,XGBoost
2025-08-24 11:00:00,191.60439046223917,191.91769866726565,189.06541946770824,195.92488098144418,189.06541946770824,XGBoost
2025-08-24 12:00:00,198.740882873535,195.3619414635103,192.85515124613195,203.09374618530168,192.85515124613195,XGBoost
2025-08-24 13:00:00,193.810647328695,194.09802711317204,192.48705983985926,198.34779993693,192.48705983985926,XGBoost
2025-08-24 14:00:00,176.86440658569416,177.85448212705114,175.11381368623677,181.6257197062175,175.11381368623677,XGBoost
2025-08-24 15:00:00,147.57831954956083,146.69175365748043,144.74293888102662,150.96087773640917,144.74293888102662,XGBoost
2025-08-24 16:00:00,103.67466100056924,102.63344409183968,102.21742734114804,105.65748023986642,102.21742734114804,XGBoost
2025-08-24 17:00:00,40.54033772150675,37.30263023588111,36.916422797640706,41.59037025769542,36.916422797640706,XGBoost
2025-08-24 18:00:00,0.7870629467070093,0.6548862348870952,0.38816045470177835,0.8059286947051659,0.38816045470177835,XGBoost
2025-08-24 19:00:00,0.0,1.1490344935664848e-06,0.10313675415620409,0.0,0.10313675415620409,XGBoost
2025-08-24 20:00:00,0.0,1.1490344935664848e-06,0.15232779379328973,0.0,0.15232779379328973,XGBoost
2025-08-24 21:00:00,0.0,1.1490344935664848e-06,0.06286156006743775,0.0,0.06286156006743775,XGBoost
2025-08-24 22:00:00,0.0,1.1490344935664848e-06,0.08121831777142369,0.0,0.08121831777142369,XGBoost
2025-08-24 23:00:00,0.0,1.1490344935664848e-06,0.054232249590796,0.0,0.054232249590796,XGBoost
2025-08-25 00:00:00,0.0,1.1490344935664848e-06,0.09217806479406394,0.0,0.09217806479406394,XGBoost
2025-08-25 01:00:00,0.0,1.1490344935664848e-06,0.05190454695069426,0.0,0.05190454695069426,XGBoost
2025-08-25 02:00:00,0.0,1.1490344935664848e-06,0.04789746967493299,0.0,0.04789746967493299,XGBoost
2025-08-25 03:00:00,0.0,1.1490344935664848e-06,0.042850782968353075,0.0,0.042850782968353075,XGBoost
2025-08-25 04:00:00,0.0,1.1490344935664848e-06,0.006925242515147166,0.0,0.006925242515147166,XGBoost
2025-08-25 05:00:00,0.0,1.1490344935664848e-06,0.030831564774525727,0.0,0.030831564774525727,XGBoost
2025-08-25 06:00:00,0.0,1.1490344935664848e-06,0.09487822762068591,0.0,0.09487822762068591,XGBoost
2025-08-25 07:00:00,15.52883296956618,15.81294020235088,16.402225157524324,15.062156365563455,16.402225157524324,XGBoost
2025-08-25 08:00:00,80.24832630157391,79.71634931944321,79.32023523964962,79.54068311055516,79.32023523964962,XGBoost
2025-08-25 09:00:00,136.00625165303666,136.7143684960841,132.34182102803658,135.40341059366918,132.34182102803658,XGBoost
2025-08-25 10:00:00,169.9967600504567,170.55812362159003,165.06480279279845,171.06435139974084,165.06480279279845,XGBoost
2025-08-25 11:00:00,191.39925765991165,190.82661083542294,187.2248801762457,191.60439046223917,187.2248801762457,XGBoost
2025-08-25 12:00:00,198.017939249675,192.46535167854108,191.6021687978271,198.740882873535,191.6021687978271,XGBoost
2025-08-25 13:00:00,193.016054789225,189.87341559121305,190.10933167657754,193.810647328695,190.10933167657754,XGBoost
2025-08-25 14:00:00,176.55412419637082,174.65405672718245,173.2982972407974,176.86440658569416,173.2982972407974,XGBoost
2025-08-25 15:00:00,146.50496164957585,146.28948268510936,144.19810094684567,147.57831954956083,144.19810094684567,XGBoost
2025-08-25 16:00:00,102.20864931742284,104.04704686978606,98.70415936030207,103.67466100056924,98.70415936030207,XGBoost
2025-08-25 17:00:00,40.262452920278,37.48086690951845,33.62731816455959,40.54033772150675,33.62731816455959,XGBoost
2025-08-25 18:00:00,0.8263558049996734,0.6307510960148645,1.515206524456272,0.7870629467070093,1.515206524456272,XGBoost
2025-08-25 19:00:00,0.0,1.1490344935664848e-06,0.9802602967589253,0.0,0.9802602967589253,XGBoost
2025-08-25 20:00:00,0.0,1.1490344935664848e-06,0.4225584972108045,0.0,0.4225584972108045,XGBoost
2025-08-25 21:00:00,0.0,1.1490344935664848e-06,0.08334870283394298,0.0,0.08334870283394298,XGBoost
2025-08-25 22:00:00,0.0,1.1490344935664848e-06,0.10062291812401684,0.0,0.10062291812401684,XGBoost
2025-08-25 23:00:00,0.0,1.1490344935664848e-06,0.06713324277559876,0.0,0.06713324277559876,XGBoost
2025-08-26 00:00:00,0.0,1.1490344935664848e-06,0.03362971554273441,0.0,0.03362971554273441,XGBoost
2025-08-26 01:00:00,0.0,1.1490344935664848e-06,0.3812861860856041,0.0,0.3812861860856041,XGBoost
2025-08-26 02:00:00,0.0,1.1490344935664848e-06,0.04424639660429589,0.0,0.04424639660429589,XGBoost
2025-08-26 03:00:00,0.0,1.1490344935664848e-06,0.044339670114301726,0.0,0.044339670114301726,XGBoost
2025-08-26 04:00:00,0.0,1.1490344935664848e-06,0.023478292082602242,0.0,0.023478292082602242,XGBoost
2025-08-26 05:00:00,0.0,1.1490344935664848e-06,0.09214342816651037,0.0,0.09214342816651037,XGBoost
2025-08-26 06:00:00,0.0,1.1490344935664848e-06,0.04586027153153841,0.0,0.04586027153153841,XGBoost
2025-08-26 07:00:00,14.893731109797862,16.382786628383748,17.122333056777805,15.52883296956618,17.122333056777805,XGBoost
2025-08-26 08:00:00,77.27431138356583,79.2857601307008,79.66144224258896,80.24832630157391,79.66144224258896,XGBoost
2025-08-26 09:00:00,129.94545110066835,135.50881875620152,127.71631706494928,136.00625165303666,127.71631706494928,XGBoost
2025-08-26 10:00:00,165.745540618895,169.08941797653497,164.83655242807427,169.9967600504567,164.83655242807427,XGBoost
2025-08-26 11:00:00,187.08859380086417,188.90901395321535,187.93333570115507,191.39925765991165,187.93333570115507,XGBoost
2025-08-26 12:00:00,194.45379765828417,189.68109787451996,192.50208413986945,198.017939249675,192.50208413986945,XGBoost
2025-08-26 13:00:00,191.32321675618417,188.8373013801796,188.6450771226241,193.016054789225,188.6450771226241,XGBoost
2025-08-26 14:00:00,169.93153254191,172.40187660988417,170.16202729393586,176.55412419637082,170.16202729393586,XGBoost
2025-08-26 15:00:00,143.96460342407167,143.4660990049966,141.67885949561813,146.50496164957585,141.67885949561813,XGBoost
2025-08-26 16:00:00,86.62432765960709,88.24862895692888,88.1073948065689,102.20864931742284,88.1073948065689,XGBoost
2025-08-26 17:00:00,22.0089275042217,24.36091854800132,28.01009419432316,40.262452920278,28.01009419432316,XGBoost
2025-08-26 18:00:00,0.6531637907028192,0.85407971897317,1.2867820348927186,0.8263558049996734,1.2867820348927186,XGBoost
2025-08-26 19:00:00,0.0,1.1490344935664848e-06,0.4562607036525401,0.0,0.4562607036525401,XGBoost
2025-08-26 20:00:00,0.0,1.1490344935664848e-06,0.16443962114079555,0.0,0.16443962114079555,XGBoost
2025-08-26 21:00:00,0.0,1.1490344935664848e-06,0.020234802719204276,0.0,0.020234802719204276,XGBoost
2025-08-26 22:00:00,0.0,1.1490344935664848e-06,0.011947837011301816,0.0,0.011947837011301816,XGBoost
2025-08-26 23:00:00,0.0,1.1490344935664848e-06,0.031222157772447467,0.0,0.031222157772447467,XGBoost
2025-08-27 00:00:00,0.0,1.1490344935664848e-06,0.029976151445368703,0.0,0.029976151445368703,XGBoost
2025-08-27 01:00:00,0.0,1.1490344935664848e-06,0.027128633910786657,0.0,0.027128633910786657,XGBoost
2025-08-27 02:00:00,0.0,1.1490344935664848e-06,0.01469879388371624,0.0,0.01469879388371624,XGBoost
2025-08-27 03:00:00,0.0,1.1490344935664848e-06,0.06830670334501747,0.0,0.06830670334501747,XGBoost
2025-08-27 04:00:00,0.0,1.1490344935664848e-06,0.026811572836806723,0.0,0.026811572836806723,XGBoost
2025-08-27 05:00:00,0.0,1.1490344935664848e-06,0.02476610866875283,0.0,0.02476610866875283,XGBoost
2025-08-27 06:00:00,0.0,1.1490344935664848e-06,0.18557261385817161,0.0,0.18557261385817161,XGBoost
2025-08-27 07:00:00,16.021927366654108,15.767678194323139,17.91140712782375,14.893731109797862,17.91140712782375,XGBoost
2025-08-27 08:00:00,81.94372876485208,78.60343944224982,80.88965425942118,77.27431138356583,80.88965425942118,XGBoost
2025-08-27 09:00:00,136.09235318501752,131.0566818891618,130.9138240213064,129.94545110066835,130.9138240213064,XGBoost
2025-08-27 10:00:00,178.91164271036834,169.54639129516303,172.51529941708247,165.745540618895,172.51529941708247,XGBoost
2025-08-27 11:00:00,200.91090011596836,194.04624829546523,195.255218097136,187.08859380086417,195.255218097136,XGBoost
2025-08-27 12:00:00,208.9731661478675,198.864074366285,203.61344251917157,194.45379765828417,203.61344251917157,XGBoost
2025-08-27 13:00:00,204.13834508260084,196.9654581267993,200.14191308721763,191.32321675618417,200.14191308721763,XGBoost
2025-08-27 14:00:00,185.91163635253918,177.18998725587844,182.1823068058512,169.93153254191,182.1823068058512,XGBoost
2025-08-27 15:00:00,156.96455891927084,149.42524670118476,151.86170644337372,143.96460342407167,151.86170644337372,XGBoost
2025-08-27 16:00:00,111.41345214843632,107.96564575570004,104.97969667681276,86.62432765960709,104.97969667681276,XGBoost
2025-08-27 17:00:00,45.14399186770117,29.556281937909947,32.13855925674844,22.0089275042217,32.13855925674844,XGBoost
2025-08-27 18:00:00,1.1349417368571,0.6376317190074353,0.6596919311497369,0.6531637907028192,0.6596919311497369,XGBoost
2025-08-27 19:00:00,0.0,1.1490344935664848e-06,0.1937247670382891,0.0,0.1937247670382891,XGBoost
2025-08-27 20:00:00,0.0,1.1490344935664848e-06,0.04041506504742989,0.0,0.04041506504742989,XGBoost
2025-08-27 21:00:00,0.0,1.1490344935664848e-06,0.13333850022576163,0.0,0.13333850022576163,XGBoost
2025-08-27 22:00:00,0.0,1.1490344935664848e-06,0.0,0.0,0.0,XGBoost
2025-08-27 23:00:00,0.0,1.1490344935664848e-06,0.0,0.0,0.0,XGBoost
2025-08-28 00:00:00,0.0,1.1490344935664848e-06,0.0,0.0,0.0,XGBoost
2025-08-28 01:00:00,0.0,1.1490344935664848e-06,0.0,0.0,0.0,XGBoost
2025-08-28 02:00:00,0.0,1.1490344935664848e-06,0.01082992782782355,0.0,0.01082992782782355,XGBoost
2025-08-28 03:00:00,0.0,1.1490344935664848e-06,0.19396001926243303,0.0,0.19396001926243303,XGBoost
2025-08-28 04:00:00,0.0,1.1490344935664848e-06,0.06417907513782424,0.0,0.06417907513782424,XGBoost
2025-08-28 05:00:00,0.0,1.1490344935664848e-06,0.29940037421946264,0.0,0.29940037421946264,XGBoost
2025-08-28 06:00:00,0.0,1.1490344935664848e-06,0.0055301377639774335,0.0,0.0055301377639774335,XGBoost
2025-08-28 07:00:00,14.904381314913513,15.365793779759713,15.155558499253061,16.021927366654108,15.155558499253061,XGBoost
2025-08-28 08:00:00,83.53025690714524,82.09915873086372,84.92312186621679,81.94372876485208,84.92312186621679,XGBoost
2025-08-28 09:00:00,141.04073270162,139.0438550544018,136.94471642266555,136.09235318501752,136.94471642266555,XGBoost
2025-08-28 10:00:00,179.91695658365833,178.01954362313347,175.93500160607758,178.91164271036834,175.93500160607758,XGBoost
2025-08-28 11:00:00,200.82359568278,199.0406702131925,196.1794801747983,200.91090011596836,196.1794801747983,XGBoost
2025-08-28 12:00:00,206.356806437175,199.34493061557177,203.9377760601479,208.9731661478675,203.9377760601479,XGBoost
2025-08-28 13:00:00,201.71466954549166,197.81138771766487,202.29868048277254,204.13834508260084,202.29868048277254,XGBoost
2025-08-28 14:00:00,186.91284306844082,181.9559011654488,186.0262468627037,185.91163635253918,186.0262468627037,XGBoost
2025-08-28 15:00:00,154.09242375691835,154.88494671643102,154.97393953855016,156.96455891927084,154.97393953855016,XGBoost
2025-08-28 16:00:00,109.94617080688533,110.63771817275602,107.39936903923417,111.41345214843632,107.39936903923417,XGBoost
2025-08-28 17:00:00,42.64176082611092,39.208292605206054,39.647343006753154,45.14399186770117,39.647343006753154,XGBoost
2025-08-28 18:00:00,1.14074687163035,1.0225872579638935,0.8142710849632033,1.1349417368571,0.8142710849632033,XGBoost
2025-08-28 19:00:00,0.0,1.1490344935664848e-06,0.040357207414130146,0.0,0.040357207414130146,XGBoost
2025-08-28 20:00:00,0.0,1.1490344935664848e-06,0.032381735670888485,0.0,0.032381735670888485,XGBoost
2025-08-28 21:00:00,0.0,1.1490344935664848e-06,0.04398876734319224,0.0,0.04398876734319224,XGBoost
2025-08-28 22:00:00,0.0,1.1490344935664848e-06,0.0,0.0,0.0,XGBoost
2025-08-28 23:00:00,0.0,1.1490344935664848e-06,0.0,0.0,0.0,XGBoost
2025-08-29 00:00:00,0.0,1.1490344935664848e-06,0.0,0.0,0.0,XGBoost
2025-08-29 01:00:00,0.0,1.1490344935664848e-06,0.0,0.0,0.0,XGBoost
2025-08-29 02:00:00,0.0,1.1490344935664848e-06,0.015182264379356658,0.0,0.015182264379356658,XGBoost
2025-08-29 03:00:00,0.0,1.1490344935664848e-06,0.018864444097800442,0.0,0.018864444097800442,XGBoost
2025-08-29 04:00:00,0.0,1.1490344935664848e-06,0.0016243626717052,0.0,0.0016243626717052,XGBoost
2025-08-29 05:00:00,0.0,1.1490344935664848e-06,0.08062163727285632,0.0,0.08062163727285632,XGBoost
2025-08-29 06:00:00,0.0,1.1490344935664848e-06,0.021315750784535983,0.0,0.021315750784535983,XGBoost
2025-08-29 07:00:00,18.541543481250546,16.345970804718373,15.988282178699158,14.904381314913513,15.988282178699158,XGBoost
2025-08-29 08:00:00,85.30062103271409,83.41458981707517,85.95174017605262,83.53025690714524,85.95174017605262,XGBoost
2025-08-29 09:00:00,141.47942670186333,141.17560452192768,138.64230231102337,141.04073270162,138.64230231102337,XGBoost
2025-08-29 10:00:00,179.37767028808582,178.8134708518827,176.4270984214047,179.91695658365833,176.4270984214047,XGBoost
2025-08-29 11:00:00,201.921637217205,199.887637335334,197.20802664790378,200.82359568278,197.20802664790378,XGBoost
2025-08-29 12:00:00,209.6480878194175,200.51517913819112,205.67880992986727,206.356806437175,205.67880992986727,XGBoost
2025-08-29 13:00:00,206.13197708129917,197.69858987324577,202.82253645744026,201.71466954549166,202.82253645744026,XGBoost
2025-08-29 14:00:00,188.62111028035417,182.71936094106331,186.15927721879044,186.91284306844082,186.15927721879044,XGBoost
2025-08-29 15:00:00,157.9058672587075,153.3873008038315,153.71022721814626,154.09242375691835,153.71022721814626,XGBoost
2025-08-29 16:00:00,113.06531397501557,110.03949449688862,110.17077657042375,109.94617080688533,110.17077657042375,XGBoost
2025-08-29 17:00:00,45.314858833948755,38.49808421230245,39.55289249626842,42.64176082611092,39.55289249626842,XGBoost
2025-08-29 18:00:00,1.241197198629375,1.0259766794917309,0.8256771256512844,1.14074687163035,0.8256771256512844,XGBoost
2025-08-29 19:00:00,0.0,1.1490344935664848e-06,0.0,0.0,0.0,XGBoost
2025-08-29 20:00:00,0.0,1.1490344935664848e-06,0.09073753586972565,0.0,0.09073753586972565,XGBoost
2025-08-29 21:00:00,0.0,1.1490344935664848e-06,0.19645533983955943,0.0,0.19645533983955943,XGBoost
2025-08-29 22:00:00,0.0,1.1490344935664848e-06,0.0008224855647326751,0.0,0.0008224855647326751,XGBoost
2025-08-29 23:00:00,0.0,1.1490344935664848e-06,0.0,0.0,0.0,XGBoost
2025-08-30 00:00:00,0.0,1.1490344935664848e-06,0.0,0.0,0.0,XGBoost
2025-08-30 01:00:00,0.0,1.1490344935664848e-06,0.0,0.0,0.0,XGBoost
2025-08-30 02:00:00,0.0,1.1490344935664848e-06,0.0,0.0,0.0,XGBoost
2025-08-30 03:00:00,0.0,1.1490344935664848e-06,0.0,0.0,0.0,XGBoost
2025-08-30 04:00:00,0.0,1.1490344935664848e-06,0.0,0.0,0.0,XGBoost
2025-08-30 05:00:00,0.0,1.1490344935664848e-06,0.0,0.0,0.0,XGBoost
2025-08-30 06:00:00,0.0,1.1490344935664848e-06,0.0,0.0,0.0,XGBoost
2025-08-30 07:00:00,19.14774884780252,18.546558604921433,19.656627194968603,18.541543481250546,19.656627194968603,XGBoost
2025-08-30 08:00:00,88.317399342854,86.12059592859121,88.64528288923009,85.30062103271409,88.64528288923009,XGBoost
2025-08-30 09:00:00,149.55414708455416,142.5382192547082,143.02776848793172,141.47942670186333,143.02776848793172,XGBoost
2025-08-30 10:00:00,190.61595153808582,180.97490705996893,182.67654689115656,179.37767028808582,182.67654689115656,XGBoost
2025-08-30 11:00:00,214.79855600992917,200.4593441395697,200.3910079356731,201.921637217205,200.3910079356731,XGBoost
2025-08-30 12:00:00,223.44120279947833,203.9843007990871,206.612419233854,209.6480878194175,206.612419233854,XGBoost
2025-08-30 13:00:00,217.77140426635833,199.79492557711103,202.8931652038619,206.13197708129917,202.8931652038619,XGBoost
2025-08-30 14:00:00,202.66516494751,188.94313624349405,196.65810661719195,191.44129180907998,196.65810661719195,XGBoost
2025-08-30 15:00:00,166.77724838257,116.62210359187574,122.19807298147381,159.5982933044425,122.19807298147381,XGBoost
2025-08-30 16:00:00,111.70787811279,112.49510084279537,114.3642775376727,111.08788299561,114.3642775376727,XGBoost
2025-08-30 17:00:00,46.6755142211915,40.03770174263779,45.86084416535729,47.6022052764895,45.86084416535729,XGBoost
2025-08-30 18:00:00,0.6692132155100667,1.5049473042812573,2.208100901848928,0.4706492821375667,2.208100901848928,XGBoost
2025-08-30 19:00:00,0.0,0.00048237246304122484,0.05304405020799445,0.0,0.05304405020799445,XGBoost
2025-08-30 20:00:00,0.0,3.6189899233560005e-05,0.0,0.0,0.0,XGBoost
2025-08-30 21:00:00,0.0,1.166129391556454e-05,0.23078136993297999,0.0,0.23078136993297999,XGBoost
2025-08-30 22:00:00,0.0,2.0859520909812838e-05,0.5537686466751441,0.0,0.5537686466751441,XGBoost
2025-08-30 23:00:00,0.0,3.118406141356093e-05,0.2195561854646493,0.0,0.2195561854646493,XGBoost
2025-08-31 00:00:00,0.0,1.1490344935664848e-06,0.0,0.0,0.0,XGBoost
2025-08-31 01:00:00,0.0,5.371033160355676e-05,0.4807890801178074,0.0,0.4807890801178074,XGBoost
2025-08-31 03:00:00,0.0,1.166129391556454e-05,0.0616056111539265,0.0,0.0616056111539265,XGBoost
2025-08-31 04:00:00,0.0,3.6189899233560005e-05,0.0,0.0,0.0,XGBoost
2025-08-31 05:00:00,0.0,3.5810524384707074,1.020250704100238,0.0,1.020250704100238,XGBoost
2025-08-31 06:00:00,0.0,0.0113972200366009,1.4024213700242176,0.0,1.4024213700242176,XGBoost
2025-08-31 07:00:00,13.01633398532868,21.974745169248397,21.78330764940899,20.174539136886686,21.78330764940899,XGBoost
2025-08-31 08:00:00,102.89028358459424,95.74251926014549,96.2224166823131,105.91736030578475,96.2224166823131,XGBoost
2025-08-31 09:00:00,150.43118286133,139.99466252316788,157.22321348632423,156.24812316895,157.22321348632423,XGBoost
2025-08-31 10:00:00,188.23618062337167,182.75130967489574,184.97023453131808,196.80495961507165,184.97023453131808,XGBoost
2025-08-31 11:00:00,203.05209350585997,175.09013020803727,186.69071689848093,212.77417246500832,186.69071689848093,XGBoost
2025-08-31 12:00:00,214.8776550292975,189.77410787065415,197.8070480697987,223.5907325744625,197.8070480697987,XGBoost
2025-08-31 13:00:00,210.27711181640598,183.55025772340758,198.33741408616888,218.80389099121197,198.33741408616888,XGBoost
2025-08-31 14:00:00,187.12590026855,190.91409524629051,191.2534186564892,196.97204589844,191.2534186564892,XGBoost
2025-08-31 15:00:00,153.96516927083334,155.42863461545076,160.96753543636638,160.8855082194,160.96753543636638,XGBoost
2025-08-31 16:00:00,110.43669319152825,105.75150423134343,104.74886018979629,114.3412723541225,104.74886018979629,XGBoost
2025-08-31 17:00:00,47.866227831159286,43.45620789364208,46.808035239515405,47.770434243338435,46.808035239515405,XGBoost
2025-08-31 18:00:00,1.4261462211609,1.5621521981780733,1.3834544448827055,1.39359087944032,1.3834544448827055,XGBoost
2025-08-31 19:00:00,0.0,0.0,0.8926214489267732,0.0,0.8926214489267732,XGBoost
2025-08-31 20:00:00,0.0,4.5961379742659394e-07,0.0005670370904992,0.0,0.0005670370904992,XGBoost
2025-08-31 21:00:00,0.0,0.0,0.0976102900051994,0.0,0.0976102900051994,XGBoost
2025-08-31 22:00:00,0.0,0.0,0.3442361448126645,0.0,0.3442361448126645,XGBoost
2025-08-31 23:00:00,0.0,7.660229957109899e-07,0.0,0.0,0.0,XGBoost
2025-09-01 00:00:00,0.0,0.0,0.2369999376234901,0.0,0.2369999376234901,XGBoost
2025-09-01 01:00:00,0.0,1.1490344935664848e-06,0.0403800731840535,0.0,0.0403800731840535,XGBoost
2025-09-01 02:00:00,0.0,1.1490344935664848e-06,0.037999225339088026,0.0,0.037999225339088026,XGBoost
2025-09-01 03:00:00,0.0,1.1490344935664848e-06,0.0507805758553183,0.0,0.0507805758553183,XGBoost
2025-09-01 04:00:00,0.0,5.745172467832424e-07,2.616467817486476,0.0,2.616467817486476,XGBoost
2025-09-01 05:00:00,0.0,1.1490344935664848e-06,0.0523624563117099,0.0,0.0523624563117099,XGBoost
2025-09-01 07:00:00,7.663950920105,4.507013696230788,1.249019525775785,5.0128884315491,1.249019525775785,XGBoost
2025-09-01 08:00:00,98.83205318451076,94.26873039086827,95.16738358416148,90.9218730926515,95.16738358416148,XGBoost
2025-09-01 09:00:00,152.98653793334876,133.327885630266,144.03578824919546,147.14760589599626,144.03578824919546,XGBoost
2025-09-01 10:00:00,182.0407780238557,177.46026030157742,176.10401375293034,176.72443280901143,176.10401375293034,XGBoost
2025-09-01 11:00:00,213.9158782959,203.2268285071612,192.24321724238615,207.345207214355,192.24321724238615,XGBoost
2025-09-01 13:00:00,210.138122558595,181.2516206980248,201.43341016464188,208.441650390625,201.43341016464188,XGBoost
2025-09-01 14:00:00,186.4544779459633,171.71206551896412,177.4876891470708,182.10717264811,177.4876891470708,XGBoost
2025-09-01 16:00:00,84.637466430664,83.22310139740185,87.20323236434368,84.240371704102,87.20323236434368,XGBoost
2025-09-01 17:00:00,21.6985192298885,33.257708088030725,35.99149496251577,21.068901062012,35.99149496251577,XGBoost
2025-09-01 19:00:00,0.0,1.1490344935664848e-06,0.011806690986439,0.0,0.011806690986439,XGBoost
2025-09-01 20:00:00,0.0,1.1490344935664848e-06,0.010578914894100174,0.0,0.010578914894100174,XGBoost
2025-09-01 21:00:00,0.0,0.0,0.0,0.0,0.0,XGBoost
2025-09-01 22:00:00,0.0,5.745172467832424e-07,0.00229629009573615,0.0,0.00229629009573615,XGBoost
2025-09-01 23:00:00,0.0,5.745172467832424e-07,0.0012818506876524,0.0,0.0012818506876524,XGBoost
2025-09-02 00:00:00,0.0,7.660229957109899e-07,0.09940600784609582,0.0,0.09940600784609582,XGBoost
2025-09-02 01:00:00,0.0,5.745172467832424e-07,1.2107966871549252,0.0,1.2107966871549252,XGBoost
2025-09-02 02:00:00,0.0,3.8301149785549493e-07,4.046989966720732,0.0,4.046989966720732,XGBoost
2025-09-02 03:00:00,0.0,0.0,6.135021150553289,0.0,6.135021150553289,XGBoost
2025-09-02 04:00:00,0.0,1.1490344935664848e-06,0.0,0.0,0.0,XGBoost
2025-09-02 05:00:00,0.0,0.0051775624971423,4.087720395825938,0.0,4.087720395825938,XGBoost
2025-09-02 07:00:00,29.04058138529467,27.119968131507022,24.339511661982783,28.060367266337,24.339511661982783,XGBoost
2025-09-02 08:00:00,91.2973480224605,88.94724505539008,88.90334577875888,90.44779586792049,88.90334577875888,XGBoost
2025-09-02 09:00:00,147.84651184082,141.30305642325763,141.4694320445196,147.6935081481925,141.4694320445196,XGBoost
2025-09-02 10:00:00,183.12010192871,167.70408053712455,187.9899960066462,184.87922668457,187.9899960066462,XGBoost
2025-09-02 11:00:00,208.0931309291314,176.05500000932196,194.8317600099437,210.37174115862143,194.8317600099437,XGBoost
2025-09-02 12:00:00,215.33590698242,183.55837520496686,199.07972110674663,218.806785583495,199.07972110674663,XGBoost
2025-09-02 13:00:00,210.91483459472602,205.24695034609704,205.00017650799327,213.23169860839798,205.00017650799327,XGBoost
2025-09-02 14:00:00,191.82704925537,168.2268594870612,168.8619740393589,193.576782226565,168.8619740393589,XGBoost
2025-09-02 15:00:00,145.6976776123,136.65259867310806,142.46491333835564,145.21376037598,142.46491333835564,XGBoost
2025-09-02 16:00:00,109.38210550943866,100.71929752080216,97.39138790561522,110.80218505859284,97.39138790561522,XGBoost
2025-09-02 17:00:00,41.728787104289005,40.207047782216094,34.69101350468345,42.58658790588367,34.69101350468345,XGBoost
2025-09-02 18:00:00,4.62487602233885,5.616515541784328,3.8255070203541113,4.65825748443605,3.8255070203541113,XGBoost
2025-09-02 19:00:00,0.0,0.0009635958915888832,0.14079041764147615,0.0,0.14079041764147615,XGBoost
2025-09-02 20:00:00,0.0,3.6189899233560005e-05,0.06650282230183444,0.0,0.06650282230183444,XGBoost
2025-09-02 21:00:00,0.0,1.1490344935664848e-06,0.1750486412564113,0.0,0.1750486412564113,XGBoost
2025-09-02 23:00:00,0.0,3.6189899233560005e-05,0.0,0.0,0.0,XGBoost
2025-09-03 00:00:00,0.0,1.1490344935664848e-06,0.0,0.0,0.0,XGBoost
2025-09-03 01:00:00,0.0,3.6189899233560005e-05,1.4345718282606377,0.0,1.4345718282606377,XGBoost
2025-09-03 03:00:00,0.0,3.6189899233560005e-05,7.348288732916672,0.0,7.348288732916672,XGBoost
2025-09-03 04:00:00,0.0,1.166129391556454e-05,8.516817892700164,0.0,8.516817892700164,XGBoost
2025-09-03 05:00:00,0.0,1.1490344935664848e-06,6.642396934142525,0.0,6.642396934142525,XGBoost
2025-09-03 06:00:00,0.0,0.33610113307165196,4.346176415382925,0.0,4.346176415382925,XGBoost
2025-09-03 07:00:00,31.812211513519173,26.89172455378789,22.515380513583903,30.872618198394825,22.515380513583903,XGBoost
2025-09-03 08:00:00,85.5177421569805,83.89473035240793,79.38805869132324,85.0845527648935,79.38805869132324,XGBoost
2025-09-03 09:00:00,142.59177093506,124.84122048450972,131.4482460239855,144.40110015868999,131.4482460239855,XGBoost
2025-09-03 10:00:00,174.28993225098,178.52019485684662,166.49524281178557,175.16815185547,166.49524281178557,XGBoost
2025-09-03 13:00:00,202.4683888753233,168.17411200836247,186.0995552600234,206.59277852376667,186.0995552600234,XGBoost
2025-09-03 14:00:00,197.68766784668,185.6280205477476,198.6701739911005,202.13417053223,198.6701739911005,XGBoost
2025-09-03 15:00:00,149.77621459961,149.33701524727786,145.22176026858654,152.70108795165999,145.22176026858654,XGBoost
2025-09-03 16:00:00,111.61485900878999,69.77776751790233,78.54782519216401,113.37079925537141,78.54782519216401,XGBoost
2025-09-03 17:00:00,44.03609530131016,37.30756775835603,38.69666818319195,45.23267141977967,38.69666818319195,XGBoost
2025-09-03 18:00:00,0.0,0.181132390429711,0.014682464796820333,0.0,0.014682464796820333,XGBoost
2025-09-03 19:00:00,0.0,0.0005511186671194617,0.2155463659510876,0.0,0.2155463659510876,XGBoost
