actual,predicted
0.0,0.0
0.0,0.0
0.0,0.0
0.0,0.0
0.0,0.0
0.0,0.0
0.0,0.0
0.0,0.0
0.0,0.0
0.0,0.0
0.0,0.0
0.0,0.0
0.0,0.0
0.0,0.0
0.0,0.0
0.0,0.0
0.0,4.033982973853877e-06
0.0,4.033982973853877e-06
0.0,4.033982973853877e-06
0.0,4.033982973853877e-06
0.0,4.033982973853877e-06
0.0,4.033982973853877e-06
0.0,4.033982973853877e-06
0.0,4.033982973853877e-06
0.0,4.033982973853877e-06
0.0,0.0026429671289550285
0.11833769083023,0.27421830309999295
1.0696890354156,1.3211021812301138
3.0501976013184,2.548672830138792
5.5644087791443,5.043071246948492
7.758460521698,8.374030126157386
10.570767402649,11.292396282865313
15.534954071045,12.340010933959134
19.536287307739,18.358893636611775
21.854928970337,22.92373837794813
23.864999771118,18.827210917412824
26.725198745728,20.936295660924028
34.586730957031,27.77075633187228
38.008899688721,29.31006727319067
45.173809051514,43.587453185223715
50.310436248779,49.34055953877284
55.519554138184,53.75198067279359
60.281314849854,59.268992942243194
65.434272766113,63.83506915531843
70.404197692871,69.14358753785326
74.390762329102,74.74275103294202
78.896156311035,78.74040314429057
83.72290802002,83.59529176560352
80.868827819824,86.97773079672399
91.642402648926,87.19486927772864
99.532150268555,96.76284760675992
104.67845153809,103.41218922972215
96.088912963867,105.58329278751377
107.50245666504,100.41841579619918
115.33393096924,111.30360671629356
117.45114135742,117.74381788441005
121.58829498291,120.20753801718966
124.77300262451,123.47048431722752
126.76992797852,126.51577471766426
131.46145629883,129.46875553311358
137.20994567871,133.54518152047925
139.84576416016,139.06286553225644
142.35133361816,141.94923316826808
145.21751403809,143.69862757913958
147.44827270508,147.83693532283706
148.45751953125,149.5972432099122
150.50422668457,151.79998889526146
152.3784942627,153.11227533931165
154.94532775879,154.7768498826895
159.64974975586,157.57713060047973
159.41925048828,161.42225024812083
161.08750915527,161.3999787929806
163.85960388184,162.96317614636538
165.09487915039,166.00941514796745
166.07069396973,166.89342074043253
168.06155395508,168.286657168651
170.95686340332,170.0554523405083
174.29284667969,172.61350561458775
175.27127075195,175.5940812165341
174.76708984375,176.41532172271337
176.41262817383,175.73524023067552
164.26658630371,177.6551091060118
172.88505554199,168.77917054417074
184.27276611328,173.47118436066785
186.52853393555,184.50925975010622
187.0936126709,184.91461171256904
191.72196960449,182.40214318550164
199.32786560059,189.80500092145232
202.30264282227,193.92506126914554
202.21199035645,195.4800917997069
103.20562744141,130.5162009491203
114.85422515869,136.92135175756303
164.34004211426,168.96434943770345
170.04278564453,176.70329549146123
212.34147644043,194.77441036126876
208.45668029785,196.67077250714183
199.94947814941,198.1169618156425
203.47630310059,171.14089973694075
198.78370666504,198.3379080157776
89.136764526367,111.67856074960626
207.96646118164,180.6905117160928
181.85502624512,173.85287420333566
98.881423950195,125.38654564645987
174.5732421875,115.17755227907051
154.95487976074,137.86843139233378
85.514137268066,84.42180038592535
124.56783294678,115.63891949707909
115.20768737793,111.30047921747106
82.888244628906,78.7275020981046
57.416007995605,72.00840480975828
43.204971313477,41.228182534418536
47.821544647217,42.215846383612146
43.511680603027,50.58119218277273
39.591732025146,36.69338004136334
35.971698760986,32.90174773963471
7.5817523002625,8.793335658190323
0.0,0.0
0.0,0.0
0.0,0.0
0.0,0.0
0.0,0.0
0.0,0.0
0.0,0.0
0.0,0.0
0.0,0.0
0.0,0.0
0.0,0.0
0.0,0.0
0.0,0.0
0.0,0.0
0.0,0.0
0.0,0.0
0.0,0.0
0.0,0.0
0.0,0.0
0.0,0.0
0.0,0.0
0.0,0.0
0.0,0.0
0.0,0.0
0.0,0.0
0.0,0.0
0.0,0.0
0.0,0.0
0.0,0.0
0.0,0.0
0.0,0.0
0.0,0.0
0.0,0.0
0.0,0.0
0.0,0.0
0.0,0.0
0.0,0.0
0.0,0.0
0.0,0.0
0.0,0.0
0.0,0.0
0.0,0.0
0.0,0.0
0.0,0.0
0.0,0.0
0.0,0.0
0.0,0.0
0.0,0.0
0.0,0.0
0.0,0.0
0.0,4.033982973853877e-06
0.0,0.0028865012021836167
0.0,0.0028865012021836167
0.0,0.0028865012021836167
40.530120849609,42.91912931474041
50.750122070312,50.35682592220145
90.76993560791,89.62191754797547
105.05847930908,103.99562107686221
133.0832824707,134.8727322029107
141.49975585938,141.53311839903517
147.37586975098,146.49001636076716
160.91229248047,159.39717529340933
165.36871337891,165.49096239970052
166.76745605469,166.99972252906193
171.26995849609,172.26042558790172
172.57482910156,172.99033087469087
174.23696899414,173.38786529541508
176.37197875977,174.74490962582794
178.4422454834,177.48558255060183
181.9761505127,179.52408923533824
183.00514221191,178.63651381435128
180.24925231934,183.00986752379458
181.35702514648,181.15325231330402
188.70964050293,185.60831776949794
186.76602172852,184.0898263083885
195.4497833252,185.98715154547716
190.24230957031,190.59046298538937
194.64984130859,187.84152109907396
192.72763061523,188.7395170522428
195.58605957031,191.89653636927164
188.05352783203,186.69086113853308
190.3119354248,183.5263991615033
161.91996765137,161.98328975439597
131.94755554199,131.23470536959937
125.93299102783,120.92391056840829
110.35707092285,110.59911060113114
102.0567855835,101.13341469655067
79.217185974121,78.58705807805948
52.205635070801,53.797476568442754
46.199569702148,45.252105120359445
30.861562728882,29.773442227869303
8.9044275283813,10.082410984033283
1.3721398115158,2.3606291520157248
0.0,8.800167930883729e-05
0.0,0.0
0.0,0.0
0.0,0.0
0.0,0.0
0.0,0.0
0.0,0.0
0.0,0.0
0.0,0.0
0.0,0.0
0.0,0.0
0.0,0.0
0.0,0.0
0.0,0.0
0.0,0.0
0.0,0.0
0.0,0.0
0.0,0.0
0.0,0.0
0.0,0.0
0.0,0.0
0.0,0.0
0.0,0.0
0.0,0.0
0.0,0.0
0.0,0.0
0.0,0.0
0.0,0.0
0.0,0.0
0.0,0.0
0.0,0.0
0.0,0.0
0.0,0.0
0.0,0.0
0.0,0.0
0.0,0.0
0.0,0.0
0.0,0.0
0.0,0.0
0.0,0.0
0.0,0.0
0.0,0.0
0.0,0.0
0.0,0.0
0.0,0.0
0.0,0.0
0.0,0.0
0.0,0.0
0.0,0.0
0.0,0.0
0.0,0.0
0.0,4.033982973853877e-06
0.0,4.033982973853877e-06
7.7883877754211,7.101832821547231
22.044706344604,17.921565858954825
22.849189758301,27.53605658450846
37.026668548584,39.60946265042709
52.743438720703,42.20346648417532
36.728115081787,48.01408450685769
28.477245330811,27.870472438857675
28.86209487915,33.76713141601603
129.70178222656,120.15694997497592
116.77979278564,112.36907527941457
141.10713195801,151.04454638507278
164.01373291016,165.38335791437012
181.49961853027,180.40313607766782
183.71029663086,179.357209573153
184.18893432617,183.94077243213954
184.98114013672,184.5506999548146
194.77320861816,189.6384971385115
194.20372009277,187.9041620571725
190.71174621582,186.81797747826988
188.64361572266,183.15463088959936
181.05041503906,165.81570018760434
159.73643493652,155.78960243287963
154.06083679199,153.97575302971805
129.20886230469,143.74602024474012
126.42098999023,130.12294913165252
131.14259338379,91.70051837098262
109.28961181641,107.33474624158333
117.17458343506,107.89797361368369
78.34260559082,105.35169336546298
97.493911743164,77.40090084475017
88.445190429688,89.19737431535688
74.972030639648,76.33707187092551
69.285194396973,63.96415332970986
23.746480941772,23.493236922859015
16.093872070312,18.78422186864084
9.1829204559326,8.922264385415957
0.0,0.0
0.0,0.0
0.0,0.0
0.0,0.0
0.0,0.0
0.0,0.0
0.0,0.0
0.0,0.0
0.0,0.0
0.0,0.0
0.0,0.0
0.0,0.0
0.0,0.0
0.0,0.0
0.0,0.0
0.0,0.0
0.0,0.0
0.0,0.0
0.0,0.0
0.0,0.0
0.0,0.0
0.0,0.0
0.0,0.0
0.0,0.18029757544427716
13.207262992859,16.54993172635444
52.285446166992,40.06302953467069
67.739158630371,86.62533905343356
90.038230895996,87.97292467604714
122.04663848877,124.59742337671595
141.3616027832,128.8278536698162
157.87495422363,156.57132483405834
156.51510620117,154.8308797075834
100.80623626709,154.83801958834053
135.19200134277,133.767694511323
162.23062133789,159.72056022692777
178.19137573242,168.2066077869903
169.26493835449,168.55756917647665
176.14373779297,170.4338139652184
154.04368591309,179.3956401267133
185.2152557373,183.39912027331778
189.25379943848,183.98823898268446
188.92105102539,179.7434345504366
191.53941345215,179.73683001332006
195.31913757324,191.60600026448714
156.06736755371,150.2126596582949
144.75964355469,158.26249283832573
119.17719268799,143.70006474762016
143.50601196289,131.62130432245925
161.19996643066,141.70145038055324
191.57754516602,184.17974427743198
190.56205749512,182.82453491648855
171.95538330078,182.36614309278838
184.85997009277,122.86290018753796
178.36895751953,181.4204074297492
156.03332519531,148.21536882177156
171.36312866211,154.17263318629654
162.23107910156,166.38511336616597
159.2110748291,158.48310012026283
152.98696899414,153.44250247537207
116.56942749023,124.5598165521939
128.64801025391,123.88496815065926
148.47552490234,137.97754800900992
143.09938049316,132.2744440108821
108.38833618164,101.94779565360555
102.16971588135,86.28897017857255
49.572540283203,35.984691698337876
14.823117256165,29.02537838323243
10.679103851318,9.889782943864802
0.0,0.0
0.0,0.0
0.0,0.0
0.0,0.0
0.0,0.0
0.0,0.0
0.0,0.0
0.0,0.0
0.0,0.0
0.0,0.0
0.0,0.0
0.0,0.0
0.0,0.0
0.0,0.0
0.0,0.0
0.0,0.0
0.0,0.0
0.0,0.0
0.0,0.0
0.0,0.0
0.0,0.0
0.0,0.0
0.0,0.0
17.997518539429,18.69633410286506
68.781311035156,59.6683173309215
112.842628479,110.43848856416886
122.7149810791,120.68943748948938
139.71224975586,137.58390052987988
147.47576904297,160.85354332433764
163.15797424316,150.24440556520335
170.01226806641,168.0391324988785
173.17251586914,174.154793681261
167.76066589355,183.08810345539524
158.95587158203,169.80041905657538
159.0272064209,176.11689954164325
190.46057128906,175.4848365477558
185.64572143555,171.11804510677715
187.26010131836,180.93354425335593
188.3247833252,178.10383096381162
188.79061889648,188.2259366732757
188.75547790527,187.50472956632925
195.09580993652,183.117633706672
193.43670654297,192.72322211787494
168.47358703613,173.58051400636754
110.38349914551,125.54884551089307
108.78365325928,113.71629293525285
74.679489135742,84.00622670318978
146.1209564209,146.45774982259638
118.33944702148,143.6482885131181
186.56611633301,182.64073172796256
94.285491943359,172.28638683903267
66.628715515137,78.42160199069677
85.393699645996,80.17412555603553
31.040912628174,32.55363400906898
23.700466156006,22.535169294050554
11.661887168884,10.97090751967898
9.1761293411255,9.142129296429642
7.0855855941772,11.019278280529067
6.2229986190796,10.708718235563346
8.534083366394,11.701031873375191
20.97403717041,16.995495390846852
17.542604446411,20.365536509634904
19.557508468628,20.13159401027849
23.808876037598,22.89045035339879
18.326818466187,18.256951771636803
17.957492828369,15.536667892541455
21.907642364502,20.739661780666356
26.561094284058,25.876809592174023
3.5056731700897,2.3730525732449013
2.975106716156,3.4985803704951914
1.949524641037,2.3703433194269703
0.0,0.0
0.0,0.0
0.0,0.0
0.0,0.0
0.0,0.0
0.0,0.0
0.0,0.0
0.0,0.0
0.0,0.0
0.0,0.0
0.0,0.0
0.0,0.0
0.0,0.0
0.0,0.0
0.0,0.0
0.0,0.0
0.0,0.0
0.0,0.0
0.0,0.0
0.0,0.0
0.0,0.0
0.0,0.0
0.0,0.0
0.0,0.0
0.0,0.0
0.0,0.0
0.0,0.0
0.0,0.0
0.0,0.0
0.0,0.0
0.0,0.0
0.0,0.0
0.0,0.0
0.0,0.0
0.0,0.0
0.0,0.0
0.0,0.0028865012021836167
0.0,4.033982973853877e-06
0.0,0.0028865012021836167
21.10115814209,16.332075838737985
31.750534057617,31.005416513443418
50.981845855713,46.914304877415454
57.654369354248,60.25449308186305
77.244583129883,73.88593633565301
107.26480102539,106.43432117069705
126.41757965088,124.22823285898191
151.20552062988,138.7550751692374
116.58408355713,114.9952096479877
106.36096954346,118.87525905867533
165.40469360352,129.61573292171806
188.4079284668,152.8563318384829
182.5281829834,176.687641828685
192.66523742676,179.36821489265205
43.932350158691,122.69068180471803
17.254379272461,45.81517398258227
0.0,13.94171324398535
0.0,9.961580791201943
11.886432647705,11.232707570218547
11.103226661682,10.463353709647244
10.279171943665,9.163865332961583
7.5048785209656,7.092014751828188
13.269318580627,14.408591320466323
12.06231212616,14.57819502274917
4.3895993232727,3.8742512191007203
3.4107747077942,3.359704561408489
0.50753831863403,0.8596028408495517
0.0,0.21000089568525307
0.0,0.0
0.0,0.0
0.0,0.0
0.0,0.0
0.0,0.0
0.0,0.0
0.0,0.0
0.0,0.0
0.0,0.0
0.0,0.0
0.0,0.0
0.0,0.0
0.0,0.0
0.0,0.0
0.0,0.0
0.0,0.0
0.0,0.0
0.0,0.0
0.0,0.0
0.0,0.0
0.0,0.0
0.0,0.0
0.0,0.0
0.0,0.0
0.0,0.0
0.0,0.0
0.0,0.0
0.0,0.0
0.0,0.0028865012021836167
0.0,4.033982973853877e-06
0.0,4.033982973853877e-06
0.0,4.033982973853877e-06
0.0,4.033982973853877e-06
6.9289507865906,6.753736244019065
12.002358436584,9.851660849535406
58.253684997559,52.646344203766944
24.770286560059,28.30653930445215
23.304393768311,25.769688733663642
35.986110687256,39.96301269470544
34.946914672852,37.33365381372138
33.173992156982,36.76032570605651
41.427211761475,43.43801016482183
47.024322509766,47.77732136866469
59.586402893066,51.61697650796864
61.498115539551,61.10752881600486
51.227485656738,52.38601485813392
66.239501953125,62.08080304472365
66.731254577637,66.24138397728584
77.488502502441,67.4580520179986
129.01518249512,116.72119618240046
137.72207641602,138.12195908568415
173.10276794434,174.5801934257595
164.63665771484,153.4536488077748
58.628116607666,130.70810676384352
34.401977539062,42.21831818392006
22.977577209473,25.002705059342475
3.8644120693207,5.988157221257753
1.2279460430145,7.622887708534753
1.2538492679596,3.2502681256225485
1.6477669477463,2.215424994206339
2.5220484733582,1.717618669422463
4.9820899963379,2.9692089510182815
6.3706464767456,8.221993239047436
11.142087936401,11.248008301014728
13.931499481201,10.731148470815217
20.326169967651,17.804496820747584
22.637126922607,19.948026703218037
23.309907913208,27.712899122125055
23.773937225342,26.823899023229664
25.258878707886,23.334063555148806
24.768371582031,29.223114855743376
16.751264572144,16.555343588775003
9.1889657974243,10.709819726169533
5.6552352905273,6.617047563777155
3.5247511863708,3.4336900257970937
0.0,0.12004319598934617
0.0,0.0
0.0,0.0
0.0,0.0
0.0,0.0
0.0,0.0
0.0,0.0
0.0,0.0
0.0,0.0
0.0,0.0
0.0,0.0
0.0,0.0
0.0,0.0
0.0,0.0
0.0,0.0
0.0,0.0
0.0,0.0
0.0,0.0
0.0,0.0
0.0,0.0
0.0,0.0
0.0,0.0
0.0,0.0
0.0,0.0
0.0,0.0
0.0,0.0
0.0,0.0
0.0,0.0
0.0,0.0
0.0,0.0
0.0,0.0
0.0,0.0
0.0,0.0
0.0,0.0
0.0,0.0
0.0,4.033982973853877e-06
0.0,0.0028865012021836167
0.0,4.033982973853877e-06
0.0,0.04121895369442395
4.8064761161804,5.988451995789399
9.5710048675537,10.455502198406668
13.577816963196,11.8318957791996
12.899620056152,13.253220506482482
10.573287010193,11.152584574515416
22.612665176392,22.191526258639897
33.49654006958,36.99318015436213
35.414371490479,43.076692438456995
46.2255859375,38.56626064212176
46.456027984619,47.666393884067055
52.892608642578,53.458687803076096
29.758487701416,35.07634405906277
19.197286605835,19.352107638218953
12.8284740448,12.861903422257933
12.851007461548,16.676481608657696
15.096220970154,15.225709391764338
25.504856109619,25.013248881023085
23.021631240845,23.06523166012829
23.064981460571,23.210376264702266
25.411050796509,27.94030846892927
50.978954315186,48.967272659254164
55.610794067383,64.15853537306752
20.874774932861,22.99342563406249
17.654195785522,20.307696634889975
15.529762268066,14.84765743144605
13.052329063416,13.703944864861697
13.255174636841,14.091456892222912
15.701818466187,12.896476003547207
15.384728431702,14.652194799905011
8.579306602478,9.322241981421017
0.0,0.0
0.0,0.0
0.0,0.0
0.0,0.0
0.0,0.0
0.0,0.0
0.0,0.0
0.0,0.0
0.0,0.0
0.0,0.0
0.0,0.0
0.0,0.0
0.0,0.0
0.0,0.0
0.0,0.0
0.0,0.0
0.0,0.0
0.0,0.0
0.0,0.0
0.0,0.0
0.0,0.0
0.0,0.0
0.0,0.0
0.0,0.0
0.0,0.0
0.0,0.0
0.0,0.0
0.0,0.0
0.0,0.0
0.0,0.0
0.0,0.0
0.0,0.0
0.0,0.0
0.0,0.0
0.0,0.0
0.0,0.0
0.0,0.0
0.0,0.0
0.0,0.0
0.0,0.0
0.0,0.0
0.0,0.0028865012021836167
13.495027542114,17.977910136384235
30.505924224854,28.212453619154115
34.403091430664,31.989526306446475
28.875780105591,29.77288775909912
55.861343383789,55.47401556350567
57.718326568604,73.74703277561653
55.218841552734,56.098863788195885
50.970191955566,51.268987279337566
68.623718261719,78.5726757875083
54.515522003174,56.119443497633675
40.070137023926,56.33616103027619
71.512451171875,67.89105212460697
50.796718597412,50.39216247195661
47.888240814209,53.23846036887864
56.744998931885,44.78102837481615
37.582481384277,41.45194580561757
48.847267150879,53.21114578998395
102.72717285156,100.26092271177087
30.021896362305,38.47510712488676
28.541557312012,40.50127469037191
44.906661987305,42.17714748405358
23.487115859985,22.738188184491836
25.683782577515,24.767729963800218
14.828685760498,18.18180403191264
5.2802329063416,6.988928608471556
8.8794078826904,9.33233697452075
3.9961082935333,5.8854945053401035
1.1173994541168,1.6821104555469462
0.0,0.006871929627010411
0.0,0.0
0.0,0.0
0.0,0.0
0.0,0.0
0.0,0.0
0.0,0.0
0.0,0.0
0.0,0.0
0.0,0.0
0.0,0.0
0.0,0.0
0.0,0.0
0.0,0.0
0.0,0.0
0.0,0.0
0.0,0.0
0.0,0.0
0.0,0.0
0.0,0.0
0.0,0.0
0.0,0.0
0.0,0.0
0.0,0.0
0.0,0.0
0.0,0.0
0.0,0.0
0.0,0.0
0.0,0.0
0.0,0.0
0.0,0.0
0.0,0.0
0.0,0.0
0.0,0.0
0.0,0.0
2.1108100414276,2.134116782237642
2.9839169979095,3.000869802200083
4.0292177200317,4.1548819416863205
4.5857334136963,8.162024361868207
7.7776188850403,7.803364055122476
7.5505151748657,8.126458340278669
15.741871833801,15.422022573932615
18.018035888672,17.710990771275235
14.93639087677,14.217858686052454
16.870735168457,16.567934534247975
20.985343933105,19.823133788186585
26.385845184326,28.327058230822136
33.854511260986,32.417670220807786
42.944885253906,39.055764028095936
25.229305267334,30.000378815013157
22.21173286438,26.005721957979603
24.107412338257,23.895736672927093
25.408836364746,25.69897973799421
29.43434715271,27.347695588678818
19.197113037109,19.163922447717848
22.195045471191,23.175915282175033
22.923900604248,26.524828037598166
19.557556152344,26.713704666252358
18.758407592773,19.358248786688417
32.836547851562,26.072000214723605
27.798768997192,28.448569065582973
18.911149978638,27.690833785112268
22.689638137817,21.090713241776914
22.898590087891,21.557719015041112
25.541074752808,31.341055671957214
20.511688232422,15.199845996868858
38.639488220215,37.31964088228764
42.735500335693,44.44489837513433
8.0596218109131,24.987937856021
56.399318695068,58.09645737473868
23.751106262207,52.454835787630344
9.1121120452881,28.206734073730804
5.2807869911194,5.6034333718348375
5.5357704162598,4.436614122642508
12.696407318115,13.436519963775286
15.823644638062,14.749208346467139
6.9180245399475,3.7130406614250675
1.2657296657562,1.1618328630781258
0.0,0.0
0.0,0.0
0.0,0.0
0.0,0.0
0.0,0.0
0.0,0.0
0.0,0.0
0.0,0.0
0.0,0.0
0.0,0.0
0.0,0.0
0.0,0.0
0.0,0.0
0.0,0.0
0.0,4.033982973853877e-06
0.7533814907074,0.13652272156514147
8.2268934249878,7.440976018663256
11.698078155518,10.590616160431992
15.788138389587,15.868119402875816
20.206195831299,19.087445877467427
52.376327514648,50.8837848165947
68.738052368164,68.33268843102887
84.096282958984,82.92028879925238
96.998466491699,85.96354904683412
104.03829193115,100.0486957798087
115.65029907227,108.13482387227258
125.59394073486,116.23102263039422
110.66271972656,117.33822984283881
117.06008148193,89.1046907920583
87.126304626465,85.84590885861334
77.035911560059,86.91824358565849
187.68254089355,162.90957340172898
57.727291107178,77.25521944185964
73.200736999512,70.9396518454911
109.61888122559,108.14066279649192
92.103897094727,93.59456716194904
109.64166259766,114.87462421889661
110.42291259766,119.74545988075397
141.6962890625,137.85116896795466
95.28889465332,96.86967521886749
95.763916015625,90.84239096995903
70.443267822266,88.65661917619067
64.154396057129,76.3786801816242
78.595878601074,80.95122069637733
75.744812011719,71.90901158212013
158.79725646973,142.0130332321797
60.743278503418,79.65173626258266
38.400802612305,71.55807598458232
36.625106811523,67.59319395104868
67.470169067383,61.86948190296581
26.933681488037,28.866186822108066
33.028778076172,33.94652262995162
24.86376953125,24.886333777610194
29.481119155884,30.46939232380203
3.4105763435364,2.7358991566289936
2.3734695911407,2.395531801560808
0.0,0.04893409717532359
0.0,0.0
0.0,0.0
0.0,0.0
0.0,0.0
0.0,0.0
0.0,0.0
0.0,0.0
0.0,0.0
0.0,0.0
0.0,0.0
0.0,0.0
0.0,0.0
0.0,0.0
0.0,0.0
0.0,0.0
0.0,0.0
0.0,0.0
0.0,0.0
0.0,0.0
0.0,4.033982973853877e-06
0.0,0.3455789275004023
1.7725450992584,1.630763586624997
3.9386024475098,4.100533100364015
2.6900780200958,6.976525406600568
3.8052568435669,3.91130003207533
6.1846799850464,4.383081760560635
56.265830993652,56.42999731982821
37.289993286133,37.94400055963054
11.478652954102,13.006373349958217
13.795293807983,11.592361870342357
46.806098937988,45.368520932098576
45.545379638672,47.33213014740799
92.934539794922,67.08630915139187
43.120620727539,68.33346319449952
122.74617004395,110.38914444932048
78.839653015137,78.8133201708672
26.692560195923,30.241013674723998
44.946075439453,42.351651273672736
29.378826141357,30.926117328321823
57.941249847412,50.99168170483546
45.069305419922,40.09970589441858
26.19030380249,31.95858164971544
30.491668701172,30.37398336627535
29.819801330566,25.27499448262883
19.393402099609,35.13093690443609
17.347311019897,16.560350103736166
27.274152755737,24.744883829776775
25.817188262939,22.554779620794157
6.6119003295898,8.821890195482277
6.2377109527588,6.0908613523697905
2.6375305652618,2.3976673251829848
2.3832101821899,1.529130153016987
1.036748290062,0.9905453972930283
0.0,0.010782675508190568
0.0,0.02020381543036083
0.0,0.0
0.0,0.0
0.0,0.0
0.0,0.0
0.0,0.0
0.0,0.0
0.0,0.0
0.0,0.0
0.0,0.0
0.0,0.0
0.0,0.0
0.0,0.0
0.0,0.0
0.0,0.0
0.0,0.0
0.0,0.0
0.0,0.0
0.0,0.0
0.0,0.0
0.0,0.0
0.0,0.0
0.0,0.0
0.0,0.0
0.0,0.0
0.0,0.0
0.0,0.0
0.0,0.0
0.0,0.0
0.0,0.0
0.0,3.617356745606278e-05
0.0,0.13652272156514147
0.76502525806427,0.9634599607099261
4.3638319969177,4.6390317930069065
16.641571044922,15.392396122644433
22.849403381348,24.728872644108936
93.166084289551,108.9519974311851
65.515205383301,62.638378108575985
108.99048614502,92.66739440020064
70.528907775879,65.54136028441599
67.837760925293,92.14486174464678
48.862289428711,48.651757609712654
77.807510375977,78.88035874065791
108.87606048584,128.98569046471863
80.170402526855,80.29402157690681
40.275329589844,44.64633048429686
41.533157348633,56.08772183885989
21.664155960083,24.201077238722345
13.322243690491,14.771839585726068
23.545606613159,21.081761019223162
29.345603942871,28.719283403830225
26.728857040405,27.36161009007651
8.2495679855347,8.7649064914148
2.7977931499481,4.951421045831787
0.81546998023987,1.650711671779926
2.772488117218,1.5627727061365702
4.6631011962891,2.675687455471395
1.4625523090363,1.6277945915167882
0.0,0.0
0.0,0.0
0.0,0.0
0.0,0.0
0.0,0.0
0.0,0.0
0.0,0.0
0.0,0.0
0.0,0.0
0.0,0.0
0.0,0.0
0.0,0.0
0.0,0.0
0.0,0.0
0.0,0.0
0.0,0.0
0.0,0.0
0.0,0.0
0.0,0.0
0.0,0.0
0.0,0.0
0.0,0.0
0.0,0.0
0.0,4.033982973853877e-06
0.0,4.033982973853877e-06
0.0,0.00045219119583441017
28.387672424316,28.82131533589403
32.233943939209,33.12859144252447
77.640151977539,79.59019732038193
74.912712097168,78.12663276337496
108.09268951416,102.6282833977417
83.843643188477,79.63883082845499
97.494766235352,86.34224773378082
119.06495666504,113.59425499794635
105.68762969971,109.00562308892687
96.272300720215,96.14774917066121
87.088356018066,89.17096877483732
88.124618530273,91.44504054070191
72.763977050781,77.50310724912704
77.592041015625,75.25111364566773
65.579246520996,89.81044126800928
57.740573883057,56.30835104186894
68.900817871094,68.37351281590367
64.09587097168,65.09317302153558
93.757026672363,86.23638550264656
86.271621704102,85.39183909711078
61.04407119751,62.98330106605661
40.849243164062,43.85652003869559
41.989421844482,41.85540244448654
45.458248138428,45.13144073038313
43.703163146973,43.92013003393016
48.979122161865,46.63611262013954
38.998641967773,41.423443226057906
59.263061523438,30.766478843855644
0.0,0.0
0.0,0.0
0.0,0.0
0.0,0.0
0.0,0.0
0.0,0.0
0.0,0.0
0.0,0.0
0.0,0.0
0.0,0.0
0.0,0.0
0.0,0.0
0.0,0.0
0.0,0.0
0.0,0.0
0.0,0.0028865012021836167
0.0,0.0028865012021836167
0.0,4.033982973853877e-06
0.0,4.033982973853877e-06
0.0,4.033982973853877e-06
0.0,4.033982973853877e-06
0.0,0.04514146386676017
2.1112098693848,2.1109930298881605
9.3851194381714,9.679532265920827
15.444235801697,17.497522803729833
24.205226898193,30.349389230296296
36.715721130371,40.6128014899701
29.081428527832,32.050008787107494
23.096269607544,25.476749763117272
37.593601226807,36.92435152250263
40.781478881836,48.57400793164247
46.082855224609,58.911600957650116
54.221080780029,53.29670315861015
60.462265014648,60.23210454220773
67.474922180176,103.34373307013252
70.876655578613,71.28276120310859
79.437644958496,82.89363366111172
97.924949645996,81.86993872707573
152.01879882812,144.13078623746438
89.249900817871,127.18200111310973
72.514175415039,72.69704157850627
53.949039459229,53.80251476107353
126.14019775391,103.00249180250434
77.762916564941,78.39746131599398
32.252700805664,55.47527406724742
25.656862258911,44.69421510115753
46.19803237915,45.325239293508645
39.612838745117,42.39951226129888
24.598442077637,30.366357915092756
0.0,0.05841832194594176
0.0,0.0
0.0,0.0
0.0,0.0
0.0,0.0
0.0,0.0
0.0,0.0
0.0,0.0
0.0,0.0
0.0,0.0
0.0,0.0
0.0,0.0
0.0,0.0
0.0,0.0
0.0,0.0
0.0,0.0
0.0,0.0
0.0,0.0
0.0,0.0
0.0,0.0
0.0,0.0
0.0,0.0
0.0,0.0
0.0,4.033982973853877e-06
0.0,4.033982973853877e-06
0.0,0.002860103882507422
12.306834220886,13.159982686613818
16.01523399353,15.88272556223176
25.743368148804,25.928883944122326
68.306076049805,69.11415889795344
46.484352111816,45.385906581998164
72.679138183594,55.915791213469994
90.901657104492,81.01167371949852
101.6000213623,96.92177566341974
154.51455688477,146.8089878198126
151.13803100586,161.00148495461207
155.77621459961,140.45581642241186
89.57991027832,149.1124373859582
117.14065551758,112.4784165381301
101.16546630859,99.7143978703928
91.205322265625,89.96590844755147
71.483795166016,74.67402955384868
72.564872741699,69.85692330748608
80.849227905273,77.06678522245639
61.756755828857,61.93443681278345
93.074234008789,90.78621637212036
42.84546661377,68.79464712526364
15.59311580658,14.27148324506908
0.31890752911568,0.08661942798073011
0.0,0.0
0.0,0.0
0.0,0.0
0.0,0.0
0.0,0.0
0.0,0.0
0.0,0.0
0.0,0.0
0.0,0.0
0.0,0.0
0.0,0.0
0.0,0.0
0.0,0.0
0.0,0.0
0.0,0.0
0.0,0.0
0.0,0.0
0.0,0.0
0.0,0.0
0.0,0.0
0.0,0.0
0.0,0.0
0.0,0.0
0.0,0.0
0.0,4.033982973853877e-06
0.0,0.00504404346401452
0.0,0.02995883460500862
0.95445746183395,2.0782991333183922
2.9907121658325,2.826738306244922
3.6464521884918,3.616646669421471
5.5249581336975,4.970441968000776
4.6335868835449,4.936569887150755
4.9248099327087,4.989651211068087
16.979721069336,15.653163266577828
22.667457580566,21.24249166149048
21.76397895813,19.856877655907333
23.092767715454,25.135705456646495
32.540061950684,35.88476663505661
26.255420684814,33.761607244940755
25.932220458984,27.58553019831434
28.601184844971,25.35559165350727
32.54203414917,27.577046216459642
36.336231231689,27.047591599633297
39.561725616455,43.47794485801754
25.992063522339,47.176277373044506
25.900054931641,22.97843935306111
23.387331008911,20.18598590020106
25.070373535156,21.60315840048379
30.454460144043,26.83681554457614
37.904396057129,33.46221234953399
15.611790657043,18.527290081618094
22.154491424561,13.415700409684952
26.211999893188,21.94806931052755
7.8477602005005,9.577985821737604
5.0906910896301,11.093989483965316
8.101710319519,6.4609913307272375
8.6332445144653,7.553706352752905
10.973547935486,10.848498517064776
10.291650772095,9.395505485820173
12.363307952881,10.680002377100973
11.320465087891,10.622185655835025
5.3879685401917,4.615716796632577
31.025110244751,17.29943973965795
6.7322897911072,20.555339046480455
10.735033035278,10.455179064988176
10.696299552917,9.788952695913606
8.4651250839233,8.091590182184548
2.7189636230469,4.29049262308258
4.1406798362732,2.594006249595983
0.0,0.29962525883189034
0.0,0.013249783390383942
0.0,0.21424642535595975
0.0,0.0
0.0,0.0
0.0,0.0
0.0,0.0
0.0,0.0
0.0,0.0
0.0,0.0
0.0,0.0
0.0,0.0
0.0,0.0
0.0,0.0
0.0,0.0
0.0,0.0
0.0,0.0
0.0,0.0
0.0,0.0
0.0,0.0
0.0,0.0
0.0,0.0
0.0,0.0
0.0,0.0
0.0,0.0
0.0,0.0
0.0,0.0
0.0,0.0
0.0,0.0
0.0,0.0028865012021836167
0.0,4.033982973853877e-06
0.0,4.033982973853877e-06
0.0,4.033982973853877e-06
0.0,4.033982973853877e-06
0.0,4.033982973853877e-06
0.0,4.033982973853877e-06
0.0,0.020228375336081912
0.18569228053093,0.3207618697226969
0.0,1.6916946109880548
0.0,0.1556392264228147
0.0,0.1556392264228147
0.0,0.1556392264228147
0.0,0.1556392264228147
0.19966918230057,0.8374015328356634
4.422993183136,5.246565961464564
6.0781435966492,8.175531091881387
6.8543815612793,6.2589012694639115
14.475308418274,12.768901268337835
16.668327331543,18.715678967672236
19.937971115112,19.855046653547927
15.455038070679,15.930952749708727
15.691715240479,14.91238794815497
11.836400985718,11.889888550807543
16.036428451538,15.360576353412888
27.479774475098,29.42063094648248
26.547264099121,23.9485330542125
32.731861114502,30.79315925778159
45.041465759277,41.87493414700341
44.616165161133,42.4506837755788
35.787864685059,34.95118687721258
41.805450439453,38.38622936375286
47.167789459229,45.29773918423468
37.825416564941,50.589457537876925
48.960754394531,45.882146500328886
56.98120880127,53.52832654520044
68.564628601074,68.2309799103408
98.45238494873,100.47136012752506
29.402727127075,15.984691076354142
19.794052124023,19.117577801864158
12.934577941895,11.564380807603161
11.594466209412,12.926068990273366
15.794706344604,15.114583893912792
8.8419790267944,6.209958731698516
10.987194061279,10.625011242605018
2.3640480041504,2.6176246098833715
3.3921053409576,1.844188124467654
2.6599876880646,3.276444528080478
1.1265547275543,2.2001575523956682
0.1890519708395,0.20313675671571835
0.0,0.0
0.0,0.0
0.0,0.0
0.0,0.0
0.0,0.0
0.0,0.0
0.0,0.0
0.0,0.0
0.0,0.0
0.0,0.0
0.0,0.0
0.0,0.0
0.0,0.0
0.0,0.0
0.0,0.0
0.0,0.0
0.0,0.0
0.0,0.0
0.0,0.0
0.0,0.0
0.0,0.0
0.0,0.0
0.0,0.0
0.0,0.0
0.0,0.0
0.0,0.0
0.0,0.0
0.0,0.0
0.0,0.0
0.0,0.0
0.0,0.0
0.0,0.0
0.0,0.0
0.0,0.0
0.0,0.0
0.0,0.0
0.0,0.0
0.0,0.0
0.0,0.0
0.0,0.0
0.0,4.033982973853877e-06
0.0,0.0028865012021836167
0.0,4.033982973853877e-06
0.0,4.033982973853877e-06
0.0,4.033982973853877e-06
0.0,0.0028865012021836167
0.0,4.033982973853877e-06
0.0,3.617356745606278e-05
0.0,0.02655320853211468
0.0,0.0006506643645783946
3.5157825946808,3.653486771297425
26.459718704224,29.65497505815676
30.566827774048,42.77249892327394
25.94931602478,33.32713653386233
24.991092681885,23.62517796242697
17.46947479248,18.96816081566426
24.151515960693,23.930908533856655
33.14818572998,29.64731577117993
38.85404586792,38.832989496038174
46.733543395996,41.99355818461587
75.825698852539,68.87113320369043
49.946311950684,74.54417578180366
51.841579437256,47.909358225363874
36.778507232666,38.02543551541655
43.681781768799,43.412005206445464
98.84716796875,89.52681636983883
157.83726501465,113.40114633992222
109.30487060547,106.33722912139068
26.817749023438,26.304072675076966
34.888538360596,33.027961486147305
202.51193237305,111.60558902369307
62.901714324951,92.54685457369428
17.636463165283,28.361300117074535
17.070959091187,22.671131172467323
39.417705535889,32.945608155122656
140.62223815918,125.19843930147407
47.909809112549,40.34091125335704
17.235677719116,40.55897251196268
4.2549700737,4.408822386758562
1.9034061431885,2.7456956646081236
0.0,0.0
0.0,0.0
0.0,0.0
0.0,0.0
0.0,0.0
0.0,0.0
0.0,0.0
0.0,0.0
0.0,0.0
0.0,0.0
0.0,0.0
0.0,0.0
0.0,0.0
0.0,0.0
0.0,0.0
0.0,0.0
0.0,0.0
0.0,0.0
0.0,0.0
0.0,0.0
0.0,0.0
0.0,0.0
0.0,0.0
0.0,0.0
0.0,0.0
0.0,0.0
0.0,0.0
0.0,0.0
0.0,0.0
0.0,0.0
0.0,0.0
0.0,0.0
0.0,0.0
0.0,0.0
0.0,0.0
0.0,0.0
0.0,0.0
0.0,0.0
0.0,0.0
0.0,0.0
0.0,0.0
0.0,0.0
0.0,0.0
0.0,0.0
0.0,0.0
0.0,0.0
0.0,0.0
0.0,0.0
0.0,0.0
1.4820008277893,0.9482116185647746
24.508142471313,25.239799483309906
66.360107421875,65.11659483854741
99.179809570312,97.87987232187362
132.11267089844,131.85343658179065
144.71249389648,142.20018493562517
152.53511047363,146.93940571403934
192.57168579102,192.8163073158949
201.04814147949,198.63161885291504
200.43492126465,197.0718080751248
196.91317749023,201.1054667439512
196.3669128418,196.79899735478574
194.88803100586,195.94931649914585
195.03897094727,193.20634058902024
185.76345825195,186.96278895128185
180.70268249512,179.78952635978922
178.3412322998,155.37295680596935
154.76156616211,159.34121248564702
152.70974731445,154.16033843728084
140.27709960938,138.03700526525165
130.13624572754,108.03151545190173
120.00128173828,122.85958640842581
113.44795227051,108.98002146788184
109.68137359619,108.62462080505821
66.976005554199,98.98854112320906
87.307243347168,75.2606704631973
58.68970489502,51.392670387298054
34.725955963135,39.068509905235466
22.900409698486,19.429121532400455
10.169445037842,11.56228972267909
0.0,0.003172398561884866
0.0,0.0
0.0,0.0
0.0,0.0
0.0,0.0
0.0,0.0
0.0,0.0
0.0,0.0
0.0,0.0
0.0,0.0
0.0,0.0
0.0,0.0
0.0,0.0
0.0,0.0
0.0,0.0
0.0,0.0
0.0,0.0
0.0,0.0
0.0,0.0
0.0,0.0
0.0,0.0
0.0,0.0
0.0,0.0
0.0,0.0
0.0,0.0
0.0,0.0
0.0,0.0
0.0,0.0
0.0,0.0
0.0,0.0
0.0,0.0
0.0,0.0
0.0,0.0
0.0,0.0
0.0,0.0
0.0,0.0
0.0,4.033982973853877e-06
4.986448764801,4.901030246541913
11.011936187744,11.597662636952355
120.3846206665,119.24312150001626
145.96151733398,144.516214219053
160.65518188477,160.13808718322605
178.08290100098,177.4695709555331
181.16220092773,182.83755724135358
188.67344665527,184.62233436118595
192.85830688477,192.39968845659513
192.72909545898,192.22092361721906
194.96803283691,193.58621997330323
196.87747192383,193.55594386796952
197.27227783203,197.41088057593475
202.73818969727,200.44190190899198
201.92637634277,200.61799197358513
204.95088195801,201.33938430308513
204.11514282227,201.43696175410997
200.21282958984,201.60372276376668
196.99481201172,194.21074706728587
197.7425994873,194.9336639825874
190.45529174805,192.75581788349157
184.35231018066,187.3849826384089
184.82934570312,183.58290549545248
174.91455078125,175.1818746553738
165.5068359375,166.47843362166867
149.93698120117,149.1166772103699
139.41621398926,138.17014615301653
135.47941589355,136.05660274403314
133.30880737305,132.0050321278652
115.55401611328,115.6380544762504
107.13339996338,109.00106292069685
100.96492004395,102.05175414915762
94.072280883789,93.1339142594098
88.605964660645,89.31652786933192
71.989723205566,69.90339591835935
59.1340675354,60.58263689588823
52.850490570068,54.11971541237454
40.859031677246,46.8787091619803
28.891819000244,28.09355897832541
23.616275787354,23.00926782396489
18.472282409668,18.79374649955105
3.0927596092224,3.204358764317814
0.0,0.13631056608776343
0.0,0.0
0.0,0.0
0.0,0.0
0.0,0.0
0.0,0.0
0.0,0.0
0.0,0.0
0.0,0.0
0.0,0.0
0.0,0.0
0.0,0.0
0.0,0.0
0.0,0.0
0.0,0.0
0.0,0.0
0.0,0.0
0.0,0.0
0.0,0.0
0.0,0.0
0.0,0.0
0.0,0.0
0.0,0.0
0.0,0.0
0.0,0.0
0.0,0.0
0.0,0.0
0.0,0.0
0.0,0.0
0.0,0.0
0.0,0.0
0.0,0.0
0.0,0.0
0.0,0.0
0.0,0.0
0.0,0.0
0.0,0.0
0.0,0.0
0.0,4.033982973853877e-06
0.0,0.0028865012021836167
0.0,4.033982973853877e-06
0.0,4.033982973853877e-06
0.0,4.033982973853877e-06
0.0,4.033982973853877e-06
1.1658879518509,0.3178538314223887
7.7457690238953,5.83902010926874
36.689743041992,36.42153834267334
53.84631729126,53.77894432804309
60.453433990479,57.93391026870024
66.754463195801,65.07897366751327
94.17261505127,94.14133937523086
121.30023193359,120.88948527415648
128.20510864258,124.66899102288791
151.34539794922,150.14614742734574
157.15682983398,158.37406396801805
161.14340209961,158.94002071663468
167.08129882812,164.72132794243572
168.97355651855,168.91039539545363
171.13250732422,171.05452793310758
173.70491027832,171.4594644871617
176.17150878906,175.3400529713785
179.90625,179.51327598117743
182.16400146484,181.09663979070973
185.28895568848,182.70428316966508
187.66650390625,185.68803111695632
191.54713439941,189.47684577884502
193.19659423828,192.82525795873488
195.55728149414,195.3525544456092
196.56686401367,196.7989033131013
197.66149902344,195.48094095825775
200.16905212402,198.16986112811463
200.76974487305,198.59507869942036
200.82186889648,198.96224190605875
201.90176391602,199.98692537265768
200.9725189209,200.08470220255234
201.6926574707,198.5598261507849
201.77757263184,200.10886577956293
201.72830200195,200.64388194269395
195.21244812012,195.57390617962028
191.85350036621,191.30834280726506
185.46412658691,186.94818939757855
181.19790649414,181.70480388270516
179.42172241211,180.07361280038836
130.77215576172,132.04490707817155
0.0,0.0
0.0,0.0
0.0,0.0
0.0,0.0
0.0,0.0
0.0,0.0
0.0,0.0
0.0,0.0
0.0,0.0
0.0,0.0
0.0,0.0
0.0,0.0
0.0,0.0
0.0,0.0
0.0,0.0
0.0,0.0
0.0,0.0
0.0,0.0
0.0,0.0
0.0,0.0
0.0,0.0
0.0,0.0
0.0,0.0
0.0,0.0
0.0,0.0
0.0,0.0
0.0,0.0
0.0,0.0
0.0,0.0
0.0,0.0
0.0,0.0
0.0,0.0
0.0,0.0
0.0,0.0
0.0,0.0
0.0,0.0
0.0,0.0
0.0,0.0
0.0,4.033982973853877e-06
0.0,4.033982973853877e-06
0.0,4.033982973853877e-06
0.0,4.033982973853877e-06
0.0,4.033982973853877e-06
0.0,0.0028865012021836167
0.61236351728439,0.3055124479173878
4.0466332435608,7.861943947224086
11.858739852905,8.898763644404358
18.667369842529,20.254480501123798
28.434555053711,25.617385263320184
34.564960479736,34.21598593078024
64.279174804688,62.92059061727739
91.629592895508,89.4951447071688
140.92070007324,127.57570363541399
70.634986877441,76.98937110542556
144.08546447754,125.34432695488024
146.37959289551,136.9155461346447
153.09671020508,140.64820916703513
153.63522338867,155.80645010797068
156.54895019531,156.19335721491368
159.69131469727,159.26273056597586
161.18962097168,162.05591931095177
163.55270385742,163.63474128982025
167.0972442627,171.01435158993806
169.92950439453,169.0707473295789
169.67852783203,171.5888417078037
174.82385253906,171.26509247391817
174.58735656738,176.1479684686666
177.39468383789,175.85957611588847
182.30557250977,165.08993745917402
183.68287658691,178.08329199415593
181.90747070312,184.1606735001399
188.05081176758,186.26485085787726
194.20399475098,195.38477584346958
196.13421630859,194.78360827921796
195.35261535645,194.88507526253176
192.60934448242,191.49374647250346
189.06590270996,189.77631235216526
187.29899597168,186.91404684736878
153.48637390137,153.11646337303213
104.12368774414,101.30320999323419
25.691261291504,27.723802086926575
11.880394935608,13.062381204083852
8.0576505661011,7.582948402584566
4.5829210281372,4.489942972978509
0.0,0.0
0.0,0.0
0.0,0.0
0.0,0.0
0.0,0.0
0.0,0.0
0.0,0.0
0.0,0.0
0.0,0.0
0.0,0.0
0.0,0.0
0.0,0.0
0.0,0.0
0.0,0.0
0.0,0.0
0.0,0.0
0.0,0.0
0.0,0.0
0.0,0.0
0.0,0.0
0.0,0.0
0.0,0.0
0.0,0.0
0.0,0.0
0.0,0.0
0.0,0.0
0.0,0.0
0.0,0.0
0.0,0.0
0.0,0.0
0.0,0.0
0.0,0.0
0.0,0.0
0.0,0.0
0.0,0.0
0.0,0.0
0.0,0.0
0.0,0.0
0.0,0.0
0.0,0.0
0.0,0.0
0.0,0.0
0.0,0.0
0.0,0.0
0.0,0.0
0.0,0.0
0.0,0.0
0.0,0.0
0.0,0.0
18.971166610718,18.741798640325822
19.613807678223,24.25861418079169
28.833009719849,25.639988118567143
58.227027893066,56.035220744744315
64.492874145508,62.98451569294812
70.016555786133,69.49090637019181
111.173828125,110.2629397044754
119.94343566895,117.80023376865354
124.60655975342,122.01854509707285
128.15399169922,127.28309191765105
136.06901550293,133.67747251504764
159.04585266113,155.957274011854
168.14047241211,168.8341701829133
179.41831970215,181.7662002917524
186.51834106445,186.3386166955016
195.22653198242,193.8471710773473
194.60681152344,194.8962903347954
197.98068237305,196.29045574686808
198.97341918945,198.0400239970657
198.94366455078,198.08042896720283
200.04679870605,198.4382417384511
199.03442382812,199.793508860383
200.56526184082,198.56837853597779
199.03727722168,199.7031208586351
198.5853729248,197.6972856675841
197.85572814941,197.9466179978908
197.65252685547,197.45551379532685
196.68472290039,197.23084110525193
194.90002441406,194.27780798900164
194.00958251953,194.1769627109338
191.80102539062,192.09669275118293
190.41606140137,190.82103577829403
188.73678588867,189.33586815975758
184.20120239258,184.77739712706554
182.5952911377,183.30162928132194
179.17301940918,180.1920807416488
177.61260986328,177.60336878732565
175.61499023438,175.82599146575689
173.3680267334,173.78368300335268
170.70301818848,171.5445952941719
164.01043701172,165.03413306936156
161.05955505371,161.92980814302388
158.8943939209,158.7487842805098
155.52638244629,156.04845996547365
155.2932434082,153.47614098440823
153.17314147949,153.0828739362016
150.18418884277,150.29303126316898
132.06675720215,132.8917227737201
125.17236328125,125.23215908400114
121.20301818848,120.91770066272771
117.35466003418,117.22563962098431
112.61399841309,112.37221404802499
107.4571762085,108.71997464885236
97.782379150391,97.84893000341486
93.373085021973,93.31738398046782
83.22875213623,84.22110190027254
77.620010375977,78.4846063779348
72.366149902344,72.57006474692832
66.98770904541,67.00328243803506
60.796115875244,61.38671386366427
42.350124359131,42.37650669307315
36.596351623535,35.90067915794883
30.719146728516,31.31485277304267
25.350517272949,25.20944379645753
20.171701431274,19.893626699836837
15.490433692932,15.393315858779525
11.307717323303,10.862117978528753
7.575129032135,7.538195858493325
4.1073441505432,4.362734121093482
0.0,0.003263571498836599
0.0,0.0
0.0,0.0
0.0,0.0
0.0,0.0
0.0,0.0
0.0,0.0
0.0,0.0
0.0,0.0
0.0,0.0
0.0,0.0
0.0,0.0
0.0,0.0
0.0,0.0
0.0,0.0
0.0,0.0
0.0,0.0
0.0,0.0
0.0,0.0
0.0,0.0
0.0,0.0
0.0,0.0
0.0,0.0
0.0,0.0
0.0,0.0
0.0,0.0
0.0,0.0
0.0,0.0
0.0,0.0
0.0,0.0
0.0,0.0
0.0,0.0
0.0,0.0
0.0,0.0
0.0,0.0
0.0,0.0
0.0,0.0
0.0,0.0
0.0,0.0
0.0,0.0
0.0,0.0
0.0,0.0
0.0,0.0
0.0,0.0
0.0,0.0
0.0,0.0
0.0,0.0
0.0,0.0
0.0,0.0
0.0,0.0
0.0,0.0
0.0,0.0
0.0,0.0
0.0,0.0
0.0,0.0
0.0,0.0
0.0,0.0
0.0,0.0
0.0,0.0
0.0,0.0
0.0,0.0
0.0,0.0
0.0,0.0
0.0,0.0
0.0,0.0
0.0,0.0
0.0,0.0
0.0,0.0
0.0,0.0
0.0,0.0
0.0,0.0
0.0,0.0
0.0,0.0
0.0,0.0
0.0,0.0
0.0,0.0
0.0,0.0
0.0,0.0
0.0,0.0
0.0,0.0
0.0,0.0
0.0,0.0
0.0,0.0
0.0,0.0
0.0,0.0
0.0,0.0
0.0,0.0
0.0,0.0
0.0,0.0
0.0,0.0
0.0,0.0
0.0,0.0
0.0,0.0
0.0,0.0
0.0,0.0
0.0,0.0
0.0,0.0
0.0,0.0
0.0,0.0
0.0,0.0
0.0,0.0
0.0,0.0
0.0,0.0
0.0,0.0
0.0,0.0
0.0,0.0
0.0,0.0
0.0,0.0
0.0,0.0
0.0,0.0
0.0,0.0
0.0,0.0
0.0,0.0
0.0,0.0
0.0,0.0
0.0,0.0
0.0,4.033982973853877e-06
0.0,4.033982973853877e-06
0.0,4.033982973853877e-06
0.0,4.033982973853877e-06
0.0,4.033982973853877e-06
0.0,4.033982973853877e-06
0.0,0.001084820030137684
0.77282166481018,0.5152679541517343
4.0119853019714,1.8961891702361078
7.0648980140686,5.037881483722807
10.567318916321,10.317322427736883
14.830950737,16.72628515889121
19.37957572937,21.220107741207496
24.089643478394,29.370850815466476
29.591278076172,39.74578852913636
35.707618713379,35.5000053784099
41.693004608154,43.17654209805208
47.309364318848,47.867585787836234
52.912162780762,53.216749945674096
59.537734985352,57.582125862457055
66.26220703125,64.64891994265024
71.96125793457,70.75498416670351
82.228858947754,82.00466953787496
92.064750671387,91.01195218219426
96.561836242676,96.44302130874432
100.95687866211,100.94093993999257
105.3147354126,105.02723238563247
109.69049835205,109.27243627734784
114.07732391357,113.51545020334649
118.27874755859,117.70221858147637
122.30026245117,122.24384953549428
126.34782409668,125.58030860716858
130.29573059082,129.73059641756237
133.78155517578,133.74930678201412
137.40225219727,137.142289836718
150.75080871582,149.81058050679906
153.59809875488,153.36116115779348
156.70135498047,155.96607246760033
159.7352142334,158.73869456517053
163.28807067871,162.13651283147124
169.65371704102,168.55186499256914
172.76937866211,171.48467319044664
178.28524780273,175.03247420657704
182.88801574707,181.78471078874625
185.39208984375,183.63593559242818
186.92742919922,186.27009302296275
188.56401062012,187.32395704544007
189.72399902344,189.1929231673473
194.78073120117,193.7520813713728
194.58636474609,195.35122922785766
192.87989807129,194.97879258683713
194.20672607422,193.80608519174174
195.8625793457,194.69786140069942
197.67932128906,196.0860122522723
197.47857666016,197.83821215096032
198.43911743164,197.57487804542288
199.17729187012,199.96477065040503
198.90277099609,199.07166720277738
199.57369995117,198.5351966784881
199.76239013672,199.5910934263231
199.33206176758,199.72129267865196
198.46374511719,199.32880799418544
197.64628601074,198.10634452034103
198.86145019531,197.64772375395287
198.81922912598,198.40860618970368
198.83824157715,198.40969740490485
198.87466430664,198.40181917729456
198.50476074219,198.39503185721603
197.20953369141,197.82720708796614
197.68559265137,196.75057857045428
197.1872253418,197.16249266022436
196.17999267578,196.6836797095158
196.83642578125,195.46299899011706
195.79037475586,196.5297719379254
195.39587402344,195.18301353488306
195.48597717285,194.73218358064162
194.35227966309,194.75739185004622
193.14831542969,193.6788954627218
191.00984191895,192.33334090624533
190.92575073242,190.21857952266308
189.13702392578,189.6714501946301
186.77876281738,187.5630190224677
186.62469482422,185.30888052332617
184.8168182373,185.25881491361844
182.73774719238,183.51205764012155
181.93243408203,181.4762051990101
180.43083190918,180.44416544348297
177.75950622559,178.88258303057233
175.77586364746,175.92615463165188
173.82481384277,173.88252119740503
170.87991333008,172.16706639449205
168.17764282227,168.85750430337328
165.38748168945,166.13790646630912
164.09539794922,162.93604909748254
160.87306213379,162.05322118941163
158.07669067383,158.49407684793388
157.13182067871,155.29727301269804
152.63415527344,154.41093708247394
149.30494689941,149.79895084069724
146.08045959473,146.97590132957382
144.56408691406,143.38935926584597
140.24169921875,141.3931089858002
137.03747558594,137.40107316092738
133.1420135498,133.8943324916912
129.12728881836,130.08335635634762
126.42723083496,125.52156954517145
122.01331329346,123.12039746621724
120.20866394043,118.47074335749821
114.70853424072,116.11577281030682
109.38522338867,110.36741467627547
105.09953308105,105.43919295648399
99.507293701172,100.95520417490015
95.91520690918,95.23081133157967
90.818496704102,91.41448826921483
86.381713867188,86.16652615236212
80.826583862305,80.35061367526424
75.297393798828,75.74550771520266
72.055130004883,69.97046324806884
66.823013305664,66.75415795819711
59.23815536499,61.21227909856394
51.424644470215,53.211080568190724
46.925457000732,45.09416655483659
42.077808380127,41.000032798816356
36.300090789795,35.68212440619853
30.047384262085,31.402758176590947
24.938413619995,24.60582665517981
19.657556533813,19.80004838693814
14.89368057251,15.13596101267455
10.729956626892,10.36694813161198
6.9665260314941,7.107518411001836
3.5459322929382,3.8555557937391423
0.90560066699982,0.9520516447414736
0.0,0.00318069208942217
0.0,0.0
0.0,0.0
0.0,0.0
0.0,0.0
0.0,0.0
0.0,0.0
0.0,0.0
0.0,0.0
0.0,0.0
0.0,0.0
0.0,0.0
0.0,0.0
0.0,0.0
0.0,0.0
0.0,0.0
0.0,0.0
0.0,0.0
0.0,0.0
0.0,0.0
0.0,0.0
0.0,0.0
0.0,0.0
0.0,0.0
0.0,0.0
0.0,0.0
0.0,0.0
0.0,0.0
0.0,0.0
0.0,0.0
0.0,0.0
0.0,0.0
0.0,0.0
0.0,0.0
0.0,0.0
0.0,0.0
0.0,0.0
0.0,0.0
0.0,0.0
0.0,0.0
0.0,0.0
0.0,0.0
0.0,0.0
0.0,0.0
0.0,0.0
0.0,0.0
0.0,0.0
0.0,0.0
0.0,0.0
0.0,0.0
0.0,0.0
0.0,0.0
0.0,0.0
0.0,0.0
0.0,0.0
0.0,0.0
0.0,0.0
0.0,0.0
0.0,0.0
0.0,0.0
0.0,0.0
0.0,0.0
0.0,0.0
0.0,0.0
0.0,0.0
0.0,0.0
0.0,0.0
0.0,0.0
0.0,0.0
0.0,0.0
0.0,0.0
0.0,0.0
0.0,0.0
0.0,0.0
0.0,0.0
0.0,0.0
0.0,0.0
0.0,0.0
0.0,0.0
0.0,0.0
0.0,0.0
0.0,0.0
0.0,0.0
0.0,0.0
0.0,0.0
0.0,0.0
0.0,0.0
0.0,0.0
0.0,0.0
0.0,0.0
0.0,0.0
0.0,0.0
0.0,0.0
0.0,0.0
0.0,0.0
0.0,0.0
0.0,0.0
0.0,0.0
0.0,0.0
0.0,0.0
0.0,0.0
0.0,0.0
0.0,0.0
0.0,0.0
0.0,0.0
0.0,0.0
0.0,0.0
0.0,0.0
0.0,0.0
0.0,0.0
0.0,0.0
0.0,0.0
0.0,0.0
0.0,0.0
0.0,0.0
0.0,0.0
0.0,0.0
0.0,0.0
0.0,0.0
0.0,0.0
0.0,0.0
0.0,0.0
0.0,0.0
0.0,0.0
0.0,0.0
0.0,0.0
0.0,0.0
0.0,0.0
0.0,0.0
0.0,0.0
0.0,0.0
0.0,0.0
0.0,0.0
0.0,0.0
0.0,0.0
0.0,0.0
0.0,0.0
0.0,0.0
0.0,0.0
0.0,0.0
0.0,4.033982973853877e-06
0.0,4.033982973853877e-06
0.0,4.033982973853877e-06
0.0,4.033982973853877e-06
0.0,4.033982973853877e-06
0.0,4.033982973853877e-06
0.0,4.033982973853877e-06
0.0,4.033982973853877e-06
0.0,4.033982973853877e-06
0.0,4.033982973853877e-06
0.0,4.033982973853877e-06
0.0,4.033982973853877e-06
0.0,0.0032693843941977367
0.61810433864594,0.37021469852310585
3.7196733951569,1.7420709723898884
6.989688873291,5.010599652844795
10.530973434448,10.247549287838702
14.816940307617,14.656337543424232
18.962831497192,19.456360323007814
23.558206558228,24.294291199448665
28.839340209961,28.861368059471577
35.030216217041,34.44564488894369
40.925186157227,40.94521366839906
46.458904266357,47.15469122538549
51.812400817871,51.800450143108144
58.334159851074,56.79924456334965
64.806549072266,63.556275130545394
70.603172302246,69.53183486067884
75.820022583008,74.77089980391796
80.89168548584,80.11215573747215
85.939888000488,85.52407342102
90.635818481445,89.79500883222869
95.17928314209,94.99339666835806
99.744453430176,99.59349009803563
104.37215423584,104.41802629283815
108.82513427734,108.5335914304247
113.14696502686,112.92654439508809
117.3250579834,117.23109956699331
121.28462219238,120.94481786791563
124.99914550781,124.72541689917142
128.57437133789,127.99463180432078
132.07577514648,131.8012345690645
135.18577575684,135.32060231532137
138.86499023438,138.20883542135329
145.0291595459,141.66560583559246
148.85357666016,147.9602128703975
150.10385131836,152.10284418752542
153.06539916992,152.7636871436223
156.12561035156,155.8441443041332
158.35893249512,158.57442595661757
160.35823059082,160.82267790622322
162.98620605469,162.35126501056692
166.45436096191,165.05477938061355
168.73313903809,168.58137363547687
171.1018371582,170.62077122011704
173.54040527344,173.08627790137578
175.22883605957,175.22670434855067
177.0558013916,176.4831425234664
178.73506164551,178.49045786134764
180.17138671875,179.85647233047624
181.32681274414,181.3829344328293
182.46379089355,180.94089155240715
183.79904174805,183.40607762940436
183.88214111328,184.6686768556942
186.47735595703,184.612993580248
188.38352966309,187.17810174088078
189.04878234863,189.13380699461757
190.4829864502,189.36700271516713
191.23420715332,189.1949335073383
190.74819946289,191.8180462717527
192.32562255859,190.8462241699051
192.26100158691,192.94220845676057
192.55339050293,192.841791960449
192.08836364746,192.94263009023103
192.85806274414,192.21117323939913
198.60018920898,197.89842288031195
188.89814758301,187.40517418690646
172.71560668945,174.52806627471816
168.67999267578,170.55349367293564
166.25312805176,166.55080707352423
156.2195892334,155.89523955601584
153.50648498535,153.58969750703062
139.86946105957,139.6007429267043
119.12786102295,119.05079424849066
58.581756591797,60.139829456305016
46.615795135498,48.69702637791471
23.98021697998,25.342770056447513
14.241905212402,13.876408135209262
9.9721727371216,9.750992679503499
3.0346252918243,3.0343871851078914
0.54135024547577,2.054180403943265
0.0,0.00187467273465039
0.0,0.0
0.0,0.0
0.0,0.0
0.0,0.0
0.0,0.0
0.0,0.0
0.0,0.0
0.0,0.0
0.0,0.0
0.0,0.0
0.0,0.0
0.0,0.0
0.0,0.0
0.0,0.0
0.0,0.0
0.0,0.0
0.0,0.0
0.0,0.0
0.0,0.0
0.0,0.0
0.0,0.0
0.0,0.0
0.0,0.0
0.0,0.0
0.0,0.0
0.0,0.0
0.0,0.0
0.0,0.0
0.0,0.0
0.0,0.0
0.0,0.0
0.0,0.0
0.0,0.0
0.0,0.0
0.0,0.0
0.0,0.0
0.0,0.0
0.0,0.0
0.0,0.0
0.0,0.0
0.0,0.0
0.0,0.0
0.0,0.0
0.0,0.0
0.0,0.0
0.0,4.033982973853877e-06
0.67914879322052,0.28613472137329177
10.232553482056,9.271351368057616
40.83419418335,40.499959594951825
58.107696533203,55.71241385538737
70.425170898438,69.3185399693179
75.588157653809,74.57097467915933
90.329986572266,89.48801589894401
99.03857421875,99.05248246198127
103.38565063477,103.87800188209688
112.21031188965,112.15055028375787
116.50679016113,116.21309003828176
120.72233581543,119.87977069494816
155.54411315918,153.1714823833526
147.39367675781,158.43641674189024
162.38098144531,159.00766263887255
164.08219909668,164.37561724486196
167.68049621582,165.51799396875396
175.60110473633,175.36583338963374
183.49429321289,183.33575306674473
183.80249023438,184.3541697842634
186.56185913086,184.82160054518445
190.23892211914,189.3167139078542
193.30108642578,192.61291120037515
193.83004760742,192.91465702827313
195.17111206055,194.05419296586805
195.81875610352,194.78615027633907
199.66737365723,199.43626734853365
198.45622253418,199.7224296824803
197.86831665039,196.50116169506927
197.71069335938,196.60994668415637
195.17855834961,195.32608102030932
193.53268432617,193.09737737874474
191.7907409668,190.57247754427783
185.66062927246,185.3474596888301
179.53666687012,178.86402208999837
174.4582824707,174.61775518534714
155.7230682373,154.83131281425116
124.47274780273,124.99693563622036
96.565589904785,95.20818713179172
28.44428062439,28.280141260375387
2.4154140949249,3.4566926369646995
0.0,0.0
0.0,0.0
0.0,0.0
0.0,0.0
0.0,0.0
0.0,0.0
0.0,0.0
0.0,0.0
0.0,0.0
0.0,0.0
0.0,0.0
0.0,0.0
0.0,0.0
0.0,0.0
0.0,0.0
0.0,0.0
0.0,0.0
0.0,0.0
0.0,0.0
0.0,0.0
0.0,0.0
0.0,0.0
0.0,0.0
0.0,0.0
0.0,0.0
0.0,0.0
0.0,0.0
0.0,0.0
0.0,0.0
0.0,0.0
0.0,0.0
0.0,0.0
0.0,0.0
0.0,0.0
0.0,0.0
0.0,0.0
0.0,0.0
0.0,0.0
0.0,0.0
0.0,0.0028865012021836167
0.0,4.033982973853877e-06
0.0,0.0028865012021836167
0.0,3.617356745606278e-05
6.5949697494507,5.869957804867531
28.188707351685,28.23653997074369
45.996963500977,46.46688801974987
57.796234130859,56.380297104371685
64.307060241699,62.57823811396104
70.157409667969,69.34354856423622
75.475158691406,75.58788093077214
94.651184082031,94.44142949285028
108.58860778809,108.25398484581508
117.27133178711,117.10417295979305
121.43089294434,119.344033082524
129.1668548584,128.44547331301996
132.89057922363,132.65128892274817
142.76289367676,141.833685205829
148.51402282715,147.30805586651334
151.23594665527,151.80403716924852
157.58618164062,155.77189964239759
160.66366577148,159.4260284542956
163.43766784668,162.60681324702307
168.68560791016,165.76156290316806
172.22657775879,170.52509723200407
176.6217956543,159.35487618180966
178.4701385498,163.86717979398605
180.53889465332,166.61358107134996
183.77124023438,185.26248229150542
187.82940673828,188.63216990775928
187.59303283691,186.83121967617782
189.43733215332,187.59294763187833
190.6104888916,189.47555254670522
193.51545715332,192.5355951292567
196.54858398438,195.1612660644752
197.20761108398,195.83039108698716
197.79238891602,195.36750163918006
100.64361572266,85.23988706578031
37.866958618164,69.17219606015836
31.617240905762,30.296445272065654
19.223224639893,24.059992871107536
11.105387687683,10.879050660632528
10.849897384644,13.0341011386131
10.506567001343,12.230543379070953
9.2347993850708,8.983453883451489
0.0,0.0
0.0,0.0
0.0,0.0
0.0,0.0
0.0,0.0
0.0,0.0
0.0,0.0
0.0,0.0
0.0,0.0
0.0,0.0
0.0,0.0
0.0,0.0
0.0,0.0
0.0,0.0
0.0,0.0
0.0,0.0
0.0,0.0
0.0,0.0
0.0,0.0
0.0,0.0
0.0,4.033982973853877e-06
0.0,0.0028865012021836167
22.051242828369,22.89342114072829
27.035488128662,28.123199342715026
49.823677062988,49.89050651887067
55.988430023193,54.44755295560095
62.25316619873,60.690945818642184
109.8219909668,109.51114649217564
113.96161651611,113.30397989297467
117.96280670166,116.05242985323225
137.3225402832,136.07204407250896
141.0002746582,140.4115225790544
144.14811706543,143.75617882529662
147.38806152344,145.63387685145858
150.33871459961,149.914191277843
164.09246826172,160.21790633908972
171.30480957031,171.24442683305162
176.03930664062,175.1370626261544
178.21606445312,162.87195763969206
192.66636657715,189.45709431962246
194.10882568359,195.62981535962223
188.00129699707,174.17565454268137
198.82556152344,187.21567215646323
200.82563781738,197.66341666015126
190.46800231934,199.86622419551296
197.64530944824,197.82108634152826
199.81344604492,198.54339088270132
198.54574584961,196.6086241915052
175.26040649414,196.21522394719858
177.11973571777,172.35102475072287
196.36424255371,162.71570701740248
192.71733093262,192.76787266652718
74.08674621582,87.89009791564803
103.84866333008,105.29680979633393
164.21496582031,132.40355122331388
68.671836853027,22.19310816401524
80.354484558105,110.16533520203035
65.526611328125,64.4907735731081
0.58520799875259,0.7235131046485547
0.0,0.0
0.0,0.0
0.0,0.0
0.0,0.0
0.0,0.0
0.0,0.0
0.0,0.0
0.0,0.0
0.0,0.0
0.0,0.0
0.0,0.0
0.0,0.0
0.0,0.0
0.0,0.0
0.0,0.0
0.0,0.0
0.0,0.0
0.0,0.0
0.0,0.0
0.0,0.0
0.0,0.0
0.0,0.0
0.0,0.0
0.0,0.0
0.0,0.0
0.0,0.0
0.0,4.033982973853877e-06
0.0,0.0028865012021836167
0.0,3.617356745606278e-05
97.410415649414,96.95020217773751
199.51591491699,196.41538483957817
198.52822875977,198.468967634697
198.5785369873,196.00457050669155
198.35711669922,150.1638284414391
200.07598876953,196.47174207864097
195.78797912598,198.65015691357152
195.05621337891,195.0974200588554
191.04585266113,178.16333941626937
141.40745544434,49.362523940440454
132.35581970215,131.11864896266104
152.89208984375,104.93328202566775
159.20414733887,125.6700369065788
159.03176879883,158.04555286111224
35.276554107666,138.49901167508034
146.37971496582,130.63688706856922
41.462017059326,35.614543158674245
94.976776123047,47.212218154562485
130.83778381348,83.28368430352603
42.669998168945,116.06188202739557
24.269775390625,43.91191053861091
54.564376831055,56.74362511813123
11.196460723877,12.809005761621288
17.204229354858,15.063610498123461
9.3103275299072,11.064210771214873
0.0,0.0
0.0,0.0
0.0,0.0
0.0,0.0
0.0,0.0
0.0,0.0
0.0,0.0
0.0,0.0
0.0,0.0
0.0,0.0
0.0,0.0
0.0,0.0
0.0,0.0
0.0,0.0
0.0,0.0
0.0,0.0
0.0,0.0
0.0,0.0
0.0,0.0
0.0,0.0
0.0,0.0
0.0,0.0
0.0,0.0
0.0,0.0
0.0,0.0
0.0,0.0
0.0,0.0
0.0,0.0
0.0,0.0
0.0,0.0
0.0,0.0
0.0,0.0
0.0,0.0
0.0,0.0
0.0,0.0
0.0,0.0
0.0,0.0
0.0,0.0
0.0,0.0
0.0,0.0
0.0,0.0
0.0,0.0
0.0,0.0
0.0,0.0
0.0,0.0
0.0,0.0
0.0,0.0
0.0,0.0
0.0,0.0
0.0,4.033982973853877e-06
0.0,0.0028865012021836167
0.0,4.033982973853877e-06
0.0,4.033982973853877e-06
0.0,3.617356745606278e-05
0.10296754539013,0.03801160028768843
21.827527999878,22.351109315562596
81.456253051758,81.68020049015979
172.84538269043,171.99726184043956
193.39688110352,188.76206144592754
187.96293640137,174.37370378853493
142.97981262207,112.82003072041326
173.82020568848,155.28895281460552
180.23089599609,175.63796350940225
69.80061340332,176.70366080442173
72.391418457031,64.34032882160412
70.09716796875,73.86384194837053
167.34126281738,160.06659646617965
134.51075744629,97.80089081448394
117.68628692627,109.09506304890314
87.667350769043,99.27707489491017
105.23886108398,99.19614256159936
65.635124206543,68.14493508550677
72.714553833008,48.10864177797165
18.559745788574,30.46673839058212
10.981267929077,12.290870683960543
15.440235137939,15.335296634334108
0.0,0.0
0.0,0.0
0.0,0.0
0.0,0.0
0.0,0.0
0.0,0.0
0.0,0.0
0.0,0.0
0.0,0.0
0.0,0.0
0.0,0.0
0.0,0.0
0.0,0.0
0.0,0.0
0.0,0.0
0.0,0.0
0.0,0.0
0.0,0.0
0.0,0.0
0.0,0.0
0.0,0.0
0.0,0.0
0.0,0.0
0.0,0.0
0.0,0.0
0.0,0.0
0.0,0.0
0.0,0.0
0.0,0.0
0.0,0.0
0.0,0.0
0.0,0.0
0.0,0.0
0.0,0.0
0.0,0.0
0.0,0.0
0.0,0.0
0.0,0.0
0.0,0.0
1.1528146266937,1.2359792040633477
24.414184570312,22.89176607436643
27.060678482056,28.81787708880576
59.408882141113,54.006287223640726
64.624092102051,61.44058112541389
60.796676635742,62.11464102856505
78.406326293945,82.31892431557272
104.48916625977,75.78931555786764
109.18856048584,108.69908996409649
112.78709411621,112.5669197234667
132.99853515625,130.15135932655102
143.32931518555,140.28156062475185
121.97923278809,140.94513463312674
164.46807861328,164.91654184738525
166.91596984863,165.46555162290736
171.23728942871,173.14571551295208
176.84999084473,176.32611802159832
178.50833129883,178.83866532830362
185.49635314941,185.90284691160284
187.3395690918,189.69287848646263
183.83316040039,185.62811703640455
190.23568725586,172.86309116409544
189.08946228027,186.26515672887666
182.80938720703,172.92746895623443
73.755325317383,185.6908113535399
34.88306427002,44.05822970365594
130.58311462402,136.3810712001333
74.337699890137,155.91309624492823
143.27096557617,135.41127127326365
161.94703674316,144.0268355805077
68.976661682129,54.73130635958026
53.587516784668,48.29477799270883
47.15470123291,40.96723547096837
0.0,0.0
0.0,0.0
0.0,0.0
0.0,0.0
0.0,0.0
0.0,0.0
0.0,0.0
0.0,0.0
0.0,0.0
0.0,0.0
0.0,0.0
0.0,0.0
0.0,0.0
0.0,0.0
0.0,0.0
0.0,0.0
0.0,0.0
0.0,0.0
0.0,0.0
0.0,0.0
0.0,0.0
0.0,0.0
0.0,0.0
0.0,0.0
0.0,0.0
0.0,0.0
0.0,0.0028865012021836167
0.0,4.033982973853877e-06
0.0,4.033982973853877e-06
1.3446949720383,1.0427283257787832
21.473609924316,20.439627891298958
26.408784866333,26.593802955087195
32.033004760742,31.742924164249168
43.341941833496,42.91965310732245
55.360454559326,54.24935270833918
71.437026977539,71.11808125520152
81.455070495605,81.65371136150677
86.306922912598,86.16020424120161
95.870552062988,95.91986878410309
100.34265136719,99.68284362442209
104.9792098999,104.51756852657448
108.90270233154,108.92114289711479
135.59587097168,135.41359139083335
166.93569946289,167.46855032235956
180.24548339844,166.6514354308641
195.5991973877,193.83478003377903
180.42585754395,189.88509555857715
60.322853088379,136.72214297207498
155.67816162109,197.8834594319942
117.87733459473,144.8183544318374
86.261917114258,102.96908180658802
167.00273132324,170.39062401910866
205.42752075195,176.74799864908394
208.00852966309,174.8789063296737
201.78909301758,116.51802484181
208.19702148438,184.36562206132146
210.982421875,177.01473246112815
102.85620117188,127.2309206099711
142.5584564209,136.27675533550342
141.11416625977,151.76364484401492
199.35198974609,177.5515627960366
73.872604370117,89.28528437211648
67.271301269531,73.61610868596387
137.72721862793,111.13347187184829
163.33123779297,158.75106625458616
99.196937561035,108.82768029312801
96.806777954102,93.5281572126025
82.416526794434,85.9946881055875
68.626647949219,71.02580859696454
15.973659515381,28.15345071304703
12.964385986328,23.208719173303823
3.5959496498108,2.6920808360861126
4.0648655891418,2.1619501121173332
0.92711538076401,1.431359083564288
0.0,0.20824227393886297
0.0,0.0
0.0,0.0
0.0,0.0
0.0,0.0
0.0,0.0
0.0,0.0
0.0,0.0
0.0,0.0
0.0,0.0
0.0,0.0
0.0,0.0
0.0,0.0
0.0,0.0
0.0,0.0
0.0,0.0
0.0,0.0
0.0,0.0
0.0,0.0
0.0,0.0
0.0,0.0
0.0,0.0
0.0,0.0
0.0,0.0
0.0,0.0
0.0,0.0
0.0,0.0
0.0,0.0
0.0,0.0
0.0,0.0
0.0,0.0
0.0,0.0
0.0,0.0
0.0,0.0
0.0,0.0
0.0,0.0
0.0,0.0
0.0,0.0
0.0,0.0
0.0,0.0
0.0,0.0
0.0,0.0
0.0,0.0028865012021836167
0.0,0.0028865012021836167
0.0,0.0028865012021836167
0.0,4.033982973853877e-06
12.320036888123,11.62749496626976
25.720342636108,24.62420591518434
32.407325744629,31.25492122230077
38.464046478271,37.48390910378535
44.034233093262,44.288872868555984
68.151908874512,66.809195852273
73.189392089844,73.24716993304109
87.263824462891,86.7108356788366
97.060165405273,96.82999817831345
101.71125030518,101.74427901603792
119.1656036377,118.24463495109646
159.37980651855,157.28917131023326
159.38198852539,166.06749810923634
171.30923461914,171.42566818122887
177.4437713623,174.84233801939325
178.46173095703,182.43804594815745
190.06858825684,189.86083267135746
193.98614501953,190.89663873434444
176.03974914551,193.12975949355996
150.36447143555,150.93700818118546
192.30302429199,193.41515871753882
193.75917053223,190.8858602507128
189.63323974609,189.85114288840307
188.47763061523,190.8186902367054
182.55447387695,185.40888868727288
183.60316467285,173.67739698196038
182.41055297852,180.91796474786793
181.0432434082,178.31325057347357
179.81866455078,179.735477294039
179.7350769043,166.27949861705048
160.08760070801,154.1672513903166
61.204219818115,68.27567007063546
48.540843963623,52.90631662292452
1.502313375473,2.8303135761669487
0.0,0.0
0.0,0.0
0.0,0.0
0.0,0.0
0.0,0.0
0.0,0.0
0.0,0.0
0.0,0.0
0.0,0.0
0.0,0.0
0.0,0.0
0.0,0.0
0.0,0.0
0.0,0.0
0.0,0.0
0.0,0.0
0.0,0.0
0.0,0.0
0.0,0.0
0.0,0.0
0.0,0.0
0.0,0.0
0.0,0.0
0.0,0.0
0.0,0.0
0.0,0.0
0.0,0.0
0.0,0.0
0.0,0.0
0.0,0.0
0.0,0.0
0.0,0.0
0.0,0.0
0.0,0.0
0.0,0.0
0.0,0.0
0.0,0.0
0.0,0.0
0.0,0.0
0.0,4.033982973853877e-06
0.0,0.0028865012021836167
0.31248164176941,0.4269329574603316
11.610990524292,11.792371791715299
25.407894134521,25.49930879233941
42.139377593994,42.14519380303849
54.066383361816,53.35505472206134
60.444038391113,57.138728363594815
85.594772338867,85.65589064738283
100.14018249512,99.67754509884107
149.82835388184,147.80184450527352
158.71348571777,149.57324057857593
94.030296325684,119.40073644706261
121.2053604126,125.76237458162821
53.33549118042,63.85480211446915
63.834869384766,71.30137249089306
69.360038757324,68.94300741601101
71.341888427734,71.2482813526807
71.125419616699,73.12778554406843
60.588241577148,63.94463151462393
85.982879638672,91.49951786408577
76.781631469727,95.46650001137962
60.473445892334,83.0013115401737
48.700954437256,63.008726569142006
27.046447753906,27.44022597736765
34.150184631348,31.261096190691163
26.483449935913,27.73170379306001
22.801465988159,23.873574211462287
19.666059494019,21.50878959082341
8.639476776123,9.739541676817542
5.2956528663635,7.141208842942872
5.8215193748474,4.571516414960626
5.6265873908997,5.58861078072795
2.8570528030396,4.255267527583177
0.23595362901688,0.6774040302794215
0.0,0.0022320427708629642
0.0,0.0
0.0,0.0
0.0,0.0
0.0,0.0
0.0,0.0
0.0,0.0
0.0,0.0
0.0,0.0
0.0,0.0
0.0,0.0
0.0,0.0
0.0,0.0
0.0,0.0
0.0,0.0
0.0,0.0
0.0,0.0
0.0,0.0
0.0,0.0
0.0,0.0
0.0,0.0
0.0,0.0
0.0,0.0
0.0,0.0
0.0,0.0
0.0,0.0
0.0,0.0
0.0,0.0
0.0,0.0
0.0,0.0
0.0,0.0
0.0,0.0
0.0,0.0
0.0,0.0
0.0,0.0
0.0,0.0
0.0,0.0
0.0,0.0
0.0,0.0
0.0,0.0
0.0,0.0
0.0,0.0
0.0,0.0
0.0,0.0
0.0,0.0
0.0,0.0
0.0,0.0
0.0,0.0
0.0,0.0
0.0,0.0
0.0,0.0
0.0,0.0
0.0,0.0
0.0,0.0
0.0,0.0028865012021836167
0.0,0.0028865012021836167
10.302848815918,11.842534037038995
116.49767303467,115.3963176518308
84.995544433594,78.66287865734633
73.386512756348,73.59434713006837
63.938446044922,77.15382699106921
63.70011138916,67.57575823656788
85.720062255859,76.24140599702947
101.9574432373,107.19491785002579
179.64277648926,133.18678973405488
100.43426513672,154.2627653018883
112.7075958252,106.81987360814053
178.55819702148,172.35831080789765
184.76567077637,194.32985578006353
174.3291015625,183.17233662436803
194.18920898438,179.00659899033639
164.21981811523,168.77408502234155
117.00924682617,131.9620890200882
194.02577209473,186.09274429755772
148.58325195312,148.4777554468086
161.26121520996,153.35834556721565
193.40386962891,161.9479571034155
124.84300994873,112.34738775288335
48.450950622559,50.22810952110633
30.35694694519,36.76587099795066
80.704719543457,75.24408125303329
30.949249267578,32.08726976281675
44.838123321533,42.040750201564805
2.2282123565674,3.2113338332048134
1.5250324010849,1.6022691180611626
0.0,0.0
0.0,0.0
0.0,0.0
0.0,0.0
0.0,0.0
0.0,0.0
0.0,0.0
0.0,0.0
0.0,0.0
0.0,0.0
0.0,0.0
0.0,0.0
0.0,0.0
0.0,0.0
0.0,0.0
0.0,0.0
0.0,0.0
0.0,0.0
0.0,0.0
0.0,0.0
0.0,0.0
0.0,0.0
0.0,0.0
0.0,0.0
0.0,0.0
0.0,0.0
0.0,0.0
0.0,0.0
0.0,0.0
0.0,0.0
0.0,0.0
0.0,0.0
0.0,0.0028865012021836167
0.0,4.033982973853877e-06
23.103952407837,24.32546029750102
33.434440612793,32.56587781443842
56.80443572998,55.62581927700884
124.66471099854,122.1214169143756
158.52603149414,156.71676696358523
83.363815307617,87.97510459029039
145.45013427734,141.4872785936844
187.14064025879,181.6235395123533
184.47741699219,179.23052681798978
189.57029724121,187.30045592727677
188.02153015137,189.09972142701795
173.34378051758,172.92839596012502
171.47381591797,171.49255943718782
158.66276550293,155.69567790454352
155.44961547852,155.9050538011452
154.05616760254,153.19024246540383
86.515907287598,86.7153574640835
81.305976867676,80.42661311932301
78.177444458008,76.46750397110776
72.672508239746,72.89260008220661
43.874668121338,47.87869930334128
14.103625297546,18.17170077873239
0.0,0.0
0.0,0.0
0.0,0.0
0.0,0.0
0.0,0.0
0.0,0.0
0.0,0.0
0.0,0.0
0.0,0.0
0.0,0.0
0.0,0.0
0.0,0.0
0.0,0.0
0.0,0.0
0.0,0.0
0.55997622013092,0.6404892821855807
127.14130401611,126.53872617275793
146.93273925781,145.64847749581298
171.08209228516,168.78669490453262
185.93756103516,185.7755539508312
185.79458618164,186.8189669180146
190.93344116211,191.75302488562932
192.35070800781,190.38967601318151
190.77554321289,192.3966689925773
191.17088317871,191.64736775689752
191.27789306641,189.01686710391417
185.20634460449,185.1767892977811
184.01664733887,183.95643261479364
174.12979125977,147.24974955889974
168.2845916748,168.67982141012286
165.89065551758,166.1966913688795
163.45796203613,163.64918980387233
161.29867553711,161.53948066440157
134.79093933105,134.88460351256353
0.0,0.0014852680051383612
0.0,0.0
0.0,0.0
0.0,0.0
0.0,0.0
0.0,0.0
0.0,0.0
0.0,0.0
0.0,0.0
0.0,0.0
0.0,0.0
0.0,0.0
0.0,0.0
0.0,0.0
0.0,0.0
0.0,0.0
0.0,0.0
0.0,0.0
0.0,0.0
0.0,0.0
0.0,0.0
0.0,0.0
0.0,0.0
0.0,0.0
0.0,0.0
0.0,0.0
0.0,0.0
0.0,0.0
0.0,0.0
0.0,0.0
0.0,0.0
0.0,0.0
0.0,0.0
0.0,0.0
0.0,0.0
0.0,0.0
0.0,0.0
0.0,0.0
0.0,4.033982973853877e-06
0.0,0.0028865012021836167
0.0,3.617356745606278e-05
0.0,0.0016820428365641343
7.6331930160522,6.402686902451342
16.126001358032,15.810193936711427
45.022705078125,44.14513471462549
74.93669128418,73.96170581342214
105.24109649658,104.10415667075495
115.03289031982,113.74401496528053
119.80162811279,117.20971264019668
143.0202331543,140.95171623325112
148.27015686035,143.35241999626942
155.76849365234,152.93611129444636
158.83030700684,156.23261916436752
173.35815429688,171.61817293090644
181.2795715332,168.1788651750465
197.95120239258,196.29735676413242
193.34150695801,190.7131530391899
190.49821472168,190.21497948341434
187.61511230469,190.4091007736929
184.52510070801,185.1388914582997
183.14569091797,183.1160106001722
181.00918579102,180.16801217761218
179.67736816406,176.59173370643197
178.01028442383,178.17028695587084
176.4075012207,176.00534279509887
175.6388092041,174.7307732262819
173.4313659668,173.92527181846225
170.80368041992,159.09538677514766
167.58602905273,168.9186590213972
165.40924072266,162.15406145090103
159.58062744141,159.39211802030476
138.89901733398,139.09655217376985
120.97087860107,120.97220683694096
117.47910308838,117.1782871769401
113.11370849609,112.87997550330041
103.39698791504,103.14213331592453
78.745269775391,78.0326234292941
55.011756896973,55.139262097112756
41.411201477051,45.14108488540898
36.755653381348,37.23177266107114
24.278085708618,24.35404829907702
19.976335525513,19.020860452375604
9.8375101089478,10.096337587203978
6.0242209434509,6.221731617826652
0.0,0.0
0.0,0.0
0.0,0.0
0.0,0.0
0.0,0.0
0.0,0.0
0.0,0.0
0.0,0.0
0.0,0.0
0.0,0.0
0.0,0.0
0.0,0.0
0.0,0.0
0.0,0.0
0.0,0.0
0.0,0.0
0.0,0.0
0.0,0.0
0.0,0.0
0.0,0.0
0.0,0.0
0.0,0.0
0.0,0.0
0.0,0.0
0.0,0.0
0.0,0.0
0.0,0.0
0.0,0.0
0.0,0.0
0.0,0.0
0.0,0.0
0.0,0.0
0.0,0.0
0.0,4.033982973853877e-06
0.0,0.0028865012021836167
0.0,4.033982973853877e-06
103.45030212402,102.39348469895911
118.33062744141,116.8610923919391
144.0704498291,143.75126145608849
195.37326049805,194.5684361011038
194.96105957031,196.08512881146362
193.05075073242,194.012382128458
192.83726501465,192.77901312778627
191.72633361816,191.7998725158302
190.03471374512,189.102250314194
187.30888366699,186.83254280811354
182.75250244141,183.20694807679
158.39164733887,156.79218600834886
139.34020996094,138.99643590028492
121.74463653564,121.61813913425414
99.963516235352,100.3400372357592
85.461936950684,86.69463281071766
81.403396606445,80.07826152047056
70.548965454102,70.10278831305173
45.510322570801,49.87905130470756
13.247157096863,13.910968400105713
9.2142562866211,8.734488478534704
0.0,0.0
0.0,0.0
0.0,0.0
0.0,0.0
0.0,0.0
0.0,0.0
0.0,0.0
0.0,0.0
0.0,0.0
0.0,0.0
0.0,0.0
0.0,0.0
0.0,0.0
0.0,0.0
0.0,0.0
0.0,0.0
0.0,0.0
0.0,0.0
0.0,0.0
0.0,0.0
0.0,0.0
0.0,0.0
0.0,0.0
0.0,0.0
0.0,0.0
0.0,0.0
0.0,4.033982973853877e-06
5.9066820144653,5.482849417595823
36.368835449219,35.81483335658985
55.342472076416,54.133264709219844
72.416969299316,71.7371897207754
77.889511108398,76.66597856815274
87.251480102539,86.58210501370212
90.763046264648,91.18701241775902
95.81226348877,95.75841381858484
100.48713684082,99.74322880464301
109.30163574219,108.95543338703153
160.29946899414,158.51199425439574
173.66482543945,173.27327144652938
176.53634643555,176.64546954591628
178.13061523438,177.9847320454897
180.98057556152,173.11506152525837
183.36410522461,182.9146108031045
183.96873474121,182.9688860445909
185.79890441895,186.23703649716276
185.37660217285,186.20270445782086
188.45639038086,189.57525423117485
187.17105102539,188.63796940479196
186.96095275879,185.45292390105223
185.65211486816,184.92093320789994
183.67669677734,184.8795877018057
180.70700073242,180.55762279569907
178.11540222168,176.48196866294555
178.3298034668,166.4959689470623
167.5498046875,167.45834360720684
165.56085205078,165.585665340889
161.46656799316,162.08618791533084
158.17747497559,158.16960799733226
155.18585205078,155.61478476944004
141.61784362793,141.38931608090633
135.00604248047,135.56034008502405
131.64416503906,131.54167490425672
124.90563964844,124.22313801548944
123.70684051514,120.5916075859976
112.88449859619,114.72618583624215
109.46614837646,109.225498963923
97.95938873291,96.14884098286045
87.945533752441,87.6453411320314
81.158302307129,83.26222070161644
13.347495079041,13.263719412576878
8.6143226623535,8.795059770607946
0.0,0.0
0.0,0.0
0.0,0.0
0.0,0.0
0.0,0.0
0.0,0.0
0.0,0.0
0.0,0.0
0.0,0.0
0.0,0.0
0.0,0.0
0.0,0.0
0.0,0.0
0.0,0.0
0.0,0.0
0.0,0.0
0.0,0.0
0.0,0.0
0.0,0.0
0.0,0.0
0.0,0.0
0.0,0.0
0.0,0.0
0.0,0.0028865012021836167
0.0,4.033982973853877e-06
0.0,4.033982973853877e-06
0.0,4.033982973853877e-06
0.18813733756542,0.47355565072918293
2.0520732402802,1.6595959401806066
23.079006195068,23.72606829505894
28.455242156982,28.35072146904857
40.881252288818,40.072038209227564
46.609313964844,46.74643061685599
52.500461578369,53.22225325179864
58.026935577393,56.13519818467289
63.709411621094,62.62153208278711
75.014991760254,75.05299485734561
79.938087463379,79.08917628652992
94.291221618652,94.38834713191396
108.82863616943,108.50767750409854
121.50710296631,121.21199187429936
129.02734375,128.43135319418084
133.56065368652,136.34041435482996
133.56065368652,136.1802059545303
133.56065368652,138.1434029777016
133.56065368652,139.28243225274264
133.56065368652,139.75696060651896
133.56065368652,140.47754640164996
0.0,140.94191556332356
185.32554626465,185.13037567433372
186.36546325684,186.25102155354728
187.7746887207,186.9921650725444
187.96743774414,187.1793764610425
187.94477844238,188.29737400367642
189.29319763184,188.13087911397838
186.52697753906,183.08900327567798
184.00088500977,182.07489291634656
183.31286621094,183.01389318685227
179.87232971191,178.66617591527427
178.36514282227,168.49302784689803
177.11282348633,155.8849824125651
175.26434326172,155.38333458823394
173.29618835449,173.7890715902301
172.37731933594,171.6732140490748
172.04223632812,170.43568743875133
166.39245605469,165.8623103869784
163.66688537598,162.98326402055798
162.99327087402,161.59911849650484
131.11396789551,130.56800694881804
121.29116821289,120.74960524471888
110.4838104248,110.60457438140969
33.757064819336,34.55733871074967
12.047261238098,16.51292490097775
7.449405670166,12.057495702432371
3.7050964832306,6.988974683345161
0.0,0.0
0.0,0.0
0.0,0.0
0.0,0.0
0.0,0.0
0.0,0.0
0.0,0.0
0.0,0.0
0.0,0.0
0.0,0.0
0.0,0.0
0.0,0.0
0.0,0.0
0.0,0.0
0.0,0.0
0.0,0.0
0.0,0.0
0.0,0.0
0.0,0.0
0.0,0.0
0.0,0.0
0.0,0.0
0.0,0.0
0.0,0.0
0.0,0.0
0.0,0.0
0.0,0.0
0.0,0.0
0.0,0.0
0.0,0.0
0.0,0.0
0.0,0.0
0.0,0.0
0.0,0.0
0.0,0.0
0.0,0.0
0.0,0.0
0.0,4.033982973853877e-06
0.0,4.033982973853877e-06
0.8296103477478,0.1556392264228147
13.285561561584,12.971051267958767
22.447341918945,23.22627191530569
46.629779815674,47.28793363280896
75.351043701172,74.90542020739692
107.73805236816,105.69810302047867
133.32360839844,129.30961483418594
137.60757446289,135.62573143251137
158.55015563965,157.3986139185651
170.9644317627,157.50998762657096
170.09951782227,162.55026320164393
165.47138977051,170.4659646420631
145.47454833984,150.45902050548486
175.53010559082,154.1601372377471
184.46752929688,184.1125263326926
191.62327575684,178.75072433499992
188.96347045898,184.6004325280937
193.44303894043,189.06680570302038
194.55477905273,192.40052069252337
190.18197631836,187.22795866060366
188.69596862793,189.48928721631492
179.46151733398,177.67085198544848
150.54241943359,150.48676853961757
133.85534667969,133.5968914921277
130.57269287109,129.74475263259336
123.27170562744,123.90112485495357
0.68057072162628,0.8423656349420937
0.0,0.13860291467515398
0.0,0.0
0.0,0.0
0.0,0.0
0.0,0.0
0.0,0.0
0.0,0.0
0.0,0.0
0.0,0.0
0.0,0.0
0.0,0.0
0.0,0.0
0.0,0.0
0.0,0.0
0.0,0.0
0.0,0.0
0.0,0.0
0.0,0.0
0.0,0.0
0.0,0.0
0.0,0.0
0.0,0.0
0.0,0.0
0.0,0.0
0.0,0.0
0.0,0.0
0.0,0.0
0.0,0.0
0.0,0.0
0.0,0.0
0.0,0.0
0.0,0.0
0.0,0.0
0.0,0.0
0.0,0.0
0.0,0.0
0.0,0.0
0.0,0.0
0.0,4.033982973853877e-06
0.0,4.033982973853877e-06
17.825073242188,17.36931761778593
28.085926055908,28.812331746359447
41.272464752197,40.907447223681054
70.421234130859,69.70532255927941
85.982009887695,86.22392804789726
95.425552368164,95.14831920032938
105.33421325684,104.13218676779515
126.48611450195,125.02491603804876
130.52583312988,129.8304692606978
138.60461425781,137.7791623120558
166.11459350586,165.7948946823384
172.77793884277,171.83476681212133
179.66229248047,166.38666339953568
182.57838439941,179.29518514683966
183.68139648438,183.338873443714
185.61070251465,185.32872781678583
192.72233581543,192.4819009326471
191.52230834961,190.81738963150417
190.82423400879,190.3407663411859
187.17092895508,187.35862650698962
184.46011352539,185.24882449361544
184.94075012207,183.5188429880472
178.89372253418,173.36823609753245
105.37438201904,105.53033721574477
79.46280670166,78.38403038500694
75.072738647461,74.86468335677193
57.632930755615,56.92619437594515
51.333137512207,51.368066298458714
16.353986740112,20.46796368723246
0.2106599509716,0.5348391994830384
0.0,0.0
0.0,0.0
0.0,0.0
0.0,0.0
0.0,0.0
0.0,0.0
0.0,0.0
0.0,0.0
0.0,0.0
0.0,0.0
0.0,0.0
0.0,0.0
0.0,0.0
0.0,0.0
0.0,0.0
0.0,0.0
0.0,0.0
0.0,0.0
0.0,0.0
0.0,0.0
0.0,0.0
0.0,0.0
0.0,0.0
0.0,0.0
0.0,0.0
0.0,0.0
0.0,0.0
0.0,0.0
0.0,0.0
0.0,0.0
0.0,0.0
0.0,0.0
0.0,0.0
0.0,0.0
0.0,0.0
0.0,0.0
0.0,0.0
0.0,0.0
0.0,0.0
0.0,0.0028865012021836167
0.0,0.0028865012021836167
0.0,4.033982973853877e-06
0.0,4.033982973853877e-06
0.0,0.0028865012021836167
0.0,0.1556392264228147
0.0,0.1556392264228147
2.2596271038055,2.1791114024595486
4.9760069847107,4.897791532265487
8.0837030410767,8.042660997051025
40.705619812012,39.3229821292028
147.89468383789,149.83603799562945
164.11741638184,163.10491261068898
166.17889404297,166.28228759832427
170.50468444824,170.41497473992243
174.25141906738,171.4853464313946
189.03623962402,189.51044438616123
188.59365844727,185.50881063308816
178.21452331543,178.561114826284
158.38603210449,158.81884339039198
149.25094604492,149.04529643065905
130.82241821289,130.25603727593952
114.86483764648,114.77979547374278
111.58474731445,110.68375692432423
82.176422119141,81.72539712265707
68.038902282715,68.59119817056568
62.227645874023,62.11381386695033
56.392913818359,56.20906559378946
50.236373901367,49.97273388218722
31.654273986816,31.642566703485443
26.068565368652,26.226641081601322
20.459199905396,20.68791846538499
15.287897109985,19.438219154856753
9.9673099517822,14.043872720393532
2.37788438797,2.6903974126139873
0.14306724071503,0.3789208259807821
0.0,0.0006252427450791198
0.0,0.0
0.0,0.0
0.0,0.0
0.0,0.0
0.0,0.0
0.0,0.0
0.0,0.0
0.0,0.0
0.0,0.0
0.0,0.0
0.0,0.0
0.0,0.0
0.0,0.0
0.0,0.0
0.0,0.0
0.0,0.0
0.0,0.0
0.0,0.0
0.0,0.0
0.0,0.0
0.0,0.0
0.0,0.0
0.0,0.0
0.0,0.0
0.0,0.0
0.0,0.0
0.0,0.0
0.0,0.0
0.0,4.033982973853877e-06
0.0,4.033982973853877e-06
0.0,4.033982973853877e-06
0.0,4.033982973853877e-06
7.5114617347717,7.344619286982652
21.395442962646,20.109043336239083
40.177101135254,38.824503661248066
57.378070831299,56.15927787965587
88.803352355957,88.59713960308679
98.712707519531,98.12521150225373
125.47979736328,124.86289823510126
154.13568115234,153.8616671118022
164.4616394043,162.15291312023015
169.72973632812,169.35907969973576
173.39273071289,173.27331124771234
174.96304321289,175.07279943693518
176.36364746094,176.16967053730107
179.53271484375,165.92490178174054
182.98266601562,182.183140658781
185.42962646484,185.3715763497302
186.88961791992,186.24824851361168
188.20822143555,187.64241595935172
192.17596435547,191.94629705328185
193.92736816406,192.5149657911067
193.439453125,192.6908539225889
186.15013122559,184.90580565445546
187.65957641602,185.15367790462463
173.44036865234,174.15873000307866
141.99108886719,142.1481269671748
139.21871948242,138.3968088216078
124.38775634766,124.21253691317577
120.59154510498,120.37344802884209
115.95783233643,116.11769448696617
112.21855926514,111.33976645811201
97.912063598633,98.41031633185936
92.806663513184,92.44032827263916
90.229858398438,87.7402060387543
84.965263366699,85.33023132718235
79.822052001953,79.28020796877536
74.385208129883,74.9834876375454
68.42448425293,68.72338895181883
50.275215148926,50.176305653801606
38.027561187744,40.22300528035069
31.929534912109,33.61018325275917
20.678741455078,24.622673905409854
15.229952812195,14.969583421797143
2.0146915912628,2.1514070828575
0.0,0.0
0.0,0.0
0.0,0.0
0.0,0.0
0.0,0.0
0.0,0.0
0.0,0.0
0.0,0.0
0.0,0.0
0.0,0.0
0.0,0.0
0.0,0.0
0.0,0.0
0.0,0.0
0.0,0.0
0.0,0.0
0.0,0.0
0.0,0.0
0.0,0.0
0.0,0.0
0.0,0.0
0.0,0.0
0.0,0.0
0.0,0.0
0.0,0.0028865012021836167
0.0,0.0028865012021836167
0.0,0.0028865012021836167
0.0,0.0028865012021836167
0.0,4.033982973853877e-06
0.3536639213562,0.39011854071518953
1.7873227596283,1.855389480040865
45.957294464111,45.151929095091354
51.590518951416,50.63680583620876
57.065189361572,55.695855263318464
126.72232055664,125.54547737681767
144.8564453125,142.19129120528928
147.44607543945,145.34696627726277
148.74569702148,149.31351498098445
172.69369506836,171.60326852494333
175.07034301758,170.0335054828551
178.32696533203,178.54280970324734
181.38272094727,180.67141842500692
183.16647338867,182.38983784532846
185.02235412598,182.5807762882499
187.41236877441,186.23872536741231
188.7967376709,187.13521293704682
189.17239379883,189.24832094255515
190.27536010742,188.6747353290723
191.8109588623,190.56486060224333
193.0622253418,192.50806717899223
194.48040771484,194.29924809771964
194.86911010742,194.09549342819156
195.51971435547,194.69938235651034
195.42803955078,195.3282383979575
196.04895019531,195.1719898296397
191.78105163574,191.57477131343023
189.84257507324,190.88033525026594
188.60643005371,189.20487530758405
183.59580993652,183.75762783622037
180.17910766602,180.096062963302
178.48159790039,178.81085481232597
176.681640625,176.48374746107334
160.21125793457,158.24819851672638
155.66995239258,154.14963539271128
126.13539123535,124.81555583439973
97.358451843262,97.41729629752284
89.595291137695,87.19142573105478
84.348678588867,84.90820331486782
71.719017028809,72.68151096890331
56.148941040039,56.25858079712889
0.0,0.0
0.0,0.0
0.0,0.0
0.0,0.0
0.0,0.0
0.0,0.0
0.0,0.0
0.0,0.0
0.0,0.0
0.0,0.0
0.0,0.0
0.0,0.0
0.0,0.0
0.0,0.0
0.0,0.0
0.0,0.0
0.0,0.0
0.0,0.0
0.0,0.0
0.0,0.0
0.0,0.0
0.0,0.0
0.0,0.0
0.0,0.0
0.0,0.0
0.0,0.0
0.0,0.0
0.0,0.0
0.0,0.0
0.0,0.0
0.0,0.0
0.0,0.0
0.0,0.003162639328058844
0.0,4.033982973853877e-06
0.0,0.003162639328058844
7.6354246139526,8.087184988603202
21.388040542603,20.31410122702925
79.770736694336,77.02759766372526
86.65601348877,88.37544742875703
88.934028625488,90.27448978658941
112.26111602783,113.03155773440088
187.10433959961,183.7973848717959
197.65753173828,196.04103094225877
198.53102111816,197.80729899959212
195.19039916992,195.41746661613394
193.51538085938,193.17873177925702
189.94918823242,193.5233357324902
172.69442749023,173.89476746814378
168.2190246582,165.04864294857904
165.49008178711,164.7430922825308
135.5700378418,135.9956623412837
127.98120117188,126.9564365982123
102.55336761475,102.08944597972697
92.742904663086,93.01338210526866
87.562484741211,87.55866599175876
82.716484069824,82.87966067610509
77.366065979004,77.97998868291572
71.93724822998,72.30806892881924
54.223190307617,54.45002953883997
41.744922637939,42.377405495143236
3.9901297092438,5.0967644333909226
0.0,1.5654849030828003e-05
0.0,0.0
0.0,0.0
0.0,1.5654849030828003e-05
0.0,0.0
0.0,0.0
0.0,0.0
0.0,0.0
0.0,0.0
0.0,0.0
0.0,0.0
0.0,0.0
0.0,0.0
0.0,0.0
0.0,0.0
0.0,0.0
0.0,0.0
0.0,0.0
0.0,0.0
0.0,0.0
0.0,0.0
0.0,0.0
0.0,0.0
0.0,0.0
0.0,4.033982973853877e-06
0.0,0.003162639328058844
0.0,0.003162639328058844
101.11484527588,107.18119812263079
111.58322143555,106.88274312132543
89.60718536377,95.13700489559575
165.84893798828,167.54821288425856
176.505859375,168.45762588997692
128.17646789551,154.74143451139037
176.02587890625,140.67825631207558
170.44345092773,164.6142323009091
135.5662689209,155.4134939100151
131.71630859375,137.02822930174335
124.05962371826,136.79483792762608
163.5295715332,167.8139070692156
129.20614624023,138.2352423589193
164.39514160156,144.28664192104114
162.98922729492,161.7488756362083
142.82260131836,146.22452911144913
175.86962890625,137.7681892389097
146.82885742188,133.73232625629
140.87109375,141.42376141031895
136.71257019043,129.6470655969782
92.984519958496,114.03931567015876
87.979988098145,87.89993628456752
71.522727966309,72.32949967365506
59.739334106445,60.23853188820091
0.99416941404343,1.1303187092371725
0.0,1.5654849030828003e-05
0.0,1.5654849030828003e-05
0.0,0.0
0.0,1.5654849030828003e-05
0.0,0.0
0.0,0.0
0.0,0.0
0.0,0.0
0.0,0.0
0.0,0.0
0.0,0.0
0.0,0.0
0.0,0.0
0.0,0.0
0.0,0.0
0.0,0.0
0.0,0.0
0.0,0.0
0.0,0.0
0.0,0.0
0.0,0.0
0.0,0.0
0.0,0.0
0.0,0.0
0.0,0.0
0.0,0.0
0.0,0.0
0.0,0.0
0.0,0.0
0.0,0.0
0.0,0.003162639328058844
0.0,0.003162639328058844
0.0,4.033982973853877e-06
1.0644006729126,1.1916063137053858
3.6367659568787,3.1600468781695983
15.556866645813,15.3205064210074
45.903903961182,45.41398024968764
56.993209838867,56.55666229011876
62.514293670654,61.904538761082044
104.12754821777,103.79434929412527
146.90994262695,145.4216450434343
156.27839660645,155.98365905910526
160.85510253906,160.90333771194852
169.48301696777,168.46273986909065
171.21426391602,171.29375970224353
180.39428710938,176.45722163798803
179.23368835449,181.76567802830817
179.81367492676,180.5778528277688
184.2225189209,180.9623324310349
184.05151367188,184.5553304102676
185.31390380859,184.36210807550748
186.04139709473,186.24891925667617
187.26292419434,187.13859473762534
188.01873779297,187.8451271735836
190.42874145508,190.03162955117853
189.71549987793,190.24125580595444
190.04782104492,189.90288517332468
189.94514465332,191.57378764816684
189.1042175293,189.84414378726336
188.58792114258,188.9515486908079
189.1170501709,188.52185504152263
188.39315795898,186.56215396293135
188.11357116699,186.8510196164986
189.19369506836,185.54041925609846
182.83654785156,184.2482849881491
186.30549621582,177.59556105759938
178.57667541504,163.55157847844512
138.19137573242,138.73060304816062
118.97681427002,118.91388380759496
91.586761474609,91.65113847697918
81.575401306152,80.87828142374458
76.234794616699,76.58643289134218
64.763328552246,65.43636638259055
58.40113067627,59.985095826015645
46.806606292725,49.84664151033745
29.460905075073,28.923052257816025
23.697704315186,23.877674924549925
0.0,0.0
0.0,0.0
0.0,1.5654849030828003e-05
0.0,0.0
0.0,0.0
0.0,0.0
0.0,0.0
0.0,0.0
0.0,0.0
0.0,0.0
0.0,0.0
0.0,0.0
0.0,0.0
0.0,0.0
0.0,0.0
0.0,0.0
0.0,0.0
0.0,0.0
0.0,0.0
0.0,0.0
0.0,0.0
0.0,0.0
0.0,0.0
0.0,0.0
0.0,0.0
0.0,0.0
0.0,0.0
0.0,0.0
0.0,0.0
0.0,0.0
0.0,0.0
0.0,0.0
0.0,4.033982973853877e-06
0.0,4.033982973853877e-06
0.0,4.033982973853877e-06
0.0,0.003162639328058844
0.0,1.0509808435142757e-05
0.0,0.023224092678230886
0.66460776329041,0.6241128519865692
2.2348217964172,2.428719536682529
22.458576202393,23.681081206980412
43.011974334717,40.57606722314743
48.375823974609,49.18300260276943
101.16969299316,89.4681453094293
123.26229095459,124.18609935292913
130.42747497559,130.57720190623834
134.52987670898,133.58400517767836
137.92080688477,137.7094152115203
141.03775024414,141.1526038193037
151.86601257324,152.46603707942825
156.6496887207,157.11786274425478
158.73947143555,158.91018070329326
163.78021240234,163.23774359959833
164.8283996582,166.06327968063854
166.15434265137,166.72748129807303
168.47407531738,167.55735628730446
170.41918945312,169.72157870423442
174.41439819336,172.33979040265243
176.06358337402,157.76079048054473
174.11985778809,169.2239537176815
174.00811767578,175.46556492281871
177.90187072754,169.19431131564616
179.42909240723,179.3167097875624
183.1728515625,179.84213439699363
184.70571899414,184.91564708178163
186.96301269531,184.99977569211532
187.02014160156,184.1074823975196
185.93467712402,184.3721292925135
183.1452331543,186.14431599277728
182.04066467285,182.71683699218178
182.63949584961,182.05534294967103
183.70782470703,182.33923675785792
180.76959228516,180.4236906645987
182.03692626953,181.390336699133
180.11703491211,181.2903101025263
175.64465332031,177.2412453183217
174.2373046875,174.92231208212698
173.30377197266,172.44887477486324
171.49557495117,166.7995221362837
150.67965698242,149.95380473757493
147.15773010254,148.1423380247153
128.37326049805,128.48909998370053
117.63451385498,117.28368350804952
113.66165924072,113.94266028503219
106.4458694458,106.23130205658752
92.941253662109,92.92446114651645
87.861694335938,87.70206275681069
83.082313537598,83.29472284207638
27.497972488403,29.665128549708445
0.0,1.5654849030828003e-05
0.0,1.5654849030828003e-05
0.0,0.0
0.0,0.0
0.0,0.0
0.0,0.0
0.0,0.0
0.0,0.0
0.0,0.0
0.0,0.0
0.0,0.0
0.0,0.0
0.0,0.0
0.0,0.0
0.0,0.0
0.0,0.0
0.0,0.0
0.0,0.0
0.0,0.0
0.0,0.0
0.0,0.0
0.0,0.0
0.0,0.0
0.0,0.0
0.0,0.003162639328058844
0.0,4.033982973853877e-06
0.0,0.003162639328058844
0.0,0.003162639328058844
0.0,1.0509808435142757e-05
12.927457809448,12.009916560837535
18.333154678345,17.472312499063168
69.70369720459,69.21764094064716
80.194953918457,80.46336848491192
84.823677062988,85.25184962214917
107.46382904053,107.62486847101107
119.05575561523,117.92742409623168
126.55554962158,126.51694165068697
153.43272399902,153.2771950693264
155.83039855957,156.03003367758538
158.87200927734,158.46655518209496
158.09210205078,160.78870999665796
167.1138458252,166.25516320905484
167.04428100586,167.71186955083724
170.5451965332,169.1308297276579
182.09555053711,180.86810347336382
183.36625671387,184.85940720914377
186.55523681641,182.89649834843564
159.05464172363,156.1259520929308
145.81147766113,148.08595567672342
131.13252258301,128.73518146541514
125.68478393555,127.69470782640268
114.04773712158,112.6842042325085
62.065990447998,62.73848753818617
38.241497039795,38.63745672415664
32.463848114014,33.763177949193086
27.257217407227,29.339532610044667
21.400953292847,21.069638862074168
9.8589859008789,10.658203546618985
2.6308534145355,4.627193364841681
0.40748059749603,1.8195245074017494
0.0,1.5654849030828003e-05
0.0,1.5654849030828003e-05
0.0,1.5654849030828003e-05
0.0,0.0
0.0,0.0
0.0,0.0
0.0,0.0
0.0,0.0
0.0,0.0
0.0,0.0
0.0,0.0
0.0,0.0
0.0,0.0
0.0,0.0
0.0,0.0
0.0,0.0
0.0,0.0
0.0,0.0
0.0,0.0
0.0,0.0
0.0,0.0
0.0,0.0
0.0,0.0
0.0,0.0
0.0,0.0
0.0,0.0
0.0,0.0
0.0,0.0
0.0,0.0
0.0,0.0
0.0,0.0
0.0,0.003162639328058844
0.0,0.003162639328058844
0.0,4.033982973853877e-06
0.0,4.033982973853877e-06
0.0,4.033982973853877e-06
0.0,0.003162639328058844
0.0,0.14251578453985983
0.0,0.14251578453985983
0.0,0.14251578453985983
10.955431938171,12.546831125151495
152.08642578125,152.80441377568383
155.66780090332,154.2567497701929
184.14924621582,184.54580820977876
186.0193939209,185.5317289992199
187.2854309082,186.537795860505
185.65873718262,188.5209335813044
185.2409362793,184.84624285382466
185.02687072754,185.14505501790498
175.84837341309,176.83320047509451
168.5047454834,168.55732766121153
162.86421203613,162.51213027426377
156.90689086914,158.73498124063153
155.20906066895,154.89808082814358
151.57348632812,149.9636285844578
144.3971862793,142.56143723805653
125.97738647461,125.48073390097872
114.62058258057,114.35158429949776
79.711143493652,73.99181173818545
65.888885498047,67.1702196436736
42.698619842529,40.56602884211006
35.348033905029,29.104153551537195
38.09358215332,33.25267510843698
28.331003189087,35.69705416902078
0.0,0.0
0.0,0.0
0.0,0.0
0.0,0.0
0.0,0.0
0.0,0.0
0.0,0.0
0.0,0.0
0.0,0.0
0.0,0.0
0.0,0.0
0.0,0.0
0.0,0.0
0.0,0.0
0.0,0.0
0.0,0.0
0.0,0.0
0.0,0.0
0.0,0.0
0.0,0.0
0.0,0.0
0.0,0.0
0.0,0.0
0.0,0.0
0.0,0.0
0.0,0.0
0.0,0.0
0.0,0.0
0.0,0.0
0.0,0.003162639328058844
0.0,0.003162639328058844
0.0,0.003162639328058844
76.821388244629,64.13010175051765
80.672080993652,85.96625796705318
111.46341705322,110.38884862058698
115.56728363037,113.8100818867106
124.14937591553,123.21557102844653
155.38711547852,151.8333390957186
166.76905822754,167.1878379744002
165.02230834961,168.85255718607254
166.21141052246,169.00699633692014
172.92118835449,168.28596133557846
175.18571472168,174.20357736761753
176.50317382812,176.30691162551898
178.58502197266,178.1999766473185
179.94137573242,179.42274569171767
178.80853271484,177.4443751084289
183.44943237305,173.2179243513778
185.72979736328,184.23852568913017
190.11311340332,186.11783128949816
188.19596862793,190.53065496782537
188.55656433105,188.8365318737731
189.27520751953,188.7686890840662
192.69134521484,192.04133005533222
148.04704284668,192.84113730474695
106.40097808838,132.53188109572184
187.18656921387,142.20942310079437
195.27600097656,187.13085761386512
193.46641540527,192.87647233031086
170.63609313965,163.1635501073916
168.30657958984,168.3540477337136
161.97183227539,149.99056479331705
162.02117919922,159.9111483822226
158.48498535156,159.18633806523252
142.45343017578,140.73642803027263
117.94542694092,116.89201758856683
113.86270904541,113.19653107155295
0.0,0.0
0.0,0.0
0.0,1.5654849030828003e-05
0.0,0.0
0.0,0.0
0.0,0.0
0.0,0.0
0.0,0.0
0.0,0.0
0.0,0.0
0.0,0.0
0.0,0.0
0.0,0.0
0.0,0.0
0.0,0.0
0.0,0.0
0.0,0.0
0.0,0.0
0.0,0.0
0.0,0.0
0.0,0.0
0.0,0.0
0.0,0.0
0.0,0.0
0.0,0.0
0.0,0.0
0.0,0.0
0.0,0.0
0.0,0.0
0.0,0.0
0.0,0.0
0.0,0.0
0.0,0.0
4.2815270423889,3.9291980003598126
15.729663848877,15.60607660318546
50.067623138428,49.2416748367454
60.763690948486,59.953922171626274
66.274475097656,65.10369366571004
71.617637634277,71.95552187751551
77.617706298828,77.0408359663626
92.552223205566,92.86241507993012
102.95771026611,102.07928678657919
107.60581207275,107.2882089322649
114.61338806152,114.76483818181617
129.17451477051,124.9768775448417
156.57952880859,155.39469653607668
162.8224029541,162.34807526935867
165.74577331543,164.79617770033235
167.62249755859,166.8412498338951
169.16827392578,169.35251003768465
171.36225891113,171.01505981871392
174.25856018066,170.80155432709063
175.77546691895,165.75828303083597
177.26344299316,169.02996704189323
178.44013977051,169.94406632250212
181.75679016113,171.3542547992626
183.58932495117,180.31839115745083
182.08337402344,184.35720257223542
183.02928161621,183.18133107272652
187.06466674805,183.87153872978726
183.68788146973,187.05312937142114
184.81262207031,185.58693846470402
186.80578613281,186.85729104565942
187.6032409668,186.24578098579002
177.05210876465,182.90173131031182
186.65200805664,184.90686572701384
186.4461517334,185.5920356212155
184.68472290039,185.56307025044913
161.06176757812,176.10619932323692
182.7281036377,180.35779634820722
179.7421875,178.8291425216223
160.15832519531,171.1697486301738
157.6171875,158.49993448467436
24.694934844971,25.004582257275032
13.163756370544,19.465261025832113
0.0,0.0
0.0,0.0
0.0,0.0
0.0,0.0
0.0,0.0
0.0,0.0
0.0,0.0
0.0,0.0
0.0,0.0
0.0,0.0
0.0,0.0
0.0,0.0
0.0,0.0
0.0,0.0
0.0,0.0
0.0,0.0
0.0,0.0
0.0,0.0
0.0,0.0
0.0,0.0
0.0,0.0
0.0,0.0
0.0,0.0
0.0,0.0
0.0,0.0
0.0,0.0
0.0,0.0
0.0,0.0
0.0,0.0
0.0,0.0
0.0,0.0
0.0,0.0
0.0,0.0
0.0,0.003162639328058844
21.416271209717,20.377659487210675
124.86646270752,124.74688195985958
132.78015136719,132.19694918780854
139.61944580078,139.85429114382586
142.52812194824,141.78723354647192
158.53047180176,157.95529576799527
166.5108795166,166.15178066725733
170.80541992188,168.42398974836615
181.12768554688,181.2517350400776
185.20153808594,188.37736296540166
183.578125,168.61012641674216
138.65551757812,165.88665648184025
158.88110351562,147.9362615262236
190.38523864746,168.64419444002883
187.27108764648,181.32729356869638
176.91384887695,156.0404884553201
55.450981140137,64.66919148114584
0.0,0.0
0.0,0.0
0.0,0.0
0.0,0.0
0.0,0.0
0.0,0.0
0.0,0.0
0.0,0.0
0.0,0.0
0.0,0.0
0.0,0.0
0.0,0.0
0.0,0.0
0.0,0.0
0.0,0.0
0.0,0.0
0.0,0.0
0.0,0.0
0.0,0.0
0.0,0.0
0.0,0.0
0.0,0.0
0.0,0.0
0.0,0.0
0.0,0.0
0.0,0.0
0.0,0.003162639328058844
0.0,4.033982973853877e-06
0.0,4.033982973853877e-06
0.0,0.14251578453985983
0.95182722806931,0.4116005214633841
4.237949848175,2.9993478821846007
5.1325941085815,7.020064063211005
15.450078010559,11.726966372115795
21.925622940063,20.645952167804314
39.438179016113,39.06360709373104
50.574775695801,49.64794338097547
72.004081726074,71.57183245745799
96.739883422852,96.24837679524445
101.65853881836,100.81543185962232
118.43620300293,118.04221877965063
137.6287689209,137.32891553167522
141.17045593262,141.06305865426037
147.23937988281,147.14564986043567
158.46444702148,158.46033586023907
163.58766174316,161.78124034075364
165.86576843262,165.5672196430303
167.99304199219,168.02777010175174
169.63946533203,169.7664961367619
171.5592956543,171.4749855062742
175.92112731934,175.2125847170344
178.18537902832,167.83226066893263
181.66557312012,179.41321437254192
180.69174194336,182.60059810150923
182.8479309082,182.72441367598157
184.87881469727,184.76192668096076
186.81433105469,186.42138985914238
186.75939941406,186.20451199390692
184.01715087891,184.10873937743025
182.59136962891,182.6252604921454
182.54989624023,181.66729527906068
181.18341064453,181.61046563525204
174.09149169922,167.44016703515928
165.35940551758,167.46563028824417
145.22109985352,145.32089452664448
129.1930847168,128.3493768244097
125.00656890869,125.28237686798575
121.03524017334,120.99251743684272
100.52801513672,100.11203876490363
95.770111083984,95.27157895296718
76.017707824707,76.43192134937047
46.76908493042,49.5487992603915
40.972690582275,40.52709071171813
23.61678314209,24.27614571815052
12.365116119385,17.71823791246892
7.113055229187,12.64234015567755
3.3855857849121,6.5486856555170485
0.77864933013916,3.0857766772429356
0.0,0.0
0.0,0.0
0.0,1.5654849030828003e-05
0.0,0.0
0.0,1.5654849030828003e-05
0.0,0.0
0.0,0.0
0.0,0.0
0.0,0.0
0.0,0.0
0.0,0.0
0.0,0.0
0.0,0.0
0.0,0.0
0.0,0.0
0.0,0.0
0.0,0.0
0.0,0.0
0.0,0.0
0.0,0.0
0.0,0.0
0.0,0.0
0.0,0.0
0.0,0.0
0.0,0.0
0.0,0.0
0.0,0.0
0.0,0.0
0.0,0.0
0.0,0.0
0.0,0.0
0.0,0.0
0.0,0.0
0.0,0.0
0.0,0.0
0.0,0.0
0.0,0.0
0.0,0.0
0.0,0.0
0.0,4.033982973853877e-06
0.0,4.033982973853877e-06
0.0,1.0509808435142757e-05
0.0,0.14251578453985983
14.096344947815,14.573745129456997
31.138916015625,31.98704726016532
42.666275024414,42.781613953730414
48.265651702881,47.02651341082555
53.693462371826,53.35281693612597
64.491973876953,63.508435582713126
85.103530883789,85.3914886206929
94.789276123047,94.66240364729941
99.614273071289,99.05888463799135
122.58093261719,121.31270298967421
133.11813354492,133.68967698123822
160.48150634766,160.76504201451218
165.47215270996,165.7399031955787
167.18933105469,166.9192771569241
177.46659851074,177.90600736144697
178.26745605469,178.60797069468302
179.88157653809,179.92026113350747
180.9768371582,180.98855326439983
180.03260803223,182.13262948963228
181.24436950684,180.9149219928308
182.08688354492,182.1507257065795
183.3020324707,182.2277137171751
185.83700561523,185.8386488149928
187.05561828613,174.39985590716034
186.28961181641,186.0649349682131
185.87623596191,184.31606468734114
183.23959350586,185.02069966311606
87.73868560791,90.9794435269557
142.01043701172,115.17204083712164
108.22595214844,44.79640354227248
105.01078796387,87.92617101640796
72.636604309082,54.61166171595232
65.422035217285,65.6891534977263
49.817192077637,53.14467247310391
40.334880828857,41.8328462352003
14.142102241516,4.151447025197739
0.0,0.0
0.0,1.5654849030828003e-05
0.0,0.0
0.0,0.0
0.0,0.0
0.0,0.0
0.0,0.0
0.0,0.0
0.0,0.0
0.0,0.0
0.0,0.0
0.0,0.0
0.0,0.0
0.0,0.0
0.0,0.0
0.0,0.0
0.0,0.0
0.0,0.0
0.0,0.0
0.0,0.0
0.0,0.0
0.0,0.0
0.0,0.0
0.0,0.0
0.0,0.0
0.0,0.0
0.0,0.0
0.0,0.0
0.0,0.0
0.0,0.0
0.0,0.0
0.0,0.0
0.0,4.033982973853877e-06
0.0,0.003162639328058844
0.0,1.0509808435142757e-05
6.4237952232361,6.244510084039732
38.99356842041,36.74725822520335
44.611549377441,43.49860161117989
36.711277008057,40.838695542162725
171.41909790039,70.7913948673398
145.25511169434,162.8805131151704
176.66053771973,159.10556271643418
180.27951049805,180.58529211952637
181.12002563477,181.62904849223636
179.0654296875,181.5028340640424
135.82261657715,151.21393655127656
134.54780578613,147.97410484020077
190.9040222168,196.5930547143276
189.54972839355,195.2220811410046
173.57208251953,188.8369455143944
84.535446166992,115.86933253662501
157.52200317383,153.82815685799804
71.02214050293,56.09234984323641
55.238094329834,29.633569211887252
0.0,1.5654849030828003e-05
0.0,0.0
0.0,0.0
0.0,0.0
0.0,0.0
0.0,0.0
0.0,0.0
0.0,0.0
0.0,0.0
0.0,0.0
0.0,0.0
0.0,0.0
0.0,0.0
0.0,0.0
0.0,0.0
0.0,0.0
0.0,0.0
0.0,0.0
0.0,0.0
0.0,0.0
0.0,0.0
0.0,0.0
0.0,0.0
0.0,0.0
0.0,0.0
0.0,0.0
0.0,0.0
0.0,0.0
0.0,0.0
0.0,0.0
0.0,0.0
0.0,0.0
0.0,0.0
0.0,0.0
0.0,0.0
0.0,0.0
0.0,0.0
0.0,0.0
0.0,0.0
0.0,0.0
0.0,0.0
0.0,0.0
0.0,0.0
0.0,0.0
0.0,0.0
0.0,0.0
0.0,0.0
0.0,0.0
0.0,0.0
0.0,0.0
0.0,0.0
0.0,0.0
0.0,0.0
0.0,0.0
0.0,0.0
0.0,0.0
0.0,0.0
0.0,0.0
0.0,4.033982973853877e-06
0.0,4.033982973853877e-06
0.0,4.033982973853877e-06
0.0,4.033982973853877e-06
0.0,1.0509808435142757e-05
0.0,1.0509808435142757e-05
9.3146638870239,9.084544140129124
13.320853233337,13.323167018131924
25.230741500854,24.242969385964614
31.025421142578,30.215004949452897
36.576034545898,37.07474517901366
42.302593231201,42.78279369330449
58.236156463623,56.875484093423275
63.34496307373,62.80855234302605
68.643653869629,68.42371621032939
73.843925476074,73.98907676403329
78.677642822266,78.49226087113848
102.5161819458,102.16734219278898
107.24053955078,107.0849784921608
115.12651062012,112.95591178405068
129.66760253906,130.04197745816938
139.80467224121,140.1208530446877
146.08489990234,145.63361611600047
151.77288818359,152.19602507528637
155.33546447754,157.11075344376025
160.91577148438,162.180192548047
165.59384155273,166.31488385066837
169.09164428711,169.80306716939384
169.92892456055,171.96162297642937
171.74761962891,172.22422458046967
174.31303405762,175.19016421885982
174.87319946289,161.19853683775688
177.70983886719,177.43300372064604
178.33676147461,178.4103902636196
180.99542236328,179.78249243947357
181.49392700195,177.70428832817078
182.04458618164,181.41152906140977
182.06268310547,182.62036734919292
181.43653869629,182.66181644217315
182.38101196289,180.5036336949825
173.63215637207,165.05953658306564
151.56117248535,150.80928974397793
131.23199462891,128.89295541929133
119.79843139648,120.0127252801587
107.53323364258,106.76885159018852
99.044540405273,97.49204952035299
92.747650146484,92.60565743898229
39.00235748291,38.88768591781557
5.4383473396301,6.501302338605832
0.0,0.0008816343306590211
0.0,1.5654849030828003e-05
0.0,0.0
0.0,0.0
0.0,0.0
0.0,0.0
0.0,0.0
0.0,0.0
0.0,0.0
0.0,0.0
0.0,0.0
0.0,0.0
0.0,0.0
0.0,0.0
0.0,0.0
0.0,0.0
0.0,0.0
0.0,0.0
0.0,0.0
0.0,0.0
0.0,0.0
0.0,0.0
0.0,0.0
0.0,0.0
0.0,0.0
0.0,0.0
0.0,0.0
0.0,0.0
0.0,0.0
0.0,0.0
0.0,0.0
0.0,0.0
0.0,0.0
0.0,0.0
0.0,1.0509808435142757e-05
36.982093811035,37.16124439906193
48.185531616211,47.42147303308099
61.407093048096,64.74278388343116
70.973335266113,66.58753176956137
152.97225952148,148.3534525273616
176.12004089355,168.38226283103444
180.5821685791,177.68122664774623
152.30041503906,159.50327587321135
184.51693725586,185.88142018239452
183.42832946777,178.82371317217266
187.07061767578,184.7498647166502
191.75254821777,163.2555911998812
162.1103515625,172.39542316449536
181.55209350586,171.4424984735263
184.93612670898,178.87275291163903
119.16436767578,123.38858793969905
111.60139465332,117.31986944741108
103.57055664062,98.89799092579386
65.154708862305,56.25387181044419
39.578128814697,42.23692604252782
33.639141082764,37.21187034595154
20.608070373535,25.421813258043503
15.088081359863,14.358579236283145
5.2865042686462,6.1076877581019335
0.0,0.3677204520820158
0.0,0.0
0.0,0.0
0.0,0.0
0.0,0.0
0.0,0.0
0.0,0.0
0.0,0.0
0.0,0.0
0.0,0.0
0.0,0.0
0.0,0.0
0.0,0.0
0.0,0.0
0.0,0.0
0.0,0.0
0.0,0.0
0.0,0.0
0.0,0.0
0.0,0.0
0.0,0.0
0.0,0.0
0.0,0.0
0.0,0.0
0.0,0.0
0.0,0.0
0.0,0.0
0.0,0.0
0.0,0.0
0.0,0.0
0.0,0.0
0.0,0.0
0.0,0.0
0.0,0.0
0.0,0.0
0.0,0.0
0.0,0.0
0.0,0.0
0.0,0.0
0.0,0.0
0.0,4.033982973853877e-06
0.0,1.0509808435142757e-05
0.0,1.0509808435142757e-05
0.0,0.14251578453985983
0.5044212937355,0.7168359474056111
5.3408632278442,4.80312392509066
12.815093040466,12.85059960648824
17.841012954712,17.30514599813324
30.453897476196,31.441761822457856
36.418292999268,36.56433263408157
41.982215881348,42.344056322096705
47.255493164062,46.784963021685364
64.18726348877,63.25201540084058
80.506233215332,80.27471068904215
90.346786499023,89.77581273493188
105.18630981445,105.428781921566
117.98728942871,117.77688864774787
136.77610778809,135.97358512583534
140.23089599609,140.32547752387393
144.41221618652,145.83908125638058
146.80712890625,147.19279742100375
152.58981323242,151.4720477699804
171.10729980469,171.16931100217698
172.36468505859,172.30237143561328
179.16734313965,179.61996842439405
182.05335998535,182.14693198718712
184.10850524902,183.0588430939575
181.14276123047,181.57933686884343
185.00765991211,182.01538873702754
178.99089050293,176.59204123256728
177.81425476074,169.95877438945584
177.70288085938,177.51671279637375
173.81307983398,172.459173737949
172.99496459961,169.9569827959337
169.17788696289,169.00972822178056
168.32929992676,166.38399692898383
150.35940551758,160.6031899289411
130.63017272949,115.22569848854491
128.33355712891,127.40978976409225
117.53360748291,117.61054645790651
105.68712615967,104.02131527953327
82.353477478027,81.39082824016367
66.931350708008,67.74708636658332
54.917022705078,54.91277633422693
49.368499755859,49.05177149807447
43.308216094971,47.78079719452555
31.56050491333,33.41618210116613
19.307411193848,25.044026382381514
14.166446685791,19.609753932022738
9.2672080993652,9.488208381111958
5.0666518211365,5.722542700173518
0.26202744245529,0.14631901797863497
0.0,0.34320769881345964
0.0,1.5654849030828003e-05
0.0,1.5654849030828003e-05
0.0,0.0
0.0,0.0
0.0,0.0
0.0,0.0
0.0,0.0
0.0,0.0
0.0,0.0
0.0,0.0
0.0,0.0
0.0,0.0
0.0,0.0
0.0,0.0
0.0,0.0
0.0,0.0
0.0,0.0
0.0,0.0
0.0,0.0
0.0,0.0
0.0,0.0
0.0,0.0
0.0,0.0
0.0,0.0
0.0,0.0
0.0,0.0
0.0,0.0
0.0,0.0
0.0,0.0
0.0,0.0
0.0,0.0
0.0,0.0
0.0,0.0
0.0,0.0
0.0,0.0
0.0,0.0
0.0,0.0
2.2561182975769,2.119471970609609
30.543054580688,29.85359999745447
47.443405151367,48.73318310835496
58.463554382324,56.62380445291666
75.073211669922,74.9817974785622
85.058990478516,85.17853797403399
89.909507751465,89.13668112876938
99.341842651367,99.04458511944313
104.2573928833,103.81292688079411
112.59873962402,112.95517368499867
116.57186889648,116.91844587635354
131.70874023438,131.5521526784764
138.91650390625,138.0120253827945
141.95314025879,140.50007135010935
147.75234985352,147.56133944198675
150.00427246094,150.89531651242766
152.75509643555,152.73442122117447
162.46006774902,160.3768591665138
166.71435546875,166.0315802883949
168.43307495117,168.79179061261198
177.6456451416,177.3739102491706
183.18759155273,182.6991673911199
180.14237976074,182.83245260132927
179.10231018066,179.4200236361645
177.71310424805,178.50591816231395
179.85083007812,177.71645878606282
179.8226776123,178.9167428403064
179.97146606445,178.50511784361515
178.53842163086,176.67105243390247
168.1901550293,169.71947667782794
167.67407226562,169.55372391805238
168.79853820801,165.64292552594543
167.06106567383,165.57595087144767
159.94401550293,158.63907852470044
146.70399475098,154.07068696930753
143.57339477539,142.21910242109502
128.26028442383,127.84367783996818
124.76752471924,124.82718244103303
111.94111633301,111.10325136880469
86.159217834473,86.67839436679171
53.492259979248,53.36875972651167
35.854595184326,34.87061976854075
30.557014465332,29.740589719912023
13.440845489502,13.470966145697567
4.413601398468,7.8179848265780825
0.0,1.5654849030828003e-05
0.0,1.5654849030828003e-05
0.0,0.0
0.0,0.0
0.0,0.0
0.0,0.0
0.0,0.0
0.0,0.0
0.0,0.0
0.0,0.0
0.0,0.0
0.0,0.0
0.0,0.0
0.0,0.0
0.0,0.0
0.0,0.0
0.0,0.0
0.0,0.0
0.0,0.0
0.0,0.0
0.0,0.0
0.0,0.0
0.0,0.0
0.0,0.0
0.0,0.0
0.0,4.033982973853877e-06
0.0,4.033982973853877e-06
0.0,0.003162639328058844
0.0,4.033982973853877e-06
0.43500557541847,0.14251578453985983
4.822988986969,4.575429567151692
41.424812316895,41.66862615458045
57.728416442871,56.58291275734931
88.741493225098,88.61065345489159
103.51429748535,102.60015283769502
108.10224914551,108.184622492683
112.46678161621,112.34338490085499
131.38514709473,131.4507077130615
135.30332946777,134.5527008046755
142.36715698242,141.7881053475921
145.35450744629,145.2603818339879
148.69723510742,148.61377054347278
151.80987548828,152.09002673752963
154.97999572754,154.03122690809244
160.18304443359,159.59247944473333
162.44270324707,162.2141839843142
164.61120605469,164.69738323271997
166.47738647461,166.44748897540632
168.46392822266,168.55056334750643
170.11024475098,170.4140478295211
172.27145385742,171.60326852494333
177.74844360352,177.40134195192547
179.57424926758,178.9649520329797
180.81927490234,180.80739683420595
182.24964904785,182.13339376795165
174.28970336914,182.05094076142865
181.17665100098,174.81181034055035
182.67361450195,182.2521774987398
183.80932617188,183.1117767755455
185.59989929199,185.10089675797713
186.14944458008,185.93725656874926
186.37396240234,186.31689635540792
187.40901184082,186.54995529994318
181.95336914062,184.15168406982346
179.84606933594,175.33937536023808
174.00798034668,166.3573590334946
172.79046630859,172.27380979790746
168.5083770752,169.38439574815595
167.33476257324,166.3237643213517
136.70970153809,136.7328889864889
74.578727722168,80.09856107284021
58.16149520874,59.858354457171714
8.3211631774902,8.84306218065166
0.0,0.0
0.0,0.0
0.0,0.0
0.0,0.0
0.0,0.0
0.0,0.0
0.0,0.0
0.0,0.0
0.0,0.0
0.0,0.0
0.0,0.0
0.0,0.0
0.0,0.0
0.0,0.0
0.0,0.0
0.0,0.0
0.0,0.0
0.0,0.0
0.0,0.0
0.0,0.0
0.0,0.0
0.0,0.0
0.0,0.0
0.0,0.0
0.0,0.0
0.0,0.0
0.0,0.0
0.0,0.0
0.0,0.0
0.0,0.0
0.0,0.0
0.0,0.0
0.0,0.0
0.0,0.0
0.0,0.0
0.0,0.0
0.0,0.0
0.0,0.0
0.0,0.003162639328058844
0.0,0.0009885798732280754
0.61253845691681,1.441317726144108
24.411462783813,23.259933389422276
48.077751159668,47.18727924542849
53.66382598877,54.143683865868816
59.277549743652,56.73877448580335
64.88737487793,63.881691310285255
76.228240966797,75.70591473616682
81.49365234375,80.72406985832009
86.475433349609,86.24459356590306
116.18913269043,115.2293864108763
127.83361053467,127.50018770911846
131.47804260254,131.3144877994825
135.3020324707,134.6644439892123
137.47344970703,138.41334564335233
154.07450866699,153.81417086815594
161.95079040527,159.68210206439406
178.51777648926,177.42158606157605
182.43258666992,182.20078696535234
183.62818908691,183.35566466348016
185.24322509766,185.33252613066963
187.38172912598,186.66149343437172
187.9981842041,187.44195537927706
188.94570922852,186.7233530844861
190.22937011719,190.1896935175026
188.84797668457,190.16620445971782
170.05107116699,169.21641670966764
135.39805603027,135.13072298945914
132.11631774902,131.98883408891973
125.00051116943,125.02206380351915
96.796913146973,94.99961010156694
93.77653503418,91.62865700408652
82.008666992188,80.90788184500825
23.489534378052,25.134685917383308
18.22526550293,23.845035665289878
13.558767318726,18.836252679780422
0.0,1.0509808435142757e-05
0.0,0.0
0.0,0.0
0.0,1.5654849030828003e-05
0.0,0.0
0.0,0.0
0.0,0.0
0.0,0.0
0.0,0.0
0.0,0.0
0.0,0.0
0.0,0.0
0.0,0.0
0.0,0.0
0.0,0.0
0.0,0.0
0.0,0.0
0.0,0.0
0.0,0.0
0.0,0.0
0.0,0.0
0.0,0.0
0.0,0.0
0.0,0.0
0.0,0.0
0.0,0.0
0.0,0.0
0.0,0.0
0.0,0.0
0.0,0.0
0.0,0.0
0.0,0.0
0.0,0.0
0.0,0.0
0.0,0.0
0.0,0.0
0.0,0.0
0.0,0.0
0.0,0.0
0.0,0.0
0.0,0.0
0.0,0.003162639328058844
0.0,0.14251578453985983
7.8175086975098,7.400003795169778
16.337890625,16.461495130341383
23.140413284302,20.267084756562888
36.463230133057,36.41203827169792
42.804504394531,42.527522144290735
53.659255981445,53.99163210149985
59.366081237793,56.92203629490902
70.479965209961,69.9676740207628
76.242935180664,75.96357148273214
81.73217010498,80.66784552527531
86.903060913086,86.23950264912725
124.49240875244,123.69102450686998
135.75093078613,135.41564526074055
144.24853515625,144.6735920858127
152.76751708984,153.01596434691757
158.47291564941,158.46033586023907
160.70657348633,160.82892632527313
164.71382141113,164.72489859353746
175.66108703613,170.5202220101552
184.87089538574,183.12864750871032
189.92431640625,190.22057271622896
186.70971679688,186.97508209002737
179.95602416992,180.16070804035985
174.16232299805,161.28454654990443
172.6591796875,170.70725171912252
150.49099731445,150.83759575408698
148.24566650391,148.21962022976433
146.1332244873,145.85914997687993
129.29066467285,129.2638301384252
118.24249267578,117.97721855435402
0.0,1.5654849030828003e-05
0.0,0.0
0.0,0.0
0.0,0.0
0.0,1.5654849030828003e-05
0.0,0.0
0.0,0.0
0.0,0.0
0.0,0.0
0.0,0.0
0.0,0.0
0.0,0.0
0.0,0.0
0.0,0.0
0.0,0.0
0.0,0.0
0.0,0.0
0.0,0.0
0.0,0.0
0.0,0.0
0.0,0.0
0.0,0.0
0.0,0.0
0.0,0.0
0.0,0.0
0.0,0.0
0.0,0.0
0.0,0.0
0.0,0.0
0.0,0.0
0.0,0.0
0.0,0.0
0.0,0.0
0.0,0.0
0.0,0.0
0.0,0.0
0.0,0.0
0.0,0.0
0.0,0.0
0.0,0.0
0.0,0.0
0.0,0.0
0.0,0.0
0.0,0.0
0.0,0.0
0.0,0.0
0.0,0.0
0.0,0.0
0.0,0.0
0.0,0.0
0.0,0.0
0.0,0.0
0.0,0.0
0.0,0.0
0.0,0.0
0.0,0.0
0.0,0.0
0.0,0.0
0.0,0.0
0.0,0.0
0.0,0.0
0.0,0.0
0.0,0.0
0.0,0.0
0.0,0.0
0.0,0.0
0.0,0.0
0.0,0.0
0.0,0.0
0.0,0.0
0.0,0.0
0.0,0.0
0.0,0.0
0.0,0.0
0.0,0.0
0.0,0.0
0.0,0.0
0.0,0.0
0.0,0.0
0.0,0.0
0.0,0.0
0.0,0.0
0.0,0.0
0.0,0.0
0.0,4.033982973853877e-06
0.0,4.033982973853877e-06
0.0,4.033982973853877e-06
0.0,4.033982973853877e-06
0.0,4.033982973853877e-06
0.0,4.033982973853877e-06
0.0,4.033982973853877e-06
0.0,4.033982973853877e-06
0.0,4.033982973853877e-06
0.0,4.033982973853877e-06
0.0,1.0509808435142757e-05
0.0,1.0509808435142757e-05
0.0,0.012832635319436278
0.2357492595911,0.34154985796366455
4.3802371025085,4.312259480629289
7.5509262084961,7.538554199056463
12.015016555786,11.696304648822531
17.201433181763,16.411867160047155
23.433258056641,22.67192926537214
30.28590965271,28.78665897228978
36.435478210449,36.488409926884486
42.579566955566,42.203439892765964
48.123672485352,47.734222595369474
53.814502716064,54.29314098630605
59.90189743042,57.463680308482026
65.679718017578,64.42128492560815
71.251861572266,71.03296714723511
77.163162231445,76.74347521012753
82.639846801758,82.1766346048498
87.492073059082,87.37042567874005
97.747863769531,96.90678889635693
112.85378265381,112.03888433562396
121.04208374023,119.578567124643
124.43677520752,124.58876557314369
128.27043151855,128.3299217411766
132.04112243652,132.23343252827263
135.20835876465,135.47899021066732
138.61428833008,138.42161800865654
142.43698120117,141.6282992242377
144.93286132812,145.31909264170963
147.68669128418,147.97578011413987
149.85301208496,150.91340761061807
152.90670776367,152.76487689994397
155.32733154297,155.33047356489405
158.02944946289,158.21287094967704
160.82635498047,160.77090762014703
163.32588195801,162.7773227671167
165.30844116211,165.70883508104635
168.08636474609,167.10040119362566
170.11822509766,170.10775525533035
173.82066345215,173.67678393062386
175.0122833252,175.33431203787168
176.91491699219,176.32464826153753
179.99951171875,180.83263746824585
181.72235107422,181.1904135384402
182.93334960938,182.69703533347024
184.58473205566,183.871681170872
185.76005554199,186.13120206621142
185.89772033691,186.27845841946072
187.30056762695,186.65324729765086
190.3353729248,188.44355086247594
187.38177490234,190.46932502344654
188.22430419922,188.22558141265498
188.62989807129,188.273825406336
188.49055480957,188.55599789622516
188.79502868652,188.520827183203
188.91075134277,188.5211779590232
188.24401855469,188.7941197717296
187.91006469727,188.29410412026667
187.03134155273,186.9699580279526
186.12644958496,185.85138416810483
186.30230712891,185.32407412675303
185.57334899902,185.4161420035294
184.59893798828,185.14141863580605
184.06387329102,183.67363580439468
182.50337219238,182.161786431849
180.72668457031,180.0275431650873
178.58004760742,179.97964804101443
177.80921936035,177.96125111758462
175.97563171387,176.00622198571708
174.10206604004,174.4227788932691
172.31181335449,172.34956145021033
170.9587097168,170.27508179074218
164.75898742676,165.5994552757187
163.11346435547,163.0356230061856
161.02389526367,160.95763820671368
158.59410095215,158.9230800442728
156.73567199707,156.2476642798443
152.77731323242,154.43609895222102
149.8264465332,149.93905168958418
146.97521972656,147.23899259521608
144.66595458984,143.94086491985902
138.3498840332,138.11108051955165
132.68647766113,132.5233177832408
129.27641296387,128.72943206453826
125.68477630615,125.40632095783029
120.85203552246,121.62010964033092
118.31671142578,117.51993390396365
105.4222946167,104.58459720235055
101.19528198242,101.32947197355378
91.975196838379,91.13104386166337
87.488876342773,87.06306347102502
83.447425842285,82.8540060008311
72.442733764648,72.69487362334283
66.576667785645,67.08120171383628
48.732200622559,48.33391698169496
41.939514160156,42.79317449284662
34.893077850342,34.96584227383167
29.214649200439,28.849976931114693
23.418998718262,23.458468575148043
12.405082702637,12.88729039473541
7.2324376106262,8.05904172225661
3.7252564430237,3.757814661111806
1.0213353633881,1.3166053235273387
0.0,0.005902120210540169
0.0,0.00031855255367974793
0.0,0.0
0.0,0.0
0.0,0.0
0.0,0.0
0.0,0.0
0.0,0.0
0.0,0.0
0.0,0.0
0.0,0.0
0.0,0.0
0.0,0.0
0.0,0.0
0.0,0.0
0.0,0.0
0.0,0.0
0.0,0.0
0.0,0.0
0.0,0.0
0.0,0.0
0.0,0.0
0.0,0.0
0.0,0.0
0.0,0.0
0.0,0.0
0.0,0.0
0.0,0.0
0.0,0.0
0.0,0.0
0.0,0.0
0.0,0.0
0.0,0.0
0.0,0.0
0.0,0.0
0.0,0.0
0.0,0.0
0.0,0.0
0.0,0.0
0.0,0.0
0.0,0.0
0.0,0.0
0.0,0.0
0.0,0.0
0.0,0.0
0.0,0.0
0.0,0.0
0.0,0.0
0.0,0.0
0.0,0.0
0.0,0.0
0.0,0.0
0.0,0.0
0.0,0.0
0.0,0.0
0.0,0.0
0.0,0.0
0.0,0.0
0.0,0.0
0.0,0.0
0.0,0.0
0.0,0.0
0.0,0.0
0.0,0.0
0.0,0.0
0.0,0.0
0.0,0.0
0.0,0.0
0.0,0.0
0.0,0.0
0.0,0.0
0.0,0.0
0.0,0.0
0.0,0.0
0.0,0.0
0.0,0.0
0.0,0.0
0.0,0.0
0.0,0.0
0.0,0.0
0.0,0.0
0.0,0.0
0.0,0.0
0.0,0.0
0.0,0.0
0.0,0.0
0.0,0.0
0.0,0.0
0.0,0.0
0.0,0.0
0.0,0.0
0.0,0.0
0.0,0.0
0.0,0.0
0.0,0.0
0.0,0.0
0.0,0.0
0.0,0.0
0.0,0.0
0.0,0.0
0.0,0.0
0.0,0.0
0.0,0.0
0.0,0.0
0.0,0.0
0.0,0.0
0.0,0.0
0.0,0.0
0.0,0.0
0.0,0.0
0.0,0.0
0.0,0.0
0.0,0.0
0.0,0.0
0.0,0.0
0.0,0.0
0.0,0.0
0.0,0.0
0.0,0.0
0.0,0.0
0.0,0.0
0.0,0.0
0.0,0.0
0.0,0.0
0.0,0.0
0.0,0.0
0.0,0.0
0.0,0.0
0.0,0.0
0.0,0.0
0.0,0.0
0.0,0.0
0.0,0.0
0.0,0.0
0.0,0.0
0.0,0.0
0.0,4.033982973853877e-06
0.0,4.033982973853877e-06
0.0,4.033982973853877e-06
0.0,4.033982973853877e-06
0.0,4.033982973853877e-06
0.0,4.033982973853877e-06
0.0,4.033982973853877e-06
0.0,4.033982973853877e-06
0.0,4.033982973853877e-06
0.0,4.033982973853877e-06
0.0,4.033982973853877e-06
0.0,4.033982973853877e-06
0.0,1.0509808435142757e-05
0.0,1.0509808435142757e-05
0.0,1.0509808435142757e-05
0.0,1.0509808435142757e-05
0.0,0.22078147901304
0.55832988023758,0.5121738138606697
3.2976915836334,2.4245866087276267
6.6789102554321,6.526673847517321
11.387268066406,10.117302280317537
16.215089797974,15.983724136125996
21.704486846924,21.93266661235036
28.282573699951,27.746945401082197
33.794284820557,34.17739956538837
40.027114868164,39.39028791264634
45.75297164917,44.84703654825774
51.494400024414,50.426298986269856
56.952926635742,56.13151378557071
62.436611175537,62.080362804959336
68.437805175781,66.70923871602366
74.431488037109,74.18197585992134
80.086318969727,80.74502315426888
85.146041870117,85.12963386211726
89.99739074707,89.34386733043603
94.966781616211,94.69624293544685
99.488677978516,99.29977166637225
104.50134277344,104.2232031646728
109.23350524902,109.02554663256971
113.46154785156,113.17256369839208
117.62601470947,117.6170712990287
121.47257995605,121.67892852100074
125.33336639404,124.99733734868471
128.84812927246,128.8716950522555
132.39801025391,132.67179281562161
136.65512084961,135.85281644025739
140.04496765137,140.23603793019598
143.19198608398,143.55804462328086
146.49066162109,145.68169369902483
148.10926818848,149.0795942581902
152.55065917969,151.68400477354626
153.69125366211,155.08878705196335
156.86087036133,156.12048039346612
160.88830566406,159.3481615741445
161.08500671387,162.7427752132301
163.91793823242,162.97911627177987
165.44189453125,166.21601057560153
167.3821105957,167.55390711228674
169.66032409668,169.3507978935028
170.60882568359,171.48467319044664
172.21351623535,171.99858595967552
173.90060424805,173.81481714811838
175.28871154785,175.35581818762535
176.94599914551,176.40094635436705
178.10296630859,178.33693478821402
179.12251281738,179.3365364219185
180.63824462891,180.2591020669248
182.18281555176,181.9622298975213
182.92820739746,183.26373495250775
184.0262298584,183.87692713363055
185.0193939209,185.10716820417997
186.08697509766,186.01910157140216
186.88024902344,186.582463748045
188.83418273926,188.67749860620853
188.2370300293,188.11617001592572
187.10897827148,187.1425768599282
185.92877197266,185.00064855846242
186.19967651367,185.45319427645862
185.29116821289,185.29981370323733
184.7371673584,184.8311359576159
184.27096557617,181.97156664593385
181.16059875488,183.65097077870504
182.77160644531,179.34290085597124
179.86791992188,178.3824528753083
175.05809020996,173.3858404382899
172.84092712402,163.4442773958064
167.98408508301,167.21582553177848
165.70460510254,164.90664221868207
163.65965270996,163.35003729521574
139.99217224121,142.09152774695167
130.50541687012,132.05456863752676
119.21145629883,119.03916997839576
106.71807098389,106.43643973522762
102.55386352539,101.64076545908189
75.56600189209,76.2514880874092
58.175407409668,59.50680469299913
40.929840087891,40.19651882680306
21.781631469727,23.107362339499947
11.565724372864,11.603525320489771
6.747492313385,7.198154014450164
3.2374610900879,3.4946546839092236
0.0,0.0
0.0,0.0
0.0,0.0
0.0,0.0
0.0,0.0
0.0,0.0
0.0,0.0
0.0,0.0
0.0,0.0
0.0,0.0
0.0,0.0
0.0,0.0
0.0,0.0
0.0,0.0
0.0,0.0
0.0,0.0
0.0,0.0
0.0,0.0
0.0,0.0
0.0,0.0
0.0,0.0
0.0,0.0
0.0,0.0
0.0,0.0
0.0,0.0
0.0,0.0
0.0,0.0
0.0,0.0
0.0,0.0
0.0,0.0
0.0,0.0
0.0,0.0
0.0,0.0
0.0,0.0
0.0,0.0
0.0,0.0
0.0,0.0
0.0,0.0
0.0,0.0
0.0,0.0
0.0,0.0
0.0,0.0
0.0,0.0
0.0,0.0
0.0,0.0
0.0,0.0
0.0,0.0
0.0,0.0
0.0,0.003162639328058844
0.0,0.003162639328058844
0.0,4.033982973853877e-06
0.0,0.003162639328058844
0.0,0.003162639328058844
0.0,0.003162639328058844
0.0,0.003162639328058844
0.0,0.14251578453985983
0.0,1.0509808435142757e-05
0.0,1.0509808435142757e-05
2.8812644481659,4.18482861871017
11.221699714661,10.716549183419364
10.8624792099,13.88008886646964
27.746004104614,19.043923305546073
52.294372558594,65.40797499281258
140.52896118164,136.54678755752403
124.23854827881,128.52065231840066
105.51195526123,115.05353703277672
122.95989990234,120.34064038541618
100.09918212891,92.38576753797105
78.09245300293,80.14046512783271
181.09687805176,184.72780507189043
181.17988586426,176.44226339802336
97.176429748535,169.35025955210773
91.242820739746,147.5547832072212
100.98623657227,115.31955831566036
152.07106018066,156.2989765184587
170.69444274902,185.2619881664851
173.13900756836,174.06977860772162
150.28646850586,160.50277689167027
78.958923339844,83.74044728717455
92.955474853516,109.30422327293822
147.04454040527,139.73409484953706
88.740303039551,88.27746487191686
66.407913208008,70.53625195954302
54.619926452637,72.88521811867128
46.422466278076,53.25909133544988
32.284969329834,49.554866678663814
15.418416023254,24.827263103989164
11.163634300232,12.710142226328072
47.3044090271,59.055572675820684
62.521678924561,60.43906267196454
38.048240661621,39.35956363556088
18.414108276367,13.362831560898892
2.9832458496094,2.9303237499613672
0.0,0.5260264805849867
0.0,0.0
0.0,1.5654849030828003e-05
0.0,0.0
0.0,0.0
0.0,0.0
0.0,0.0
0.0,0.0
0.0,0.0
0.0,0.0
0.0,0.0
0.0,0.0
0.0,0.0
0.0,0.0
0.0,0.0
0.0,0.0
0.0,0.0
0.0,0.0
0.0,0.0
0.0,0.0
0.0,4.033982973853877e-06
0.0,0.003162639328058844
0.0,0.003162639328058844
0.0,4.033982973853877e-06
0.0,4.033982973853877e-06
0.0,4.033982973853877e-06
0.0,0.003162639328058844
0.0,1.0509808435142757e-05
0.0,1.0509808435142757e-05
0.0,0.018368073767308
5.8099579811096,5.774767195483022
19.419044494629,19.09635709919287
44.84497833252,44.944603511272796
55.714302062988,54.29899193053093
77.225494384766,77.2468567203993
86.724769592285,86.45310556503333
105.02928161621,104.27149566928766
128.71711730957,128.4964524022236
139.8603515625,138.84354812882387
146.07182312012,145.62312822711243
148.43640136719,148.84086835271052
150.60934448242,152.06828135957645
153.48577880859,155.74595786908125
157.85691833496,159.16057138860765
159.51512145996,156.94273303539958
162.58500671387,161.6705607131046
165.82676696777,166.7872942785529
169.32360839844,168.74391932944945
170.14904785156,171.05596725987647
171.15524291992,171.33232012565975
174.34194946289,176.02648753813745
177.15902709961,177.0963914193644
175.97100830078,177.75166421289993
176.55946350098,175.78297872860207
176.75994873047,176.32434411084768
176.44738769531,168.5050915980014
174.88523864746,175.99547806567898
174.11004638672,173.9859373416854
142.46681213379,139.08916365475974
115.53999328613,112.86883742163428
102.88976287842,100.15242012806435
95.009719848633,94.24244311042037
80.829635620117,80.51448364229817
67.366577148438,66.93863008789432
48.722930908203,49.104431357273384
38.640590667725,39.19293412961532
33.217674255371,33.7312291553965
26.164379119873,29.550231785264472
2.4316492080688,2.7270372230870836
0.0,0.14207355106173533
0.0,1.5654849030828003e-05
0.0,0.0
0.0,0.0
0.0,0.0
0.0,0.0
0.0,0.0
0.0,0.0
0.0,0.0
0.0,0.0
0.0,0.0
0.0,0.0
0.0,0.0
0.0,0.0
0.0,0.0
0.0,0.0
0.0,0.0
0.0,0.0
0.0,0.0
0.0,0.0
0.0,0.0
0.0,0.0
0.0,0.0
0.0,0.0
0.0,0.0
0.0,0.0
0.0,0.0
0.0,0.0
0.0,0.0
0.0,0.0
0.0,0.0
0.0,0.0
0.0,0.0
0.0,0.0
0.0,0.0
0.0,0.0
0.0,0.0
0.0,0.0
0.0,0.0
0.0,0.0
0.0,0.0
0.0,0.0
0.0,0.0
0.0,0.0
0.0,0.0
0.0,4.033982973853877e-06
0.0,4.033982973853877e-06
0.0,4.033982973853877e-06
0.0,4.033982973853877e-06
0.0,4.033982973853877e-06
0.0,1.0509808435142757e-05
0.0,0.14251578453985983
0.054671138525009,0.25178242556804536
3.5712957382202,2.758021233737165
10.894104957581,7.616300897460876
66.039451599121,64.83222247454749
89.641723632812,73.40988354772725
137.16488647461,140.45214814012738
94.723762512207,104.04502759611559
109.705078125,109.35557937819085
98.424293518066,107.12406909013171
88.239204406738,90.68276690443203
84.441802978516,88.23038786403849
151.8098449707,159.97638066298245
180.54275512695,167.3800755594149
143.78446960449,157.82114870746733
129.69374084473,140.750650697131
113.92951965332,100.96596335671751
42.909427642822,71.67673644259764
98.709587097168,91.00201320638456
37.872230529785,25.96242624805113
12.962420463562,36.718932606887684
12.66060256958,13.337105668388212
7.5432643890381,8.666129238276472
4.5609359741211,5.270168697058237
2.7238645553589,3.2254583578199094
0.0,0.0
0.0,0.0
0.0,0.0
0.0,0.0
0.0,0.0
0.0,0.0
0.0,0.0
0.0,0.0
0.0,0.0
0.0,0.0
0.0,0.0
0.0,0.0
0.0,0.0
0.0,0.0
0.0,0.0
0.0,0.0
0.0,0.0
0.0,0.0
0.0,0.0
0.0,0.0
0.0,0.0
0.0,0.0
0.0,0.0
0.0,0.0
0.0,0.0
0.0,0.0
0.0,0.0
0.0,0.0
0.0,0.0
0.0,0.0
0.0,0.0
0.0,0.0
0.0,0.0
0.0,0.0
0.0,0.0
0.0,0.0
0.0,0.0
0.0,0.0
0.0,0.0
0.0,0.0
0.0,0.0
0.0,0.0
0.0,0.0
0.0,0.0
0.0,0.0
0.0,0.0
0.0,0.0
0.0,0.0
0.0,0.0
0.0,0.0
0.0,4.033982973853877e-06
0.0,0.003162639328058844
0.2853926718235,0.14251578453985983
5.9118366241455,5.857849537497805
22.892309188843,19.957970599468606
38.225009918213,28.22585621997045
27.734085083008,45.11580503042945
41.149826049805,45.4076694826789
53.579429626465,47.025561166288036
44.332973480225,45.755407473325796
47.21053314209,48.714784890177164
40.886672973633,42.14948012034062
63.864391326904,52.22051839483257
101.39163208008,81.28412916754077
123.53178405762,119.33915797181291
110.71144866943,112.47759113004561
117.40229797363,103.53033886404718
122.21659851074,109.07760517113735
118.29553222656,119.51761148926286
115.53267669678,105.50291542003683
122.39375305176,119.95996437165192
139.71138000488,139.28416684731292
139.19589233398,152.6004361071394
116.07218933105,110.77914219581046
96.890548706055,111.51455653692896
104.87480163574,86.73904802496715
86.595825195312,86.26207574060493
23.425350189209,25.30003914447308
15.715504646301,20.375428822397627
14.879692077637,17.853043468583227
12.653000831604,19.027082743195887
23.073101043701,21.853383467381885
27.357650756836,26.61350427287192
22.019432067871,32.15817274170767
4.5867214202881,8.58968121056372
2.6497230529785,4.278051258132378
0.0,0.0007117946700207448
0.0,1.5654849030828003e-05
0.0,1.5654849030828003e-05
0.0,1.5654849030828003e-05
0.0,0.0
0.0,0.0
0.0,0.0
0.0,0.0
0.0,0.0
0.0,0.0
0.0,0.0
0.0,0.0
0.0,0.0
0.0,0.0
0.0,0.0
0.0,0.0
0.0,0.0
0.0,0.0
0.0,0.0
0.0,0.0
0.0,0.0
0.0,0.0
0.0,0.0
0.0,0.0
0.0,0.0
0.0,0.0
0.0,0.0
0.0,0.0
0.0,0.0
0.0,0.0
0.0,0.0
0.0,0.0
0.0,0.003162639328058844
0.0,0.00935681366003608
0.0,0.18359307207509246
1.6882053613663,2.263760897148744
3.6033854484558,4.301594921149835
3.7980628013611,4.36011966837955
1.0672655105591,1.4933372217932224
0.72899436950684,1.1807150557993946
2.4982032775879,5.154102869857421
1.7415710687637,2.4911835697501132
2.3668200969696,2.4468439586135857
3.5869834423065,4.088751681034589
6.9753766059875,8.30813244254365
8.8663282394409,12.82435889300749
10.82940196991,11.562354004017
15.013348579407,14.795359093147523
31.438781738281,32.467462941462024
32.041553497314,34.843405798116244
30.787752151489,43.35589079118778
36.825592041016,36.927445791747026
30.831186294556,29.48401164098885
33.741413116455,33.035280410807175
12.324310302734,12.903713835240598
35.822479248047,38.931510677245384
18.826648712158,18.700121704906095
17.011642456055,20.481856922017194
13.81262588501,15.42199852859359
14.303782463074,15.805310578993696
15.489054679871,15.91166971201466
15.208555221558,16.334107711117426
35.145221710205,27.225309051994024
28.739204406738,55.81650861081005
16.436279296875,24.197900681047845
10.040948867798,9.989530309728552
0.0,0.0003889235978585516
0.0,1.5654849030828003e-05
0.0,0.0
0.0,0.0
0.0,0.0
0.0,0.0
0.0,0.0
0.0,0.0
0.0,0.0
0.0,0.0
0.0,0.0
0.0,0.0
0.0,0.0
0.0,0.0
0.0,0.0
0.0,0.0
0.0,0.0
0.0,0.0
0.0,0.0
0.0,0.0
0.0,0.0
0.0,0.0
0.0,0.0
0.0,0.0
0.0,0.0
0.0,0.0
0.0,0.0
0.0,0.0
0.0,0.0
0.0,0.0
0.0,4.033982973853877e-06
0.0,4.033982973853877e-06
0.0,1.0509808435142757e-05
0.0,1.0509808435142757e-05
0.0,0.14251578453985983
0.11507713794708,0.15037737529982176
1.7789309024811,1.6530413159738708
3.4304490089417,3.232038779740842
11.454480171204,11.292942546097922
14.339974403381,19.477561320144847
17.668506622314,15.598774171839484
31.692081451416,38.162687891003365
28.022802352905,26.286079674380744
17.065984725952,15.242156627849033
8.5478754043579,7.952503086553637
11.164175033569,19.324996014491052
15.846841812134,24.728705002826533
10.423899650574,18.12951394062562
13.543630599976,11.229503259877545
13.7262840271,12.304713968156392
14.951195716858,13.701004279970357
8.2625932693481,7.818207256437147
11.439990997314,11.237252831586222
1.2231969833374,1.2692134418373646
0.0,0.053024567441785124
0.0,0.14207355106173533
0.0,0.14207355106173533
0.0,0.14207355106173533
0.0,1.0509808435142757e-05
0.0,0.0
0.0,0.0
0.0,0.0
0.0,0.0
0.0,1.5654849030828003e-05
0.0,0.0
0.0,0.0
0.0,1.5654849030828003e-05
0.0,0.0
0.0,0.0
0.0,0.0
0.0,0.0
0.0,0.0
0.0,0.0
0.0,0.0
0.0,0.0
0.0,0.0
0.0,0.0
0.0,0.0
0.0,0.0
0.0,0.0
0.0,0.0
0.0,0.0
0.0,0.0
0.0,0.0
0.0,0.0
0.0,0.0
0.0,0.0
0.0,0.0
0.0,0.0
0.0,0.0
0.0,0.0
0.0,0.0
0.0,0.0
0.0,0.0
0.0,0.0
0.0,0.0
0.0,0.0
0.0,0.0
0.0,0.0
0.0,4.033982973853877e-06
0.0,4.033982973853877e-06
0.0,4.033982973853877e-06
0.0,4.033982973853877e-06
0.0,1.0509808435142757e-05
0.0,1.0509808435142757e-05
0.0,0.14251578453985983
0.0,0.14251578453985983
0.0,1.0509808435142757e-05
0.0,1.0509808435142757e-05
0.0,1.0509808435142757e-05
0.31349378824234,0.1495714757961779
1.1763435602188,2.055680047966595
1.8249859809875,3.6107219737045315
1.9339635372162,5.095162590824054
2.5620367527008,5.153677313785913
7.3229355812073,7.377662077361302
10.415680885315,12.926382254904096
17.061862945557,17.103324452617546
28.006618499756,28.51374570429107
38.429378509521,36.236072700810865
44.777038574219,43.38983022468092
24.222831726074,23.75988830578605
23.277229309082,22.24056095982922
17.008153915405,16.706691039589156
28.965923309326,28.058934053768855
26.980895996094,27.134877487749524
25.478693008423,24.26187377179886
18.090997695923,17.87062219346241
13.932542800903,14.599936242139512
13.997693061829,14.429398815165236
7.273973941803,8.628432379005323
0.0,1.5654849030828003e-05
0.0,1.5654849030828003e-05
0.0,1.5654849030828003e-05
0.0,0.0
0.0,0.0
0.0,0.0
0.0,0.0
0.0,0.0
0.0,0.0
0.0,0.0
0.0,0.0
0.0,0.0
0.0,0.0
0.0,0.0
0.0,0.0
0.0,0.0
0.0,0.0
0.0,0.0
0.0,0.0
0.0,0.0
0.0,0.0
0.0,0.0
0.0,0.0
0.0,0.0
0.0,0.0
0.0,0.0
0.0,0.0
0.0,0.0
0.0,0.0
0.0,0.0
0.0,0.0
0.0,0.14251578453985983
5.9041528701782,6.803456678965687
7.0775966644287,7.983825788079145
15.172779083252,13.128585114219996
25.493858337402,30.228673962122365
47.985858917236,26.025398058274973
52.969676971436,63.31757530653107
51.742267608643,49.93177364352007
78.045417785645,69.45804684298434
96.752967834473,73.71367898469315
135.08024597168,139.48475814468
143.27116394043,141.5471623445814
151.77508544922,146.68653806917152
156.48901367188,150.83826153186055
115.06816101074,130.2095270737363
101.16803741455,95.51765755842145
109.30849456787,98.67775703156808
43.760482788086,44.18092932036917
53.27046585083,50.77607162320665
72.182823181152,47.95354857200001
163.54072570801,146.6929125614062
191.98669433594,162.41836898308435
182.14944458008,175.47449513952066
152.32695007324,161.52363717525319
70.063659667969,80.49160078212822
46.437381744385,77.91395548372046
43.53490447998,61.24319494460336
44.433650970459,57.901037815674
36.91011428833,39.95048693446227
97.383529663086,130.89806270141136
63.595447540283,63.519751384716976
84.151519775391,73.04429518629007
76.954307556152,69.19436585074018
101.81121063232,98.78412448138182
42.392581939697,50.409303239438
106.49968719482,93.74347701314859
110.95128631592,88.33386393538284
101.03754425049,105.39220484267535
26.819398880005,72.37349904197457
68.97607421875,72.25010481197111
0.56503117084503,0.3800760775030821
0.0,1.5654849030828003e-05
0.0,1.5654849030828003e-05
0.0,0.0
0.0,0.0
0.0,0.0
0.0,0.0
0.0,0.0
0.0,0.0
0.0,0.0
0.0,0.0
0.0,0.0
0.0,0.0
0.0,0.0
0.0,0.0
0.0,0.0
0.0,0.0
0.0,0.0
0.0,0.0
0.0,0.0
0.0,0.0
0.0,0.0
0.0,0.0
0.0,0.0
0.0,0.0
0.0,0.0
0.0,0.0
0.0,0.0
0.0,0.0
0.0,0.0
0.0,0.0
0.0,0.0
0.0,0.0
0.0,0.0
0.0,0.0
0.0,0.0
0.0,0.0
0.0,0.0
0.0,0.0
0.0,0.0
0.0,0.0
0.0,0.0
0.0,0.0
0.0,0.0
0.0,0.0
0.0,0.0
0.0,0.0
0.0,0.0
0.0,0.003162639328058844
0.0,4.033982973853877e-06
0.0,4.033982973853877e-06
0.0,4.033982973853877e-06
0.0,1.0509808435142757e-05
0.0,1.0509808435142757e-05
10.833332061768,11.154145204779624
27.189033508301,28.54326931483696
34.029487609863,33.524885711458964
40.068962097168,39.39692606472015
45.777198791504,45.35442167615465
61.977909088135,61.506469613314415
67.739112854004,66.72893919120901
73.520629882812,73.4297802826904
83.68342590332,83.78136582395068
88.810211181641,88.69535804695784
93.17253112793,93.9714784100533
97.602630615234,97.48929121160678
103.46383666992,102.159528838467
108.57553100586,108.23045887055167
116.34126281738,114.9780678500355
119.85147094727,119.8852781283986
123.68876647949,121.66341412149784
127.0779800415,127.50273457727671
130.90808105469,130.9395991650933
135.2494354248,134.18632404471896
137.7234954834,138.54191393612282
140.27250671387,139.81108926811643
143.22457885742,142.8153099557427
150.93832397461,151.16529206781627
156.07772827148,155.5614678850057
158.87362670898,158.54372292722226
168.73793029785,167.70556542702295
173.02648925781,173.28346409441988
175.16142272949,176.06750413719695
176.69076538086,176.9735856862766
178.13845825195,170.01318082807984
179.64443969727,179.25927593202434
181.88996887207,180.6334528477015
184.08895874023,182.82405993233493
184.12194824219,185.25356663108954
183.40733337402,184.9240019505804
175.02740478516,174.84754415667396
167.29301452637,166.20671409025667
166.16787719727,165.89220063666517
164.67280578613,164.46611129852013
162.12251281738,162.77653702240542
160.57339477539,159.7736777119199
155.90802001953,156.20408888905303
153.2900390625,154.1714624998493
151.09135437012,151.05144299858432
148.69140625,149.71737003057143
145.95697021484,146.6958834219585
143.1888885498,142.81604620834483
140.43359375,140.39661565208837
136.6761932373,137.25988804716607
134.07150268555,133.4475129204958
131.39862060547,130.51846462098567
128.58996582031,127.65140757496921
125.02014160156,125.10820444438956
121.72605133057,120.68185515083282
120.0239944458,117.5302025516334
114.11094665527,114.43495816518781
111.0061340332,110.07218762212729
97.284240722656,96.33891945087808
89.795333862305,87.7473170314188
84.804588317871,85.12899903693246
79.233749389648,79.37752414087825
74.161468505859,74.14647955756617
62.551906585693,62.62570969344187
56.76082611084,57.12295185983338
50.724227905273,50.87630186054012
44.889625549316,44.01948714543258
38.306957244873,38.85360867787217
31.295539855957,31.55385457002047
24.336603164673,24.80506229119246
18.917133331299,18.69096639117101
8.240234375,8.784912538135357
2.1385941505432,1.9281896655789437
0.33786010742188,0.17427053837620493
0.0,0.02583354401293884
0.0,1.0509808435142757e-05
0.0,0.0
0.0,0.0
0.0,0.0
0.0,0.0
0.0,0.0
0.0,0.0
0.0,0.0
0.0,0.0
0.0,0.0
0.0,0.0
0.0,0.0
0.0,0.0
0.0,0.0
0.0,0.0
0.0,0.0
0.0,0.0
0.0,0.0
0.0,0.0
0.0,0.0
0.0,0.0
0.0,0.0
0.0,0.0
0.0,0.0
0.0,0.0
0.0,0.0
0.0,0.0
0.0,0.0
0.0,0.0
0.0,0.0
0.0,0.0
0.0,0.0
0.0,0.0
0.0,0.0
0.0,0.0
0.0,0.0
0.0,0.0
0.0,0.0
0.0,0.0
0.0,0.0
0.0,0.0
0.0,0.0
0.0,0.0
0.0,0.0
0.0,0.0
0.0,0.0
0.0,0.0
0.0,0.0
0.0,0.0
0.0,0.0
0.0,0.0
0.0,0.0
0.0,0.0
0.0,0.0
0.0,0.0
0.0,0.0
0.0,0.0
0.0,0.0
0.0,0.0
0.0,0.0
0.0,0.0
0.0,0.0
0.0,0.0
0.0,0.0
0.0,0.0
0.0,0.0
0.0,0.0
0.0,0.0
0.0,0.0
0.0,0.0
0.0,0.0
0.0,0.0
0.0,0.0
0.0,0.0
0.0,0.0
0.0,0.0
0.0,0.0
0.0,0.0
0.0,0.0
0.0,0.0
0.0,0.0
0.0,0.0
0.0,0.0
0.0,0.0
0.0,0.0
0.0,0.0
0.0,0.0
0.0,0.0
0.0,0.0
0.0,0.0
0.0,0.0
0.0,0.0
0.0,0.0
0.0,0.0
0.0,0.0
0.0,0.0
0.0,0.0
0.0,0.0
0.0,0.0
0.0,0.0
0.0,0.0
0.0,0.0
0.0,0.0
0.0,0.0
0.0,0.0
0.0,0.0
0.0,0.0
0.0,0.0
0.0,0.0
0.0,0.0
0.0,0.0
0.0,0.0
0.0,0.0
0.0,0.0
0.0,0.0
0.0,0.0
0.0,0.0
0.0,0.0
0.0,0.0
0.0,0.0
0.0,0.0
0.0,4.033982973853877e-06
0.0,4.033982973853877e-06
0.0,4.033982973853877e-06
0.0,4.033982973853877e-06
0.0,4.033982973853877e-06
0.0,4.033982973853877e-06
0.0,4.033982973853877e-06
0.0,4.033982973853877e-06
0.0,4.033982973853877e-06
0.0,4.033982973853877e-06
0.0,1.0509808435142757e-05
0.0,1.0509808435142757e-05
0.0,1.0509808435142757e-05
0.0,1.0509808435142757e-05
1.4006698131561,1.7919347091162834
3.6428406238556,3.9760045880120285
6.5277953147888,6.354650354450018
10.373048782349,9.833845823290192
15.571755409241,15.38728866263477
20.978927612305,20.992123534361244
26.454694747925,27.17736369120509
33.330570220947,31.94971664222756
39.607841491699,39.96146072888653
45.549964904785,45.751687448023716
51.073513031006,51.70680857395274
56.371246337891,56.88630870695398
61.811904907227,61.836664095763155
67.372848510742,67.15469034107353
73.079711914062,73.20049059891134
78.540130615234,77.78859135137279
83.621963500977,83.26264979096487
88.412796020508,88.61740793489444
94.212425231934,93.23305045407999
99.138137817383,112.68707361827053
103.84055328369,115.89242751184757
108.53426361084,108.64954995553678
113.09799194336,112.67136800224144
117.35357666016,117.22092554420102
121.12921905518,121.0820729820247
123.75057983398,124.62221201220217
127.83448791504,127.39119576981592
132.49833679199,131.34104471342954
136.60708618164,135.64444359286006
140.42190551758,140.35229912931342
144.75325012207,144.03198664017341
149.34355163574,147.53482541176464
153.02600097656,155.8750007384291
158.19662475586,155.77927495589438
160.23910522461,160.74343583560486
148.86943054199,154.81210985104386
121.95581054688,134.85373844952554
140.4528503418,128.80135645665248
138.83520507812,137.34264662434202
154.08366394043,146.2436225994046
139.57171630859,148.3250578726131
117.83674621582,123.13322988107606
145.99517822266,138.09746903954374
157.68862915039,150.92411490005836
164.53787231445,160.53952974930277
155.84963989258,164.8668426250814
165.5368347168,161.41262281843433
161.3544921875,166.21541080767167
180.23864746094,165.0789392812616
165.16078186035,168.41649632256338
165.0498046875,172.03643372460516
183.98324584961,171.40539703715498
144.87762451172,152.06840675875182
167.43060302734,169.13467053455764
190.43927001953,175.9881956012996
167.52485656738,177.01268238874815
156.08200073242,171.7917521510352
170.38050842285,171.13391634381105
175.79078674316,175.33745424791155
177.19297790527,181.34406942428268
126.68592834473,131.6827142788955
137.78605651855,148.04229824297883
167.75476074219,167.11586168254087
183.87237548828,167.68657510421744
122.32990264893,135.20895229754746
114.85550689697,121.88563338291115
97.833511352539,106.98774139713419
88.24446105957,99.71538657281484
92.871139526367,98.0710935055538
85.932601928711,92.47361732758694
83.072402954102,88.72051094845146
89.539100646973,93.26486807991108
101.29932403564,109.61255807092073
127.80144500732,128.44467965578409
112.15850830078,120.78001114495437
108.80520629883,115.93954403962817
93.771987915039,96.23575152421216
84.07014465332,89.37155778547074
89.495895385742,89.77653128714485
71.022468566895,76.06341124625744
65.338066101074,67.93818910373294
83.172996520996,83.00406530110152
80.578704833984,81.85955823531988
65.204170227051,69.41151281423107
58.182250976562,62.31183976525402
56.901634216309,56.85907682547698
54.827579498291,57.81347474626045
81.36483001709,84.24473851092304
134.97225952148,125.3607960536683
114.21365356445,113.4454196532405
88.360771179199,94.18422146287304
71.556419372559,71.22415410616298
56.333633422852,61.18140192912117
84.69091796875,86.06771712686638
86.612113952637,77.73283309467564
65.411582946777,63.81004283252939
56.157321929932,57.964927887678094
60.659660339355,53.74913604728954
51.419784545898,52.77189929912695
55.650398254395,49.549932523218004
51.218109130859,46.832181665816016
27.244333267212,31.231823799015547
31.043395996094,27.210852468791845
21.183883666992,23.632928106775854
21.03200340271,20.8413667796953
21.659337997437,22.147548614900955
21.705715179443,18.33389693795385
14.037919998169,16.367472026334806
11.867715835571,12.058187646409637
10.762174606323,10.789751917985145
9.4028463363647,9.274324780052282
6.976833820343,7.795245457133919
5.4745941162109,5.778301949086449
3.5626263618469,4.387149732471081
1.7335064411163,2.3988462257331817
0.33296984434128,0.6916918415052701
0.0,0.01327143682936475
0.0,1.0509808435142757e-05
0.0,0.0
0.0,0.0
0.0,0.0
0.0,0.0
0.0,0.0
0.0,0.0
0.0,0.0
0.0,0.0
0.0,0.0
0.0,0.0
0.0,0.0
0.0,0.0
0.0,0.0
0.0,0.0
0.0,0.0
0.0,0.0
0.0,0.0
0.0,0.0
0.0,0.0
0.0,0.0
0.0,0.0
0.0,0.0
0.0,0.0
0.0,0.0
0.0,0.0
0.0,0.0
0.0,0.0
0.0,0.0
0.0,0.0
0.0,0.0
0.0,0.0
0.0,0.0
0.0,0.0
0.0,0.0
0.0,0.0
0.0,0.0
0.0,0.0
0.0,0.0
0.0,0.0
0.0,0.0
0.0,0.0
0.0,0.0
0.0,0.0
0.0,0.0
0.0,0.0
0.0,0.0
0.0,0.0
0.0,0.0
0.0,0.0
0.0,0.0
0.0,0.0
0.0,0.0
0.0,0.0
0.0,0.0
0.0,0.0
0.0,0.0
0.0,0.0
0.0,0.0
0.0,0.0
0.0,0.0
0.0,0.0
0.0,0.0
0.0,0.0
0.0,0.0
0.0,0.0
0.0,0.0
0.0,0.0
0.0,0.0
0.0,0.0
0.0,0.0
0.0,0.0
0.0,0.0
0.0,0.0
0.0,0.0
0.0,0.0
0.0,0.0
0.0,0.0
0.0,0.0
0.0,0.0
0.0,0.0
0.0,0.0
0.0,0.0
0.0,0.0
0.0,0.0
0.0,0.0
0.0,0.0
0.0,0.0
0.0,0.0
0.0,0.0
0.0,0.0
0.0,0.0
0.0,0.0
0.0,0.0
0.0,0.0
0.0,0.0
0.0,0.0
0.0,0.0
0.0,0.0
0.0,0.0
0.0,0.0
0.0,0.0
0.0,0.0
0.0,0.0
0.0,0.0
0.0,0.0
0.0,0.0
0.0,0.0
0.0,0.0
0.0,0.0
0.0,0.0
0.0,0.0
0.0,0.0
0.0,0.0
0.0,0.0
0.0,0.0
0.0,0.0
0.0,0.0
0.0,0.0
0.0,0.0
0.0,0.0
0.0,0.0
0.0,0.0
0.0,0.0
0.0,0.0
0.0,0.0
0.0,0.0
0.0,0.0
0.0,0.0
0.0,0.0
0.0,0.0
0.0,0.0
0.0,0.0
0.0,0.0
0.0,0.0
0.0,0.0
0.0,0.0
0.0,0.0
0.0,0.0
0.0,0.0
0.0,0.0
0.0,0.0
0.0,0.0
0.0,0.0
0.0,0.0
0.0,4.033982973853877e-06
0.0,4.033982973853877e-06
0.0,4.033982973853877e-06
0.0,4.033982973853877e-06
0.0,4.033982973853877e-06
0.0,4.033982973853877e-06
0.0,4.033982973853877e-06
0.0,4.033982973853877e-06
0.0,4.033982973853877e-06
0.0,4.033982973853877e-06
0.0,4.033982973853877e-06
0.0,4.033982973853877e-06
0.0,1.0509808435142757e-05
0.0,1.0509808435142757e-05
0.0,1.0509808435142757e-05
0.0,1.0509808435142757e-05
0.0,1.0509808435142757e-05
0.11896565556526,0.5273347647063246
1.3896638154984,1.5757309248027784
3.6830615997314,4.197280697860903
6.8088579177856,6.864683139518475
10.156537055969,10.961364431141444
15.07448387146,16.81774584534787
21.023435592651,21.781694320258342
26.291370391846,29.30124330559125
32.794097900391,32.002139348224
39.098628997803,39.17372655797287
45.259586334229,44.96002865054171
50.962673187256,51.295823143508265
55.856227874756,56.76386010071889
61.535968780518,61.78377735355037
67.131820678711,67.11132822009121
72.683013916016,72.71344161664399
78.227752685547,77.6816952245777
83.531272888184,83.04613169808383
89.705345153809,88.46349815727947
94.193428039551,94.5585597944129
98.635025024414,98.63166083779342
103.12800598145,103.31374030611211
107.76615905762,107.82841634794174
111.84918212891,112.06792491256213
115.63111877441,115.17867458891295
119.07060241699,119.40144953043304
120.64155578613,122.84193457808674
125.94674682617,124.63432875266491
128.837890625,130.00899193588225
130.83268737793,132.97216297558467
134.03283691406,134.4951505850912
136.7036895752,137.65951587878067
138.85572814941,140.52569428265494
141.57081604004,142.01972089341442
144.154296875,144.87467611064625
146.69674682617,147.43855610999617
149.57073974609,149.59747630457989
151.45401000977,152.46342254761834
153.24610900879,153.77999899873055
155.41035461426,156.0814946973961
157.0069732666,158.32781131566176
158.6887512207,159.38683317570275
160.17813110352,160.85022598971238
161.97535705566,162.20917910613275
163.85382080078,164.21079012318117
164.69540405273,166.02702636418977
166.3798828125,166.29376547511097
167.61840820312,168.39767879473237
168.02783203125,169.25617462590102
169.62605285645,169.3845218789768
170.14033508301,171.2365460336705
171.88536071777,171.42458085131827
172.52290344238,173.64676098041392
173.48951721191,173.80441632498906
173.71095275879,175.0597728973311
173.99978637695,174.98810335984038
174.37648010254,175.04663478994257
174.58258056641,162.42082701665748
174.84683227539,175.1447684894417
174.88681030273,175.17954087107472
176.50592041016,169.85386219841277
176.72769165039,176.36108467064827
156.52198791504,155.08214314957303
155.05239868164,152.74401168246294
153.93095397949,153.70195411985353
152.50614929199,152.6019763722089
139.01640319824,138.4547412567453
130.45776367188,129.4905058889571
125.09308624268,125.09257256482128
105.00862884521,101.35852449530748
97.117485046387,94.97524836540701
92.456260681152,92.12410593741875
88.783447265625,87.36369335669688
82.06908416748,84.25169151403524
77.104248046875,77.1898532198503
66.465454101562,67.54460899540283
60.262771606445,61.171321006509224
55.635101318359,54.55134554658382
50.562496185303,49.53674687091771
0.0,1.0509808435142757e-05
0.0,7.2613872330764365e-06
0.0,0.0
0.0,0.0
0.0,0.0
0.0,0.0
0.0,0.0
0.0,0.0
0.0,0.0
0.0,0.0
0.0,0.0
0.0,0.0
0.0,0.0
0.0,0.0
0.0,0.0
0.0,0.0
0.0,0.0
0.0,0.0
0.0,0.0
0.0,0.0
0.0,0.0
0.0,0.0
0.0,0.0
0.0,0.0
0.0,0.0
0.0,0.0
0.0,0.0
0.0,0.0
0.0,0.0
0.0,0.0
0.0,0.0
0.0,0.0
0.0,0.0
0.0,0.0
0.0,0.0
0.0,0.0
0.0,0.0
0.0,0.0
0.0,0.0
0.0,0.0
0.0,0.0
0.0,0.0
0.0,0.0
0.0,0.0
0.0,0.0
0.0,0.0
0.0,0.0
0.0,0.0
0.0,0.0
0.0,0.0
0.0,0.0
0.0,0.0
0.0,0.0
0.0,0.0
0.0,0.0
0.0,0.019673423596785946
0.0,0.019673423596785946
0.0,0.019673423596785946
0.0,0.019673423596785946
0.0,0.019673423596785946
0.0,4.033982973853877e-06
0.0,4.033982973853877e-06
0.0,4.033982973853877e-06
0.0,4.033982973853877e-06
0.0,0.1367501108820331
0.0,0.1367501108820331
0.0,0.1367501108820331
0.0,1.0509808435142757e-05
0.0,1.0509808435142757e-05
0.0054585784673691,0.3272846282943829
1.3786321878433,1.2585288122739309
3.4729046821594,4.156873685177713
6.4880194664001,6.5461329943745685
9.9783992767334,9.253431777139358
14.819421768188,13.174146745314857
20.786685943604,19.830955510189163
25.827079772949,28.84600871989592
32.42297744751,31.899490025510108
39.346778869629,38.85758895715994
45.49437713623,45.07133560000168
51.389232635498,51.58897311993533
77.441619873047,77.25561549781108
101.88496398926,101.82468819268479
123.23028564453,121.35837227888223
127.66827392578,126.858477750445
151.6641998291,151.69748890415627
153.66146850586,154.49535451381664
160.35955810547,161.10284457090245
166.52955627441,168.31352810584147
166.86099243164,168.23666520875423
172.27322387695,173.41603891048382
174.89976501465,175.335207728649
174.00888061523,174.18233651797982
161.07695007324,159.0968777225822
159.43884277344,158.14563574727808
145.78637695312,145.12000614246847
136.45654296875,136.08312069102936
133.74267578125,132.12233993485214
101.29081726074,99.89486677828317
96.138046264648,95.14405632579235
37.438846588135,38.03512438289758
4.6877994537354,4.594995197447266
0.0,0.10044318439566899
0.0,0.0
0.0,0.0
0.0,0.0
0.0,0.0
0.0,0.0
0.0,0.0
0.0,0.0
0.0,0.0
0.0,0.0
0.0,0.0
0.0,0.0
0.0,0.0
0.0,0.0
0.0,0.0
0.0,0.0
0.0,0.0
0.0,0.0
0.0,0.0
0.0,0.0
0.0,0.0
0.0,0.0
0.0,0.0
0.0,0.0
0.0,0.0
0.0,0.0
0.0,0.0
0.0,0.0
0.0,0.0
0.0,0.0
0.0,0.0
0.0,0.0
0.0,0.0
0.0,0.0
0.0,0.0
0.0,0.0
0.0,0.0
0.0,0.0
0.0,0.0
0.0,0.0
0.0,0.0
0.0,4.033982973853877e-06
0.0,4.033982973853877e-06
0.0,4.033982973853877e-06
0.0,4.033982973853877e-06
0.0,4.033982973853877e-06
0.0,0.1367501108820331
0.0,1.0509808435142757e-05
1.2136527299881,1.3235521063288151
3.2108435630798,4.013624166001608
13.777853965759,14.07691794344015
24.750885009766,26.573707691390176
30.888275146484,29.815762934938466
43.870956420898,43.97984262151095
49.96887588501,50.07955476269508
82.311386108398,81.77688162187061
87.387825012207,86.09527972285919
96.09260559082,96.234537412778
100.07213592529,100.08511609660427
104.14061737061,104.3781723818286
111.86734008789,110.98546809503314
118.00858306885,117.82785504363048
121.32926940918,122.22694935891198
123.98788452148,124.3609892356537
136.76016235352,137.1560541428972
147.61512756348,147.89831981742856
167.53582763672,168.1921761015195
169.01150512695,169.25548037282542
170.68139648438,171.28391095242037
177.79553222656,172.26086114339822
178.87010192871,179.46892204914627
179.18827819824,179.7371794077592
173.09106445312,163.9458178428621
166.30432128906,165.67733988785162
161.33325195312,161.59639482535366
147.81466674805,148.63283002351372
141.18731689453,140.9034048016019
122.16215515137,120.57373908667954
114.4486541748,113.62276953113891
102.04528045654,101.02159415105015
70.111114501953,70.04622246681113
55.449459075928,54.87658456419703
0.0,0.024051233635901427
0.0,0.0
0.0,7.2613872330764365e-06
0.0,0.0
0.0,7.2613872330764365e-06
0.0,0.0
0.0,0.0
0.0,0.0
0.0,0.0
0.0,0.0
0.0,0.0
0.0,0.0
0.0,0.0
0.0,0.0
0.0,0.0
0.0,0.0
0.0,0.0
0.0,0.0
0.0,0.0
0.0,0.0
0.0,0.0
0.0,0.0
0.0,0.0
0.0,0.0
0.0,0.0
0.0,0.0
0.0,0.0
0.0,0.0
0.0,0.0
0.0,0.0
0.0,0.0
0.0,0.0
0.0,0.0
0.0,0.0
0.0,0.0
0.0,0.0
0.0,0.0
0.0,0.0
0.0,0.019673423596785946
0.0,4.033982973853877e-06
0.0,4.033982973853877e-06
0.0,0.1367501108820331
0.0,1.0509808435142757e-05
0.56535118818283,0.8359585794246339
18.833602905273,21.391239311605887
17.22234916687,25.279286623366254
52.209266662598,50.123621329562624
137.8801574707,125.24589290986496
162.31410217285,165.0754521872044
165.79968261719,166.0480039432069
170.66963195801,170.88809590669467
172.43032836914,173.757048080237
173.2551574707,173.86619683866877
173.05130004883,172.79367564105561
175.7174987793,172.88052264609527
181.3582611084,176.63412520292852
185.27648925781,178.82310138590503
175.17044067383,182.36884610400983
181.27786254883,180.30671507023382
178.54473876953,178.2320301440257
176.7981262207,172.66037690959678
175.29443359375,176.78672278215967
174.12734985352,174.2526089842777
169.8519744873,167.18043821108364
169.57804870605,167.76637807821803
165.52484130859,159.8133292348717
153.47206115723,154.84226233410308
154.97512817383,150.56371552963293
150.83177185059,150.40802553424572
145.31407165527,144.93360163523892
120.8229675293,119.89577647729293
87.701652526855,87.88629640454491
77.880928039551,77.98293957043668
72.266998291016,72.63222449603131
66.633720397949,67.1209528502295
55.267059326172,54.2548772777224
4.4123597145081,4.334220297378908
1.5767600536346,1.5295270360170636
0.0,0.011313571748148298
0.0,0.13630787740390862
0.0,0.0
0.0,0.0
0.0,7.2613872330764365e-06
0.0,0.0
0.0,0.0
0.0,0.0
0.0,0.0
0.0,0.0
0.0,0.0
0.0,0.0
0.0,0.0
0.0,0.0
0.0,0.0
0.0,0.0
0.0,0.0
0.0,0.0
0.0,0.0
0.0,0.0
0.0,0.0
0.0,0.0
0.0,0.0
0.0,0.0
0.0,0.0
0.0,0.0
0.0,0.0
0.0,0.0
0.0,0.0
0.0,0.0
0.0,0.0
0.0,0.0
0.0,0.0
0.0,0.0
0.0,0.0
0.0,0.0
0.0,0.0
0.0,0.0
0.0,0.0
0.0,0.0
0.0,0.0
0.0,0.0
0.0,0.0
0.0,0.0
6.2054152488708,8.39922949398797
107.00202941895,105.0166409914386
125.3557434082,124.70275617384036
129.80114746094,127.59881203400349
138.26577758789,138.13771489955994
157.11010742188,156.42387279293223
169.42193603516,169.21079971269597
169.9748840332,170.38412146366417
171.89952087402,172.11403141367117
173.09080505371,174.92227948440689
173.62391662598,174.44975465810205
174.77128601074,175.22897890482275
177.81649780273,176.6164964242148
180.61903381348,171.40650842864767
182.07336425781,182.04800660683074
182.60848999023,182.83430037211335
182.18170166016,182.30785979699246
181.02914428711,181.76417285483518
180.7120513916,180.74870860965396
180.33036804199,180.58837138998226
179.60739135742,180.10755150556318
178.65670776367,178.97547415458536
177.89636230469,170.98720559720664
176.58444213867,168.22143657935857
174.95327758789,176.0549472154629
173.62693786621,169.13329911623924
172.14405822754,172.9046956651887
170.83082580566,171.70995066911232
169.95277404785,170.0528228005038
168.79299926758,168.07097756630856
166.5654296875,166.5967006620809
163.46580505371,162.57302053118022
150.70950317383,150.58504962491685
78.485687255859,78.13294167240375
61.886318206787,62.123931873563066
36.855953216553,38.51003321551653
23.525991439819,24.671674531158974
11.996288299561,12.73290661442041
7.596321105957,7.8394121544035755
4.3705167770386,7.371336198865506
1.5111217498779,3.475876166925622
0.0,0.02623669139935237
0.0,7.2613872330764365e-06
0.0,0.0
0.0,0.0
0.0,0.0
0.0,0.0
0.0,0.0
0.0,0.0
0.0,0.0
0.0,0.0
0.0,0.0
0.0,0.0
0.0,0.0
0.0,0.0
0.0,0.0
0.0,0.0
0.0,0.0
0.0,0.0
0.0,0.0
0.0,0.0
0.0,0.0
0.0,0.0
0.0,0.0
0.0,0.0
0.0,0.0
0.0,0.0
0.0,0.0
0.0,0.0
0.0,0.0
0.0,0.0
0.0,0.0
0.0,0.0
0.0,0.0
0.0,0.0
0.0,0.0
0.0,0.0
0.0,0.0
0.0,0.0
0.0,0.0
0.0,0.0
0.0,0.0
0.0,0.0
0.0,0.0
0.0,0.0
0.0,0.0
0.0,0.0
0.0,0.0
0.0,0.0
0.0,0.0
0.0,0.0
0.0,0.0
0.0,0.0
0.0,0.0
0.0,0.0
0.0,0.16930216247836966
67.467262268066,67.57561015864825
113.80369567871,114.21334743150008
124.99602508545,124.3850097530116
131.69912719727,132.33859949298133
134.76049804688,134.75983775612815
147.47393798828,148.853854571378
156.97119140625,154.9288705335938
159.04116821289,157.621346170512
159.97595214844,159.57609579460876
170.44586181641,168.59295833257
171.53273010254,171.57606274169447
174.1164855957,171.86640963903497
175.35958862305,170.71181210200908
175.09616088867,170.74197077660583
176.74960327148,177.53536706238248
164.72894287109,163.88365560248215
22.261308670044,31.76023809537654
12.278127670288,7.5248738515564195
8.2295036315918,7.635893088788786
0.0,0.0
0.0,0.0
0.0,0.0
0.0,7.2613872330764365e-06
0.0,0.0
0.0,0.0
0.0,0.0
0.0,0.0
0.0,0.0
0.0,0.0
0.0,0.0
0.0,0.0
0.0,0.0
0.0,0.0
0.0,0.0
0.0,0.0
0.0,0.0
0.0,0.0
0.0,0.0
0.0,0.0
0.0,0.0
0.0,0.0
0.0,0.0
0.0,0.0
0.0,0.0
0.0,0.0
0.0,0.0
0.0,0.0
0.0,0.0
0.0,0.0
0.0,4.033982973853877e-06
0.0,0.019673423596785946
0.0,4.033982973853877e-06
0.0,1.0509808435142757e-05
0.0,1.0509808435142757e-05
2.6735692024231,2.63991188742821
69.153297424316,68.2597180147835
85.193641662598,85.13264859946986
111.81983947754,111.36546314444443
123.98141479492,123.76087945232466
127.98721313477,127.4645451408722
153.05812072754,153.84504306583622
160.55044555664,160.63493618012674
169.81997680664,171.05136251102294
171.09783935547,171.48291068330016
172.51008605957,172.9600309626634
173.42381286621,173.92341032929872
179.68908691406,180.0673112471605
179.96276855469,178.074339395917
179.92770385742,178.1795154246636
180.19845581055,180.6982499500002
181.72006225586,180.91674729271875
180.81782531738,181.76206729285937
180.2685546875,178.51324282625018
177.72860717773,177.9530992435079
0.0,0.0
0.0,0.0
0.0,0.0
0.0,0.0
0.0,0.0
0.0,0.0
0.0,0.0
0.0,0.0
0.0,0.0
0.0,0.0
0.0,0.0
0.0,0.0
0.0,0.0
0.0,0.0
0.0,0.0
0.0,0.0
0.0,0.0
0.0,0.0
0.0,0.0
0.0,0.0
0.0,0.0
0.0,0.0
110.65670013428,110.10674545388771
114.82276916504,112.5557762735967
129.873046875,130.07037657853618
145.43121337891,145.97195401970166
143.32369995117,142.57670455916505
127.39453887939,124.43132528186861
113.3949432373,112.7451459437123
77.646362304688,79.05820405438394
71.457542419434,72.60229682455427
0.0,0.0
0.0,0.0
0.0,0.0
0.0,0.0
0.0,0.0
0.0,0.0
0.0,0.0
0.0,0.0
0.0,0.0
0.0,0.0
0.0,0.0
0.0,0.0
0.0,0.0
0.0,0.0
0.0,0.0
0.0,0.0
0.0,0.0
0.0,0.0
0.0,0.0
0.0,0.0
0.0,0.0
0.0,0.0
0.0,0.0
0.0,0.0
0.0,0.0
0.0,0.0
0.0,0.0
0.0,0.0
0.0,0.0
0.0,0.0
0.0,0.019673423596785946
0.0,0.1367501108820331
0.0,1.0509808435142757e-05
181.51278686523,180.72187536625682
150.40702819824,149.60958761787307
0.17192208766937,1.014682581258302
0.0,0.0
0.0,0.0
0.0,0.0
0.0,0.0
0.0,0.0
0.0,0.0
0.0,0.0
0.0,0.0
0.0,0.0
0.0,0.0
0.0,0.0
0.0,0.0
0.0,0.0
0.0,0.0
0.0,0.0
0.0,0.0
0.0,0.0
0.0,0.0
0.0,0.0
0.0,0.0
0.0,0.0
17.264347076416,18.495108703843314
23.657709121704,23.10974635061948
55.246788024902,53.83003944653288
141.89785766602,141.9970791877392
155.92454528809,155.87353732526256
159.92604064941,158.15998827373195
163.73486328125,159.3118795178697
177.4319152832,170.43680628299634
176.52328491211,171.95369285894498
179.96632385254,176.4636583789761
177.78944396973,180.90094455744077
179.2614440918,170.75992326901476
180.52465820312,179.63054933760694
177.2080078125,180.4838924051649
177.87893676758,170.38465564968305
172.63876342773,167.5201094648465
172.14016723633,170.9506287188258
169.12376403809,167.91107851513377
164.84704589844,163.2392372898302
164.22950744629,162.65761197355053
158.76982116699,159.44690030099517
157.48733520508,156.3914104932532
155.86714172363,154.5736950605046
151.34190368652,149.04037261885696
119.90908050537,119.01000410578463
23.479228973389,24.072372368020197
11.783900260925,12.685914459525023
7.7432298660278,12.266332499015187
1.516198515892,1.6055342500610197
0.0,0.03571994356395017
0.0,7.2613872330764365e-06
0.0,7.2613872330764365e-06
0.0,0.0
0.0,0.0
0.0,0.0
0.0,0.0
0.0,0.0
0.0,0.0
0.0,0.0
0.0,0.0
0.0,0.0
0.0,0.0
0.0,0.0
0.0,0.0
0.0,0.0
0.0,0.0
0.0,0.0
0.0,0.0
0.0,0.0
0.0,0.0
0.0,0.0
0.0,0.0
0.0,0.0
0.0,0.0
0.0,0.0
0.0,0.0
0.0,0.0
0.0,0.0
0.0,0.0
0.0,0.0
0.0,0.0
0.0,0.0
0.0,4.033982973853877e-06
0.0,0.1367501108820331
23.033107757568,20.316345751767887
34.973098754883,34.41243702810986
59.443508148193,56.94869690827305
70.765090942383,70.77574630545135
86.980819702148,86.10515469574327
91.962371826172,90.20176824172162
105.54746246338,104.77533517806408
147.88198852539,148.5672252448243
152.25347900391,153.3658617881701
154.2440032959,154.37978303758527
157.83108520508,157.5634613949675
165.97766113281,163.96375048172632
165.05332946777,168.0808580844703
169.81790161133,168.10480884983602
168.4298248291,171.39158677492165
170.41680908203,169.87525332231573
173.56634521484,172.9763123358095
173.35589599609,172.4190976563975
172.24055480957,172.40957259571704
174.85902404785,170.06396234276892
152.16049194336,174.89225088924317
161.98522949219,169.29574967689064
170.43724060059,157.85589531601013
155.80699157715,156.15187062054068
124.30017852783,124.2730911824956
101.98494720459,100.86517039855546
93.731460571289,92.78065600963524
85.999740600586,85.39837075669024
80.337585449219,79.76026600506881
67.139587402344,67.11174406642145
62.974632263184,61.81772863350811
57.540702819824,56.878580867490626
51.69197845459,53.428438990733476
45.163333892822,45.32318744965077
29.226539611816,31.527414925738665
22.778125762939,23.608167491243968
16.773220062256,16.379732599637194
11.475549697876,12.033386080323284
7.5498452186584,7.604221448635912
4.4676795005798,4.46143099618544
1.5015163421631,3.6948535676211995
0.0,0.9958493633097286
0.0,0.13630787740390862
0.0,0.13630787740390862
0.0,0.0
0.0,0.0
0.0,0.0
0.0,0.0
0.0,0.0
0.0,7.2613872330764365e-06
0.0,0.0
0.0,0.0
0.0,0.0
0.0,0.0
0.0,0.0
0.0,0.0
0.0,0.0
0.0,0.0
0.0,0.0
0.0,0.0
0.0,0.0
0.0,0.0
0.0,0.0
0.0,0.0
0.0,0.0
0.0,0.0
0.0,0.0
0.0,0.0
0.0,0.0
0.0,0.0
0.0,0.0
0.0,0.0
0.0,0.0
0.0,0.0
0.0,0.0
0.0,0.0
0.0,0.0
0.0,0.0
0.0,0.0
0.0,0.0
0.0,0.0
0.0,0.0
0.0,0.0
0.0,0.0
0.0,0.0
0.0,0.0
0.0,0.0
0.0,0.0
0.0,0.0
0.0,4.033982973853877e-06
0.0,4.033982973853877e-06
0.0,4.033982973853877e-06
0.0,0.019673423596785946
0.0,4.033982973853877e-06
0.0,0.019673423596785946
28.404420852661,27.230543900234675
34.541046142578,34.48880874442983
133.00469970703,133.00936124702406
171.30708312988,171.10273997727538
177.73051452637,168.87103955115592
175.14131164551,178.75053094701497
174.9415435791,175.6989958623114
179.75637817383,171.68034196722004
178.60145568848,172.906090646729
172.24977111816,170.3877491452503
173.74812316895,170.2985263480748
172.48240661621,170.29290497895974
164.25408935547,162.46181264563052
160.57453918457,157.88711900412804
156.62287902832,157.74788738729367
154.39164733887,154.05257084094794
146.4776763916,143.39290268495654
136.85400390625,135.2657869951855
130.98847961426,128.24233665936526
127.13250732422,125.33443828435061
115.57604980469,117.20217405557082
110.50227355957,108.47162964527237
95.557502746582,94.03683243864415
86.303855895996,86.6421012145801
69.400917053223,68.80483782397862
56.287517547607,56.46794244472828
51.731197357178,50.44451913004636
30.619270324707,31.599809746066633
23.917863845825,24.482160185151276
17.300926208496,18.267185684504543
11.586214065552,18.485552700787803
1.5865280628204,1.4870915252198216
0.0,0.025443202304508403
0.0,1.0509808435142757e-05
0.0,7.2613872330764365e-06
0.0,0.0
0.0,0.0
0.0,0.0
0.0,0.0
0.0,0.0
0.0,7.2613872330764365e-06
0.0,0.0
0.0,0.0
0.0,0.0
0.0,0.0
0.0,0.0
0.0,0.0
0.0,0.0
0.0,0.0
0.0,0.0
0.0,0.0
0.0,0.0
0.0,0.0
0.0,0.0
0.0,0.0
0.0,0.0
0.0,0.0
0.0,0.0
0.0,0.0
0.0,0.0
0.0,0.0
0.0,0.0
0.0,0.0
0.0,0.0
0.0,0.0
0.0,0.0
0.0,0.0
0.0,0.0
0.0,0.0
0.0,0.0
0.0,0.0
0.0,0.0
0.0,0.0
0.0,0.0
0.0,0.0
0.0,0.0
0.0,0.0
0.0,0.0
0.0,0.0
0.0,0.0
0.0,0.0
0.0,0.0
0.0,0.0
0.0,0.0
0.0,0.0
0.0,0.0
0.0,0.0
0.0,0.0
0.0,0.0
0.0,0.0
0.0,0.0
0.0,0.0
0.0,0.0
0.0,0.0
0.0,0.0
0.0,0.0
0.0,0.019673423596785946
0.0,4.033982973853877e-06
0.0,4.033982973853877e-06
0.0,4.033982973853877e-06
0.0,4.033982973853877e-06
0.0,0.1367501108820331
80.787826538086,80.42872180232324
127.76982116699,126.29631883248003
135.52532958984,134.4380985490091
146.46455383301,148.5770578661676
151.95695495605,152.51403793634267
155.63442993164,154.7345614617687
157.28479003906,157.23358335978418
166.41703796387,167.42723908408885
167.81759643555,167.62636035218605
168.57774353027,169.03059425294018
168.81382751465,170.23360269077585
171.25602722168,170.57592710398598
175.42707824707,172.95481381042313
172.75679016113,169.90920957186282
174.29064941406,172.1333067401909
166.58386230469,175.08715592191658
174.435546875,168.68716501358765
174.52740478516,175.06736945437666
174.74903869629,174.5945934689192
177.3303527832,174.9470229655801
172.99685668945,163.58123589830615
172.76469421387,170.62271128198282
166.53016662598,168.81412064152732
167.21385192871,164.9797229692946
159.67042541504,163.0296426227214
158.03520202637,156.47744762245745
158.2956237793,155.6629942131586
149.27868652344,149.33671927608898
132.79457092285,132.8183506100956
128.68998718262,128.30198194880808
123.53494262695,121.03943260475155
117.40749359131,117.87026683840264
114.47463989258,112.51999384473842
109.21583557129,110.06725852145856
96.360221862793,97.62393618405257
92.766403198242,91.5920792937228
87.634803771973,87.0118279537438
82.78247833252,82.92509994811194
73.465042114258,74.29091576883953
66.406036376953,67.95664621491737
60.752967834473,61.4891828599823
56.872043609619,54.81181600442443
51.155162811279,50.75208144954887
44.857196807861,44.86549928331768
37.416664123535,38.961977045901214
30.065896987915,31.6316064939131
11.3655834198,12.292581135629273
4.5029492378235,4.510303182678345
1.6251938343048,1.5662827750395594
0.0,1.0509808435142757e-05
0.0,1.0509808435142757e-05
0.0,0.0
0.0,0.0
0.0,0.0
0.0,0.0
0.0,0.0
0.0,0.0
0.0,0.0
0.0,0.0
0.0,0.0
0.0,0.0
0.0,0.0
0.0,0.0
0.0,0.0
0.0,0.0
0.0,0.0
0.0,0.0
0.0,0.0
0.0,0.0
0.0,0.0
0.0,0.0
0.0,0.0
0.0,0.0
0.0,0.0
0.0,0.0
0.0,0.0
0.0,0.0
0.0,0.0
0.0,0.0
0.0,0.0
0.0,0.0
0.0,0.0
0.0,0.0
0.0,0.0
0.0,0.0
0.0,0.0
0.0,0.0
0.0,0.0
0.0,0.0
0.0,0.0
0.0,0.0
0.0,0.0
0.0,0.0
0.0,0.0
0.0,0.0
0.0,0.0
0.0,0.0
0.0,0.0
0.0,0.0
0.0,0.0
0.0,0.0
0.0,0.0
0.0,0.0
0.0,0.0
0.0,0.0
0.0,0.0
0.0,0.0
0.0,0.0
0.0,0.0
0.0,0.0
0.0,0.0
0.0,0.0
0.0,0.0
0.0,0.0
0.0,4.033982973853877e-06
0.0,4.033982973853877e-06
0.0,4.033982973853877e-06
0.0,4.033982973853877e-06
0.0,4.033982973853877e-06
0.0,4.033982973853877e-06
0.0,4.033982973853877e-06
0.0,4.033982973853877e-06
0.0,4.033982973853877e-06
0.0,1.0509808435142757e-05
0.0,1.0509808435142757e-05
0.0,1.0509808435142757e-05
0.0,0.015299986062256757
0.59335255622864,0.9750690479212045
11.758756637573,10.091281256087658
16.909477233887,15.832139173960847
17.264911651611,17.240184269317066
43.019660949707,21.8454701335896
44.647384643555,36.011440688064226
80.880989074707,32.24192532019799
46.487888336182,48.13132153399466
60.532341003418,61.3714787262282
74.183326721191,65.27156927841882
48.693214416504,49.835524981744655
104.02488708496,55.6787278282437
101.95433044434,98.61345046107421
132.69937133789,121.32673682095356
127.3996963501,115.52551049985698
147.00085449219,140.76172572739338
103.22078704834,162.19412686446472
147.71141052246,147.91618023563967
100.83253479004,137.82984200836836
102.54978942871,112.55833207836905
118.00325012207,125.4662580552519
132.83445739746,136.99122484893536
141.18319702148,146.04831455014607
119.47621154785,117.69020706829211
115.77632904053,118.1328156706442
92.266609191895,104.09691841008035
134.09451293945,130.7236668411177
99.43034362793,110.8762789635304
105.29928588867,109.167037904402
75.527763366699,122.68386807455987
108.63722991943,78.28823742196744
133.15798950195,118.10789838753759
129.92892456055,141.94707950239936
132.99058532715,134.88609800233962
155.25524902344,148.22372750270398
118.48998260498,121.98519398801197
172.70082092285,161.25128155180295
116.23066711426,119.82255691707557
52.482955932617,60.933355500008105
55.947830200195,53.37400511141484
64.15682220459,60.43430897180154
42.036548614502,44.60384388579969
62.61206817627,41.826583604359875
60.307621002197,56.23177447928389
12.779601097107,14.036434642977968
6.9602422714233,7.9130444988588025
3.9891648292542,4.800089325372703
0.0,7.2613872330764365e-06
0.0,0.0
0.0,0.0
0.0,0.0
0.0,0.0
0.0,0.0
0.0,0.0
0.0,0.0
0.0,0.0
0.0,0.0
0.0,0.0
0.0,0.0
0.0,0.0
0.0,0.0
0.0,0.0
0.0,0.0
0.0,0.0
0.0,0.0
0.0,0.0
0.0,0.0
0.0,0.0
0.0,0.0
0.0,0.0
0.0,0.0
0.0,0.0
0.0,0.0
0.0,0.0
0.0,0.0
0.0,0.0
0.0,0.0
0.0,0.0
0.0,0.0
0.0,0.0
0.0,0.0
0.0,0.0
0.0,0.0
0.0,0.0
0.0,0.0
0.0,0.0
0.0,0.0
0.0,0.0
0.0,0.0
0.0,0.0
0.0,0.0
0.0,0.0
0.0,0.0
0.0,0.0
0.0,0.0
0.0,0.0
0.0,0.0
0.0,0.0
0.0,0.0
0.0,0.0
0.0,0.0
0.0,0.0
0.0,0.0
0.0,0.0
0.0,0.0
0.0,0.0
0.0,0.0
0.0,0.0
0.0,0.0
0.0,0.0
0.0,0.0
0.0,0.0
0.0,0.0
0.0,0.0
0.0,0.0
0.0,0.0
0.0,0.0
0.0,0.0
0.0,0.0
0.0,0.0
0.0,0.0
0.0,0.0
0.0,0.0
0.0,0.0
0.0,0.0
0.0,0.0
0.0,0.0
0.0,4.033982973853877e-06
0.0,4.033982973853877e-06
0.0,4.033982973853877e-06
0.0,4.033982973853877e-06
0.0,4.033982973853877e-06
0.0,4.033982973853877e-06
0.0,4.033982973853877e-06
0.0,4.033982973853877e-06
0.0,4.033982973853877e-06
0.0,0.019673423596785946
0.0,4.033982973853877e-06
0.0,4.033982973853877e-06
0.0,1.0509808435142757e-05
0.0,1.0509808435142757e-05
0.0,1.0509808435142757e-05
0.0,0.37506352590173114
1.6761127710342,1.0816117211707639
23.229619979858,24.07124382353266
45.525756835938,43.378985602148646
51.967060089111,51.590328823475886
57.232959747314,55.95621402310708
62.874404907227,62.63974970954696
68.495819091797,67.48832795115116
78.760391235352,77.44877684118572
93.627029418945,91.23306025681238
101.83890533447,101.84747109870207
105.4939956665,105.68559405548251
114.14221954346,111.81048504765256
117.68428039551,117.80416132396178
121.4076385498,121.0362443105407
125.44813537598,124.7283772619114
129.20631408691,128.8470234858801
135.90608215332,135.38290601396574
136.78135681152,138.46612141213717
142.44021606445,144.2519018873629
142.68757629395,144.1594769460579
146.1120300293,146.3099371520539
152.04267883301,152.44343723706183
151.8627166748,154.070746826504
88.70955657959,94.57150022478103
97.033798217773,107.91024910145934
145.59214782715,97.68592359297459
162.39875793457,166.08043470412457
116.87422180176,122.18508324321371
103.71826171875,106.140087857555
125.6516494751,123.7176577604926
141.59512329102,144.03322541711557
141.49987792969,143.37281997432098
120.78622436523,123.99443000477001
115.46145629883,105.98140610752564
107.79716491699,111.09119918669997
113.41806793213,111.75752037058407
117.05164337158,121.86679858195176
170.54165649414,127.39324906613717
164.80187988281,162.7413207559603
162.51344299316,162.49044516587367
157.3069152832,155.05765100419796
154.99058532715,151.20211519952153
150.69961547852,142.67363626169293
145.75910949707,141.9453342509791
142.46444702148,140.14891610574776
134.8996887207,131.79655345131064
131.92764282227,129.4272362061724
129.53356933594,127.33510413645713
124.20462036133,119.3296114728928
111.77944946289,118.75348095043381
115.06145477295,107.1295989281169
102.01759338379,106.01022982153629
33.776248931885,32.44361285769479
29.987976074219,27.911555645803336
17.758012771606,19.422527386737038
0.27795389294624,0.5039292352614715
0.0,0.004200168143920451
0.0,1.0509808435142757e-05
0.0,0.13630787740390862
0.0,0.0
0.0,7.2613872330764365e-06
0.0,7.2613872330764365e-06
0.0,0.0
0.0,0.0
0.0,0.0
0.0,0.0
0.0,0.0
0.0,0.0
0.0,0.0
0.0,0.0
0.0,0.0
0.0,0.0
0.0,0.0
0.0,0.0
0.0,0.0
0.0,0.0
0.0,0.0
0.0,0.0
0.0,0.0
0.0,0.0
0.0,0.0
0.0,0.0
0.0,0.0
0.0,0.0
0.0,0.0
0.0,0.0
0.0,0.0
0.0,0.0
0.0,0.0
0.0,0.0
0.0,0.0
0.0,0.0
0.0,0.0
0.0,0.0
0.0,0.0
0.0,0.0
0.0,0.0
0.0,0.0
0.0,0.0
0.0,0.0
0.0,0.0
0.0,0.0
0.0,0.0
0.0,0.0
0.0,0.0
0.0,0.0
0.0,0.0
0.0,0.0
0.0,0.0
0.0,0.0
0.0,0.0
0.0,0.0
0.0,0.0
0.0,0.0
0.0,0.0
0.0,0.0
0.0,0.0
0.0,0.0
0.0,0.0
0.0,0.0
0.0,0.0
0.0,0.0
0.0,0.0
0.0,0.0
0.0,0.0
0.0,0.0
0.0,0.0
0.0,0.0
0.0,0.0
0.0,0.0
0.0,0.0
0.0,0.0
0.0,0.0
0.0,4.033982973853877e-06
0.0,4.033982973853877e-06
0.0,4.033982973853877e-06
0.0,4.033982973853877e-06
0.0,0.019673423596785946
0.0,4.033982973853877e-06
0.0,4.033982973853877e-06
0.0,4.033982973853877e-06
0.0,1.0509808435142757e-05
0.0,1.0509808435142757e-05
0.0,1.0509808435142757e-05
3.3186028003693,3.0865652177870877
14.084846496582,15.303926012779238
20.608694076538,21.9050322924772
26.342361450195,26.978045271926067
31.96905708313,32.18570268218274
39.012847900391,37.866287030879434
52.023372650146,51.17656545255882
68.698829650879,68.50659396835883
79.646537780762,78.44605094517641
94.17350769043,88.62923590469136
98.644828796387,98.66769586041718
102.7938079834,103.44917839479965
107.02129364014,107.43125038767592
111.05936431885,111.06046492811994
118.5394821167,118.28568717894298
121.88773345947,122.3556440563869
125.44535827637,125.30462252805032
128.96890258789,128.86881378337492
132.69952392578,132.64899698907692
135.73306274414,135.12484548034973
143.90760803223,144.2905448562836
149.63835144043,151.2875410566692
156.45445251465,154.07821498297375
157.83619689941,157.47018153865503
171.38165283203,171.68820575583928
172.64961242676,172.3384517080512
173.33139038086,172.02619842287572
174.84535217285,172.52232995528448
175.84457397461,177.4707450282389
178.05961608887,171.0972241542157
178.41931152344,178.95134400923487
178.71463012695,179.24792414534087
178.51791381836,170.25513753722143
179.05308532715,171.46194950522985
179.43029785156,179.16192872954505
179.66160583496,179.63178321123172
181.94828796387,181.13480669411214
180.94494628906,179.74105409111166
179.38961791992,180.47324035940716
178.8518371582,178.70659702954526
177.45765686035,177.5076301082297
176.06434631348,176.8790528883184
173.05026245117,173.1759822203078
170.25549316406,171.62076538458132
167.51666259766,168.14080590994882
167.28112792969,162.50301335882526
163.43209838867,165.26043743155546
162.22773742676,161.37631983422543
158.28425598145,160.04386677988788
146.59643554688,145.57081053051138
137.98300170898,138.20611588229232
131.79168701172,130.96072655604567
121.98402404785,121.5339732768337
121.05312347412,117.16729652720082
117.16153717041,116.97040660534171
110.80898284912,111.69762098754074
98.926811218262,99.05964056453917
92.367637634277,93.3986752239637
88.412010192871,87.45077265753383
80.074356079102,78.94408859828683
74.136276245117,75.05472314763472
68.474159240723,68.49878189759619
62.741764068604,62.65226446938672
57.061824798584,56.8608340215064
51.478698730469,51.02335277534975
7.5201721191406,12.394399129477572
0.0,0.0
0.0,0.0
0.0,0.0
0.0,0.0
0.0,0.0
0.0,0.0
0.0,0.0
0.0,0.0
0.0,0.0
0.0,0.0
0.0,0.0
0.0,0.0
0.0,0.0
0.0,0.0
0.0,0.0
0.0,0.0
0.0,0.0
0.0,0.0
0.0,0.0
0.0,0.0
0.0,0.0
0.0,0.0
0.0,0.0
0.0,0.0
0.0,0.0
0.0,0.0
0.0,0.0
0.0,0.0
0.0,0.0
0.0,0.0
0.0,0.0
0.0,0.0
0.0,0.0
0.0,0.0
0.0,0.0
0.0,0.0
0.0,0.0
0.0,0.0
0.0,0.0
0.0,0.0
0.0,0.0
0.0,0.0
0.0,0.0
0.0,0.0
0.0,0.0
0.0,0.0
0.0,0.0
0.0,0.0
0.0,4.033982973853877e-06
0.0,4.033982973853877e-06
0.0,4.033982973853877e-06
0.0,4.033982973853877e-06
0.0,0.019673423596785946
0.0,0.1367501108820331
0.0,0.1367501108820331
0.0,1.0509808435142757e-05
0.0,0.16499612929954843
0.65963840484619,0.22316646576044688
6.2629399299622,5.991635456093801
9.8205919265747,8.995907888870686
14.209623336792,14.978511116448022
20.192680358887,18.946510809777546
26.078624725342,24.216541722570128
31.464387893677,31.995460642401962
38.497699737549,38.634241359689575
44.773693084717,44.62862364041542
51.573375701904,50.80725213532273
62.092674255371,61.68367289895468
78.574157714844,77.64750826214264
88.262275695801,88.43497430212166
92.606651306152,93.16369358415656
108.58950805664,109.21145243129762
116.24496459961,117.03830566353291
126.73480224609,125.89828806766612
130.23159790039,130.52799982867595
133.37017822266,133.96961040186085
162.19595336914,162.10383747771374
167.65699768066,169.12309430894436
169.00701904297,169.4611875166752
170.37216186523,171.15317220153318
171.53440856934,171.54467047412925
172.68936157227,172.77109937448742
174.01239013672,175.14443585077302
175.8955078125,175.71622961823573
175.79193115234,176.54745478420776
176.43377685547,176.35398689944117
176.19702148438,176.73279992028498
178.2409362793,174.6107163425579
179.54493713379,177.84695100004168
172.12161254883,175.4242644626011
170.80078125,169.76194856028522
168.17741394043,167.31669082094442
166.37916564941,166.06356411806428
160.09666442871,156.48275670861398
149.60173034668,148.9754264311105
141.58638000488,142.11106481524442
133.68585205078,131.90449003208727
125.35822296143,124.30990310860142
123.81843566895,120.97864353924902
114.76547241211,114.03207091179152
112.65682983398,110.62119460618999
99.682418823242,100.07972628689897
90.107421875,89.28160655258802
85.230865478516,85.38845041029153
73.942802429199,74.9739374199102
68.38053894043,68.2015990836805
62.752868652344,62.588685983534695
57.031723022461,56.846497313930996
51.346664428711,53.03257746695221
23.814256668091,24.615295454288212
17.390815734863,18.350694544551803
11.52001953125,12.665722135753475
7.7424936294556,7.649950848104002
0.0,7.2613872330764365e-06
0.0,0.0
0.0,0.0
0.0,0.0
0.0,0.0
0.0,0.0
0.0,0.0
0.0,0.0
0.0,0.0
0.0,0.0
0.0,0.0
0.0,0.0
0.0,0.0
0.0,0.0
0.0,0.0
0.0,0.0
0.0,0.0
0.0,0.0
0.0,0.0
0.0,0.0
0.0,0.0
0.0,0.0
0.0,0.0
0.0,0.0
0.0,0.0
0.0,0.0
0.0,0.0
0.0,0.0
0.0,0.0
0.0,0.0
0.0,0.0
0.0,0.0
0.0,0.0
0.0,0.0
0.0,0.0
0.0,0.0
0.0,0.0
0.0,0.0
0.0,0.0
0.0,0.0
0.0,0.0
0.0,0.0
0.0,0.0
0.0,0.0
0.0,0.0
0.0,0.0
0.0,0.0
0.0,0.0
0.0,0.019673423596785946
0.0,1.0509808435142757e-05
0.0,1.0509808435142757e-05
0.0,1.0509808435142757e-05
3.2494804859161,2.6326877578523598
6.3675751686096,5.741549944725002
9.7480049133301,9.65848947576136
14.701088905334,13.384576451547959
31.270965576172,33.31560087509295
46.593681335449,44.78416445810645
53.112091064453,50.460682947693385
60.373096466064,63.62910925029222
51.070156097412,34.77111949965546
74.727684020996,50.81550154876091
84.713012695312,79.82104093227446
91.986709594727,92.47252900830911
98.145889282227,96.39786264686809
115.07165527344,112.44160750946546
122.78816986084,122.52067136329184
126.54527282715,125.83844403505023
133.783203125,134.04047024742215
137.22981262207,136.8552668567513
150.61949157715,152.41036913925024
163.97778320312,165.805374210537
168.5419921875,168.55957852142433
170.16539001465,170.3869150348842
171.70384216309,171.58206479718126
172.71101379395,172.92674740612804
175.32672119141,166.32374724721555
176.96545410156,171.2759712199781
178.9383392334,179.05049153153283
180.03823852539,179.83135637053857
181.85157775879,178.1993209137105
178.21081542969,182.42010866896973
178.0202331543,178.82777957305294
175.20364379883,178.76561704580394
180.31251525879,174.7239767231315
181.22732543945,180.95777693127076
181.23739624023,181.40596122426624
180.10733032227,178.23958790037076
176.3913269043,179.53948827530215
173.91203308105,175.93471518993047
171.64723205566,173.79792873842732
166.56304931641,168.4279102646607
157.6492767334,161.3624514892416
162.6376953125,163.7470327578425
133.02960205078,135.89350322597625
131.58869934082,127.85031934745938
129.2554473877,126.27166957020236
121.22425842285,118.60645483783169
118.04786682129,116.58649169467613
105.62582397461,105.77053322400104
96.036155700684,95.62099512370872
91.489631652832,90.7824996547021
75.017547607422,75.89233370832396
38.810157775879,39.71331377417126
17.85450553894,18.947154462608836
7.5451068878174,7.580141075868052
0.0,0.0
0.0,7.2613872330764365e-06
0.0,0.0
0.0,0.0
0.0,0.0
0.0,0.0
0.0,0.0
0.0,0.0
0.0,0.0
0.0,0.0
0.0,0.0
0.0,0.0
0.0,0.0
0.0,0.0
0.0,0.0
0.0,0.0
0.0,0.0
0.0,0.0
0.0,0.0
0.0,0.0
0.0,0.0
0.0,0.0
0.0,0.0
0.0,0.0
0.0,0.0
0.0,0.0
0.0,0.0
0.0,0.0
0.0,0.0
0.0,0.0
0.0,0.0
0.0,0.0
0.0,0.0
0.0,0.0
0.0,0.0
0.0,0.0
0.0,0.0
0.0,0.0
0.0,0.0
0.0,0.0
0.0,0.0
0.0,0.0
0.0,0.0
0.0,0.0
0.0,0.0
0.0,0.0
0.0,0.0
0.0,0.0
0.0,0.0
0.0,0.0
0.0,0.0
0.0,0.0
0.0,0.0
0.0,0.0
0.0,0.0
0.0,0.0
0.0,0.0
0.0,0.0
0.0,4.033982973853877e-06
0.0,4.033982973853877e-06
0.0,4.033982973853877e-06
0.0,4.033982973853877e-06
0.0,0.019673423596785946
0.0,0.1367501108820331
0.0,0.1367501108820331
0.0,1.0509808435142757e-05
0.0,0.1367501108820331
6.0961518287659,6.368852754348804
26.396760940552,27.06445192216115
58.458019256592,55.97904913890204
63.696796417236,63.85093094655936
74.957153320312,74.6177357972762
80.511505126953,80.11010055929216
85.655387878418,85.37423637579661
90.442474365234,89.58322939257306
95.017768859863,89.24418429088581
103.57054901123,103.90009301337864
119.98094940186,117.83451935900472
126.93649291992,126.88301531642492
130.33447265625,130.9625608574975
136.43359375,136.74775676922656
138.88215637207,139.94034440292236
142.03012084961,141.59967969671317
145.41825866699,145.181390066689
147.76284790039,147.31864207507667
160.42388916016,160.1548690171602
165.30426025391,167.19480550384534
167.47749328613,168.5829388177551
168.45097351074,169.35181935686714
173.7572479248,174.2061399933948
181.6471862793,177.3850707112552
176.00155639648,170.54908751043627
160.80368041992,161.677040408425
131.22918701172,130.94829416677615
130.16311645508,126.74323719738062
106.58191680908,108.93473098252866
102.84468078613,102.15246516196828
93.594543457031,92.64435388907387
88.818000793457,88.40184818052091
58.181968688965,58.642022509798736
38.72061920166,40.916774620885896
24.817993164062,24.760867619224747
18.254278182983,19.179957828621387
12.072360992432,13.111513744805192
4.9774398803711,4.532248051961121
0.0,0.10044318439566899
0.0,0.13630787740390862
0.0,0.0
0.0,0.0
0.0,0.0
0.0,0.0
0.0,0.0
0.0,0.0
0.0,0.0
0.0,0.0
0.0,0.0
0.0,0.0
0.0,0.0
0.0,0.0
0.0,0.0
0.0,0.0
0.0,0.0
0.0,0.0
0.0,0.0
0.0,0.0
0.0,0.0
0.0,0.0
0.0,0.0
0.0,0.0
0.0,0.0
0.0,0.0
0.0,0.0
0.0,0.0
0.0,0.0
0.0,0.0
0.0,0.0
0.0,0.0
0.0,0.0
0.0,0.0
0.0,0.0
0.0,0.0
0.0,0.0
0.0,0.0
0.0,0.0
0.0,0.0
0.0,0.0
0.0,0.0
0.0,0.0
0.0,0.0
0.0,0.0
0.0,0.0
0.0,0.0
0.0,0.0
0.0,0.0
0.0,0.0
0.0,0.0
0.0,0.0
0.0,0.0
0.0,0.0
0.0,0.0
0.0,0.0
0.0,0.0
0.0,0.0
0.0,0.0
0.0,0.0
0.0,0.0
0.0,0.0
0.0,0.0
0.0,0.0
0.0,0.0
0.0,0.0
0.0,0.0
0.0,0.0
0.0,0.0
0.0,0.0
0.0,0.0
0.0,0.0
0.0,0.0
0.0,0.0
0.0,0.0
0.0,0.0
0.0,0.0
0.0,0.0
0.0,0.0
0.0,0.0
0.0,0.0
0.0,0.0
0.0,0.0
0.0,0.0
0.0,0.0
0.0,0.0
0.0,0.0
0.0,0.0
0.0,0.0
0.0,4.033982973853877e-06
0.0,4.033982973853877e-06
0.0,4.033982973853877e-06
0.0,4.033982973853877e-06
0.0,0.019673423596785946
0.0,4.033982973853877e-06
0.0,4.033982973853877e-06
0.0,0.019673423596785946
0.0,0.1367501108820331
0.0,1.0509808435142757e-05
0.0,1.0509808435142757e-05
0.0,0.1367501108820331
5.9472665786743,5.889426563000599
13.788290023804,14.097363259030425
19.908485412598,19.08355126197885
38.508598327637,38.63458759243179
45.027923583984,44.73594543392392
51.564041137695,50.57331102194826
57.446380615234,55.3994891509561
73.177055358887,73.5485504966241
84.09455871582,83.10278258538476
89.641136169434,88.73264137456417
98.268814086914,98.02453397694507
101.02123260498,102.79738167413505
113.59820556641,113.65582160547112
120.04013061523,120.46927171185006
123.5347442627,123.83263894715901
130.25680541992,130.87548682605032
133.7827911377,134.05566077895037
137.51983642578,137.24676272820227
140.02494812012,140.917049167298
141.60887145996,143.80449276347912
147.57804870605,147.49570464824853
149.52143859863,150.39505735761747
153.66343688965,154.55868639954124
161.8123626709,161.6129441695484
181.44883728027,178.13755775530683
180.89161682129,181.45543294007504
178.61880493164,181.1533057802246
179.64970397949,171.91112044482009
177.3271484375,177.6837142915975
175.83920288086,175.11820548406934
174.44989013672,169.84564914258115
172.05462646484,172.17001517050664
162.55160522461,162.35440314544545
158.51268005371,157.43404109810876
148.04383850098,147.94148687131107
138.26724243164,138.3963236329889
130.2568359375,127.90251391796606
101.72920227051,100.38970378987325
0.0,0.17320597668348406
0.0,0.13630787740390862
0.0,0.0
0.0,7.2613872330764365e-06
0.0,7.2613872330764365e-06
0.0,0.0
0.0,0.0
0.0,0.0
0.0,0.0
0.0,0.0
0.0,0.0
0.0,0.0
0.0,0.0
0.0,0.0
0.0,0.0
0.0,0.0
0.0,0.0
0.0,0.0
0.0,0.0
0.0,0.0
0.0,0.0
0.0,0.0
0.0,0.0
0.0,0.0
0.0,0.0
0.0,0.0
0.0,0.0
0.0,0.0
0.0,0.0
0.0,0.0
0.0,0.0
0.0,0.0
0.0,0.0
0.0,0.0
0.0,0.0
0.0,0.0
0.0,0.0
0.0,0.0
0.0,0.0
0.0,0.0
0.0,0.0
0.0,0.0
0.0,0.0
0.0,0.0
0.0,0.0
0.0,0.0
0.0,0.0
0.0,0.0
0.0,0.0
0.0,0.0
0.0,0.0
0.0,0.0
0.0,0.0
0.0,0.0
0.0,0.0
0.0,0.0
0.0,0.0
0.0,0.0
0.0,0.0
0.0,0.0
0.0,0.0
0.0,0.0
0.0,0.0
0.0,0.0
0.0,0.0
0.0,0.0
0.0,0.0
0.0,0.0
0.0,0.0
0.0,0.0
0.0,0.0
0.0,0.0
0.0,0.0
0.0,0.0
0.0,0.0
0.0,0.0
0.0,0.0
0.0,0.0
0.0,0.0
0.0,0.0
0.0,0.0
0.0,0.0
0.0,0.0
0.0,0.019673423596785946
0.0,4.033982973853877e-06
0.0,0.019673423596785946
0.0,4.033982973853877e-06
0.0,1.0509808435142757e-05
8.5549392700195,9.220801184676208
12.28064250946,13.121425085370058
49.227977752686,49.14671261747203
64.903854370117,65.06193538915667
80.389579772949,80.0165192119272
94.667495727539,94.85555816030151
107.21201324463,107.5571021864878
140.64904785156,141.49931242150097
145.44947814941,145.90623719583354
176.3744354248,177.5994054002502
152.41198730469,153.89381737540478
105.52585601807,102.55356606614043
0.0,0.0
0.0,7.2613872330764365e-06
0.0,0.0
0.0,0.0
0.0,0.0
0.0,0.0
0.0,0.0
0.0,0.0
0.0,0.0
0.0,0.0
0.0,0.0
0.0,0.0
0.0,0.0
0.0,0.0
0.0,0.0
0.0,0.0
0.0,0.0
0.0,0.0
0.0,0.0
0.0,0.0
0.0,0.0
0.0,0.0
0.0,0.0
0.0,0.019673423596785946
2.4494178295135,2.4721675596102077
5.0340414047241,4.745260211121023
7.9991607666016,7.873487619917653
11.675182342529,11.725240933396243
27.04341506958,30.98122447666288
33.499263763428,33.00091387129814
39.379379272461,39.62700113894442
45.485828399658,44.927917519671695
51.183197021484,52.21180644400402
56.277076721191,56.861797683299386
61.216369628906,60.54607348662555
74.011749267578,73.46667593302288
79.06526184082,77.9976161262988
88.255874633789,88.22719318534533
92.569351196289,93.16219334869656
96.649055480957,97.07286205548064
100.75946044922,100.52949049649594
105.18402862549,104.83322721489014
109.48690032959,109.46630751218015
121.09810638428,120.98022196852521
128.43794250488,128.45777566635235
132.07414245605,132.30512436900256
134.61167907715,135.3530660455096
136.14233398438,137.9418793117998
139.32382202148,139.58752177073592
142.3240814209,142.7245610063251
143.93417358398,145.41015925367702
157.56117248535,154.58404601915052
159.13883972168,159.26075373336954
162.42245483398,162.42290517047994
163.85525512695,164.6994305018849
164.86404418945,166.04770451914612
168.75880432129,169.00632121972578
171.73895263672,168.38245265310368
156.93171691895,156.80603886745416
152.01988220215,149.17918234663424
138.21211242676,136.6506777630832
135.77687072754,135.05982897471952
93.269477844238,92.72466389887079
49.373420715332,48.662940484514685
43.726676940918,43.10827734833492
2.0560615062714,3.7890307828643595
0.036069586873055,0.31645261122838625
0.0,0.007531581835739329
0.0,0.00011365088550841887
0.0,0.0
0.0,0.0
0.0,0.0
0.0,0.0
0.0,0.0
0.0,0.0
0.0,0.0
0.0,0.0
0.0,0.0
0.0,0.0
0.0,0.0
0.0,0.0
0.0,0.0
0.0,0.0
0.0,0.0
0.0,0.0
0.0,0.0
0.0,0.0
0.0,0.0
0.0,0.0
0.0,0.0
0.0,0.0
0.0,0.0
0.0,0.0
0.0,0.0
0.0,0.0
0.0,0.0
0.0,0.0
0.0,0.0
0.0,0.0
0.0,0.0
0.0,0.0
0.0,0.0
0.0,0.0
0.0,0.0
0.0,0.0
0.0,0.0
0.0,0.0
0.0,0.0
0.0,0.0
0.0,0.0
0.0,4.033982973853877e-06
0.0,4.033982973853877e-06
8.0572872161865,8.227989263851285
63.574554443359,62.20576797108378
73.881782531738,74.65055739605356
78.4931640625,78.0617100263833
88.944267272949,88.1057281745088
93.417304992676,94.09247283528869
102.37041473389,101.93701333753171
106.98052978516,106.88378391310626
115.55336761475,114.44682155954796
119.17433929443,119.04897556664771
121.28246307373,121.26436330965588
124.67183685303,124.86602693327079
127.87632751465,128.16742837010963
130.9224395752,131.8682404122587
133.59133911133,134.33510601654064
135.98522949219,137.03567785484347
139.58749389648,138.3538950055453
141.52632141113,143.62074500414394
144.24374389648,143.62353397772915
152.46012878418,153.63657499543922
156.31942749023,157.1413241130837
159.39604187012,159.39022730954306
161.16975402832,161.12250466103777
163.48530578613,163.13175485287258
165.01899719238,165.5864994707555
166.08798217773,167.99681873900275
167.0948638916,168.03315956728656
168.64813232422,168.12793181161345
168.9061126709,169.53784735582664
170.43795776367,168.9780756526782
174.78489685059,172.801692379397
175.54010009766,175.43214052967022
175.76065063477,176.48200660579283
177.07476806641,176.55494602231997
176.1925201416,169.19024302732967
175.45892333984,170.93425785923188
173.62153625488,174.39630730135377
172.82872009277,173.0830445491626
173.07490539551,172.35521409699305
172.20788574219,172.6685295228019
173.09873962402,171.82891012696518
169.2133026123,170.02645411872578
169.17004394531,168.24619089988394
159.92182922363,159.03488671163805
156.80960083008,155.35787847818898
154.72634887695,154.45918882382253
150.13917541504,151.44202519093236
143.83489990234,141.7655475704277
136.17080688477,135.174105972318
94.697021484375,93.41594351144302
66.653678894043,66.61478850827153
61.339126586914,60.999074378408004
56.045608520508,55.66329025010044
50.650485992432,50.27841977067942
29.9644947052,31.974663681997107
23.932846069336,27.383403672948585
18.009248733521,18.92501509103564
12.035195350647,12.92918978503967
7.9363141059875,12.407348074562869
4.8473930358887,4.4828418531681224
2.3321192264557,1.8409229293161087
0.11576317250729,0.4574652634809954
0.0,0.01092502774058106
0.0,0.0002774343786497476
0.0,0.0
0.0,0.0
0.0,0.0
0.0,0.0
0.0,0.0
0.0,0.0
0.0,0.0
0.0,0.0
0.0,0.0
0.0,0.0
0.0,0.0
0.0,0.0
0.0,0.0
0.0,0.0
0.0,0.0
0.0,0.0
0.0,0.0
0.0,0.0
0.0,0.0
0.0,0.0
0.0,0.0
0.0,0.0
0.0,0.0
0.0,0.0
0.0,0.0
0.0,0.0
0.0,0.0
0.0,0.0
0.0,0.0
0.0,0.0
0.0,0.0
0.0,0.0
0.0,0.0
0.0,0.0
0.0,0.0
0.0,0.0
0.0,0.0
0.0,0.0
0.0,0.0
0.0,0.0
0.0,0.0
0.0,0.0
0.0,0.0
0.0,0.0
0.0,0.0
0.0,0.0
0.0,0.0
0.0,0.0
0.0,0.019673423596785946
0.0,4.033982973853877e-06
0.0,4.033982973853877e-06
0.0,0.019673423596785946
0.0,4.033982973853877e-06
0.0,4.033982973853877e-06
0.0,1.0509808435142757e-05
0.82663065195084,0.48864445618274466
2.7388298511505,2.9060931071641405
5.6952872276306,5.603249379749937
8.8814249038696,8.983266881845712
18.775537490845,18.137395647626317
25.248947143555,22.773096378115795
30.340114593506,30.53074042590277
43.354572296143,43.65873588391054
49.952301025391,49.13302477474828
60.787433624268,61.37812179500966
65.913223266602,66.1194331881024
71.081687927246,71.1673441971741
76.155334472656,76.92091852162409
81.539489746094,79.5596606587471
87.575439453125,86.22804171118777
92.466156005859,92.83589041929713
97.01554107666,96.86035751099878
101.32211303711,101.3776804004878
105.76110076904,105.2889954915866
110.57467651367,109.58396844511232
115.54591369629,114.07222763837143
119.92303466797,119.00553985119755
122.88397216797,121.91600377310208
127.04447174072,125.41874697679499
130.78930664062,130.96880367102068
134.22146606445,134.1845568436601
163.45506286621,162.8813052028674
172.0334777832,171.5726021766601
173.98086547852,173.64580957852746
175.47700500488,176.40323000603973
177.92477416992,178.4343327761145
180.83232116699,178.53169970021747
182.03446960449,182.40589355043133
182.56436157227,182.8303186878601
182.18183898926,182.6197136887479
182.06469726562,182.64015866158044
183.00010681152,182.7761428073737
181.81463623047,182.1048615766058
181.70336914062,181.23469828287938
180.10969543457,180.44714428353188
179.13026428223,179.57035457178793
177.60501098633,178.57226593439648
177.9633026123,177.11038491743133
176.69961547852,177.3268351015467
173.46711730957,168.71392977010424
172.56463623047,172.84412401562423
171.70014953613,172.14689348281408
170.21296691895,168.09235707032678
161.07870483398,160.49040884452154
150.31629943848,150.03652996378264
148.08544921875,147.86001898511617
146.27322387695,145.15550880875884
134.75747680664,134.59770322855954
128.91079711914,127.9023575165094
119.08293151855,118.96464889577746
115.62959289551,114.47002391307765
111.38896942139,111.11694430607095
102.77809143066,102.66899352767483
94.367645263672,93.52504926884106
89.816429138184,87.60477913889221
85.391883850098,85.38441336592261
80.054229736328,79.96983865624604
64.258880615234,65.1754101222231
19.859380722046,20.43031918459609
2.8783020973206,5.090316126764522
0.0,0.0
0.0,0.0
0.0,0.0
0.0,0.0
0.0,7.2613872330764365e-06
0.0,0.0
0.0,0.0
0.0,0.0
0.0,0.0
0.0,0.0
0.0,0.0
0.0,0.0
0.0,0.0
0.0,0.0
0.0,0.0
0.0,0.0
0.0,0.0
0.0,0.0
0.0,0.0
0.0,0.0
0.0,0.0
0.0,0.0
0.0,0.0
0.0,0.0
0.0,0.0
0.0,0.0
0.0,0.0
0.0,0.0
0.0,0.0
0.0,0.0
0.0,0.0
0.0,0.0
0.0,0.0
0.0,0.0
0.0,0.0
0.0,0.0
0.0,0.0
0.0,0.0
0.0,0.0
0.0,0.0
0.0,0.0
0.0,0.0
0.0,0.0
0.0,0.0
0.0,0.0
0.0,0.0
0.0,0.0
0.0,0.0
0.0,0.0
0.0,0.0
0.0,0.0
0.0,0.0
0.0,0.0
0.0,0.0
0.0,0.0
0.0,0.0
0.0,0.0
0.0,0.0
0.0,0.0
0.0,0.0
0.0,0.0
0.0,0.0
0.0,0.0
0.0,0.0
0.0,0.0
0.0,0.0
0.0,0.0
0.0,0.0
0.0,0.0
0.0,0.0
0.0,0.0
0.0,0.0
0.0,4.033982973853877e-06
0.0,4.033982973853877e-06
0.0,4.033982973853877e-06
0.0,4.033982973853877e-06
0.0,4.033982973853877e-06
0.0,4.033982973853877e-06
0.0,4.033982973853877e-06
0.0,4.033982973853877e-06
0.0,4.033982973853877e-06
0.0,1.0509808435142757e-05
0.0,1.0509808435142757e-05
0.0,1.0509808435142757e-05
0.0,1.0509808435142757e-05
0.0,1.0509808435142757e-05
0.0,1.0509808435142757e-05
0.0,0.0020123275010732813
0.43087926506996,0.5275414102622307
2.4376859664917,2.144390141102765
5.443000793457,5.294775271513799
8.7854461669922,8.7757267652561
12.712849617004,13.235404938100027
18.280088424683,18.06731272736134
24.32227897644,22.712571921656487
29.550413131714,29.869597773747667
49.169738769531,48.98672371568359
60.384323120117,59.42611375281911
65.926277160645,65.22464370846573
76.916175842285,76.94053685668815
82.367744445801,82.13308665681049
87.433517456055,86.43135362460322
92.187599182129,92.46612505613358
96.803001403809,96.33560809218902
105.83377075195,104.91750457236358
109.5892868042,109.729379619551
114.32283782959,113.3591857778689
119.14160919189,117.97158540028498
121.5185546875,122.42723341631051
125.26528930664,125.03426485594508
129.4035949707,128.5535027114336
148.08168029785,146.28727590225935
169.40881347656,169.42263840190103
170.67227172852,171.25630911366025
181.83950805664,181.88300491672388
182.40591430664,182.57721190513257
183.07615661621,183.2776656346641
181.43981933594,182.5802503389977
181.44360351562,182.11320976495546
181.24127197266,181.0036348179418
181.22763061523,180.73952918643278
176.44122314453,170.49155343676392
172.75103759766,173.0794288753943
171.65881347656,172.34762791471843
162.21884155273,161.33217446516937
146.91804504395,146.95823881007652
135.48999023438,135.39770761497468
131.84332275391,132.06566640056198
114.77328491211,114.65123265758919
111.65284729004,110.58599390742687
103.42665863037,102.0190152073217
98.275253295898,98.83262035312143
93.910430908203,93.14203468506219
89.636512756348,89.04750272638687
84.052825927734,84.84937631331478
13.553594589233,20.827398334421133
0.0,1.0509808435142757e-05
0.0,7.2613872330764365e-06
0.0,7.2613872330764365e-06
0.0,7.2613872330764365e-06
0.0,0.0
0.0,0.0
0.0,0.0
0.0,0.0
0.0,0.0
0.0,0.0
0.0,0.0
0.0,0.0
0.0,0.0
0.0,0.0
0.0,0.0
0.0,0.0
0.0,0.0
0.0,0.0
0.0,0.0
0.0,0.0
0.0,0.0
0.0,0.0
0.0,0.0
0.0,0.0
0.0,0.0
0.0,0.0
0.0,0.0
0.0,0.0
0.0,0.0
0.0,0.0
0.0,0.0
0.0,0.0
0.0,0.0
0.0,0.0
0.0,0.0
0.0,0.0
0.0,0.0
0.0,0.0
0.0,0.0
0.0,0.0
0.0,0.0
0.0,0.0
0.0,0.0
0.0,0.0
0.0,0.0
0.0,0.0
0.0,0.0
0.0,0.0
0.0,0.0
0.0,0.0
0.0,0.0
0.0,0.0
0.0,0.0
0.0,0.0
0.0,0.0
0.0,0.0
0.0,0.0
0.0,0.0
0.0,0.0
0.0,0.019673423596785946
0.0,0.019673423596785946
0.0,4.033982973853877e-06
0.0,4.033982973853877e-06
0.0,0.019673423596785946
0.0,0.019673423596785946
0.0,0.1367501108820331
4.6082186698914,4.914329943309517
7.7670030593872,8.219380134716681
40.313777923584,40.81085948506484
52.750923156738,52.4594267015535
58.340858459473,57.721041924671916
63.191108703613,63.545883594432574
68.244171142578,67.15794257488145
73.960586547852,74.31038169785687
84.461585998535,84.97332578791196
89.184883117676,88.76026718078245
93.853668212891,94.19467660444987
98.103744506836,98.33465005953427
102.10597229004,102.1106974153714
106.38884735107,106.20093081088255
110.88346862793,110.47468317484663
114.91033172607,114.80575823788507
118.73916625977,118.31165194157185
122.37725067139,122.63404717465473
140.18885803223,138.7151774817642
143.22909545898,143.25634275287695
121.49067687988,117.15826833023347
163.55055236816,151.62778215256924
168.28062438965,165.56497793574778
166.6227722168,167.72576610900302
134.2180480957,147.39292750201415
116.61524963379,138.22736051711186
148.71731567383,138.4418302130963
178.74490356445,177.5651683409257
179.6100769043,180.45062376668244
180.98338317871,181.8856229794662
181.93893432617,181.67441231428083
181.24449157715,182.18830015917638
179.69380187988,182.6381100471903
177.14724731445,180.2726742773761
175.51025390625,176.66374422465935
175.09507751465,174.59921354014023
173.81588745117,174.07442989572135
172.65502929688,173.06243146777675
170.69314575195,169.43737219998297
168.46116638184,168.74150646761515
167.30125427246,166.20097170366884
148.14985656738,147.3138919647153
140.09706115723,139.46343752008178
131.50675964355,130.37405186203466
124.72123718262,124.37365315936752
121.07805633545,120.50114961687053
117.34041595459,117.33602799149804
115.10721588135,112.74387324011673
109.55937957764,110.92276924139881
101.83939361572,101.34055311819101
89.936416625977,87.8945344279747
77.140579223633,78.32437014158702
73.11328125,72.28778244646179
62.545562744141,62.034940641485846
38.868640899658,40.61967465032666
24.817386627197,25.202283705611777
18.683958053589,19.223138363939366
3.0971791744232,2.808041882012912
0.0,0.007131587762093619
0.0,0.0
0.0,0.0
0.0,0.0
0.0,7.2613872330764365e-06
0.0,7.2613872330764365e-06
0.0,0.0
0.0,0.0
0.0,0.0
0.0,0.0
0.0,0.0
0.0,0.0
0.0,0.0
0.0,0.0
0.0,0.0
0.0,0.0
0.0,0.0
0.0,0.0
0.0,0.0
0.0,0.0
0.0,0.0
0.0,0.0
0.0,0.0
0.0,0.0
0.0,0.0
0.0,0.0
0.0,0.0
0.0,0.0
0.0,0.0
0.0,0.0
0.0,0.0
0.0,0.0
0.0,0.0
0.0,0.0
0.0,0.0
0.0,0.0
0.0,0.0
0.0,0.0
0.0,0.0
0.0,0.0
0.0,0.0
0.0,0.0
0.0,0.0
0.0,0.0
0.0,0.0
0.0,0.0
0.0,0.0
0.0,0.0
0.0,0.0
0.0,0.0
0.0,0.0
0.0,0.0
0.0,0.0
0.0,0.0
0.0,0.0
0.0,0.0
0.0,0.0
0.0,0.0
0.0,0.0
0.0,4.033982973853877e-06
0.0,4.033982973853877e-06
0.0,0.019673423596785946
0.0,4.033982973853877e-06
0.0,0.019673423596785946
0.0,4.033982973853877e-06
0.0,4.033982973853877e-06
0.0,4.033982973853877e-06
0.0,4.033982973853877e-06
0.0,1.0509808435142757e-05
0.0,1.0509808435142757e-05
0.013837024569511,0.3877790113985724
2.064817905426,2.716501780305468
6.0916495323181,7.959099803260896
7.2657465934753,8.5227460082526
11.045792579651,12.35181855210129
13.316908836365,18.234860226514158
19.432252883911,21.971887279896784
21.816102981567,24.296853927440583
23.833074569702,29.586221831421437
25.525808334351,28.383541382168197
35.354751586914,37.67241659179773
48.494762420654,49.625960478983224
57.250408172607,53.63187721501182
66.820953369141,72.94636658486924
64.84024810791,66.35443061526715
54.250118255615,56.68040411152803
69.068809509277,67.78395028988737
65.648399353027,76.54847720523914
137.87835693359,71.68822135067072
151.80574035645,137.75597991797835
149.57873535156,155.7813925839436
163.94819641113,156.62209646788307
101.87829589844,126.87971960247471
148.16586303711,139.91035959676552
144.13566589355,145.3706533765317
162.57420349121,151.81788676894413
169.80718994141,159.93216355719142
170.80816650391,171.01383917054522
180.4567565918,181.10730563303034
183.31622314453,183.87815965453214
182.7116394043,182.71435166095378
183.11776733398,182.39312232060576
181.38970947266,180.72465431682474
180.05288696289,180.5554362058546
180.26048278809,177.1425651008663
178.8311920166,179.36798704630593
178.13900756836,178.37506518013186
176.6996307373,177.53898913002712
176.16305541992,175.6178647477777
174.48857116699,169.07495042428783
159.44927978516,160.96847642381
152.93673706055,150.84691543064426
145.6544342041,144.41793041877486
136.03863525391,135.76047330084984
132.9598236084,132.47550393671463
130.17768859863,129.53088327141137
126.50959014893,126.28380489086044
125.11824035645,122.84059415663373
119.94412231445,120.50677472253881
115.6746673584,114.97295906360802
112.11102294922,111.52807591687342
107.39772033691,108.34900109685326
104.64989471436,102.3628220429966
93.946960449219,94.4263918160997
88.99617767334,89.24645022239011
85.879661560059,84.53305596356353
79.309356689453,79.83089058960469
74.035163879395,74.33848773291838
70.149536132812,68.34095574105994
63.469821929932,64.22129894374407
57.063983917236,57.580474140334964
47.026931762695,46.0296171580023
40.520931243896,41.10235752578135
32.903942108154,33.67915038406157
26.723300933838,30.910055495929427
20.052745819092,20.48234877570628
14.116016387939,20.85521022772356
5.9844655990601,8.210425101623947
3.2870829105377,5.198244113277122
0.81027376651764,0.6430089160723319
0.0,0.009746141577839753
0.0,1.0509808435142757e-05
0.0,0.0
0.0,0.0
0.0,7.2613872330764365e-06
0.0,0.0
0.0,0.0
0.0,7.2613872330764365e-06
0.0,0.0
0.0,0.0
0.0,0.0
0.0,0.0
0.0,0.0
0.0,0.0
0.0,0.0
0.0,0.0
0.0,0.0
0.0,0.0
0.0,0.0
0.0,0.0
0.0,0.0
0.0,0.0
0.0,0.0
0.0,0.0
0.0,0.0
0.0,0.0
0.0,0.0
0.0,0.0
0.0,0.0
0.0,0.0
0.0,0.0
0.0,0.0
0.0,0.0
0.0,0.0
0.0,0.0
0.0,0.0
0.0,0.0
0.0,0.0
0.0,0.0
0.0,0.0
0.0,0.0
0.0,0.0
0.0,0.0
0.0,0.0
0.0,0.0
0.0,0.0
0.0,0.0
0.0,0.0
0.0,0.0
0.0,0.0
0.0,0.0
0.0,0.0
0.0,0.0
0.0,0.0
0.0,0.0
0.0,0.0
0.0,0.0
0.0,0.0
0.0,0.0
0.0,0.0
0.0,0.0
0.0,0.0
0.0,0.0
0.0,0.0
0.0,0.0
0.0,0.0
0.0,0.0
0.0,0.0
0.0,0.0
0.0,0.0
0.0,0.0
0.0,0.0
0.0,0.0
0.0,0.0
0.0,0.0
0.0,0.0
0.0,0.0
0.0,0.0
0.0,4.033982973853877e-06
0.0,4.033982973853877e-06
0.0,0.019673423596785946
0.0,0.019673423596785946
0.0,4.033982973853877e-06
0.0,4.033982973853877e-06
7.8989152908325,7.426002877893056
12.686195373535,11.907393691622072
43.494651794434,43.9918632821059
50.543445587158,49.551095522130076
62.546550750732,62.23331499070421
68.339179992676,67.65823593199889
73.801864624023,74.45750214983956
79.307922363281,78.08765959275578
94.50724029541,94.58225290470834
103.49136352539,103.73366914889176
108.11163330078,108.08881114952604
149.12034606934,148.49326699741192
151.78352355957,152.17527859596896
164.75637817383,165.03938533593458
170.52369689941,170.4140478295211
185.84638977051,185.82417160749011
186.92448425293,186.4247216121489
185.12843322754,187.17095991534396
184.51388549805,185.8536674469782
185.21249389648,185.8309419041893
186.44096374512,185.67254485262646
186.78520202637,186.5592964971986
187.23699951172,186.69398775727564
186.75277709961,187.56538889519936
186.73439025879,186.615574466542
186.18095397949,186.6206790279098
186.34725952148,186.20069999519455
186.86166381836,186.07589827819316
186.32423400879,185.65766642718165
188.43914794922,185.44363298035597
188.97094726562,187.81241204205142
187.07922363281,186.03521540439002
184.45275878906,185.27937036112556
184.46243286133,183.68101233452168
185.15295410156,183.6767619762434
181.49516296387,184.11022611158882
181.68141174316,179.9612888959035
182.84559631348,180.16840525932224
177.8024597168,177.4855218125063
174.96070861816,175.86534140258783
173.89637756348,173.45391312034536
168.04476928711,168.40360683993006
166.24310302734,166.01577286782074
163.48890686035,163.80723619587212
161.3283996582,161.26902484700486
160.09880065918,158.68019245618484
158.36976623535,156.60209146881655
155.69645690918,155.76666956465672
153.49038696289,152.90727140728896
150.61068725586,150.07741016116998
147.83332824707,148.14785247836627
124.30863952637,124.35034058230846
113.09245300293,111.17541569096643
108.49629974365,109.15801971589899
96.338714599609,98.6548580900737
84.259170532227,84.12814468349912
78.16796875,78.61349973023401
72.756172180176,72.89937617753569
67.019111633301,67.21224596260755
6.574209690094,6.39622181035579
0.0,7.2613872330764365e-06
0.0,0.0
0.0,7.2613872330764365e-06
0.0,0.0
0.0,0.0
0.0,0.0
0.0,0.0
0.0,0.0
0.0,0.0
0.0,0.0
0.0,0.0
0.0,0.0
0.0,0.0
0.0,0.0
0.0,0.0
0.0,0.0
0.0,0.0
0.0,0.0
0.0,0.0
0.0,0.0
0.0,0.0
0.0,0.0
0.0,0.0
0.0,0.0
0.0,0.0
0.0,0.0
0.0,0.0
0.0,0.0
0.0,0.0
0.0,0.0
0.0,0.0
0.0,0.0
0.0,0.0
0.0,0.0
0.0,0.0
0.0,0.0
0.0,0.0
0.0,0.0
0.0,0.0
0.0,0.0
0.0,0.0
0.0,0.0
0.0,0.0
0.0,0.0
0.0,0.0
0.0,0.0
0.0,0.0
0.0,0.0
0.0,0.0
0.0,0.0
0.0,0.0
0.0,0.0
0.0,0.0
0.0,0.0
0.0,0.0
0.0,0.0
0.0,0.0
0.0,0.0
0.0,0.0
0.0,0.0
0.0,0.0
0.0,0.0
0.0,0.0
0.0,0.0
0.0,0.0
0.0,0.0
0.0,0.0
0.0,0.0
0.0,0.0
0.0,0.0
0.0,0.0
0.0,0.0
0.0,0.0
0.0,0.0
0.0,0.0
0.0,0.0
0.0,0.0
0.0,0.0
0.0,0.0
0.0,0.0
0.0,0.0
0.0,0.0
0.0,0.0
0.0,0.0
0.0,0.0
0.0,0.0
0.0,0.0
0.0,0.0
0.0,4.033982973853877e-06
0.0,4.033982973853877e-06
0.0,4.033982973853877e-06
0.0,1.0509808435142757e-05
24.475189208984,24.492417766568966
72.365493774414,72.08974915859248
93.615455627441,90.66685508942525
102.38813781738,101.96736381561408
128.31367492676,128.2944273976448
132.60179138184,132.29365179189736
139.76876831055,138.37691288136298
143.27912902832,141.58852639667123
146.64157104492,144.55592315798222
149.8133392334,149.26569978284581
174.36112976074,172.35544448250897
189.27119445801,188.60584460842728
187.45869445801,189.16000191090703
184.87153625488,182.1874419001618
180.83575439453,180.5679767749418
168.6085357666,167.9571771369135
165.2020111084,164.6416903676528
126.06303405762,125.56385698913134
105.98457336426,106.82070181563633
102.4461517334,101.54238469941065
83.118728637695,82.78678385017695
71.283554077148,73.11817788128211
43.281066894531,47.95929906946628
0.0,0.01937141473750098
0.0,0.0
0.0,0.0
0.0,0.0
0.0,0.0
0.0,0.0
0.0,0.0
0.0,0.0
0.0,0.0
0.0,0.0
0.0,0.0
0.0,0.0
0.0,0.0
0.0,0.0
0.0,0.0
0.0,0.0
0.0,0.0
0.0,0.0
0.0,0.0
0.0,0.0
0.0,0.0
0.0,0.0
0.0,0.0
0.0,0.0
0.0,0.0
0.0,0.0
0.0,0.0
0.0,0.0
0.0,0.0
0.0,0.0
0.0,0.0
0.0,0.0
0.0,0.0
0.0,0.0
0.0,0.0
0.0,0.0
0.0,0.0
0.0,0.0
0.0,4.033982973853877e-06
0.0,4.033982973853877e-06
0.0,4.033982973853877e-06
0.0,4.033982973853877e-06
0.0,0.019673423596785946
0.0,4.033982973853877e-06
0.0,1.0509808435142757e-05
0.0,1.0509808435142757e-05
0.0,1.0509808435142757e-05
4.567666053772,4.837338818229828
11.808891296387,10.934016414948745
16.510671615601,16.884620651112268
24.003597259521,20.77749300767511
35.492206573486,33.19606705570897
54.504211425781,54.58443205279652
72.604301452637,72.04196190930519
88.600440979004,88.34258604245927
99.07071685791,98.3773278726251
103.28672027588,103.55003708485269
106.39701843262,108.05699572921723
111.13050079346,110.80568167245127
116.74192810059,113.879007649235
124.58369445801,124.50914991641892
128.24922180176,126.93820520723503
131.91038513184,132.09706410436226
135.80654907227,135.27622137173321
157.1252746582,156.27211691293155
172.01606750488,172.4119636549105
175.88656616211,173.6309395881114
177.3659362793,177.4033156258412
188.68084716797,188.49657649208098
189.03253173828,188.70286002669775
189.44889831543,188.80410536501097
187.62672424316,188.49716488360286
183.6418762207,183.59188826091173
181.06762695312,181.44764489271486
176.54678344727,177.07065790290696
168.37907409668,169.83570881524707
118.38786315918,118.71287132161403
116.1189956665,114.8956197367762
97.719085693359,98.08479240860471
87.197998046875,87.59708966637798
84.189590454102,81.72538136564488
78.271301269531,78.68792273367274
71.448432922363,72.94002073890057
6.9247803688049,7.033965388334867
3.9158222675323,6.305218765333278
0.0,0.0
0.0,0.0
0.0,0.0
0.0,0.0
0.0,0.0
0.0,0.0
0.0,0.0
0.0,0.0
0.0,0.0
0.0,0.0
0.0,0.0
0.0,0.0
0.0,0.0
0.0,0.0
0.0,0.0
0.0,0.0
0.0,0.0
0.0,0.0
0.0,0.0
0.0,0.0
0.0,0.0
0.0,0.0
0.0,0.0
0.0,0.0
0.0,0.0
0.0,0.0
0.0,0.0
0.0,0.0
0.0,0.0
0.0,0.0
0.0,0.0
0.0,0.0
0.0,0.0
0.0,0.0
0.0,0.0
0.0,0.0
0.0,0.0
0.0,0.0
0.0,0.0
0.0,0.0
0.0,0.0
0.0,0.0
0.0,0.0
0.0,0.0
0.0,0.0
0.0,0.0
0.0,4.033982973853877e-06
0.0,4.033982973853877e-06
0.0,4.033982973853877e-06
0.0,0.10490806811318533
16.858957290649,16.422383805148463
23.269620895386,21.12708101104356
29.510362625122,29.77059853876232
72.579284667969,71.77762565247713
78.131256103516,77.61920596131294
88.620338439941,88.43255473115525
93.425498962402,91.00874688887967
97.893920898438,96.78479858517483
102.34899139404,101.89837603110063
107.08777618408,106.94111372776312
116.370262146,116.3415050315312
120.551612854,119.73139796741948
132.26507568359,132.2346528199828
151.80407714844,152.85099382174894
156.66481018066,157.0821571014638
170.25152587891,170.9701756788465
173.69717407227,174.19277436435942
174.88377380371,174.46173733851865
181.32409667969,181.7358560077391
179.3549041748,179.6338953379789
176.90190124512,170.5298635001181
154.85902404785,155.72131292744444
128.318359375,129.26411109791047
111.81562042236,109.59130790085838
7.1877613067627,11.922924153048406
0.0,0.027344723425998432
0.0,0.0
0.0,7.238156669508129e-06
0.0,0.0
0.0,7.238156669508129e-06
0.0,0.0
0.0,0.0
0.0,0.0
0.0,0.0
0.0,0.0
0.0,0.0
0.0,0.0
0.0,0.0
0.0,0.0
0.0,0.0
0.0,0.0
0.0,0.0
0.0,0.0
0.0,0.0
0.0,0.0
0.0,0.0
0.0,0.0
0.0,0.0
0.0,0.0
0.0,0.0
0.0,0.0
0.0,0.0
0.0,0.0
0.0,0.0
0.0,0.0
0.0,0.0
0.0,0.0
0.0,0.0
0.0,0.0
0.0,0.0
0.0,0.0
0.0,0.0
0.0,0.0
0.0,0.0
0.0,0.0
0.0,0.0
0.0,0.0
0.0,0.0
0.0,0.0
0.0,0.0
0.0,0.0
0.0,0.0
0.0,0.0
0.0,0.0
0.0,0.0
0.0,0.0
0.0,0.0
0.0,0.0
0.0,0.0
0.0,0.0
0.0,0.0
0.0,0.0
0.0,0.0
0.0,0.0
0.0,0.0
0.0,0.0
0.0,0.0
0.0,4.033982973853877e-06
0.0,4.033982973853877e-06
0.0,1.0509808435142757e-05
0.0,0.002594493245761053
4.4162445068359,4.709140778862717
7.5896162986755,8.066600042325238
12.492258071899,11.747653533810018
18.065010070801,19.682888966088345
24.133283615112,24.003672436005576
36.381134033203,36.136614682451174
42.817230224609,43.3063584992568
56.092971801758,55.494850038490846
61.490715026855,61.54517298372343
106.32357025146,105.74977726204739
155.18328857422,155.89050008153592
159.32348632812,160.01089137775776
163.4600982666,163.1937202951323
166.53623962402,167.72241630055146
169.96917724609,170.29238482895445
177.01057434082,177.45808885862712
178.81120300293,179.54496126243833
181.36405944824,181.84243778119097
171.76904296875,169.17837428402862
142.39360046387,138.80809077732997
137.72023010254,135.51029064608548
131.51461791992,130.8035653488362
128.28198242188,126.59450919728108
125.30029296875,124.77962313171805
117.81657409668,119.44644551525789
114.18432617188,112.88958465507869
109.87099456787,109.97188060022383
97.206680297852,98.00061064203331
93.098846435547,92.01287402426372
79.851791381836,79.04193673023438
68.333770751953,68.22259252335127
62.615600585938,62.57654132253257
44.952560424805,49.336753898531505
0.0,0.1037791187564797
0.0,0.0
0.0,0.0
0.0,0.0
0.0,0.0
0.0,0.0
0.0,0.0
0.0,0.0
0.0,0.0
0.0,0.0
0.0,0.0
0.0,0.0
0.0,0.0
0.0,0.0
0.0,0.0
0.0,0.0
0.0,0.0
0.0,0.0
0.0,0.0
0.0,0.0
0.0,0.0
0.0,0.0
0.0,0.0
0.0,0.0
0.0,0.0
0.0,0.0
0.0,0.0
0.0,0.0
0.0,0.0
0.0,0.0
0.0,0.0
0.0,0.0
0.0,0.0
0.0,0.0
0.0,0.0
0.0,0.0
0.0,0.0
0.0,0.0
0.0,0.0
0.0,0.0
0.0,0.0
0.0,0.0
0.0,0.0
0.0,0.0
0.0,0.0
0.0,0.0
0.0,0.0
0.0,0.0
0.0,0.0
0.0,0.0
0.0,0.0
0.0,0.0
0.0,0.0
0.0,0.0
0.0,4.033982973853877e-06
0.0,4.033982973853877e-06
0.0,4.033982973853877e-06
0.0,4.033982973853877e-06
0.0,4.033982973853877e-06
0.0,4.033982973853877e-06
0.0,4.033982973853877e-06
0.0,4.033982973853877e-06
0.0,0.06809637385421002
0.0,0.10490806811318533
8.2654886245728,7.897003770086774
12.332023620605,12.428872073886705
17.906671524048,17.956063408918784
42.509086608887,43.114661133738686
48.888053894043,48.821144341946024
54.64510345459,54.53007225634277
60.367034912109,59.87576077930572
75.72883605957,75.67698868532202
92.278099060059,89.7702155946064
101.31896209717,101.1916003534017
106.05920410156,105.26619372628575
147.21641540527,147.09601573351893
149.80142211914,149.7444543050914
150.46051025391,152.5817401764205
153.39350891113,155.3914843096779
156.09782409668,155.99719186644646
159.03964233398,158.7927993414632
159.7707824707,159.04202152442548
159.07438659668,162.0274959716853
160.5666809082,161.45803754355802
162.21781921387,162.42472743874927
164.91390991211,164.0659810108436
169.50146484375,170.89925819285887
170.22389221191,171.96705529574422
171.3023223877,170.75868693744874
173.31901550293,172.57779008147335
177.81475830078,178.43606685864788
179.10690307617,174.69567040982247
166.98376464844,166.28952865975612
159.84454345703,159.244310324816
157.93449401855,157.1998990243654
121.89602661133,120.73047211198326
117.81344604492,117.74519922796829
101.58933258057,101.24462844630597
97.105834960938,96.14286044922915
92.547729492188,92.69612477741094
85.301475524902,84.78175167516429
79.515701293945,79.25682110820432
62.455921173096,62.21256215203423
0.0,0.023265811759522012
0.0,0.0003889235978585516
0.0,0.0
0.0,0.0
0.0,0.0
0.0,0.0
0.0,0.0
0.0,0.0
0.0,0.0
0.0,0.0
0.0,0.0
0.0,0.0
0.0,0.0
0.0,0.0
0.0,0.0
0.0,0.0
0.0,0.0
0.0,0.0
0.0,0.0
0.0,0.0
0.0,0.0
0.0,0.0
0.0,0.0
0.0,0.0
0.0,0.0
0.0,0.0
0.0,4.033982973853877e-06
0.0,4.033982973853877e-06
0.0,0.06809637385421002
0.0,0.06809637385421002
0.0,0.06809637385421002
0.0,4.033982973853877e-06
0.0,0.0006754831277500211
17.488954544067,16.704388775566418
23.541303634644,21.71442123237397
35.824417114258,35.069488552073345
42.154682159424,43.04795535303845
48.588012695312,48.52916369946079
54.466602325439,53.73495076905137
60.132278442383,59.57688641299701
71.600700378418,71.41412637983814
77.025886535645,76.91958348682901
101.61317443848,101.53413912714907
122.3825302124,122.539479446798
124.42667388916,126.08310003055145
134.52922058105,134.60264930768918
156.71716308594,157.27013899586808
170.90626525879,168.351263877057
174.31721496582,174.29972568650015
175.75701904297,175.59672354676323
176.76991271973,177.31226391170247
177.07379150391,172.16503114272862
178.21401977539,178.34901107717718
178.97369384766,179.74466207190187
178.92950439453,180.06536411548763
180.76440429688,180.8040412578374
180.88900756836,181.18691942789673
181.00448608398,180.9635347686488
180.69996643066,181.37789563127373
180.95867919922,181.28248178252144
181.15704345703,181.23842954908565
180.69177246094,181.47519003449315
180.37857055664,178.78738563483708
179.01448059082,178.84510934696362
175.9955291748,175.5537477848998
172.62869262695,169.32398975945154
169.68635559082,169.65415140693003
164.99142456055,165.29198399119934
158.57461547852,159.3284310833496
152.37846374512,149.77695404052562
136.44647216797,136.78208512756783
130.80955505371,129.60300090240148
112.67568969727,112.25061803949114
110.56308746338,108.99104739560251
100.25737762451,101.09882239846715
96.18293762207,95.41309220623701
90.93563079834,91.28195605390461
86.553321838379,86.55429713315309
83.160102844238,80.60455258857543
66.771194458008,66.76431655907983
59.836318969727,61.22487016567974
54.049522399902,54.35932923536216
23.124435424805,27.641532226170515
16.818832397461,18.43226667234985
11.359222412109,12.462740327935581
7.2744498252869,7.580727016954057
4.212495803833,3.984617315619666
1.4261907339096,1.35803050957123
0.0,0.003914654214192934
0.0,0.0003889235978585516
0.0,0.0
0.0,0.0
0.0,9.399760472096147e-05
0.0,0.0
0.0,0.0
0.0,0.0
0.0,0.0
0.0,0.0
0.0,0.0
0.0,0.0
0.0,0.0
0.0,0.0
0.0,0.0
0.0,0.0
0.0,0.0
0.0,0.0
0.0,0.0
0.0,0.0
0.0,0.0
0.0,0.0
0.0,0.0
0.0,0.0
0.0,0.0
0.0,0.0
0.0,0.0
0.0,0.0
0.0,0.0
0.0,0.0
0.0,0.0
0.0,0.0
0.0,0.0
0.0,0.0
0.0,0.0
0.0,0.0
0.0,0.0
0.0,0.0
0.0,0.0
0.0,0.0
0.0,0.0
0.0,0.0
0.0,0.0
0.0,0.0
0.0,0.0
0.0,0.0
0.0,0.0
0.0,0.0
0.0,0.0
0.0,0.0
0.0,0.0
0.0,0.0
0.0,0.0
0.0,0.0
0.0,0.0
0.0,0.0
0.0,0.0
0.0,0.0
0.0,0.0
0.0,0.0
0.0,0.0
0.0,0.0
0.0,0.0
0.0,0.0
0.0,0.0
0.0,0.0
0.0,0.0
0.0,4.033982973853877e-06
0.0,4.033982973853877e-06
0.0,4.033982973853877e-06
0.0,4.033982973853877e-06
0.0,4.033982973853877e-06
0.0,4.033982973853877e-06
0.0,4.033982973853877e-06
0.0,4.033982973853877e-06
0.0,4.033982973853877e-06
0.0,1.0509808435142757e-05
0.0,1.0509808435142757e-05
0.0,1.0509808435142757e-05
0.0,1.0509808435142757e-05
0.0,1.0509808435142757e-05
0.0,1.0509808435142757e-05
0.0,1.0509808435142757e-05
0.51356476545334,0.46055498498229774
4.7027292251587,4.96816815249458
7.7138600349426,7.749503409112473
11.422107696533,11.664427786037209
16.960355758667,16.199250976826423
22.57719039917,21.994841002353827
27.716062545776,26.96568076050313
34.302875518799,33.41017262110331
40.242332458496,40.63228958313114
46.658962249756,46.02156683742096
52.283027648926,52.17358600662209
57.437808990479,57.521542312489295
62.650337219238,62.734811838505905
68.843940734863,67.68537363052538
73.948234558105,74.75808200040292
84.197341918945,85.00816370155432
94.404830932617,94.1587401383814
98.260604858398,98.7194853668559
106.63316345215,107.97074161851117
111.4898147583,110.82186115283369
116.48272705078,115.1808919502293
118.58573913574,119.82304967517321
122.25039672852,122.53752828952831
125.99121856689,126.03278307442119
130.48429870605,129.88845091041543
133.80921936035,133.97211475222818
145.11318969727,145.58520646655992
147.52391052246,148.4805914196753
149.83148193359,150.4370267237796
152.4010925293,152.67981449365107
154.69795227051,154.97669524203567
156.58876037598,157.37243916652463
158.47174072266,159.1826898860073
162.4578704834,162.4532047966683
164.04280090332,164.70034550942574
166.0096282959,166.2356208318515
167.28913879395,168.1248113452584
168.36370849609,169.06754059810137
169.78913879395,170.31300431099052
170.99853515625,171.46466310820693
172.07577514648,172.50989785047778
172.43278503418,173.45035147584068
173.89556884766,173.861282974508
174.50704956055,175.2654151269262
175.04508972168,175.7412518737421
176.05905151367,175.79699620804692
176.70098876953,176.81164177350266
177.26916503906,177.51015965312763
177.49104309082,178.0861201255936
177.62728881836,178.21671377327038
179.32241821289,178.0612042491248
179.14210510254,179.9740584585562
177.19108581543,179.85213712079874
177.58810424805,177.3564123385074
178.37329101562,177.51897210158805
177.51661682129,178.45297194984545
176.49406433105,177.4577434804187
175.07252502441,176.13583803325542
175.67147827148,174.25986969335472
176.52830505371,174.94953651283467
175.21293640137,176.09570227134927
173.94680786133,174.46226853168125
172.59579467773,173.19075974122782
172.74104309082,172.98219997043913
171.50848388672,172.1906965450235
170.40602111816,170.74020405933416
168.75402832031,169.5077911618168
168.70701599121,168.29482767967824
167.14685058594,166.31743713815212
165.3498840332,165.41702033271935
163.13577270508,162.79619103300163
161.0696105957,161.18381858865774
159.50471496582,159.06227770367744
161.48379516602,157.10553180804973
159.29986572266,158.6442306359288
156.75914001465,156.60116890421307
153.69137573242,150.57724577016953
150.05204772949,149.98181233241033
149.47380065918,147.64932549682044
148.14410400391,146.4697847974719
142.78433227539,143.76938206211875
141.17585754395,139.56101853829784
137.47830200195,137.19695531901723
134.19696044922,133.85989568493918
132.36360168457,130.1948213880214
124.70921325684,124.97065355365753
120.88269805908,120.73862996331236
117.04947662354,117.17985913649929
113.49156188965,112.20206076103541
110.25744628906,109.26407296425083
104.85412597656,106.23077741629584
100.53077697754,100.73239654125456
97.383087158203,95.49604383820203
92.544860839844,92.58855244993364
87.811340332031,87.44461670919496
83.823608398438,83.25728294343207
78.364875793457,78.28430882308285
73.427253723145,72.9423448768161
67.967742919922,67.89336552273164
60.903762817383,62.103581374369774
56.776432037354,54.865566798963016
51.133666992188,50.56210120689819
45.076541900635,45.20738033902745
38.480297088623,39.160749394910525
31.294609069824,32.42724727713148
24.725105285645,24.95590038294588
18.120534896851,18.98170296582865
12.335700035095,12.890913220554191
8.0262889862061,8.240116830770472
4.720974445343,4.573622172469909
1.8227586746216,1.6255302344435323
0.0,0.08759861662290862
0.0,0.024159029582265366
0.0,0.0
0.0,0.0
0.0,0.0
0.0,0.0
0.0,0.0
0.0,0.0
0.0,0.0
0.0,0.0
0.0,0.0
0.0,0.0
0.0,0.0
0.0,0.0
0.0,0.0
0.0,0.0
0.0,0.0
0.0,0.0
0.0,0.0
0.0,0.0
0.0,0.0
0.0,0.0
0.0,0.0
0.0,0.0
0.0,0.0
0.0,0.0
0.0,0.0
0.0,0.0
0.0,0.0
0.0,0.0
0.0,0.0
0.0,0.0
0.0,0.0
0.0,0.0
0.0,0.0
0.0,0.0
0.0,0.0
0.0,0.0
0.0,0.0
0.0,0.0
0.0,0.0
0.0,0.0
0.0,0.0
0.0,0.0
0.0,0.0
0.0,0.0
0.0,0.0
0.0,0.0
0.0,0.0
0.0,0.0
0.0,0.0
0.0,0.0
0.0,0.0
0.0,0.0
0.0,0.0
0.0,0.0
0.0,0.0
0.0,0.0
0.0,0.0
0.0,0.0
0.0,0.0
0.0,0.0
0.0,0.0
0.0,0.0
0.0,0.0
0.0,0.0
0.0,0.0
0.0,0.0
0.0,0.0
0.0,0.0
0.0,0.0
0.0,0.0
0.0,0.0
0.0,0.0
0.0,0.0
0.0,0.0
0.0,0.0
0.0,0.0
0.0,0.0
0.0,0.0
0.0,0.0
0.0,0.0
0.0,0.0
0.0,0.0
0.0,0.0
0.0,0.0
0.0,0.0
0.0,0.0
0.0,0.0
0.0,0.0
0.0,0.0
0.0,0.0
0.0,0.0
0.0,0.0
0.0,0.0
0.0,0.0
0.0,0.0
0.0,0.0
0.0,0.0
0.0,0.0
0.0,0.0
0.0,0.0
0.0,0.0
0.0,0.0
0.0,0.0
0.0,0.0
0.0,0.0
0.0,0.0
0.0,0.0
0.0,0.0
0.0,0.0
0.0,0.0
0.0,0.0
0.0,0.0
0.0,0.0
0.0,0.0
0.0,0.0
0.0,0.0
0.0,0.0
0.0,0.0
0.0,0.0
0.0,0.0
0.0,0.0
0.0,0.0
0.0,0.0
0.0,0.0
0.0,4.033982973853877e-06
0.0,4.033982973853877e-06
0.0,4.033982973853877e-06
0.0,4.033982973853877e-06
0.0,4.033982973853877e-06
0.0,4.033982973853877e-06
0.0,4.033982973853877e-06
0.0,4.033982973853877e-06
0.0,4.033982973853877e-06
0.0,4.033982973853877e-06
0.0,4.033982973853877e-06
0.0,4.033982973853877e-06
0.0,1.0509808435142757e-05
0.0,1.0509808435142757e-05
0.0,1.0509808435142757e-05
0.0,1.0509808435142757e-05
0.0,1.0509808435142757e-05
0.0,1.0509808435142757e-05
0.0,0.0002877594311711576
0.30455559492111,0.450748221684462
2.0222985744476,1.9865964582857711
4.9235210418701,4.828351635580249
8.1794681549072,8.062268968512871
12.077112197876,12.667202530322013
17.647529602051,19.732799204863728
23.604537963867,23.46965431851698
29.103437423706,29.065719576645417
36.513221740723,35.82556372721566
42.625648498535,43.33853517722409
49.449687957764,48.79459040258448
55.193183898926,55.093271918139166
60.439914703369,60.427470959817626
65.620597839355,65.81374545283452
70.770599365234,71.02237474968653
77.339248657227,75.89158066232724
83.065055847168,82.74421946770751
87.925926208496,87.78599230938623
92.227691650391,92.01588166643678
96.51335144043,96.37461149484584
100.97911071777,100.01812401864458
105.23232269287,104.95801095494413
108.3295135498,109.31823029512631
113.88238525391,112.55867960974962
118.26507568359,117.7642321787025
121.53559875488,122.03741788380566
123.78118133545,124.95039674035598
128.0132598877,127.63738496837087
131.55285644531,132.00691411525273
134.87353515625,134.52308830310554
138.27772521973,138.13392614815476
141.32371520996,141.40991634717227
144.48492431641,144.16970575802782
146.70727539062,147.19688897159196
149.29833984375,149.45959175965442
151.74418640137,152.3777835527968
154.1724395752,154.00897869304893
155.89440917969,157.08558182038914
158.13310241699,158.57158826536414
160.34367370605,160.82960828665225
162.15159606934,162.3750439366847
164.20753479004,164.55485811192517
165.80299377441,166.31290027431356
167.3556060791,168.03726576368453
168.76696777344,169.3519880183218
170.25073242188,170.59529862973616
171.42849731445,171.57373091001486
173.34329223633,173.15316116539063
174.8985748291,175.0432939377538
175.931640625,176.05382647763588
176.71896362305,177.228053074946
177.90594482422,176.60713224525753
178.2536315918,179.06433872940846
178.43029785156,179.31146662933165
178.95259094238,179.33572361574318
179.37170410156,176.96563924484866
179.52325439453,175.95496459373356
179.39619445801,176.06468037748277
178.80328369141,175.11272580735405
179.34454345703,178.82699993065964
179.3215637207,179.44585139855445
179.10276794434,178.91584309916388
178.08110046387,173.99400264983095
176.77754211426,177.30743274040023
175.80989074707,176.44571668849886
175.59707641602,174.75124768640177
175.64262390137,169.21639657052432
164.11549377441,163.4004077475728
143.83670043945,143.50146470888694
137.50473022461,137.40860775008505
132.42202758789,127.58540390639217
103.06436157227,101.86619243200401
89.132865905762,89.60005874082276
85.123489379883,84.47858638345437
50.918254852295,51.85189311485577
32.411975860596,34.987407791562276
0.0,0.11156911662788895
0.0,0.0
0.0,0.0
0.0,0.0
0.0,9.399760472096147e-05
0.0,9.399760472096147e-05
0.0,0.0
0.0,0.0
0.0,0.0
0.0,0.0
0.0,0.0
0.0,0.0
0.0,0.0
0.0,0.0
0.0,0.0
0.0,0.0
0.0,0.0
0.0,0.0
0.0,0.0
0.0,0.0
0.0,0.0
0.0,0.0
0.0,0.0
0.0,0.0
0.0,0.0
0.0,0.0
0.0,0.0
0.0,0.0
0.0,0.0
0.0,0.0
0.0,0.0
0.0,0.0
0.0,0.0
0.0,0.0
0.0,0.0
0.0,0.0
0.0,0.0
0.0,0.0
0.0,0.0
0.0,0.0
0.0,0.0
0.0,0.0
0.0,0.0
0.0,0.0
0.0,0.0
0.0,0.0
0.0,0.0
0.0,0.0
0.0,0.0
0.0,0.0
0.0,0.0
0.0,0.0
0.0,0.0
0.0,0.0
0.0,0.0
0.0,0.0
0.0,0.0
0.0,0.0
0.0,4.033982973853877e-06
0.0,4.033982973853877e-06
0.0,0.06809637385421002
0.0,0.06809637385421002
0.0,0.06809637385421002
0.0,1.0509808435142757e-05
8.7160129547119,7.71586611648613
12.653434753418,12.801891544681165
61.301509857178,60.73846652350106
117.80271911621,118.08585573482414
133.68231201172,134.04863831392888
136.84663391113,136.3216878153348
139.32508850098,140.5218621618951
141.90354919434,142.77418186341384
153.02903747559,154.25250027488468
158.37397766113,159.4953499461363
161.87910461426,162.32748049644817
163.28034973145,163.82473182874182
167.5613861084,168.78058337892205
170.16860961914,170.88354150121648
171.15238952637,171.36054902912957
173.73031616211,175.12248014917944
174.93377685547,175.21427797203822
175.19915771484,175.25686922661384
176.76881408691,175.70405203186723
176.26042175293,170.3401576880216
175.02590942383,174.46630577931504
174.36183166504,174.17882047054465
177.38877868652,177.21954328251832
175.138671875,175.49511659769644
171.1183013916,171.65011747525438
168.21128845215,168.01700194077162
166.51498413086,166.16327601372072
157.96441650391,157.82077240498552
151.58172607422,152.2495592981646
147.32423400879,148.22910461297602
143.97065734863,143.85960646803073
139.9263458252,140.8883766040239
135.27378845215,133.0138725672015
132.92747497559,131.55168115284496
108.89073181152,108.74468720005997
99.982955932617,100.0853749849443
86.034561157227,86.13089796755445
69.759613037109,69.68522200163683
19.62813949585,24.998529671921773
0.0,0.0
0.0,0.0
0.0,9.399760472096147e-05
0.0,0.0
0.0,0.0
0.0,0.0
0.0,0.0
0.0,0.0
0.0,0.0
0.0,0.0
0.0,0.0
0.0,0.0
0.0,0.0
0.0,0.0
0.0,0.0
0.0,0.0
0.0,0.0
0.0,0.0
0.0,0.0
0.0,0.0
0.0,0.0
0.0,0.0
0.0,0.0
0.0,0.0
0.0,0.0
0.0,0.0
0.0,0.0
0.0,0.0
0.0,0.0
0.0,0.0
0.0,0.0
0.0,0.0
0.0,0.0
0.0,0.0
0.0,0.0
0.0,0.0
0.0,0.0
0.0,0.0
0.0,0.0
0.0,0.0
0.0,0.0
0.0,0.0
0.0,0.0
0.0,0.0
0.0,0.0
0.0,0.0
0.0,0.0
0.0,0.0
0.0,0.0
0.0,0.0
0.0,0.0
0.0,0.0
0.0,0.0
0.0,0.0
0.0,4.033982973853877e-06
0.0,4.033982973853877e-06
0.0,4.033982973853877e-06
0.0,0.10490806811318533
0.0,1.0509808435142757e-05
0.0,1.0509808435142757e-05
0.0,1.0509808435142757e-05
0.0,1.0509808435142757e-05
0.0,0.00045976638372142813
0.50705593824387,0.44333196316403267
2.2791075706482,2.357939264431242
5.0848560333252,5.513613983586279
8.3404092788696,8.213131335724174
12.474682807922,11.510717215161138
47.730052947998,47.59522839006371
63.388397216797,63.5408302752013
78.310150146484,77.87411809423133
92.326179504395,94.14222422222161
95.623710632324,98.79915471676257
111.66749572754,111.07099034985686
115.32693481445,115.23426652407969
118.69437408447,119.14801765960557
122.17909240723,123.13317741602634
124.02101135254,125.69734766427203
131.26509094238,133.09701144026263
140.3049621582,140.74161306821784
146.56335449219,145.646164646308
152.92568969727,151.32747997671092
158.46630859375,159.62169836943488
163.65582275391,164.53418481498665
176.16233825684,175.81443974190282
177.05088806152,171.78715586673997
178.00213623047,171.44735820483436
178.17404174805,172.58918041647954
179.02973937988,179.02514218113012
180.39002990723,180.38304710313875
181.63143920898,181.43886611263585
179.87995910645,180.48701387365466
178.88034057617,178.9921244555583
173.08213806152,169.8357228390336
171.40188598633,169.12705734756972
164.55508422852,164.9291344946328
152.35816955566,153.48959493270658
149.56257629395,149.41149816530975
147.95889282227,146.69816780300815
142.86088562012,143.35831044471402
136.47178649902,136.7458496896047
120.37831878662,119.85951502801117
109.14205932617,109.27761048158945
100.06685638428,100.61308700700346
94.692016601562,94.58820801762562
83.266799926758,83.2497762450424
69.267562866211,72.496644243063
64.673843383789,63.40064184252332
61.501972198486,59.54169360358324
56.79577255249,55.631960012515265
38.832202911377,38.950722407096016
25.447370529175,26.084345098341558
18.589588165283,24.786343767210948
5.4987745285034,5.464819081835308
3.0696234703064,2.5137747246704
0.0,7.238156669508129e-06
0.0,0.0
0.0,0.0
0.0,0.0
0.0,0.0
0.0,0.0
0.0,0.0
0.0,0.0
0.0,0.0
0.0,0.0
0.0,0.0
0.0,0.0
0.0,0.0
0.0,0.0
0.0,0.0
0.0,0.0
0.0,0.0
0.0,0.0
0.0,0.0
0.0,0.0
0.0,0.0
0.0,0.0
0.0,0.0
0.0,0.0
0.0,0.0
0.0,0.0
0.0,0.0
0.0,0.0
0.0,0.0
0.0,0.0
0.0,0.0
0.0,0.0
0.0,0.0
0.0,0.0
0.0,0.0
0.0,0.0
0.0,0.0
0.0,0.0
0.0,0.0
0.0,0.0
0.0,0.0
0.0,0.0
0.0,0.0
0.0,0.0
0.0,0.0
0.0,0.0
0.0,0.0
0.0,0.0
0.0,0.0
0.0,0.0
0.0,0.0
0.0,0.0
0.0,0.0
0.0,0.0
0.0,0.0
0.0,0.0
0.0,0.0
0.0,0.0
0.0,0.0
0.0,0.0
0.0,0.0
0.0,0.0
0.0,0.0
0.0,4.033982973853877e-06
0.0,4.033982973853877e-06
0.0,4.033982973853877e-06
0.0,4.033982973853877e-06
0.0,4.033982973853877e-06
0.0,1.0509808435142757e-05
0.0,0.10490806811318533
0.0,0.10490806811318533
0.0,0.10490806811318533
0.0,1.0509808435142757e-05
2.1132655143738,0.8135861368335886
7.2913241386414,7.599626450130973
9.7276926040649,11.031980338686395
13.659990310669,14.86144228474368
22.809520721436,19.87031896850102
29.675653457642,32.7192749073268
47.679183959961,43.74839137408825
50.223201751709,52.570257273350585
49.664813995361,54.67640720240391
69.312576293945,33.802973195349836
75.076049804688,74.49604368174495
92.863220214844,92.66586175504655
100.72556304932,101.32488876647292
122.29318237305,123.67529812109147
131.46987915039,126.21963321252977
159.05668640137,160.79785246590842
160.34825134277,161.65806356013258
169.40493774414,171.931524727435
174.42985534668,172.30159622108891
175.61737060547,161.5788209154163
177.82452392578,177.223356122353
176.11352539062,179.05260091243255
176.09344482422,176.93591988463274
177.69319152832,171.75404709667197
178.14208984375,178.76976628050994
178.9765625,178.98087961483512
179.32711791992,174.8650067893806
179.88549804688,180.31718975954982
176.48509216309,170.72105112330783
177.46122741699,176.97833416757553
176.24160766602,170.58728710424356
176.70732116699,174.46711709610992
175.1393737793,175.78599492001683
173.10038757324,173.11083724108187
171.78425598145,172.65511185178698
170.81858825684,169.8303770368532
168.97192382812,169.0929416735959
166.47640991211,166.02642757424195
157.59085083008,156.98517304418814
129.24467468262,127.66657138415013
122.57838439941,122.01505706825898
104.48461151123,104.7702145039955
51.875,51.59710792760779
39.832637786865,41.81288792505524
2.9998791217804,2.8330195511575216
0.0,0.0
0.0,0.0
0.0,0.0
0.0,7.238156669508129e-06
0.0,0.0
0.0,0.0
0.0,0.0
0.0,0.0
0.0,0.0
0.0,0.0
0.0,0.0
0.0,0.0
0.0,0.0
0.0,0.0
0.0,0.0
0.0,0.0
0.0,0.0
0.0,0.0
0.0,0.0
0.0,0.0
0.0,0.0
0.0,0.0
0.0,0.0
0.0,0.0
0.0,0.0
0.0,0.0
0.0,0.0
0.0,0.0
0.0,0.0
0.0,0.0
0.0,0.0
0.0,0.0
0.0,0.0
0.0,0.0
0.0,0.0
0.0,0.0
0.0,0.0
0.0,0.0
0.0,0.0
0.0,0.0
0.0,0.0
0.0,0.0
0.0,0.0
0.0,0.0
0.0,0.0
0.0,0.0
0.0,0.0
0.0,0.0
0.0,0.0
0.0,0.0
0.0,0.0
0.0,0.0
0.0,0.0
0.0,0.0
0.0,0.0
0.0,0.0
0.0,0.0
0.0,0.0
0.0,0.0
0.0,0.0
0.0,0.0
0.0,0.0
0.0,0.0
0.0,0.0
0.0,0.0
0.0,0.0
0.0,0.0
0.0,0.0
0.0,0.0
0.0,0.0
0.0,0.0
0.0,0.0
0.0,0.0
0.0,0.0
0.0,0.0
0.0,0.0
0.0,0.0
0.0,0.0
0.0,0.0
0.0,0.0
0.0,0.0
0.0,0.0
0.0,0.0
0.0,0.0
0.0,0.0
0.0,0.0
0.0,0.0
0.0,0.0
0.0,0.0
0.0,0.0
0.0,0.0
0.0,0.0
0.0,0.0
0.0,0.0
0.0,0.0
0.0,0.0
0.0,0.0
0.0,0.0
0.0,0.0
0.0,0.0
0.0,0.0
0.0,0.0
0.0,0.0
0.0,0.0
0.0,0.0
0.0,0.0
0.0,0.0
0.0,0.0
0.0,0.0
0.0,0.0
0.0,0.0
0.0,4.033982973853877e-06
0.0,4.033982973853877e-06
0.0,4.033982973853877e-06
0.0,4.033982973853877e-06
0.0,4.033982973853877e-06
0.0,4.033982973853877e-06
0.0,4.033982973853877e-06
0.0,4.033982973853877e-06
0.0,4.033982973853877e-06
0.0,4.033982973853877e-06
0.0,4.033982973853877e-06
0.0,4.033982973853877e-06
0.0,1.0509808435142757e-05
0.0,1.0509808435142757e-05
0.0,1.0509808435142757e-05
0.0,1.0509808435142757e-05
0.0,1.0509808435142757e-05
0.0,0.00043889882597798285
0.62140989303589,0.4958862135727268
2.2367706298828,2.6169097926655467
5.1469841003418,4.915567889402013
8.5531044006348,8.30623354758792
12.237112045288,12.730867463648357
17.727449417114,17.620457140091233
23.406023025513,22.629940770943563
28.902690887451,28.044398158120124
35.813976287842,35.286323914310856
41.626022338867,43.262094975369834
47.96692276001,47.92958529799561
53.77534866333,52.28854074047352
59.032581329346,59.12177285299476
64.203674316406,64.50569984090609
69.378356933594,69.42764747963012
74.922988891602,74.95945594949335
80.849662780762,80.13765645162064
91.888305664062,90.31423949327218
96.534072875977,96.04173821332441
101.11868286133,100.36865235484204
106.11236572266,105.11960753687158
119.89273071289,119.17169997858618
123.79895782471,123.14399837665003
126.5636138916,127.31265201366766
130.6091003418,130.60640822538787
137.27131652832,138.03925961084917
142.02153015137,140.79297491584296
152.91754150391,153.68518408970255
155.80767822266,155.52535833430534
157.83375549316,158.47455579925898
160.25018310547,160.05077783725773
162.46284484863,162.32758017080477
164.34994506836,164.7087236717198
166.16708374023,166.34991477449086
168.07067871094,168.3605953224795
169.77980041504,170.10801346329023
173.28659057617,173.2237977633461
175.34562683105,175.05477032887836
176.5572052002,176.49747081251147
177.82347106934,177.96004573395956
178.87399291992,179.13804963786117
179.98225402832,180.0022909101881
181.27658081055,181.32926076319382
182.65017700195,182.334964900702
182.91314697266,183.46708409165663
183.63922119141,183.9306828176347
183.62347412109,184.43301937577772
185.65481567383,184.39909722408947
185.86198425293,185.9740708104256
185.91110229492,186.27870809308607
186.54194641113,186.23291864641348
186.82411193848,186.7613427852955
185.30854797363,186.78526303784275
186.92626953125,185.7615998904601
185.65528869629,186.7288262040625
187.00344848633,186.85965255530974
186.83969116211,185.53369568124526
186.34957885742,185.6828585815471
186.05656433105,185.42826886648433
184.93133544922,185.33323800391824
185.16957092285,183.48304574183354
183.75067138672,184.08069201275939
183.25379943848,182.5875699783246
182.41125488281,182.0387792971107
181.38426208496,181.5208098143063
180.39538574219,180.4733742825285
178.64434814453,179.67021403473726
177.66822814941,178.01207739016968
175.99209594727,175.83419742412127
174.6792755127,174.42085586265628
172.8461151123,173.07651213817292
169.23843383789,169.04734272377797
165.9094543457,165.69013524699622
163.90342712402,163.68090680721326
161.85205078125,161.80168323533553
152.39482116699,152.37526773423136
149.91514587402,149.67734867946433
146.6541595459,147.67415209499555
143.83041381836,144.19151252007853
140.91717529297,141.4823971395985
137.7571105957,137.94532023468156
134.34910583496,134.63270841733708
131.11181640625,130.72795261356444
127.84597015381,127.27359728647353
120.43004608154,120.1954541831252
113.19338226318,112.20358807986898
108.76835632324,109.0759717718602
104.35974884033,103.80112199813142
96.17692565918,95.55493959673814
91.070739746094,91.27700188575194
85.313827514648,86.60363754055106
74.673477172852,75.63869112929912
69.755081176758,68.89963754028086
64.264236450195,63.86379526791736
58.229713439941,58.89712385903838
53.805316925049,52.3729569990915
47.735221862793,47.7634306734672
41.349189758301,41.62655018445236
33.396743774414,33.9697896797236
15.548227310181,15.349705541948712
10.12760925293,10.290751144495541
6.3240432739258,6.388200000186015
3.4391098022461,3.133104161509215
0.82186096906662,0.6885830915700688
0.0,0.009074717268941285
0.0,0.0
0.0,0.0
0.0,0.0
0.0,0.0
0.0,0.0
0.0,0.0
0.0,0.0
0.0,0.0
0.0,0.0
0.0,0.0
0.0,0.0
0.0,0.0
0.0,0.0
0.0,0.0
0.0,0.0
0.0,0.0
0.0,0.0
0.0,0.0
0.0,0.0
0.0,0.0
0.0,0.0
0.0,0.0
0.0,0.0
0.0,0.0
0.0,0.0
0.0,0.0
0.0,0.0
0.0,0.0
0.0,0.0
0.0,0.0
0.0,0.0
0.0,0.0
0.0,0.0
0.0,0.0
0.0,0.0
0.0,0.0
0.0,0.0
0.0,0.0
0.0,0.0
0.0,0.0
0.0,0.0
0.0,0.0
0.0,0.0
0.0,0.0
0.0,0.0
0.0,0.0
0.0,0.0
0.0,0.0
0.0,0.0
0.0,0.0
0.0,0.0
0.0,0.0
0.0,0.0
0.0,0.0
0.0,0.0
0.0,0.0
0.0,0.0
0.0,0.0
0.0,0.0
0.0,0.0
0.0,0.0
0.0,0.0
0.0,0.0
0.0,0.0
0.0,0.0
0.0,0.0
0.0,0.0
0.0,0.0
0.0,0.0
0.0,0.0
0.0,0.0
0.0,0.0
0.0,0.0
0.0,0.0
0.0,0.0
0.0,0.0
0.0,0.0
0.0,0.0
0.0,0.0
0.0,0.0
0.0,0.0
0.0,0.0
0.0,0.0
0.0,0.0
0.0,0.0
0.0,0.0
0.0,0.0
0.0,0.0
0.0,0.0
0.0,0.0
0.0,0.0
0.0,0.0
0.0,0.0
0.0,0.0
0.0,0.0
0.0,0.0
0.0,0.0
0.0,0.0
0.0,0.0
0.0,0.0
0.0,0.0
0.0,0.0
0.0,0.0
0.0,0.0
0.0,0.0
0.0,0.0
0.0,0.0
0.0,0.0
0.0,0.0
0.0,0.0
0.0,0.0
0.0,0.0
0.0,0.0
0.0,0.0
0.0,0.0
0.0,0.0
0.0,0.0
0.0,0.0
0.0,0.0
0.0,0.0
0.0,0.0
0.0,0.0
0.0,0.0
0.0,0.0
0.0,0.0
0.0,0.0
0.0,0.0
0.0,0.0
0.0,0.0
0.0,0.0
0.0,0.0
0.0,0.0
0.0,0.0
0.0,0.0
0.0,0.0
0.0,0.0
0.0,0.0
0.0,0.0
0.0,0.0
0.0,0.0
0.0,0.0
0.0,4.033982973853877e-06
0.0,4.033982973853877e-06
0.0,4.033982973853877e-06
0.0,4.033982973853877e-06
0.0,4.033982973853877e-06
0.0,4.033982973853877e-06
0.0,4.033982973853877e-06
0.0,4.033982973853877e-06
0.0,4.033982973853877e-06
0.0,4.033982973853877e-06
0.0,4.033982973853877e-06
0.0,4.033982973853877e-06
0.0,1.0509808435142757e-05
0.0,1.0509808435142757e-05
0.0,1.0509808435142757e-05
0.0,1.0509808435142757e-05
0.0,1.0509808435142757e-05
0.0,1.0509808435142757e-05
0.0,0.05872547193358523
0.59741997718811,0.7351078351903093
2.6687500476837,2.637991114229927
5.1822237968445,5.36358051379426
8.6866769790649,8.378925910945625
13.573740005493,12.867760463691928
19.117668151855,18.61370227138804
25.221366882324,23.80226460227768
31.208995819092,29.611405379932968
38.355201721191,37.566212664606454
44.990242004395,45.126647003512744
52.525444030762,51.584075505908146
58.257144927979,57.05423124678704
63.164035797119,63.402966873312835
68.516151428223,68.445052662393
68.819557189941,74.2504689691154
75.754936218262,75.3507218025156
82.32103729248,80.06550705545466
87.928558349609,86.07540341958628
92.359962463379,92.43920279612223
96.619850158691,96.90595818684677
101.00328826904,100.36422246135426
105.64430999756,104.90092344458435
110.38577270508,109.5834802576803
114.74959564209,114.4086501706634
117.71997833252,117.94572235395397
123.50326538086,121.67211501331676
127.42394256592,127.01861496387966
130.19198608398,131.1939042423907
133.6697845459,133.83536421520864
138.02607727051,136.93507924324774
141.45719909668,141.3055683682218
143.92970275879,144.32594223254083
146.806640625,147.03089697156477
151.14904785156,149.7158242409497
143.46444702148,153.97127629736968
134.30429077148,145.61271801961098
140.52476501465,144.495809196392
144.17393493652,149.4642002550862
143.14778137207,148.42004247254619
138.31437683105,147.5612909148102
154.20053100586,151.48230373459097
115.53854370117,130.48095600377707
114.83358764648,122.3952707860438
118.89337158203,121.75610714565518
110.96548461914,122.7993549382669
121.58115386963,138.20595876656998
140.21304321289,146.61893167133988
115.1417388916,124.8739127462413
106.1941986084,120.07510379826999
95.691207885742,106.581785784785
88.529762268066,100.39600482808372
94.037086486816,108.65215176696219
98.832672119141,108.51294909410971
136.9634552002,147.54198931394254
181.72601318359,172.44217193501152
176.38348388672,166.97948715358146
192.69691467285,153.30006445277598
186.32841491699,179.73194604046716
182.15490722656,181.89741624872124
187.51284790039,185.95241649201924
192.30395507812,185.59542295453628
181.08651733398,191.63911887578627
183.92715454102,172.16513754785944
178.7380065918,179.35742459739222
175.32513427734,177.76455551434645
174.01962280273,168.31281194093933
172.74229431152,172.24001617674753
163.67893981934,165.44321420128023
157.6481628418,157.0496231794702
152.82220458984,153.29219547556983
150.20597839355,149.91212647610283
121.07405853271,140.0272539258005
96.196296691895,96.07677187555171
86.083168029785,79.70193343485244
65.334747314453,65.72789059982483
53.874950408936,54.242842518021995
47.833862304688,47.81145391704706
34.684188842773,34.472918596217575
28.080825805664,27.690385144729643
0.8629577755928,0.6588778123371603
0.0,0.0
0.0,0.0
0.0,0.0
0.0,0.0
0.0,0.0
0.0,0.0
0.0,0.0
0.0,0.0
0.0,0.0
0.0,0.0
0.0,0.0
0.0,0.0
0.0,0.0
0.0,0.0
0.0,0.0
0.0,0.0
0.0,0.0
0.0,0.0
0.0,0.0
0.0,0.0
0.0,0.0
0.0,0.0
0.0,0.0
0.0,0.0
0.0,0.0
0.0,0.0
0.0,0.0
0.0,0.0
0.0,0.0
0.0,0.0
0.0,0.0
0.0,0.0
0.0,0.0
0.0,0.0
0.0,0.0
0.0,0.0
0.0,0.0
0.0,4.033982973853877e-06
0.0,4.033982973853877e-06
0.0,4.033982973853877e-06
0.0,1.0509808435142757e-05
0.0,0.5104005684861196
5.0732464790344,9.410811635217101
8.4332475662231,7.759288275027113
12.908075332642,16.31113588188385
45.106735229492,45.08604639536608
51.78621673584,50.84598278344552
108.42482757568,108.51798641115703
124.74819946289,124.75317180884446
141.41918945312,141.04215821802828
144.6481628418,143.02121349399107
149.32904052734,151.53628154609282
151.69750976562,152.45512881417747
154.05899047852,153.90150585663227
156.42878723145,155.3708344317688
158.35578918457,158.70354388212357
162.8824005127,159.7825111957312
165.13836669922,164.89433388516824
167.17175292969,166.99003373215473
168.75981140137,168.94341353431554
176.41366577148,170.72197811390873
179.47082519531,179.54417074271765
180.47268676758,180.79592752273544
180.55624389648,181.16436512466976
180.8967590332,181.72703837023644
183.45742797852,183.7192319868796
183.22239685059,184.5399276371956
183.6967010498,182.7557937965057
176.63716125488,177.14141706495977
169.66622924805,169.1953621308319
166.42309570312,166.01933460449615
163.62890625,163.1221438621031
159.18002319336,159.08823695228267
157.2300567627,156.8546379943516
155.10565185547,154.94905208853103
152.80807495117,153.6634381386093
151.05911254883,151.15651127869856
148.40634155273,148.6286697708998
136.91616821289,136.99510659107017
118.53315734863,119.01211101260999
106.99140930176,106.7984481205344
98.331130981445,98.30874730355056
47.385990142822,49.76516504130324
42.740814208984,43.84810499025805
10.937477111816,11.71497490007245
6.6357908248901,10.657412578772309
0.86756628751755,3.198914854205335
0.0,0.0
0.0,0.0
0.0,0.0
0.0,0.0
0.0,0.0
0.0,0.0
0.0,0.0
0.0,0.0
0.0,0.0
0.0,0.0
0.0,0.0
0.0,0.0
0.0,0.0
0.0,0.0
0.0,0.0
0.0,0.0
0.0,0.0
0.0,0.0
0.0,0.0
0.0,0.0
0.0,0.0
0.0,0.0
0.0,0.0
0.0,0.0
0.0,0.0
0.0,0.0
0.0,0.0
0.0,0.0
0.0,0.0
0.0,0.0
0.0,0.0
0.0,0.0
0.0,0.0
0.0,0.0
0.0,0.0
0.0,0.0
0.0,4.033982973853877e-06
0.0,0.06809637385421002
0.0,4.033982973853877e-06
0.0,4.033982973853877e-06
31.080377578735,31.609470233101288
37.906360626221,36.68950434775524
55.338619232178,54.3413806365414
130.31129455566,131.78912637166277
132.60614013672,134.2905899351852
138.18183898926,137.62422146814478
145.95220947266,146.9309733205566
151.60014343262,152.66720222781098
155.13357543945,156.18384063819988
157.88096618652,158.08107352107177
160.45376586914,160.36058280591425
162.37251281738,162.4191811200889
167.19674682617,168.28239939984013
168.81266784668,169.82063560389017
175.74923706055,176.15209685007994
176.82046508789,178.0539462447159
177.16204833984,171.67575969379814
176.99458312988,177.86914396633497
177.70938110352,177.41531733974307
181.0143737793,180.2775045849782
178.50405883789,172.3155986004975
171.40390014648,171.17298351573527
167.73599243164,167.40488516053836
162.91207885742,162.47920370727394
159.37809753418,158.864763623869
157.86123657227,156.88324827466374
154.60864257812,154.14359836813284
142.05966186523,141.75402870713023
138.86122131348,138.4715920829737
133.03321838379,131.1496814663253
130.08909606934,128.9341396688487
126.67291259766,125.26669682858699
123.32785797119,122.68737359981586
104.25560760498,106.13571581346523
83.219520568848,83.21947872273616
78.0341796875,78.02402815908498
65.327171325684,67.1074434884424
60.320274353027,60.03060590746331
49.767539978027,49.63411169409464
43.750076293945,42.94064248877515
36.981460571289,37.62817921786731
30.204744338989,31.28937311256132
22.941833496094,24.68114641796669
17.080907821655,17.80162687190056
11.256332397461,18.09388026815358
6.7968778610229,11.772471077811621
3.663284778595,6.166921099618583
0.84999966621399,3.2103502606404386
0.0,0.0
0.0,7.238156669508129e-06
0.0,7.238156669508129e-06
0.0,0.0
0.0,0.0
0.0,0.0
0.0,0.0
0.0,0.0
0.0,0.0
0.0,0.0
0.0,0.0
0.0,0.0
0.0,0.0
0.0,0.0
0.0,0.0
0.0,0.0
0.0,0.0
0.0,0.0
0.0,0.0
0.0,0.0
0.0,0.0
0.0,0.0
0.0,0.0
0.0,0.0
0.0,0.0
0.0,0.0
0.0,0.0
0.0,0.0
0.0,0.0
0.0,0.0
0.0,0.0
0.0,0.0
0.0,0.0
0.0,0.0
0.0,0.0
0.0,0.0
0.0,0.0
0.0,0.0
0.0,0.0
0.0,0.0
0.0,0.0
0.0,0.0
0.0,0.0
0.0,0.0
0.0,4.033982973853877e-06
0.0,4.033982973853877e-06
0.0,4.033982973853877e-06
0.0,4.033982973853877e-06
0.0,4.033982973853877e-06
0.0,0.06809637385421002
0.0,4.033982973853877e-06
74.824516296387,76.00927528019724
79.944496154785,79.90813517925051
91.248107910156,89.81356347965321
108.19657897949,108.57954045818622
120.33834838867,118.16108163492187
127.54650878906,126.45073160753795
130.9352722168,131.5000137310647
134.22856140137,134.28184359949168
153.22134399414,154.2443083035144
167.27792358398,168.3152368868984
168.77345275879,168.7756381641004
171.52247619629,172.37617881207112
175.48648071289,173.93012082666576
177.34075927734,176.5504283994957
178.4397277832,178.26976079868652
178.94668579102,179.4009941441747
179.1845703125,179.8885619257605
179.03094482422,180.40107369769768
178.93286132812,180.00951339895465
178.79650878906,179.65680655653892
178.26971435547,177.8414945598909
178.17175292969,177.8105422660775
177.33787536621,177.3343445939578
176.60357666016,176.85516838073872
175.82684326172,175.19498995798222
175.02110290527,174.9995041871488
172.54461669922,169.9362903005482
171.29830932617,172.01326447805977
170.87780761719,170.71814197508147
169.0651550293,169.1214986065804
165.67279052734,165.60224050120217
163.97813415527,163.69019311877673
163.26768493652,160.88411536079116
143.13450622559,142.17404471576398
137.88330078125,136.8929794084986
120.25746154785,120.16933865614135
99.741989135742,100.51790888304721
86.255958557129,87.22767903646381
72.516799926758,72.87535686301015
11.724411010742,12.349249582897077
0.0,1.5197746751045023e-05
0.0,0.0
0.0,7.238156669508129e-06
0.0,0.0
0.0,0.0
0.0,0.0
0.0,0.0
0.0,0.0
0.0,0.0
0.0,0.0
0.0,0.0
0.0,0.0
0.0,0.0
0.0,0.0
0.0,0.0
0.0,0.0
0.0,0.0
0.0,0.0
0.0,0.0
0.0,0.0
0.0,0.0
0.0,0.0
0.0,0.0
0.0,0.0
0.0,0.0
0.0,0.0
0.0,0.0
0.0,0.0
0.0,0.0
0.0,0.0
0.0,0.0
0.0,0.0
0.0,0.0
0.0,0.0
0.0,0.0
0.0,0.0
0.0,0.0
0.0,0.0
0.0,0.0
0.0,0.0
0.0,0.0
0.0,0.0
0.0,0.0
0.0,0.0
0.0,0.0
0.0,0.0
0.0,0.0
0.0,0.0
0.0,4.033982973853877e-06
0.0,4.033982973853877e-06
0.0,4.033982973853877e-06
0.0,4.033982973853877e-06
0.0,4.033982973853877e-06
0.0,4.033982973853877e-06
0.0,4.033982973853877e-06
0.0,4.033982973853877e-06
0.0,4.033982973853877e-06
0.0,4.033982973853877e-06
0.0,4.033982973853877e-06
0.0,1.0509808435142757e-05
0.0,0.10490806811318533
0.0,0.03138207167456735
2.5027692317963,2.451662051241164
12.766754150391,12.765515861006804
23.603391647339,23.052138366811654
56.684616088867,57.286344113295534
71.685447692871,71.80702576257245
77.953735351562,77.30757556866476
83.626945495605,82.77970791945579
87.698104858398,86.80786077233721
101.31037902832,100.42474392952055
105.99750518799,105.51361812145147
109.83428955078,110.25047139076003
113.85451507568,114.12989168396236
125.36543273926,124.76221718027212
132.68014526367,132.7477650061363
149.73355102539,149.76853176985014
156.4535369873,155.91515474994537
162.46032714844,163.14041648333725
177.68711853027,172.3928590513232
177.32563781738,177.29497023582854
176.95335388184,176.59245414430717
175.91651916504,169.44977827698366
175.29364013672,174.99349202897793
174.15673828125,173.97919757018278
173.69255065918,173.05370303446492
171.46090698242,169.61474646272217
170.37913513184,170.66031135822925
168.45637512207,167.93564917605312
167.4965057373,164.2729767120716
166.19941711426,165.69144484330158
147.00543212891,146.61175751643964
112.95010375977,112.41454944825793
88.537536621094,87.52175234489158
83.432357788086,84.77381462693901
52.225696563721,51.749899199043604
1.3139802217484,3.277299806064891
0.0,0.0
0.0,0.0
0.0,0.0
0.0,0.0
0.0,0.0
0.0,0.0
0.0,0.0
0.0,0.0
0.0,0.0
0.0,0.0
0.0,0.0
0.0,0.0
0.0,0.0
0.0,0.0
0.0,0.0
0.0,0.0
0.0,0.0
0.0,0.0
0.0,0.0
0.0,0.0
0.0,0.0
0.0,0.0
0.0,0.0
0.0,0.0
0.0,0.0
0.0,0.0
0.0,0.0
0.0,0.0
0.0,0.0
0.0,0.0
0.0,0.0
0.0,0.0
0.0,0.0
0.0,0.0
0.0,0.0
0.0,0.0
0.0,0.0
0.0,0.0
0.0,0.0
0.0,0.06809637385421002
0.0,4.033982973853877e-06
0.0,4.033982973853877e-06
0.0,4.033982973853877e-06
0.0,4.033982973853877e-06
0.0,4.033982973853877e-06
0.0,1.0509808435142757e-05
0.0,1.0509808435142757e-05
0.0,1.0509808435142757e-05
0.027817249298096,0.14471125013790948
6.1747999191284,8.685624827354406
8.6429586410522,9.189419244818193
17.930978775024,19.88910584171588
46.410480499268,40.52572602699294
40.342109680176,33.180019339758395
86.322624206543,74.14437108671274
61.12670135498,84.8452650504742
53.103656768799,59.61158464879462
54.869857788086,51.04777761529378
137.80590820312,125.49434820338377
113.80879974365,121.18849921568454
136.37550354004,140.7091277963686
155.76940917969,144.34899238692114
164.30352783203,149.92725848496232
158.9787902832,161.23590395053964
116.23515319824,117.34393901015169
137.53761291504,142.2193647793476
136.40225219727,135.92460532441308
125.78337097168,137.24131980363197
158.02969360352,165.10817983843893
153.18576049805,154.87840199068623
165.75152587891,165.3053005872288
142.3049621582,143.74952085862984
145.38304138184,139.04976246071587
126.44566345215,143.25514801306517
149.89349365234,148.9500356245784
165.75567626953,165.43767718820186
163.01843261719,164.46874119092078
133.39859008789,148.53467561972215
149.11111450195,140.16040916129947
150.97204589844,143.1362591479376
141.72463989258,141.2921219881254
135.48910522461,132.82054516095204
128.5675201416,127.35820249052719
124.51935577393,123.97107595845004
103.74501037598,102.21360010800649
91.361999511719,90.80812464383261
48.234497070312,47.33765707272084
30.056873321533,30.38961640918896
12.369349479675,12.766018223415834
4.4664521217346,4.450856428091626
1.6637732982635,1.574327658423414
0.0,0.0
0.0,7.238156669508129e-06
0.0,0.0
0.0,0.0
0.0,0.0
0.0,0.0
0.0,0.0
0.0,0.0
0.0,0.0
0.0,0.0
0.0,0.0
0.0,0.0
0.0,0.0
0.0,0.0
0.0,0.0
0.0,0.0
0.0,0.0
0.0,0.0
0.0,0.0
0.0,0.0
0.0,0.0
0.0,0.0
0.0,0.0
0.0,0.0
0.0,0.0
0.0,0.0
0.0,0.0
0.0,0.0
0.0,0.0
0.0,0.0
0.0,0.0
0.0,0.0
0.0,0.0
0.0,0.0
0.0,0.0
0.0,0.0
0.0,0.0
0.0,0.0
0.0,0.0
0.0,0.06809637385421002
0.0,4.033982973853877e-06
0.0,4.033982973853877e-06
0.0,4.033982973853877e-06
0.0,0.10490806811318533
0.0,0.10490806811318533
0.0,1.0509808435142757e-05
0.0,1.0509808435142757e-05
0.0,0.06109834155847899
2.802125453949,3.156509651986419
5.4599990844727,6.055354143223576
8.9097909927368,9.629010703085031
13.447667121887,16.9530109778197
18.94540977478,23.020570593571538
24.757211685181,26.213390810684526
37.400455474854,36.87154044931137
43.437854766846,43.98150551615507
49.404769897461,49.68148332941863
77.165458679199,76.72141693620749
92.013366699219,90.11986739565442
100.95251464844,99.98356222184815
105.71215820312,104.81769372396896
118.47483062744,115.60465392106438
126.17774200439,126.4849040039436
144.04960632324,144.41940503760546
147.23503112793,147.23103192577224
152.37553405762,155.2665976798361
157.38955688477,154.43218291978624
178.09289550781,178.4149628847419
182.6510925293,183.67798030557285
185.08578491211,183.82002824204403
185.66851806641,184.67048628624877
186.82524108887,183.33597538068335
187.98406982422,190.25440267147977
182.3358001709,188.2776338094006
185.07121276855,185.2028908923489
184.16575622559,183.83935596270544
181.21014404297,183.61424940460324
178.85513305664,179.0463149658569
175.84045410156,176.42438504007464
174.14199829102,173.6111026845296
173.3272857666,172.25879792478256
168.25216674805,168.09075449114823
165.90394592285,164.89642655393692
161.12315368652,162.28294564569447
159.59167480469,159.024159749003
156.90979003906,156.2512226865825
154.76600646973,154.72229143504703
151.70552062988,152.67889976921288
149.12236022949,148.83022444685665
146.89984130859,146.05989910377633
143.00801086426,141.40437345590203
138.21745300293,139.67955984048845
135.17250061035,134.95404676040673
131.94573974609,131.66884652949858
129.34715270996,127.48633958167414
125.36693572998,125.38801431103043
119.29512786865,119.14745132794783
93.916122436523,94.04115883282476
38.906383514404,41.04435145717896
5.1820893287659,5.3040838929998495
0.0,0.0035058044317118446
0.0,0.0
0.0,0.0
0.0,0.0
0.0,0.0
0.0,0.0
0.0,0.0
0.0,0.0
0.0,0.0
0.0,0.0
0.0,0.0
0.0,0.0
0.0,0.0
0.0,0.0
0.0,0.0
0.0,0.0
0.0,0.0
0.0,0.0
0.0,0.0
0.0,0.0
0.0,0.0
0.0,0.0
0.0,0.0
0.0,0.0
0.0,0.0
0.0,0.0
0.0,0.0
0.0,0.0
0.0,0.0
0.0,0.0
0.0,0.0
0.0,0.0
0.0,0.0
0.0,0.0
0.0,0.0
0.0,0.0
0.0,0.0
0.0,0.0
0.0,0.0
0.0,0.0
0.0,0.0
0.0,0.0
0.0,0.0
0.0,0.0
0.0,0.0
0.0,0.0
0.0,0.0
0.0,0.0
0.0,0.0
0.0,0.0
0.0,0.0
0.0,0.0
0.0,0.0
0.0,0.0
0.0,0.0
0.0,0.0
0.0,0.0
0.0,0.0
0.0,0.0
0.0,0.0
0.0,0.0
0.0,0.0
0.0,0.0
0.0,4.033982973853877e-06
0.0,4.033982973853877e-06
20.64076423645,22.517394502839306
46.628551483154,45.44567309474398
52.745239257812,52.11741371886067
75.466094970703,74.94756304060188
81.109924316406,80.4572339609029
86.078536987305,85.79470768184302
90.919555664062,89.60387499532261
95.64631652832,88.33795184547627
99.905807495117,99.45508625932234
104.35388946533,104.1989815315064
109.2292098999,108.78665848414737
121.69551086426,121.54487841820759
129.37908935547,128.9306542992607
141.21730041504,140.73010751821246
144.54969787598,144.29645278422012
147.38845825195,147.48723501034158
150.38519287109,150.22048983553358
158.92903137207,157.73531365227598
161.6501159668,162.14963930302272
164.25559997559,163.59744696266293
165.51292419434,166.3353336087007
169.66966247559,170.10801346329023
172.05801391602,170.85722753858778
173.31344604492,173.69137853523856
175.04563903809,175.0523470022722
176.83894348145,176.29441042670578
178.20822143555,178.30992623092888
181.00662231445,178.95911601709167
183.85456848145,183.4206125947064
184.83367919922,184.9145286835158
186.10118103027,185.9267285799926
186.46127319336,186.78007736715105
184.88345336914,186.01239633550745
184.97019958496,181.7861116271406
184.23237609863,183.77802957312366
178.31121826172,178.7049143611935
176.86726379395,177.1912131859904
172.9591217041,170.49804923254845
171.94448852539,170.63555191618045
170.85385131836,169.82007686251137
167.65701293945,168.88167018710146
167.7843170166,165.74670516249492
162.24798583984,163.5284832728104
160.44160461426,160.1202505870106
159.45903015137,157.06214607512842
157.11511230469,156.9312409878945
153.91879272461,154.8241125129713
152.99844360352,151.71132547764492
150.33480834961,150.6990630636672
146.95309448242,147.42676884390784
109.04859924316,106.14043348989844
40.296352386475,39.97921418945924
20.182151794434,24.60180303998392
0.0,0.11529236616060864
0.0,0.0
0.0,0.0
0.0,0.0
0.0,0.0
0.0,0.0
0.0,0.0
0.0,0.0
0.0,9.399760472096147e-05
0.0,0.0
0.0,0.0
0.0,0.0
0.0,0.0
0.0,0.0
0.0,0.0
0.0,0.0
0.0,0.0
0.0,0.0
0.0,0.0
0.0,0.0
0.0,0.0
0.0,0.0
0.0,0.0
0.0,0.0
0.0,0.0
0.0,0.0
0.0,0.0
0.0,0.0
0.0,0.0
0.0,0.0
0.0,0.0
0.0,0.0
0.0,0.0
0.0,0.0
0.0,0.0
0.0,0.0
0.0,0.0
0.0,0.0
0.0,0.0
0.0,0.0
0.0,0.0
0.0,0.0
0.0,0.0
0.0,0.0
0.0,0.0
0.0,0.0
0.0,0.0
0.0,0.0
0.0,0.0
0.0,0.0
0.0,0.0
0.0,0.0
0.0,0.0
0.0,0.0
0.0,0.0
0.0,0.0
0.0,0.0
0.0,0.0
0.0,0.0
0.0,0.0
0.0,0.0
0.0,0.0
0.0,0.0
0.0,0.0
0.0,0.0
0.0,0.0
0.0,0.0
0.0,0.0
0.0,0.0
0.0,0.0
0.0,0.0
0.0,0.0
0.0,0.0
0.0,0.0
0.0,4.033982973853877e-06
0.0,0.06809637385421002
0.0,0.06809637385421002
0.0,4.033982973853877e-06
0.0,4.033982973853877e-06
0.0,4.033982973853877e-06
0.0,0.10490806811318533
0.0,0.10490806811318533
0.0,0.10490806811318533
0.0,1.0509808435142757e-05
0.0,0.17169556485026774
27.085222244263,25.852311343157176
58.011344909668,56.61272912660324
85.445999145508,85.3719573813208
120.15163421631,120.14807634294479
123.91223144531,122.31525276066728
127.46575164795,127.72253044451355
131.10363769531,131.51089765581077
133.92279052734,134.58038454702924
138.67440795898,139.17803750189512
142.23292541504,142.05909155303698
144.69940185547,145.6192969183394
147.27186584473,148.01094943625642
150.95320129395,150.4652152904291
152.36891174316,153.48874232396037
154.79652404785,154.9799310188981
156.94882202148,157.60811085975251
159.76484680176,157.96259059758137
162.89790344238,159.46965165013972
162.70469665527,164.83720866372593
162.8348236084,164.7919585665831
163.67422485352,165.191150012769
168.34133911133,169.47778222563508
175.80026245117,172.5106799012689
179.0661315918,176.25181293600082
179.0973815918,179.062881939803
181.1731262207,181.47819401785046
182.7322845459,183.08719458623585
179.41496276855,182.65775956689234
180.50186157227,178.78632901753164
178.35134887695,179.07608941273725
178.99571228027,175.86194548391146
161.77290344238,161.25898127114556
152.04905700684,151.0434018026789
149.27420043945,148.76290471150196
130.75932312012,130.41587463468238
121.00901031494,119.71455749029454
112.21559143066,110.90733145626056
86.963920593262,85.46297303220497
74.126083374023,73.66723297857932
5.9762659072876,6.320557091668014
0.0,7.238156669508129e-06
0.0,0.0
0.0,0.0
0.0,0.0
0.0,0.0
0.0,0.0
0.0,0.0
0.0,0.0
0.0,0.0
0.0,0.0
0.0,0.0
0.0,0.0
0.0,0.0
0.0,0.0
0.0,0.0
0.0,0.0
0.0,0.0
0.0,0.0
0.0,0.0
0.0,0.0
0.0,0.0
0.0,0.0
0.0,0.0
0.0,0.0
0.0,0.0
0.0,0.0
0.0,0.0
0.0,0.0
0.0,0.0
0.0,0.0
0.0,0.0
0.0,0.0
0.0,0.0
0.0,0.0
0.0,0.0
0.0,0.0
0.0,0.0
0.0,0.0
0.0,0.0
0.0,4.033982973853877e-06
0.0,4.033982973853877e-06
0.0,4.033982973853877e-06
0.0,1.0509808435142757e-05
0.0,1.0509808435142757e-05
10.348073959351,9.849685565820673
15.17898273468,13.257414026299152
27.564390182495,26.23557536238748
52.096603393555,50.75857879232711
62.477088928223,62.19246615162672
68.138305664062,67.22532442173856
148.85285949707,149.19113186212783
154.49182128906,153.46463870825946
161.51773071289,161.56778544677246
183.41279602051,183.93083728277645
183.99517822266,183.78186824801134
185.46534729004,184.4911538224997
184.99691772461,185.02093708443903
184.40512084961,185.52606390801827
184.3620300293,184.79060890961506
184.26110839844,183.73164080876177
184.0895690918,183.59897948249872
183.95663452148,183.41474363567002
183.63594055176,182.9550997285793
184.36625671387,182.81818301185135
183.1619720459,183.64767813804596
180.90139770508,182.3625232131455
180.48376464844,180.311829008969
179.97406005859,180.09996423770988
178.93626403809,179.03988077537034
175.81678771973,174.07969614312304
173.88305664062,174.1495041463947
170.80348205566,169.8685538506247
168.77517700195,166.8034853672217
167.47085571289,166.470151564054
163.03259277344,162.49193091825398
160.6453704834,160.77173540630173
158.85699462891,158.5542000564668
156.65565490723,156.2981376611694
151.89739990234,153.05499834655288
148.54754638672,149.85634741073957
121.63552856445,118.67583719797113
41.06400680542,41.45404376992064
35.429916381836,34.23692387377947
21.267024993896,25.17610919693398
10.764679908752,13.36318162167286
6.3021693229675,9.79412811203918
0.0,0.0
0.0,0.0
0.0,0.0
0.0,0.0
0.0,0.0
0.0,0.0
0.0,0.0
0.0,0.0
0.0,0.0
0.0,0.0
0.0,0.0
0.0,0.0
0.0,0.0
0.0,0.0
0.0,0.0
0.0,0.0
0.0,0.0
0.0,0.0
0.0,0.0
0.0,0.0
0.0,0.0
0.0,0.0
0.0,0.0
0.0,0.0
0.0,0.0
0.0,0.0
0.0,0.0
0.0,0.0
0.0,0.0
0.0,0.0
0.0,0.0
0.0,0.0
0.0,0.0
0.0,0.0
0.0,0.0
0.0,0.0
0.0,0.0
0.0,0.0
0.0,0.0
0.0,0.0
0.0,0.0
0.0,4.033982973853877e-06
0.0,4.033982973853877e-06
0.0,4.033982973853877e-06
0.0,4.033982973853877e-06
0.0,4.033982973853877e-06
0.0,1.0509808435142757e-05
3.2452826499939,3.727997477599402
9.6811332702637,9.155613846364167
43.397106170654,44.079735480454104
54.797248840332,54.16169361240496
60.335678100586,58.923769404995205
131.59339904785,132.2278990782206
146.82078552246,147.3708460291627
154.92552185059,155.24882973893855
171.83609008789,172.41021309153766
172.82531738281,172.2055708022889
177.29470825195,173.93293531025213
179.96653747559,174.3174105066849
164.53303527832,156.40276835396068
130.65121459961,140.4434688985698
135.38555908203,143.14451347571608
96.101791381836,104.87146121496122
78.106170654297,85.22174333451525
62.447956085205,65.96554920161792
60.925575256348,65.2999759301298
68.580764770508,68.7501220446263
58.768379211426,57.96901843535802
51.187496185303,52.379439843695394
29.049228668213,31.43351226009227
25.792085647583,28.927121005301263
26.796663284302,29.60180255796234
29.150045394897,31.09281090671589
44.152431488037,41.16267531356722
47.172508239746,41.204541483129276
16.664861679077,17.453384661908256
8.7716379165649,8.922813838466507
3.5987849235535,5.309857067413021
2.2663955688477,3.707778913445435
0.0,7.238156669508129e-06
0.0,0.0
0.0,0.0
0.0,0.0
0.0,0.0
0.0,0.0
0.0,0.0
0.0,0.0
0.0,0.0
0.0,0.0
0.0,0.0
0.0,0.0
0.0,0.0
0.0,0.0
0.0,0.0
0.0,0.0
0.0,0.0
0.0,0.0
0.0,0.0
0.0,0.0
0.0,0.0
0.0,0.0
0.0,0.0
0.0,0.0
0.0,0.0
0.0,0.0
0.0,0.0
0.0,0.0
0.0,0.0
0.0,0.0
0.0,0.0
0.0,0.0
0.0,0.0
0.0,0.0
0.0,0.0
0.0,0.0
0.0,0.0
0.0,0.030954985431684214
0.0,0.0
0.0,0.0
0.0,0.0
0.0,0.0
0.0,0.0
0.0,0.0
0.0,0.0
0.0,0.0
0.0,0.0
0.0,0.0
0.0,0.0
0.0,0.0
0.0,0.0
0.0,0.0
0.0,0.0
0.0,0.0
0.0,0.0
0.0,0.0
0.0,0.0
0.0,4.033982973853877e-06
0.0,0.06809637385421002
0.0,4.033982973853877e-06
0.0,4.033982973853877e-06
0.0,4.033982973853877e-06
0.0,4.033982973853877e-06
0.0,0.10490806811318533
0.0,1.0509808435142757e-05
0.0,1.0509808435142757e-05
0.0,1.0509808435142757e-05
0.0,1.0509808435142757e-05
0.0,0.10094526129660536
0.0,0.23148483333550565
0.69877463579178,0.7028204347498332
11.650249481201,10.366286989922218
28.661100387573,24.491612228188938
46.182735443115,43.8344074600743
34.139575958252,44.52583800200877
40.190521240234,37.527767739140096
46.055637359619,48.3108359536018
26.734197616577,33.351855709791494
94.68017578125,93.8411963293723
124.12873840332,118.67269811435527
156.04913330078,144.45703545673362
147.01625061035,153.53180441532504
174.10760498047,172.18066358052448
135.02200317383,128.0375483644037
175.81645202637,165.6451618011462
177.48425292969,175.7511327772971
178.10977172852,164.99866543877525
186.41998291016,179.72932484883114
188.53005981445,187.0768608710286
188.88221740723,189.15254680132753
188.88549804688,188.93416902235558
190.48760986328,189.8554630798929
189.65898132324,189.37200776136626
187.61351013184,188.59977579841578
187.58474731445,186.78185321094222
189.64198303223,186.81782187925717
187.51065063477,183.78076749655767
169.65126037598,169.60214587307885
155.38182067871,155.38339689413857
149.80194091797,149.71128960751375
146.78823852539,147.31679352120327
137.79020690918,137.72695685159502
131.47099304199,131.10621310432606
127.65791320801,127.72203699386753
119.90511322021,119.20632976844448
116.48568725586,114.61418628291294
112.50535583496,111.59040125167711
88.523941040039,88.24627514230335
82.8671875,84.59017058684614
72.344375610352,72.22605147142977
66.409927368164,66.87010978771454
11.92230796814,11.9307316300017
0.9906519651413,0.9231144523975771
0.0,0.0
0.0,0.0
0.0,0.0
0.0,0.0
0.0,0.0
0.0,0.0
0.0,0.0
0.0,0.0
0.0,0.0
0.0,0.0
0.0,0.0
0.0,0.0
0.0,0.0
0.0,0.0
0.0,0.0
0.0,0.0
0.0,0.0
0.0,0.0
0.0,0.0
0.0,0.0
0.0,0.0
0.0,0.0
0.0,0.0
0.0,0.0
0.0,0.0
0.0,0.0
0.0,0.0
0.0,0.0
0.0,0.0
0.0,0.0
0.0,0.0
0.0,0.0
0.0,0.0
0.0,0.0
0.0,0.0
0.0,0.0
0.0,0.0
0.0,0.0
0.0,0.0
0.0,0.0
0.0,0.0
0.0,0.0
0.0,0.0
0.0,0.0
0.0,0.0
0.0,0.0
0.0,0.0
0.0,0.0
0.0,0.0
0.0,0.0
0.0,0.0
0.0,0.0
0.0,0.0
0.0,0.0
0.0,0.0
0.0,0.0
0.0,0.0
0.0,0.0
0.0,0.0
0.0,0.0
0.0,0.0
0.0,4.033982973853877e-06
0.0,0.06809637385421002
0.0,0.06809637385421002
0.0,0.06809637385421002
0.0,4.033982973853877e-06
0.0,1.0509808435142757e-05
0.0,1.0509808435142757e-05
0.0,1.0509808435142757e-05
0.0,1.0509808435142757e-05
0.0,1.0509808435142757e-05
75.672271728516,75.40244182308831
81.064193725586,80.12873218875943
86.041145324707,85.83545304216109
95.654167175293,95.41920389339978
114.62464904785,114.29704149897923
141.62770080566,141.51846061037259
155.02180480957,154.03826482531218
157.87109375,157.65356437270142
160.49296569824,159.6939051040658
165.52960205078,164.90155587934905
167.60504150391,167.75947019665608
169.33245849609,169.36723870020882
173.67491149902,173.31117401648729
177.56851196289,177.48770068122903
179.02984619141,178.7574132199209
180.62902832031,180.29500237786885
182.00473022461,182.0561443596825
182.9310760498,183.17568837768673
184.57934570312,184.0061832755365
185.62692260742,185.67051028832137
186.99682617188,186.19793777600017
188.02575683594,186.33534919215415
189.73916625977,188.8517870043124
190.02198791504,189.67074747458878
189.31774902344,190.44157407883057
187.85682678223,190.10376874617836
189.44458007812,188.3837665877282
192.30841064453,189.74473308326435
192.0,192.60175571696703
188.72451782227,192.22942123421547
190.97203063965,188.5666426382979
189.49951171875,191.66799878440773
190.30769348145,189.66077708867437
187.7859954834,190.1084663269391
186.87155151367,186.98980855039423
186.24771118164,185.6944612446241
190.03269958496,185.36407145258252
185.93519592285,189.37736019646164
185.36567687988,185.56726326131718
182.63227844238,181.21573883374424
185.36158752441,181.6789128761625
178.8324432373,177.7181874237968
171.74664306641,172.2442891705852
169.80499267578,169.80471918304423
168.83276367188,167.90839125233617
163.67327880859,166.65106388618085
163.10507202148,161.8847505800957
161.12640380859,160.98577856718185
158.16944885254,158.94988850883448
155.89570617676,155.35896291711646
153.12258911133,153.54507999549924
150.50224304199,150.23016934845162
141.35890197754,141.6807564186719
134.51766967773,135.24468457512288
131.31465148926,132.03631708119832
120.21110534668,119.74902325481752
41.792388916016,42.55557297254902
1.2416690587997,4.041264006714339
2.3192899227142,1.4350778395210972
0.38196539878845,0.1956606292681917
0.0,0.0
0.0,0.0
0.0,0.0
0.0,0.0
0.0,0.0
0.0,0.0
0.0,0.0
0.0,0.0
0.0,0.0
0.0,0.0
0.0,0.0
0.0,0.0
0.0,0.0
0.0,0.0
0.0,0.0
0.0,0.0
0.0,0.0
0.0,0.0
0.0,0.0
0.0,0.0
0.0,0.0
0.0,0.0
0.0,0.0
0.0,0.0
0.0,0.0
0.0,0.0
0.0,0.0
0.0,0.0
0.0,0.0
0.0,0.0
0.0,0.0
0.0,0.0
0.0,0.0
0.0,0.0
0.0,0.0
0.0,0.0
0.0,0.0
0.0,0.0
0.0,0.0
0.0,0.0
0.0,0.0
0.0,0.0
0.0,0.0
0.0,0.0
0.0,0.0
0.0,0.0
0.0,0.0
0.0,0.0
0.0,0.0
0.0,0.0
0.0,0.0
0.0,0.0
0.0,0.0
0.0,0.0
0.0,0.0
0.0,0.0
0.0,0.0
0.0,0.0
0.0,0.0
0.0,0.0
0.0,0.0
0.0,0.00025665416342175387
0.0,0.00025665416342175387
0.0,4.033982973853877e-06
0.0,0.06809637385421002
0.0,4.033982973853877e-06
0.0,0.00031855255367974793
0.0,0.00031855255367974793
0.0,0.00031855255367974793
0.77779376506805,1.4047008571837836
2.2952659130096,2.640796770704183
2.3557322025299,3.034843425250443
7.385796546936,7.488929526712389
9.0918607711792,10.20495567346449
20.882158279419,19.94832298841504
85.783752441406,116.46229663107049
56.721775054932,101.73120414570033
53.116718292236,75.83542779301915
180.89573669434,170.2645202264353
141.63841247559,161.38047645576358
90.60481262207,147.8842370568169
93.444717407227,111.11855566215822
69.888336181641,89.90613592151541
80.886848449707,73.96867781184363
73.721008300781,74.94345203574254
69.14363861084,73.78582556907429
95.814865112305,93.41270519183144
71.115356445312,72.790461456383
65.256927490234,68.14354282937897
85.329895019531,91.51216729358762
93.802917480469,96.7119619163024
85.054016113281,102.824999534178
96.361267089844,85.79759503589953
159.70989990234,103.86080265215469
134.37135314941,157.8520298611115
154.02816772461,155.44716970029617
182.82731628418,171.66930699917611
151.30726623535,148.5066621801517
150.75115966797,159.9029606047195
104.55746459961,94.66153872799369
113.19068908691,123.61708464217328
78.209999084473,80.46003435818007
65.812561035156,73.59058085094917
73.048568725586,72.70863800993699
82.820365905762,84.33250065254121
90.004135131836,97.0195471557486
115.9946975708,118.70494991190841
131.99325561523,121.05419133585131
154.7523651123,155.9205068005666
169.53625488281,160.43882967426092
167.96875,152.91454040935633
147.48277282715,161.9779282953696
131.95440673828,137.1461498653356
124.41202545166,120.785672015303
105.82360839844,113.37179330723141
117.94132995605,117.12577422994292
100.33528900146,107.58194974158951
98.646133422852,101.75044647169655
125.38210296631,63.15600371683395
120.62675476074,119.78026851251236
109.04402923584,114.6459009187134
99.830146789551,95.96420941843121
94.075492858887,90.56085067993793
75.094337463379,76.23921064933946
70.049758911133,69.8008267120589
53.731575012207,53.46033666916186
43.42700958252,47.7209978741255
37.405780792236,37.39876618666297
31.977590560913,31.720635000872488
26.481418609619,26.540533395090765
19.903717041016,20.850626791882476
14.762164115906,14.76766591313901
10.257012367249,9.872644839132207
6.2685794830322,6.2411337113401455
3.1668848991394,2.9878713063564963
0.87376362085342,0.675554784040733
0.0,0.2692924810038124
0.0,0.0
0.0,0.0
0.0,0.0
0.0,0.0
0.0,0.0
0.0,0.0
0.0,0.0
0.0,0.0
0.0,0.0
0.0,0.0
0.0,0.0
0.0,0.0
0.0,0.0
0.0,0.0
0.0,0.0
0.0,0.0
0.0,0.0
0.0,0.0
0.0,0.0
0.0,0.0
0.0,0.0
0.0,0.0
0.0,0.0
0.0,0.0
0.0,0.0
0.0,0.0
0.0,0.0
0.0,0.0
0.0,0.0
0.0,0.0
0.0,0.0
0.0,0.0
0.0,0.0
0.0,0.0
0.0,0.0
0.0,0.0
0.0,0.0
0.0,0.0
0.0,0.0
0.0,0.0
0.0,0.0
0.0,0.0
0.0,0.0
0.0,0.0
0.0,0.0
0.0,0.0
0.0,0.0
0.0,0.0
0.0,0.06809637385421002
0.0,4.033982973853877e-06
0.0,0.06809637385421002
0.0,1.0509808435142757e-05
0.0,0.10490806811318533
0.0,1.0509808435142757e-05
4.5717477798462,2.9177569721170116
3.2841188907623,3.91243201869459
3.3024363517761,2.9080583180876936
5.7164006233215,4.7034574412171715
8.7525825500488,8.669862125823418
11.118252754211,11.420390211266911
15.436283111572,16.39506937125683
20.325387954712,19.62445224979218
16.118864059448,15.574783644798488
16.861953735352,16.92474505093785
21.581514358521,21.86224467773983
27.769937515259,29.63882643457524
36.64270401001,38.60798789822784
41.194801330566,42.42508003889575
29.555089950562,28.606704362562585
24.250949859619,23.034976318816085
21.494823455811,20.496030922704595
55.298629760742,74.54678499337106
88.390815734863,56.18197750430216
78.341728210449,76.71278207284905
184.58563232422,178.74608900017893
161.46099853516,167.85480451631986
74.779449462891,71.54617045575094
36.069473266602,41.293909167157096
133.08178710938,142.72573338668778
167.52392578125,160.18540936435832
136.27014160156,148.44464614067897
155.76907348633,145.56616035273493
141.94151306152,138.89830518095525
119.59371948242,125.66059661532442
143.44448852539,146.82960924968668
161.59649658203,146.35403905022008
158.21717834473,156.73608217706692
115.0023651123,109.69304872105309
113.53720092773,110.89782603127372
103.89393615723,102.00963831789339
89.653984069824,83.97074542748058
77.954368591309,85.54930630663874
83.506401062012,76.77294660076045
77.904983520508,77.57154590333722
70.801719665527,73.7740162512879
55.295700073242,54.702305638724106
37.279155731201,39.213319517659286
27.707340240479,24.697501598694483
20.203699111938,22.442133596605117
0.0,7.238156669508129e-06
0.0,7.238156669508129e-06
0.0,0.0
0.0,0.0
0.0,0.0
0.0,0.0
0.0,0.0
0.0,0.0
0.0,0.0
0.0,0.0
0.0,0.0
0.0,0.0
0.0,0.0
0.0,0.0
0.0,0.0
0.0,0.0
0.0,0.0
0.0,0.0
0.0,0.0
0.0,0.0
0.0,0.0
0.0,0.0
0.0,0.0
0.0,0.0
0.0,0.0
0.0,0.0
0.0,0.0
0.0,0.0
0.0,0.0
0.0,0.0
0.0,0.0
0.0,0.0
0.0,0.0
0.0,0.0
0.0,0.0
0.0,0.0
0.0,0.0
0.0,0.0
0.0,0.0
0.0,0.0
0.0,0.0
0.0,0.0
0.0,0.0
0.0,0.0
0.0,0.0
0.0,4.033982973853877e-06
0.0,4.033982973853877e-06
0.0,0.06809637385421002
0.0,4.033982973853877e-06
0.0,4.033982973853877e-06
0.0,4.033982973853877e-06
0.0,4.033982973853877e-06
0.0,4.033982973853877e-06
0.0,4.033982973853877e-06
0.0,1.0509808435142757e-05
0.0,1.0509808435142757e-05
0.0,1.0509808435142757e-05
0.0,1.0509808435142757e-05
0.0,1.0509808435142757e-05
5.0382266044617,4.682866204869429
79.103668212891,77.54584973964846
89.841835021973,89.24371656351558
95.082183837891,94.6268118326832
119.80561065674,116.48845510688493
158.0043182373,158.4083940443278
160.5980682373,160.51039465951345
178.15589904785,177.70553218694656
181.68371582031,182.42010381962837
180.8258972168,182.7650411284262
182.6494140625,183.002607586218
188.10038757324,182.94491987073485
190.1741027832,188.4529733727854
193.11859130859,190.27271607549812
189.87651062012,193.16396450785936
194.56948852539,193.30222721882262
187.59294128418,188.432173069087
190.85862731934,188.44760089935846
188.38174438477,190.6807838031762
187.92579650879,188.68437267432827
191.30361938477,186.9513864473475
190.93855285645,190.70526017043863
184.0108795166,185.340446156403
184.12094116211,180.5942232437066
185.98286437988,183.19600744230596
180.09799194336,181.2778746416768
178.5973815918,178.29626981321377
177.57897949219,176.64923635224392
177.00885009766,175.89729448376153
175.71133422852,175.52160288588158
152.5026550293,152.78111579810752
147.10261535645,147.79383720869194
100.06763458252,99.57361891981104
95.387321472168,93.44708176663472
73.501426696777,73.42053344824917
32.160911560059,33.736138684641595
1.6120191812515,1.8204762699763881
0.0,0.0
0.0,7.238156669508129e-06
0.0,7.238156669508129e-06
0.0,0.0
0.0,0.0
0.0,0.0
0.0,0.0
0.0,0.0
0.0,0.0
0.0,0.0
0.0,0.0
0.0,0.0
0.0,0.0
0.0,0.0
0.0,0.0
0.0,0.0
0.0,0.0
0.0,0.0
0.0,0.0
0.0,0.0
0.0,0.0
0.0,0.0
0.0,0.0
0.0,0.0
0.0,0.0
0.0,0.0
0.0,0.0
0.0,0.0
0.0,0.0
0.0,0.0
0.0,0.0
0.0,0.0
0.0,0.0
0.0,0.0
0.0,0.0
0.0,0.0
0.0,0.0
0.0,0.0
0.0,0.0
0.0,0.0
0.0,0.0
0.0,0.0
0.0,0.0
0.0,0.0
0.0,0.0
0.0,0.0
0.0,0.0
0.0,0.0
0.0,0.0
0.0,0.0
0.0,0.0
0.0,0.0
0.0,0.0
0.0,0.0
0.0,0.0
0.0,0.0
0.0,0.0
0.0,0.0
0.0,0.0
0.0,0.0
0.0,4.033982973853877e-06
0.0,0.06809637385421002
0.0,4.033982973853877e-06
0.0,4.033982973853877e-06
0.0,4.033982973853877e-06
0.0,4.033982973853877e-06
0.0,4.033982973853877e-06
0.0,4.033982973853877e-06
0.0,1.0509808435142757e-05
0.0,1.0509808435142757e-05
0.0,1.0509808435142757e-05
0.0,1.0509808435142757e-05
0.0,0.01320486757797389
31.459882736206,33.02636936945952
44.653888702393,44.582808371944736
50.110439300537,50.51033598146556
56.235996246338,55.16831815083069
78.83211517334,78.14955759007643
84.104232788086,83.64041686317022
89.216300964355,88.57591694643892
94.302452087402,94.23002047454611
99.180305480957,98.7104797435614
103.98309326172,103.96152801140707
113.56967163086,112.99553253567085
117.78000640869,117.6488832543552
131.26416015625,132.3584425898589
136.19958496094,134.73303914599308
140.93479919434,139.49167817748278
142.00827026367,141.43680519930328
145.39993286133,145.29365056420966
150.88679504395,147.49317136680156
154.11064147949,153.38873931246732
156.79692077637,157.0424401339692
168.45999145508,169.36628266068365
173.82113647461,167.2270883811192
174.96730041504,175.36800348364176
176.98634338379,176.21444485542747
178.57113647461,178.33715586597032
178.11953735352,177.41965174936973
178.11236572266,179.25804285686823
185.10702514648,183.48118801281333
185.54406738281,188.32327873139505
187.2093963623,184.70611163983565
187.7501373291,187.6026463926407
188.060546875,187.8388087838425
188.38076782227,188.09814442277153
187.89036560059,186.90392762878284
187.71954345703,186.98045104336123
186.86753845215,186.88664443490256
183.80218505859,184.08559254198903
183.14515686035,183.097083543655
182.6071472168,182.02259097669238
182.46110534668,181.67631744651516
180.68605041504,180.31625010408726
178.04707336426,174.93812310555907
176.32736206055,176.14699238026427
174.41111755371,174.0700101923183
172.12155151367,172.29866119930924
159.73991394043,159.508979105715
156.5461730957,157.21295032204694
154.82507324219,154.26484891998334
151.81503295898,152.83660916314707
150.17712402344,149.9314022129273
126.99684143066,124.89988265621584
118.26636505127,117.60175258149233
109.4825668335,109.42567785185075
88.364402770996,89.49172626429232
20.18023109436,20.919239596547598
14.872894287109,14.51533789458165
0.0,7.238156669508129e-06
0.0,7.238156669508129e-06
0.0,0.0
0.0,0.0
0.0,0.0
0.0,0.0
0.0,7.238156669508129e-06
0.0,0.0
0.0,0.0
0.0,0.0
0.0,0.0
0.0,0.0
0.0,0.0
0.0,0.0
0.0,0.0
0.0,0.0
0.0,0.0
0.0,0.0
0.0,0.0
0.0,0.0
0.0,0.0
0.0,0.0
0.0,0.0
0.0,0.0
0.0,0.0
0.0,0.0
0.0,0.0
0.0,0.0
0.0,0.0
0.0,0.0
0.0,0.0
0.0,0.0
0.0,0.0
0.0,0.0
0.0,0.0
0.0,0.0
0.0,0.0
0.0,0.0
0.0,0.0
0.0,0.0
0.0,0.0
0.0,0.0
0.0,0.0
0.0,0.0
0.0,0.0
0.0,0.0
0.0,0.0
0.0,0.0
0.0,0.0
0.0,0.0
0.0,0.0
0.0,0.0
0.0,0.0
0.0,0.0
0.0,0.0
0.0,0.0
0.0,4.033982973853877e-06
0.0,4.033982973853877e-06
0.0,4.033982973853877e-06
0.0,4.033982973853877e-06
0.0,1.0509808435142757e-05
0.0,1.0509808435142757e-05
6.480486869812,6.757971880650324
24.231498718262,32.5932533771797
60.40699005127,65.43080860768055
59.345909118652,48.07257472712607
56.774131774902,53.85258583328087
40.657032012939,44.1754220190071
48.955627441406,59.00885513790327
143.18316650391,137.2214827891572
68.473983764648,72.29809448789172
71.471084594727,84.37012474769388
148.40911865234,140.0318526450765
96.637084960938,107.59468450953683
172.65412902832,171.71173278165108
61.64720916748,92.6587482307524
190.67041015625,181.582819646217
189.37225341797,187.69409872691574
40.401969909668,40.280092992743626
22.842386245728,28.46561460093529
124.15383148193,91.4286757457454
137.48590087891,121.28159331266788
184.76452636719,172.41674383159315
112.80514526367,97.67068344866286
182.64155578613,112.00826185466045
169.28643798828,161.37504718511735
177.22207641602,143.11444550009324
175.3120880127,171.16993139969156
174.8532409668,172.6072131657948
166.66551208496,164.71348210723866
161.66625976562,161.90027509473038
162.39112854004,162.06647720550055
157.84663391113,156.3719653077758
155.44947814941,157.2552556033791
148.50361633301,146.49055048007452
132.40786743164,131.1903107244344
135.08456420898,130.0706079138157
131.35681152344,129.357687903158
121.62062835693,122.10020281451226
76.408515930176,60.987412152467265
93.526504516602,94.76301626374452
35.396194458008,40.07843636316557
29.734373092651,34.662181924200254
25.751169204712,47.02772033547424
38.922203063965,34.63137388845027
26.900356292725,43.83746649945737
36.664505004883,38.71605393813779
35.378925323486,34.53296358615293
29.96310043335,29.465146656748896
44.541725158691,27.963273633944556
14.596068382263,8.75425487089844
11.559590339661,3.9807563028183055
5.1101808547974,7.508510568592109
2.2347609996796,2.3724515846038536
1.3124693632126,1.4074716680947577
0.11894842982292,0.032287808689363054
0.0,0.006406861512327751
0.0,0.0
0.0,0.0
0.0,0.0
0.0,0.0
0.0,0.0
0.0,0.0
0.0,0.0
0.0,0.0
0.0,0.0
0.0,0.0
0.0,0.0
0.0,0.0
0.0,0.0
0.0,0.0
0.0,0.0
0.0,0.0
0.0,0.0
0.0,0.0
0.0,0.0
0.0,0.0
0.0,0.0
0.0,0.0
0.0,0.0
0.0,0.0
0.0,0.0
0.0,0.0
0.0,0.0
0.0,0.0
0.0,0.0
0.0,0.0
0.0,0.0
0.0,0.0
0.0,0.0
0.0,0.0
0.0,0.0
0.0,0.0
0.0,0.0
0.0,0.0
0.0,0.0
0.0,0.0
0.0,0.0
0.0,0.0
0.0,0.0
0.0,0.0
0.0,0.0
0.0,0.0
0.0,0.0
0.0,0.0
0.0,0.0
0.0,0.0
0.0,0.0
0.0,4.033982973853877e-06
0.0,4.033982973853877e-06
0.0,0.06809637385421002
0.0,0.06809637385421002
0.0,4.033982973853877e-06
0.0,4.033982973853877e-06
0.0,4.033982973853877e-06
0.0,1.0509808435142757e-05
0.0,0.10490806811318533
0.0,1.0509808435142757e-05
0.0,0.10490806811318533
0.0,0.027431273684943618
0.53548681735992,0.45156153163004215
6.1326584815979,5.752740337202
10.120410919189,8.87656353653821
39.898578643799,38.776187933137074
57.73490524292,56.171209394706466
69.605003356934,69.06180650401221
75.773788452148,75.12724386633533
92.32536315918,90.53127120119292
97.772903442383,96.5004559523978
107.80511474609,107.05703596703643
117.74231719971,116.98398822901318
171.62567138672,171.49120838380946
173.24598693848,173.32274518733547
180.10266113281,178.97968401442648
181.4677734375,181.37771734112707
182.57678222656,182.5300339335191
183.71780395508,183.46190171897442
185.36099243164,184.64019051161964
186.93475341797,186.2916768150553
187.23954772949,185.23754548288937
194.0456237793,193.13958970466658
190.5007019043,190.8215298528139
189.65435791016,189.27123639917173
188.8349609375,189.11679557499824
189.54479980469,187.88712256045707
189.95706176758,188.94411876041366
189.47247314453,189.17456809555097
187.15754699707,188.93297243537367
182.4270324707,181.32856235012886
178.55456542969,179.6141080441532
178.2106628418,176.6227145911505
169.26568603516,168.6408965401127
99.230422973633,95.2642956563157
65.615119934082,66.84306989959684
54.219779968262,55.25480654634072
30.621179580688,30.490506451526368
17.082942962646,18.022611839927325
11.64848613739,12.302496477839954
2.5678913593292,2.7625193364754
0.22161456942558,0.4953170593637453
0.0,0.004366389162825874
0.0,0.0
0.0,0.0
0.0,0.0
0.0,0.0
0.0,0.0
0.0,7.238156669508129e-06
0.0,0.0
0.0,0.0
0.0,0.0
0.0,0.0
0.0,0.0
0.0,0.0
0.0,0.0
0.0,0.0
0.0,0.0
0.0,0.0
0.0,0.0
0.0,0.0
0.0,0.0
0.0,0.0
0.0,0.0
0.0,0.0
0.0,0.0
0.0,0.0
0.0,0.0
0.0,0.0
0.0,0.0
0.0,0.0
0.0,0.0
0.0,0.0
0.0,0.0
0.0,4.033982973853877e-06
0.0,4.033982973853877e-06
0.0,4.033982973853877e-06
0.0,1.0509808435142757e-05
6.8944549560547,6.035656112744977
21.764453887939,20.738308039930157
83.998115539551,82.65298536936133
89.600936889648,88.66192271608932
94.739707946777,94.38717117261507
115.54853820801,112.06916491442122
120.39323425293,119.00703885773959
128.29653930664,128.0517136350495
139.69667053223,139.59460448935965
143.57968139648,143.50067755509127
151.63452148438,150.77946213227096
160.53578186035,159.5464649702943
166.33113098145,165.72401530627738
168.82891845703,168.3522192992136
173.48908996582,173.17066758933984
175.66474914551,175.14531650625926
178.15579223633,177.45741155978564
180.38377380371,179.4658232166318
182.76806640625,181.81706962396893
185.97326660156,185.76663562050672
187.0765838623,186.8235884633569
188.65725708008,184.7245773346879
190.05435180664,189.46434554697686
191.32418823242,190.732284306706
192.54223632812,192.38705805926068
193.81159973145,193.39868101778913
194.56037902832,194.62884216067556
194.34963989258,195.12340727914656
199.91342163086,197.07377723901374
201.64126586914,200.84283278748137
200.51316833496,199.72449027000926
200.61402893066,199.18274691574476
199.99136352539,200.22818931757297
198.65699768066,198.98681777678206
199.09812927246,196.85983186118352
197.70152282715,198.58590606876825
197.06651306152,197.13351908609582
191.70706176758,191.84044809399734
184.5763092041,185.24559607459193
174.18717956543,174.52721279052872
163.00953674316,162.43514648083914
159.79582214355,160.4535252295533
149.30084228516,150.65663983296807
68.040100097656,70.98365684889946
64.340545654297,63.6222749874887
65.480514526367,55.82559029512774
32.456607818604,66.26524591231109
0.0,0.0
0.0,0.0
0.0,0.0
0.0,0.0
0.0,0.0
0.0,0.0
0.0,0.0
0.0,0.0
0.0,0.0
0.0,0.0
0.0,0.0
0.0,0.0
0.0,0.0
0.0,0.0
0.0,0.0
0.0,0.0
0.0,0.0
0.0,0.0
0.0,0.0
0.0,0.0
0.0,0.0
0.0,0.0
0.0,0.0
0.0,0.0
0.0,0.0
0.0,0.0
0.0,0.0
0.0,0.0
0.0,0.0
0.0,0.0
0.0,0.0
0.0,0.0
0.0,0.0
0.0,0.0
0.0,0.0
0.0,0.0
0.0,0.0
0.0,0.0
0.0,0.0
0.0,0.0
0.0,0.0
0.0,0.0
0.0,0.0
0.0,0.0
0.0,0.0
0.0,0.0
0.0,0.0
0.0,0.0
0.0,0.0
0.0,0.0
0.0,0.0
0.0,0.0
0.0,0.0
0.0,0.0
0.0,0.0
0.0,0.0
0.0,0.0
0.0,0.0
0.0,0.0
0.0,4.033982973853877e-06
0.0,4.033982973853877e-06
0.0,4.033982973853877e-06
0.0,4.033982973853877e-06
0.0,4.033982973853877e-06
0.0,4.033982973853877e-06
0.0,4.033982973853877e-06
0.0,4.033982973853877e-06
0.0,4.033982973853877e-06
0.0,1.0509808435142757e-05
0.0,0.10490806811318533
0.0,0.10490806811318533
4.3524045944214,3.9844563639038855
16.90386390686,17.244900279222026
72.727157592773,71.97140053496926
89.867042541504,88.4893376718694
100.16034698486,99.65926094407274
105.51558685303,104.32282644672705
120.26611328125,118.88408869166419
128.71646118164,128.02570941729513
131.36485290527,132.25583403763162
135.99548339844,134.43400325636463
139.80909729004,138.9266521807503
162.63925170898,158.59095549419112
171.16609191895,170.12244955806113
184.64042663574,180.65513569356335
190.32275390625,189.04063146355966
193.78570556641,192.6350760986551
194.6795501709,194.75776303938375
193.86456298828,195.55439144990632
200.62214660645,194.60658726802563
203.29676818848,202.5204159170574
203.98284912109,198.71102168547662
150.01727294922,199.94465938040972
207.55912780762,189.5408668668424
182.0068359375,175.57713028068514
206.44801330566,199.44961979857135
202.08134460449,188.42062532881795
202.08502197266,197.935343011017
204.91207885742,200.65604728446803
170.88301086426,184.29824127635337
194.51370239258,194.25846179370265
149.11653137207,185.92249900862168
186.69653320312,187.54030516898908
182.58377075195,183.09889537631318
179.47924804688,174.70686071057816
178.52313232422,175.85196457906645
175.73818969727,162.87310625623422
173.12802124023,162.19248537970418
171.28897094727,170.72853850257718
167.22521972656,169.22156999268896
152.05917358398,154.687043690925
152.07934570312,149.18861213297757
141.74096679688,139.00283392017158
143.67959594727,138.827072059405
132.11170959473,131.94095610810132
109.75932312012,110.19499289460282
101.82983398438,101.64065093639057
96.041473388672,96.6328914484721
80.645950317383,80.75170381849041
75.375770568848,75.70483416540165
45.500228881836,63.16773195067788
43.298141479492,43.25206817800189
37.933979034424,36.32287441198721
18.254835128784,25.639727598355194
0.0,0.0
0.0,0.0
0.0,0.0
0.0,7.238156669508129e-06
0.0,7.238156669508129e-06
0.0,7.238156669508129e-06
0.0,0.0
0.0,0.0
0.0,0.0
0.0,0.0
0.0,0.0
0.0,0.0
0.0,0.0
0.0,0.0
0.0,0.0
0.0,0.0
0.0,0.0
0.0,0.0
0.0,0.0
0.0,0.0
0.0,0.0
0.0,0.0
0.0,0.0
0.0,0.0
0.0,0.0
0.0,0.0
0.0,0.0
0.0,0.0
0.0,0.0
0.0,0.0
0.0,0.0
0.0,0.0
0.0,0.0
0.0,0.0
0.0,0.0
0.0,0.0
0.0,0.0
0.0,0.0
0.0,0.0
0.0,0.0
0.0,0.0
0.0,0.0
0.0,0.0
0.0,0.0
0.0,0.0
0.0,0.0
0.0,0.0
0.0,0.0
0.0,0.0
0.0,0.0
0.0,0.0
0.0,0.0
0.0,0.0
0.0,0.0
0.0,0.0
0.0,0.0
0.0,0.0
0.0,0.0
0.0,0.0
0.0,0.0
0.0,0.0
0.0,0.0
0.0,0.0
0.0,0.0
0.0,0.0
0.0,0.0
0.0,0.0
0.0,0.0
0.0,0.0
0.0,0.0
0.0,0.0
0.0,0.0
0.0,0.0
0.0,0.0
0.0,0.0
0.0,0.0
0.0,0.0
0.0,0.0
0.0,0.0
0.0,0.0
0.0,0.0
0.0,0.0
0.0,0.0
0.0,0.0
0.0,0.0
0.0,0.0
0.0,0.0
0.0,0.0
0.0,0.0
0.0,0.0
0.0,0.0
0.0,0.0
0.0,0.0
0.0,0.0
0.0,0.0
0.0,0.0
0.0,0.0
0.0,0.0
0.0,4.033982973853877e-06
0.0,4.033982973853877e-06
0.0,4.033982973853877e-06
0.0,4.033982973853877e-06
0.0,4.033982973853877e-06
0.0,4.033982973853877e-06
0.0,4.033982973853877e-06
0.0,4.033982973853877e-06
0.0,1.0509808435142757e-05
0.0,1.0509808435142757e-05
0.0,1.0509808435142757e-05
1.1851812601089,0.8216031283916168
4.3995590209961,3.704165414001223
8.0459957122803,7.353335343505866
12.063035964966,11.879732253758656
16.279256820679,16.590829238171935
23.040639877319,20.769140406554406
29.74501991272,28.003612849651713
36.494758605957,34.770155624641895
55.574489593506,54.93926780361916
67.712898254395,66.57283581188413
73.717910766602,73.44108899351019
79.784561157227,78.16036171287934
85.60578918457,85.20563459831126
90.894439697266,89.33752521188552
96.175735473633,95.26939204872069
101.44150543213,99.71687560473653
106.9810256958,105.36316467690656
112.39089202881,110.81295015565784
117.53192901611,116.5606014231034
122.38862609863,121.19449918104995
126.11499023438,125.03615239279227
137.31315612793,137.0930328688291
137.2891998291,153.09665979722084
162.17095947266,143.0889809006164
166.12838745117,172.2626299939239
185.53646850586,169.65226658124624
177.09692382812,186.09106507860346
188.00144958496,177.69316281081132
197.07421875,194.88150099988215
198.91845703125,196.05085652406086
199.29751586914,196.1989908344555
198.87902832031,197.51683001207718
199.62466430664,198.08518375327807
200.54968261719,199.65894193480946
203.09266662598,201.1602763723638
203.73257446289,202.5602278020108
204.32495117188,202.88785766453034
205.48419189453,202.7499568348987
205.67749023438,201.95610055585823
205.25498962402,196.43107277878212
204.05252075195,204.24290453788387
203.90313720703,203.21881707688044
203.83773803711,203.29729473560764
204.4776763916,203.12441884371276
204.40759277344,202.72418073784957
204.26193237305,203.9560647939199
203.12489318848,203.26904887882844
203.08248901367,202.43060104404944
202.9792175293,202.18029359732398
202.06999206543,202.1649145042198
201.16567993164,201.7746980854941
199.99700927734,200.68904845159088
199.36311340332,199.76049199843592
198.60952758789,198.85688974561242
197.5993347168,197.39683933786833
195.28729248047,193.9806447689574
194.97657775879,194.71800665967075
193.7854309082,193.90661637023635
191.40739440918,192.44051971498064
189.6575012207,190.5384079473107
183.42343139648,184.61541503665092
179.33084106445,180.25117392843632
177.53245544434,173.62616707565186
172.56362915039,166.46354897839484
169.79014587402,166.86504931404673
164.07893371582,164.98930896857374
161.23481750488,161.6335956439075
154.93058776855,154.88196201266067
151.89326477051,150.967634581509
148.52694702148,148.96140353773296
144.97856140137,144.82509595290495
141.50624084473,142.10429847365953
137.68249511719,138.18733936318637
133.75994873047,134.86735802888418
129.4741973877,130.17130631681934
125.30183410645,125.73064373889392
116.14220428467,115.61750964375348
111.52526855469,111.58180707151561
107.46871185303,107.1335831113082
102.64280700684,102.5518944760228
97.627334594727,97.92139005644955
91.982849121094,92.39580103585739
87.19751739502,87.26447810122764
81.492118835449,81.57421630118797
62.253211975098,63.465101211175806
50.025207519531,50.62423546874339
43.664325714111,43.26469057900945
25.218940734863,25.676709354538048
18.57689666748,19.230227638978068
13.491814613342,13.02000018469396
7.7756819725037,8.698641243934906
0.70461863279343,1.2033630745101167
0.0,0.022029281820431713
0.0,0.0
0.0,0.0
0.0,0.0
0.0,0.0
0.0,0.0
0.0,0.0
0.0,0.0
0.0,0.0
0.0,0.0
0.0,0.0
0.0,0.0
0.0,0.0
0.0,0.0
0.0,0.0
0.0,0.0
0.0,0.0
0.0,0.0
0.0,0.0
0.0,0.0
0.0,0.0
0.0,0.0
0.0,0.0
0.0,0.0
0.0,0.0
0.0,0.0
0.0,0.0
0.0,0.0
0.0,0.0
0.0,0.0
0.0,0.0
0.0,0.0
0.0,0.0
0.0,0.0
0.0,0.0
0.0,0.0
0.0,0.0
0.0,0.0
0.0,0.0
0.0,0.0
0.0,0.0
0.0,0.0
0.0,0.0
0.0,0.0
0.0,0.0
0.0,0.0
0.0,0.0
0.0,0.0
0.0,0.0
0.0,0.0
0.0,0.0
0.0,0.0
0.0,0.0
0.0,0.0
0.0,0.0
0.0,0.0
0.0,0.0
0.0,0.0
0.0,0.0
0.0,0.0
0.0,0.0
0.0,0.0
0.0,0.0
0.0,0.0
0.0,0.0
0.0,0.0
0.0,0.0
0.0,0.0
0.0,0.0
0.0,0.0
0.0,0.0
0.0,0.0
0.0,0.0
0.0,0.0
0.0,0.0
0.0,0.0
0.0,0.0
0.0,0.0
0.0,0.0
0.0,0.0
0.0,0.0
0.0,0.0
0.0,0.0
0.0,0.0
0.0,4.033982973853877e-06
0.0,4.033982973853877e-06
0.0,4.033982973853877e-06
0.0,4.033982973853877e-06
0.0,4.033982973853877e-06
0.0,1.0509808435142757e-05
0.0,1.0509808435142757e-05
0.0,1.0509808435142757e-05
0.0,0.0002877594311711576
0.30261132121086,0.025070511816301145
1.9315829277039,1.8813390438614652
5.113290309906,4.390187327392246
8.7164478302002,8.30721879475713
13.32487487793,15.672811674700526
18.958395004272,38.57793619595182
26.543939590454,59.98556498769217
32.686141967773,60.79798643770126
38.990345001221,63.02511727235586
44.72868347168,63.23000700408402
51.3571434021,57.06935089153336
57.788368225098,56.59235083455152
63.776142120361,62.23951663582548
69.88809967041,69.22477059334565
75.61449432373,75.38629122407893
81.585716247559,80.12867048335394
113.89636230469,112.77746088893508
127.99560546875,125.77514823709285
169.978515625,168.75629692035244
172.72659301758,169.16544605343447
181.52755737305,180.74801910858454
183.25212097168,182.5326424438118
185.52934265137,184.09855803425665
187.97079467773,186.30149518460684
190.06726074219,187.62176994614995
191.12460327148,190.00870370588797
195.44491577148,195.25981257128964
198.40821838379,197.56347229809282
199.6199798584,198.5898459841727
201.56365966797,200.52442786899422
202.31523132324,200.54592724372932
202.85159301758,202.3002451235959
203.93556213379,202.34557843676723
203.47830200195,203.13034605089845
203.97206115723,203.34435384179378
205.15748596191,204.23212635951228
203.24029541016,204.08842953137182
204.03120422363,202.12502383876873
202.90748596191,202.8440322022016
202.6833190918,202.17637703770018
202.22355651855,202.04523440356675
201.47521972656,201.97970334934504
200.34623718262,201.01913207941047
197.73457336426,199.71779321663155
198.10884094238,195.8311883758093
197.79927062988,196.94170352590646
196.45355224609,196.51949966882583
195.56237792969,195.47288693807516
190.70431518555,191.80087636582874
185.37641906738,186.55068666039998
181.26802062988,182.20186284372446
179.04058837891,179.89459309130572
176.83274841309,177.40114602778604
173.88909912109,175.31368781521758
171.16851806641,172.04048060151598
166.31451416016,167.04536868219228
163.71377563477,163.71942410915625
160.40846252441,161.2418022922521
157.2445526123,158.03864021812083
154.09185791016,153.16461331225818
144.56370544434,144.52483713373925
137.08528137207,138.02451666191774
133.00093078613,133.81908179350313
124.82038879395,123.85423961464889
120.34339904785,120.47465114272428
115.95507049561,115.35176533101207
111.94132995605,111.73993549686175
107.55690002441,107.41262494219136
97.57755279541,98.28826474585739
92.231826782227,93.19828975811288
86.865608215332,87.17945738902753
81.401916503906,80.87652905282124
69.164894104004,69.91405234710905
63.345840454102,63.413975560063705
57.374290466309,57.05849291108206
51.609897613525,51.28284361164939
46.062637329102,45.186370746912104
38.851570129395,39.2121649342339
19.983013153076,20.410260500617582
8.4934902191162,9.582762493394908
4.0619211196899,5.054228744958944
0.0,0.1034605662028
0.0,0.0
0.0,0.0
0.0,0.0
0.0,0.0
0.0,0.0
0.0,0.0
0.0,0.0
0.0,0.0
0.0,0.0
0.0,0.0
0.0,0.0
0.0,0.0
0.0,0.0
0.0,0.0
0.0,0.0
0.0,0.0
0.0,0.0
0.0,0.0
0.0,0.0
0.0,0.0
0.0,0.0
0.0,0.0
0.0,0.0
0.0,0.0
0.0,0.0
0.0,0.0
0.0,0.0
0.0,0.0
0.0,0.0
0.0,0.0
0.0,0.0
0.0,0.0
0.0,0.0
0.0,0.0
0.0,0.0
0.0,0.0
0.0,0.0
0.0,0.0
0.0,0.0
0.0,0.0
0.0,0.0
0.0,0.0
0.0,0.0
0.0,0.0
0.0,0.0
0.0,0.0
0.0,0.0
0.0,0.0
0.0,0.0
0.0,0.0
0.0,0.0
0.0,0.0
0.0,0.0
0.0,0.0
0.0,0.0
0.0,0.0
0.0,0.0
0.0,0.0
0.0,0.0
0.0,0.0
0.0,4.033982973853877e-06
0.0,4.033982973853877e-06
0.0,4.033982973853877e-06
0.0,4.033982973853877e-06
0.0,4.033982973853877e-06
0.0,0.1068479590761417
0.0,1.0509808435142757e-05
0.0,1.0509808435142757e-05
0.0,0.1068479590761417
9.4342708587646,9.051199564449696
26.138164520264,24.698481235386396
39.297649383545,38.297552280413434
45.737533569336,44.65619454972669
64.347961425781,62.846288009195334
82.808418273926,82.24035839840542
99.259803771973,98.18650315016556
109.75714874268,108.74148750553319
145.59196472168,145.07533592677726
148.66822814941,148.65490967462398
154.97221374512,154.43190777858376
165.32965087891,164.68698790781485
167.45251464844,167.22685241056226
170.96366882324,171.19369024985923
172.79029846191,172.69569340090112
174.8352355957,174.27216541556723
176.71292114258,176.1600764500542
178.77188110352,178.0027663239564
180.3465423584,174.07825280498147
181.68031311035,181.74826355921024
183.3422088623,181.84663190515707
186.080078125,183.2798732891833
189.29476928711,186.69918759079619
196.4927520752,195.66878084703032
196.74237060547,197.2572775379868
196.13784790039,197.31894935529667
195.01976013184,197.014647416281
196.58074951172,195.95815545934067
195.68453979492,195.40854898830622
194.08309936523,195.17637180746235
193.6287689209,193.46698722504925
192.66293334961,192.91517751592863
189.91874694824,189.6194180588
187.89450073242,189.22463422878857
182.15686035156,181.6540346687665
173.10508728027,167.97695198699472
142.904296875,143.74018894019463
121.19089508057,120.69957401279594
109.37368774414,109.54162839604633
105.41239929199,104.44105185841804
100.25592041016,101.06923936832202
95.399101257324,95.4547420254375
90.753631591797,90.62603757462621
85.267654418945,86.14423249550481
68.160171508789,68.18053127078178
27.35179901123,26.568231888361794
14.748892784119,14.891717810859026
4.1831603050232,5.029193413591971
0.0,0.14452937474766003
0.0,7.238156669508129e-06
0.0,0.0
0.0,0.0
0.0,0.0
0.0,7.238156669508129e-06
0.0,7.238156669508129e-06
0.0,0.0
0.0,0.0
0.0,0.0
0.0,0.0
0.0,0.0
0.0,0.0
0.0,0.0
0.0,0.0
0.0,0.0
0.0,0.0
0.0,0.0
0.0,0.0
0.0,0.0
0.0,0.0
0.0,0.0
0.0,0.0
0.0,0.0
0.0,0.0
0.0,0.0
0.0,0.0
0.0,0.0
0.0,0.0
0.0,0.0
0.0,0.0
0.0,0.0
0.0,0.0
0.0,0.0
0.0,0.0
0.0,0.0
0.0,0.0
0.0,0.0
0.0,0.0
0.0,0.0
0.0,0.0
0.0,0.0
0.0,0.0
0.0,0.0
0.0,0.0
0.0,0.0
0.0,0.0
0.0,0.0
0.0,0.0
0.0,0.0
0.0,0.0
0.0,0.0
0.0,0.0
0.0,0.0
0.0,0.0
0.0,0.0
0.0,0.0
0.0,0.0
0.0,4.033982973853877e-06
0.0,4.033982973853877e-06
0.0,4.033982973853877e-06
42.287879943848,42.75702467768879
54.47274017334,53.890029533745235
69.108764648438,60.439705124498
75.932319641113,74.93756012112573
85.832893371582,85.80085458703117
90.800727844238,89.67076458250504
97.11994934082,95.5283118627438
103.58157348633,101.62201835889438
123.64444732666,117.42185177861977
79.613792419434,77.73361127826381
142.75489807129,130.94131925351633
154.56391906738,144.56169719007883
144.90219116211,155.3735717373526
167.13787841797,150.7642839018798
171.62564086914,160.84030846746134
179.83729553223,163.8127127817373
170.21755981445,160.39037098154859
185.08721923828,165.30303239004132
179.7679901123,181.72325194763798
171.68588256836,172.05285379343664
171.04220581055,162.31743129141182
194.37042236328,179.91981960484546
187.62504577637,190.13053384258387
155.55410766602,156.8448904231089
193.81297302246,191.1350103142042
188.17311096191,190.40964161341333
182.79351806641,184.85680808718206
175.82672119141,175.5824608754894
184.0092010498,158.86937887662654
126.28768920898,132.8125621410114
120.90421295166,115.52794715859874
132.83631896973,122.75819303532738
163.9560546875,168.81222035964885
147.2984161377,144.4840134347358
137.16949462891,135.62567001642805
130.73345947266,129.66038383328927
127.48169708252,125.60258151334313
111.35877990723,110.29418946626441
102.2600479126,101.58881350537607
89.305313110352,88.97395760624654
80.129234313965,79.25861287157892
57.846183776855,58.417569926901116
40.131034851074,39.85492858649353
30.168523788452,28.41020657627085
24.434329986572,24.753975619094142
12.956899642944,13.384679840369376
7.750394821167,8.423218543203093
1.0025573968887,1.2713839598335517
0.0,0.006180508963756634
0.0,7.238156669508129e-06
0.0,0.0
0.0,0.0
0.0,0.0
0.0,7.238156669508129e-06
0.0,7.238156669508129e-06
0.0,0.0
0.0,0.0
0.0,0.0
0.0,0.0
0.0,0.0
0.0,0.0
0.0,0.0
0.0,0.0
0.0,0.0
0.0,0.0
0.0,0.0
0.0,0.0
0.0,0.0
0.0,0.0
0.0,0.0
0.0,0.0
0.0,0.0
0.0,0.0
0.0,0.0
0.0,0.0
0.0,0.0
0.0,0.0
0.0,0.0
0.0,0.0
0.0,0.0
0.0,0.0
0.0,0.0
0.0,0.0
0.0,0.0
0.0,0.0
0.0,0.0
0.0,0.0
0.0,0.0
0.0,0.0
0.0,0.0
0.0,0.0
0.0,0.0
0.0,0.0
0.0,0.0
0.0,0.0
0.0,0.0
0.0,0.0
0.0,0.0
0.0,0.0
0.0,0.0
0.0,0.0
0.0,0.0
0.0,0.0
0.0,0.0
0.0,0.0
0.0,0.0
0.0,0.0
0.0,0.0
0.0,0.0
0.0,0.0
0.0,0.0
0.0,0.0
0.0,0.0
0.0,0.0
0.0,0.0
0.0,0.0
0.0,0.0
0.0,0.0
0.0,4.033982973853877e-06
0.0,4.033982973853877e-06
0.0,4.033982973853877e-06
0.0,4.033982973853877e-06
0.0,4.033982973853877e-06
0.0,4.033982973853877e-06
0.0,4.033982973853877e-06
0.0,4.033982973853877e-06
0.0,4.033982973853877e-06
0.0,1.0509808435142757e-05
0.0,1.0509808435142757e-05
0.0,1.0509808435142757e-05
0.074865192174911,0.24332972810308995
9.6054821014404,11.103278317836509
13.952307701111,17.388296373899554
35.182823181152,32.00649461554014
20.802791595459,29.564762188479886
33.382537841797,28.542178923109656
60.918224334717,56.74043940829651
165.21168518066,162.3533806432403
136.38745117188,134.692912433631
187.73205566406,164.5596630097569
187.23287963867,186.01266899414213
188.78329467773,188.10718483152746
192.57009887695,189.01255294130357
181.87915039062,186.7449405016805
187.7970123291,183.82932955959274
189.302734375,186.089602696079
188.53147888184,189.38576268225526
204.30752563477,187.9961979144293
180.84039306641,189.3715300682391
200.46168518066,187.48397121033597
143.30191040039,165.2184715438358
146.34622192383,148.4322054380803
134.80967712402,128.1129254205817
122.91257476807,127.08024017904121
133.9659576416,128.49058333430094
188.3395690918,175.78024334942424
198.58229064941,187.354611147147
132.89323425293,145.4462469123259
131.60081481934,130.73081493742572
149.33242797852,146.8319880445481
170.23745727539,157.67334849622495
196.39010620117,167.9021780448771
111.60973358154,127.02891767104632
97.648735046387,106.15134960431155
94.746162414551,105.14539022485772
93.607154846191,100.37234168238692
98.401054382324,101.12454907776646
98.935852050781,107.22937326555937
169.02033996582,156.63389587404194
169.34027099609,163.44427131065527
167.57073974609,167.0623753239218
168.19738769531,163.65352801844006
140.23962402344,132.17979719640394
131.52012634277,134.78716502674348
121.45237731934,103.08268642819985
126.14872741699,120.64531309660258
96.45068359375,94.31532266754179
67.488830566406,65.24059260471292
46.056327819824,54.89885422071288
45.223037719727,42.10307345635951
80.590072631836,66.74895306797748
23.879337310791,29.35602701338291
31.796928405762,30.228986366167288
38.399276733398,36.09436825219831
71.598991394043,60.04825633685614
42.974388122559,41.430248756992334
17.298484802246,18.23244032964283
29.240749359131,24.000745865864364
32.097675323486,26.529104762383145
24.618087768555,18.68270303114702
19.2269115448,18.940339722839468
3.4898905754089,6.5368100371180535
0.8179372549057,0.9150325683148354
0.0,0.2069211324056
0.0,0.0
0.0,0.0
0.0,0.0
0.0,0.0
0.0,0.0
0.0,0.0
0.0,0.0
0.0,0.0
0.0,0.0
0.0,0.0
0.0,0.0
0.0,0.0
0.0,0.0
0.0,0.0
0.0,0.0
0.0,0.0
0.0,0.0
0.0,0.0
0.0,0.0
0.0,0.0
0.0,0.0
0.0,0.0
0.0,0.0
0.0,0.0
0.0,0.0
0.0,0.0
0.0,0.0
0.0,0.0
0.0,0.0
0.0,0.0
0.0,0.0
0.0,0.0
0.0,0.0
0.0,0.0
0.0,0.0
0.0,0.0
0.0,0.0
0.0,0.0
0.0,0.0
0.0,0.0
0.0,0.0
0.0,0.0
0.0,0.0
0.0,0.0
0.0,0.0
0.0,0.0
0.0,0.0
0.0,0.0
0.0,0.0
0.0,0.0
0.0,0.0
0.0,0.0
0.0,0.0
0.0,0.0
0.0,0.0
0.0,0.0
0.0,0.0
0.0,0.0
0.0,0.0
0.0,0.0
0.0,0.0
0.0,0.0
0.0,0.0
0.0,0.0
0.0,0.0
0.0,0.0
0.0,0.0
0.0,0.0
0.0,0.0
0.0,0.0
0.0,0.0
0.0,0.0
0.0,0.0
0.0,0.0
0.0,0.0
0.0,4.033982973853877e-06
0.0,4.033982973853877e-06
0.0,0.014029352866899665
0.0,4.033982973853877e-06
0.0,4.033982973853877e-06
0.0,1.0509808435142757e-05
0.0,0.2604398495730842
3.26859998703,3.031256650173621
24.785175323486,26.191681589736532
27.683601379395,30.570289487503274
33.264186859131,32.404429683860826
31.188812255859,29.341760989800726
34.42590713501,31.853884455621586
57.526851654053,52.176256034489995
59.381916046143,56.27606174823996
48.749725341797,47.65647855868174
42.00611114502,50.90257979984142
56.871898651123,48.98062748705679
64.891754150391,57.4182410805876
51.279605865479,46.778814013899705
54.497001647949,56.53568548888976
123.83134460449,57.825020386099865
167.09260559082,147.0823639922068
146.84274291992,128.16039101965998
68.078414916992,68.82902436724984
69.888046264648,68.01037643777686
103.4522857666,85.21579717038227
118.2943649292,109.9787704758789
76.893859863281,77.90520380970737
75.132293701172,72.57702354501764
56.793308258057,56.745475473664996
52.653747558594,60.693779154556864
63.358486175537,71.2339804341501
78.850173950195,76.91038268664747
129.5337677002,119.72244108277967
118.62605285645,119.31834974955078
104.03028869629,104.69124849392327
79.824340820312,75.72785757250459
80.319351196289,82.5572320191229
77.040687561035,76.39564039755328
104.65658569336,79.65505731294009
67.803611755371,67.88199264935025
68.446800231934,67.28076617247348
59.826530456543,57.696909278036756
54.893993377686,57.21252068061208
55.96475982666,53.89290355927122
48.059837341309,44.937413270273574
43.663341522217,43.6176818562714
43.938606262207,41.359174403713965
39.902751922607,36.982222015488325
40.954692840576,37.688986172919684
41.314178466797,37.72230345630077
35.480754852295,34.4394588881135
34.314308166504,31.845093719335285
27.930063247681,35.331460344622194
21.600257873535,23.015061514222594
9.1656103134155,10.60050538471877
7.4327745437622,7.669565556115833
7.6958651542664,7.965968868846667
6.2511968612671,6.543387515254167
5.6252346038818,5.598212624625975
2.8845663070679,3.167119836189009
0.49613326787949,2.910214770559603
0.0,0.12144052567178786
0.0,7.238156669508129e-06
0.0,7.238156669508129e-06
0.0,0.0
0.0,7.238156669508129e-06
0.0,0.0
0.0,0.0
0.0,0.0
0.0,0.0
0.0,0.0
0.0,0.0
0.0,0.0
0.0,0.0
0.0,0.0
0.0,0.0
0.0,0.0
0.0,0.0
0.0,0.0
0.0,0.0
0.0,0.0
0.0,0.0
0.0,0.0
0.0,0.0
0.0,0.0
0.0,0.0
0.0,0.0
0.0,0.0
0.0,0.0
0.0,0.0
0.0,0.0
0.0,0.0
0.0,0.0
0.0,0.0
0.0,0.0
0.0,0.0
0.0,0.0
0.0,0.0
0.0,0.0
0.0,0.0
0.0,0.0
0.0,0.0
0.0,0.0
0.0,0.0
0.0,0.0
0.0,0.0
0.0,0.0
0.0,0.0
0.0,0.0
0.0,0.0
0.0,0.0
0.0,0.0
0.0,0.0
0.0,0.0
0.0,0.0
0.0,0.0
0.0,0.0
0.0,0.0
0.0,0.0
0.0,0.0
0.0,0.0
0.0,0.0
0.0,0.0
0.0,0.0
0.0,0.0
0.0,0.0
0.0,0.0
0.0,0.0
0.0,0.0
0.0,0.0
0.0,0.0
0.0,0.0
0.0,0.0
0.0,0.0
0.0,0.0
0.0,0.0
0.0,4.033982973853877e-06
0.0,4.033982973853877e-06
0.0,4.033982973853877e-06
0.0,4.033982973853877e-06
0.0,4.033982973853877e-06
0.0,4.033982973853877e-06
0.0,1.0509808435142757e-05
0.0,0.08588074041420425
0.24888840317726,1.1836428746388048
3.977799654007,3.476613937849078
4.1242847442627,3.6650117017273303
3.0439624786377,2.817957088024084
7.392484664917,5.483289156655496
11.673121452332,11.224345793618047
39.332424163818,36.759404958695285
40.605995178223,41.38932909861986
47.914737701416,46.87233013453912
50.88260269165,52.7689461145807
66.617408752441,54.17342677970297
63.910552978516,61.519374602696644
45.984203338623,49.2906767087844
41.891777038574,48.57541682308716
34.037113189697,32.395255881918985
63.051822662354,56.08651652992043
75.042701721191,69.85823730976203
93.43928527832,87.90144949017164
81.144027709961,85.62613732233373
64.396301269531,86.25386197594395
46.67700958252,48.830220357717465
43.006492614746,44.43284555592964
58.225692749023,54.39841070858431
34.257308959961,32.258034370548714
34.747440338135,34.11577413911969
52.354106903076,48.510266166495605
117.37763214111,109.00226526648555
169.16038513184,158.1899539587059
61.761161804199,65.4753520811176
59.77271270752,64.77473101558435
56.426322937012,59.73348201181179
98.899620056152,89.67192365483442
77.844284057617,81.76891855154835
91.994369506836,95.26968791194332
85.470817565918,85.81655798878873
75.310920715332,76.4053668738997
57.585159301758,58.30773318868369
46.66187286377,49.53040422629293
38.746166229248,42.81353163844464
33.12268447876,36.915514836455245
55.810138702393,53.20192115462075
67.50651550293,54.48024612227924
110.45472717285,102.12314648015995
112.21630859375,108.51115981695119
119.83458709717,116.51383549478824
63.925971984863,65.82814679399378
46.614852905273,43.45009129471208
37.81466293335,38.225307890754685
50.461803436279,44.91364005131874
47.381526947021,44.360315952079475
49.222705841064,43.28309756432868
36.871212005615,37.8913315571467
24.733623504639,27.11969120783305
11.473446846008,10.911366199419659
10.649047851562,10.061858521840048
15.426701545715,13.805990405170867
10.500232696533,9.595390840602883
11.542331695557,10.653566133741128
13.315449714661,12.324204015408245
16.295776367188,15.691569154128926
18.326747894287,16.35815803921738
18.896192550659,18.881628668425666
15.174160957336,15.669826463730768
4.2783780097961,4.025383544823267
3.8850321769714,3.5950103761803978
6.7666540145874,6.897903864403759
4.8388600349426,5.540624070432838
0.0,0.0
0.0,0.0
0.0,0.0
0.0,0.0
0.0,0.0
0.0,0.0
0.0,0.0
0.0,0.0
0.0,0.0
0.0,0.0
0.0,0.0
0.0,0.0
0.0,0.0
0.0,0.0
0.0,0.0
0.0,0.0
0.0,0.0
0.0,0.0
0.0,0.0
0.0,0.0
0.0,0.0
0.0,0.0
0.0,0.0
0.0,0.0
0.0,0.0
0.0,0.0
0.0,0.0
0.0,0.0
0.0,0.0
0.0,0.0
0.0,0.0
0.0,0.0
0.0,0.0
0.0,0.0
0.0,0.0
0.0,0.0
0.0,0.0
0.0,0.0
0.0,0.0
0.0,0.0
0.0,0.0
0.0,0.0
0.0,0.0
0.0,0.0
0.0,0.0
0.0,0.0
0.0,0.0
0.0,0.0
0.0,0.0
0.0,0.014029352866899665
1.4586795568466,1.9466335095219955
15.219738006592,17.28024016671687
51.284866333008,56.74825312760848
57.05672454834,58.073665201705694
69.458137512207,68.14734217395946
81.480995178223,79.90364135416553
86.220001220703,86.52906642518161
90.865921020508,89.54921003260726
101.57331085205,100.19503281407619
106.88421630859,105.31893145779853
111.69753265381,110.72770594697913
114.98809051514,114.66893706406488
118.84357452393,118.25397239650474
124.24889373779,122.46760988854548
127.24716186523,127.82145698474142
131.56173706055,130.6934140871245
139.4168548584,137.92766386343345
189.91873168945,189.5084780210596
190.86328125,190.6072402613602
195.69567871094,195.5326007801906
198.32211303711,195.81366015364281
197.15042114258,195.8459748520179
200.68292236328,200.27881378991913
196.08703613281,194.42287655792194
190.73007202148,190.59349506093278
189.1302947998,189.51980929173178
184.97590637207,185.37395867341934
182.74203491211,183.9009895173017
172.84317016602,172.9491364868798
155.79080200195,156.9007259102346
150.18370056152,148.7609032819567
137.43307495117,140.24150766495342
126.93111419678,127.02219607322449
116.75630187988,112.97935888261374
114.39502716064,112.34874768248231
109.60804748535,109.96930980623648
78.285873413086,78.85934421254979
53.544288635254,54.076011357441374
47.339000701904,46.79470733939231
41.063175201416,40.1817494407633
22.824033737183,22.78715819742911
16.552856445312,21.977885319493456
10.783517837524,15.080178925475897
2.4050681591034,3.768672613050811
0.22871533036232,0.44492387758312113
0.0,0.004366389162825874
0.0,0.0
0.0,0.0
0.0,0.0
0.0,0.0
0.0,0.0
0.0,0.0
0.0,0.0
0.0,0.0
0.0,0.0
0.0,0.0
0.0,0.0
0.0,0.0
0.0,0.0
0.0,0.0
0.0,0.0
0.0,0.0
0.0,0.0
0.0,0.0
0.0,0.0
0.0,0.0
0.0,0.0
0.0,0.0
0.0,0.0
0.0,0.0
0.0,0.0
0.0,0.0
0.0,0.0
0.0,0.0
0.0,0.0
0.0,0.0
0.0,0.0
0.0,0.0
0.0,0.0
0.0,0.0
0.0,0.0
0.0,0.0
0.0,0.0
0.0,0.0
0.0,0.0
0.0,0.0
0.0,0.0
0.0,0.0
0.0,0.0
0.0,0.0
0.0,0.0
0.0,0.0
0.0,0.0
0.0,0.0
0.0,0.0
0.0,0.0
0.0,0.0
0.0,0.0
0.0,0.0
0.0,0.0
0.0,0.0
0.0,0.0
0.0,0.0
0.0,0.0
0.0,0.0
0.0,0.0
0.0,0.0
0.0,0.0
0.0,0.0
0.0,4.033982973853877e-06
0.0,4.033982973853877e-06
0.0,0.014029352866899665
0.0,4.033982973853877e-06
0.0,1.0509808435142757e-05
0.0,1.0509808435142757e-05
0.0,0.0001253904782457724
0.18667811155319,0.01576671761927896
1.7799199819565,1.6849962652828288
5.0288791656494,4.31395100340813
13.056637763977,12.25809600410515
17.203023910522,17.528422593506136
22.623308181763,21.414841224611607
34.904563903809,34.469771723286264
41.533489227295,40.9338508327125
47.645904541016,47.49150854744833
54.707099914551,58.187040025738696
60.546527862549,59.446048467857636
66.56990814209,65.46738307132605
72.808799743652,71.65430185670988
79.094223022461,77.66148768212155
84.860046386719,84.4608370924098
89.917518615723,88.8118556747015
94.972137451172,94.50584894502731
110.26616668701,109.00621642041216
120.64851379395,119.13045425282652
125.09712219238,123.79431926619058
133.88261413574,132.9652738317137
138.52391052246,136.97906948431208
143.04133605957,141.93653323454862
147.57316589355,144.78636820277424
162.26530456543,160.69697258852798
165.14248657227,164.28596132640013
185.13496398926,183.44230605557703
188.05264282227,186.1272795637036
189.67765808105,188.83213433757393
191.32965087891,190.53466229369377
191.7526550293,192.33848201346115
193.75645446777,194.0461405384446
194.94352722168,194.70718704400895
195.19583129883,195.52106239266328
197.8650970459,196.15389818705046
199.67669677734,200.88789246338203
199.07511901855,199.12290528709903
197.62379455566,199.04232793349135
195.80117797852,196.3832930237881
192.58985900879,193.59423778172467
191.14149475098,192.04832554925792
189.43634033203,189.53768323588162
187.64233398438,188.31918904546612
184.72434997559,184.8681682818486
182.04527282715,183.501615315784
176.2505645752,176.39119856729226
174.25189208984,174.35096086381913
171.95213317871,172.30207295616665
169.43067932129,169.95298456116174
161.52168273926,162.8158146195938
159.1004486084,158.9201814064303
155.26722717285,156.61265041716683
152.83576965332,152.91996688844335
149.10646057129,149.6628542967378
147.01737976074,146.13086762052967
143.89181518555,144.00743848092802
137.70123291016,137.73808862611057
133.61685180664,134.78362906691123
131.21585083008,129.9237188050819
126.53338623047,127.51767464357741
122.58702087402,122.97625441153801
118.24161529541,118.73282248168441
114.42446899414,114.34869361857407
110.82908630371,110.59238412707164
105.55262756348,106.8884390740412
90.627365112305,90.75006829542043
86.39234161377,85.62129287464617
80.528465270996,80.3094976634688
76.012741088867,75.54141952913363
69.203666687012,70.20876305103126
52.183479309082,52.87353626044001
39.180072784424,39.283911348466944
34.40922164917,34.90987515317868
22.77952003479,23.14957241616248
16.611906051636,16.958399958979264
10.861553192139,11.233491194444214
6.0339035987854,10.303693615843459
2.5633020401001,2.766427833434333
0.0,0.08635580193392216
0.0,0.0
0.0,0.0
0.0,0.0
0.0,0.0
0.0,0.0
0.0,0.0
0.0,0.0
0.0,0.0
0.0,0.0
0.0,0.0
0.0,0.0
0.0,0.0
0.0,0.0
0.0,0.0
0.0,0.0
0.0,0.0
0.0,0.0
0.0,0.0
0.0,0.0
0.0,0.0
0.0,0.0
0.0,0.0
0.0,0.0
0.0,0.0
0.0,0.0
0.0,0.0
0.0,0.0
0.0,0.0
0.0,0.0
0.0,0.0
0.0,0.0
0.0,0.0
0.0,0.0
0.0,0.0
0.0,0.0
0.0,0.0
0.0,0.0
0.0,0.0
0.0,0.0
0.0,0.0
0.0,0.0
0.0,0.0
0.0,0.0
0.0,0.0
0.0,0.0
0.0,0.0
0.0,0.0
0.0,0.0
0.0,0.0
0.0,0.0
0.0,0.0
0.0,0.0
0.0,0.0
0.0,0.0
0.0,0.0
0.0,0.0
0.0,0.0
0.0,0.0
0.0,0.0
0.0,0.0
0.0,0.0
0.0,0.0
0.0,0.0
0.0,0.0
0.0,0.0
0.0,0.0
0.0,4.033982973853877e-06
0.0,0.014029352866899665
0.0,4.033982973853877e-06
0.0,4.033982973853877e-06
0.0,0.014029352866899665
0.0,4.033982973853877e-06
0.0,1.0509808435142757e-05
0.0,1.0509808435142757e-05
5.5831522941589,4.822320879246149
36.413097381592,36.52425766750561
55.015087127686,54.65408419816521
74.022346496582,73.33183272280088
90.858428955078,89.49385093098246
105.71439361572,104.40060959698778
111.00330352783,108.93891352193027
116.03137207031,113.65455329236383
120.80497741699,117.62992974594022
129.45007324219,127.19569026229864
133.72163391113,133.10555705706912
137.63562011719,137.09634763374063
140.11096191406,141.05860012032068
143.84269714355,143.74212396495335
150.84049987793,150.74980429875777
154.1307220459,153.42695305535432
158.44694519043,157.1348058612522
161.57150268555,160.31886821437473
163.8724822998,163.0554537727719
166.78274536133,166.10435321252376
172.05731201172,171.30481548453292
174.61502075195,173.72547295283468
177.35975646973,165.3167661116769
179.08319091797,178.5992209276752
180.87663269043,180.35621732702526
182.21812438965,180.56644000243477
190.51499938965,190.7622729157992
198.80976867676,194.77996308037027
198.72120666504,195.91077901476277
202.53088378906,202.31868566541846
198.69216918945,199.29712583193515
198.29740905762,197.24070160236923
198.81262207031,197.49255832646196
201.6372833252,197.2632419874067
202.58697509766,200.67557108704779
202.06581115723,202.3937147716063
197.57147216797,200.4727035455196
197.25047302246,198.99285693521662
194.50834655762,196.2894013330827
196.74884033203,195.17036122572125
197.56254577637,196.42308470513152
195.79467773438,196.50690691548328
190.0118560791,186.88298921899337
189.09208679199,188.72347809074978
179.88790893555,181.7560142753395
178.7239074707,176.80463232069107
177.47854614258,176.67431670254192
176.58547973633,175.6338869169349
168.50665283203,172.09156324384293
164.09657287598,163.59609920658215
163.83157348633,162.0160151877265
159.13890075684,159.5828429360181
156.00196838379,156.49836688936458
152.39077758789,153.71294300397585
131.78305053711,132.33390653544242
77.633445739746,77.4319891522952
71.386917114258,72.586202612844
40.499279022217,46.026315477891956
29.09400177002,34.05809221079321
15.153978347778,24.615627488262298
4.8917417526245,11.192285183979566
1.8519601821899,2.031860979142151
1.0075360536575,2.0389098186670593
1.5062502622604,0.6861342790082741
0.99580323696136,1.1299527308343251
0.080023430287838,0.08218440236561661
0.0,0.009215307873728774
0.0,0.0
0.0,7.238156669508129e-06
0.0,0.0
0.0,0.0
0.0,7.238156669508129e-06
0.0,0.0
0.0,0.0
0.0,0.0
0.0,0.0
0.0,0.0
0.0,0.0
0.0,0.0
0.0,0.0
0.0,0.0
0.0,0.0
0.0,0.0
0.0,0.0
0.0,0.0
0.0,0.0
0.0,0.0
0.0,0.0
0.0,0.0
0.0,0.0
0.0,0.0
0.0,0.0
0.0,0.0
0.0,0.0
0.0,0.0
0.0,0.0
0.0,0.0
0.0,0.0
0.0,0.0
0.0,0.0
0.0,0.0
0.0,0.0
0.0,0.0
0.0,0.0
0.0,0.0
0.0,0.0
0.0,0.0
0.0,0.0
0.0,0.0
0.0,0.0
0.0,0.0
0.0,0.0
0.0,0.0
0.0,0.0
0.0,0.0
0.0,0.0
0.0,0.0
0.0,0.0
0.0,0.0
0.0,0.0
0.0,0.0
0.0,0.0
0.0,0.0
0.0,0.0
0.0,0.0
0.0,0.0
0.0,0.0
0.0,0.0
0.0,0.0
0.0,0.0
0.0,0.0
0.0,4.033982973853877e-06
0.0,4.033982973853877e-06
0.0,4.033982973853877e-06
0.0,4.033982973853877e-06
0.0,4.033982973853877e-06
0.0,4.033982973853877e-06
0.0,1.0509808435142757e-05
0.0,1.0509808435142757e-05
0.0,0.025285641856391886
0.29819571971893,0.36209968413441296
1.6182769536972,1.8519871114843027
4.0259733200073,4.15913499040499
11.976343154907,7.818242826161253
14.296905517578,18.99945282448587
16.228628158569,17.972666141994548
21.946983337402,20.78281249445527
55.660453796387,49.23222733846841
75.243270874023,67.04603658126344
80.895088195801,73.14739631880784
85.740859985352,86.26412443430539
91.937530517578,90.36485700476145
93.74836730957,95.50565597138227
81.695869445801,95.55284299579634
62.770263671875,70.19945977748172
109.80848693848,106.64968805161499
135.07136535645,119.43723274865667
173.96026611328,163.53983127160728
129.38153076172,133.90778667692575
132.7131652832,130.85445909510784
103.38508605957,140.83759673245154
75.380828857422,77.32742032061502
71.150299072266,68.81098535173392
59.748329162598,79.34566660840676
130.77499389648,114.61928751564238
78.373962402344,66.5717512168467
133.68402099609,137.43283891403422
159.52632141113,152.67048988421976
159.63278198242,161.86246394720828
136.05741882324,144.33071288221993
193.91882324219,168.74479286048583
157.75161743164,175.46830583633118
176.40144348145,169.10925915080028
167.06440734863,179.79172367262257
170.48056030273,171.79567952675464
171.59089660645,167.2391881315777
192.23139953613,161.4059810814968
165.10232543945,159.19558078148438
142.30056762695,134.70191644921812
100.06576538086,108.53011035360865
150.43124389648,143.90897103052086
123.40134429932,116.98118692559004
74.964027404785,79.51457859277274
96.109161376953,83.86919666843113
39.12328338623,36.72087049399757
58.147716522217,54.00906611526844
44.894515991211,48.44447119268749
18.627658843994,19.449621207902236
0.0,0.0
0.0,7.238156669508129e-06
0.0,0.0
0.0,0.0
0.0,0.0
0.0,0.0
0.0,0.0
0.0,0.0
0.0,0.0
0.0,0.0
0.0,0.0
0.0,0.0
0.0,0.0
0.0,0.0
0.0,0.0
0.0,0.0
0.0,0.0
0.0,0.0
0.0,0.0
0.0,0.0
0.0,0.0
0.0,0.0
0.0,0.0
0.0,0.0
0.0,0.0
0.0,0.0
0.0,0.0
0.0,0.0
0.0,0.0
0.0,0.0
0.0,0.0
0.0,0.0
0.0,0.0
0.0,0.0
0.0,0.0
0.0,0.0
0.0,0.0
0.0,0.0
0.0,0.0
0.0,0.0
0.0,0.0
0.0,0.0
0.0,0.0
0.0,0.0
0.0,4.033982973853877e-06
0.0,4.033982973853877e-06
0.0,4.033982973853877e-06
0.0,4.033982973853877e-06
0.0,4.033982973853877e-06
0.0,1.0509808435142757e-05
0.0,1.0509808435142757e-05
0.0,0.0003123322779613126
0.73677349090576,0.36462699293873707
2.8653154373169,2.8692690570579527
6.1152410507202,5.756751530209443
9.4966468811035,9.413041175138824
14.060047149658,12.87900461241247
19.064544677734,18.80098040420333
24.279121398926,24.290237482076094
36.573833465576,36.23296038698457
42.831188201904,42.37627390975908
48.94750213623,48.158545251127045
54.48881149292,54.3469567689546
60.591407775879,58.90180022906643
66.379898071289,65.64540550540838
72.5498046875,71.63634764444497
78.4814453125,77.60517550937288
83.746322631836,83.34600114417918
88.52075958252,88.47074026668182
93.11693572998,93.44296436361482
102.37194061279,100.80482366978346
107.53128814697,107.00737463996747
117.05312347412,116.58813193673639
120.44641876221,120.50781981704559
125.0022354126,123.85377469656852
128.91552734375,128.5879859073497
131.32130432129,132.60750389680067
135.93920898438,136.16193172587415
139.59393310547,140.44721751759184
143.13493347168,143.29993543219612
145.90339660645,145.57898469607454
149.26573181152,148.665041927424
152.28062438965,152.36942761373433
155.63262939453,154.7358430287053
158.77221679688,158.4556725435601
161.37493896484,160.7191959854637
169.58193969727,168.5460671527166
175.29064941406,174.2813759378838
177.4779510498,176.49694399162115
180.82713317871,179.88542307714067
182.04266357422,182.58880941507843
183.62060546875,183.34556041634931
184.69007873535,184.63849023496294
186.53245544434,185.72359492743948
187.7008972168,188.63199316557092
188.0373840332,189.4903240034287
189.60423278809,188.67928802066606
191.32339477539,189.20843536905195
196.08071899414,191.9143959749024
197.0873260498,195.7287659671062
197.85966491699,198.00621516786
199.45687866211,198.29392104622673
199.6022644043,199.28906779715902
198.72772216797,198.30686547763688
199.14506530762,198.44000566954466
199.7903137207,199.00111455320553
199.14410400391,199.82672170338267
192.50161743164,190.83894708240362
192.63064575195,191.94864900100032
191.26257324219,191.9866528020462
189.73944091797,190.26034282245166
185.58679199219,187.13411133288653
177.89794921875,179.54773198797432
175.81533813477,176.03159613273408
172.21389770508,172.06667275150608
169.62013244629,170.03678032753137
166.72897338867,167.0519801256438
164.10011291504,165.04844291129564
162.46620178223,161.14687901241462
156.97087097168,156.37888232891027
150.00375366211,149.39940971554014
146.74794006348,147.5172321423759
137.58319091797,137.03327232510057
118.05449676514,118.58199566637066
113.08271789551,113.96360165598172
58.413402557373,58.281428276488484
51.059684753418,52.83381887181138
17.420921325684,20.606519477867177
3.1231915950775,3.2602829787848355
0.56559437513351,0.5659086896014217
0.0,0.0
0.0,7.238156669508129e-06
0.0,0.0
0.0,0.0
0.0,0.0
0.0,0.0
0.0,0.0
0.0,0.0
0.0,0.0
0.0,0.0
0.0,0.0
0.0,0.0
0.0,0.0
0.0,0.0
0.0,0.0
0.0,0.0
0.0,0.0
0.0,0.0
0.0,0.0
0.0,0.0
0.0,0.0
0.0,0.0
0.0,0.0
0.0,0.0
0.0,0.0
0.0,0.0
0.0,0.0
0.0,0.0
0.0,0.0
0.0,0.0
0.0,0.0
0.0,0.0
0.0,0.0
0.0,0.0
0.0,0.0
0.0,0.0
0.0,0.0
0.0,0.0
0.0,0.0
0.0,0.014029352866899665
136.39009094238,134.78589875764493
146.2142791748,146.40463002744858
156.20672607422,156.1945964491609
163.84527587891,162.84526432027255
172.4183807373,171.70692738168194
173.79553222656,174.03364450805412
188.65621948242,185.96235552757852
193.44990539551,184.65958069478188
202.72863769531,201.0407975858389
201.67671203613,200.14905715627702
199.38719177246,201.57420496950726
206.01457214355,202.3337948953474
204.47366333008,203.44274735201472
205.71417236328,204.39241263779425
203.85317993164,198.47195990656593
203.07530212402,203.04961219401528
200.93800354004,202.44839952419125
200.57583618164,200.963248435658
200.57214355469,200.0302192915661
200.58374023438,200.81976053722667
196.74870300293,200.26560180421353
194.93771362305,195.73038365180204
194.5089263916,193.86415301022288
178.20260620117,179.13634558792654
175.96855163574,165.74316457625014
25.003038406372,24.936443395421886
19.123012542725,19.747827557039006
0.0,0.29285250110315453
0.0,0.10346780435946949
0.0,0.0
0.0,0.0
0.0,0.0
0.0,0.0
0.0,0.0
0.0,0.0
0.0,0.0
0.0,0.0
0.0,0.0
0.0,0.0
0.0,0.0
0.0,0.0
0.0,0.0
0.0,0.0
0.0,0.0
0.0,0.0
0.0,0.0
0.0,0.0
0.0,0.0
0.0,0.0
0.0,0.0
0.0,0.0
0.0,0.0
0.0,0.0
0.0,0.0
0.0,0.0
0.0,0.0
0.0,0.0
0.0,0.0
0.0,0.0
0.0,0.0
0.0,0.0
0.0,0.0
0.0,0.0
0.0,0.0
0.0,0.0
0.0,0.0
0.0,0.0
0.0,0.0
0.0,0.0
0.0,0.0
0.0,0.0
0.0,0.0
0.0,0.0
0.0,0.0
0.0,0.0
0.0,0.0
0.0,0.0
0.0,0.0
0.0,0.0
0.0,0.0
0.0,0.0
0.0,0.0
0.0,0.0
0.0,0.0
0.0,0.0
0.0,0.0
0.0,0.0
0.0,0.0
0.0,0.0
0.0,0.0
0.0,0.014029352866899665
27.886903762817,27.49413189060926
89.062835693359,88.23795402262364
93.976890563965,93.95764289157464
99.055595397949,97.8296260689401
104.09197235107,103.81470392170611
131.46035766602,130.79198370741986
142.0598449707,141.80688332331255
146.11436462402,145.23153459871344
150.81311035156,149.11318905279222
162.7666015625,162.16994128343708
168.68089294434,167.98715966409517
171.18115234375,170.51026426182975
175.72427368164,175.33255659359526
177.52052307129,177.4624394156024
184.29006958008,182.95662461580054
187.68368530273,186.88866439123524
189.28466796875,188.6427978204771
192.17156982422,192.59134652351787
193.99070739746,192.73206784728637
196.62533569336,196.15225841012554
201.35832214355,199.24890042164995
203.0306854248,201.1835319757454
203.11953735352,202.2339446178019
204.16445922852,202.74304359178296
203.87785339355,204.2055874336065
203.65161132812,203.25041651288598
204.81597900391,203.3175463080178
192.81170654297,194.77748767239868
191.3424987793,192.6273029537391
184.09288024902,184.66952051792603
177.94317626953,179.61055588897918
176.0425567627,174.74848066876874
173.57354736328,174.1817323299998
164.69143676758,163.9998951295893
155.91093444824,156.9026124488383
153.97625732422,153.732057927046
150.52717590332,150.4945361697878
146.12536621094,147.85365605181056
134.48310852051,136.02895690726618
114.10427856445,114.6435253802212
109.28074645996,109.93319978302806
104.35192108154,104.78837993875814
101.50308990479,100.43853526382118
96.398017883301,96.23041212572552
86.540435791016,85.60813291287437
61.930202484131,62.58867983494769
55.271732330322,55.92176982525127
49.193412780762,48.67279948860525
0.0,0.042754498787720405
0.0,0.0
0.0,0.0
0.0,0.0
0.0,0.0
0.0,0.0
0.0,0.0
0.0,0.0
0.0,0.0
0.0,0.0
0.0,0.0
0.0,0.0
0.0,0.0
0.0,0.0
0.0,0.0
0.0,0.0
0.0,0.0
0.0,0.0
0.0,0.0
0.0,0.0
0.0,0.0
0.0,0.0
0.0,0.0
0.0,0.0
0.0,0.0
0.0,0.0
0.0,0.0
0.0,0.0
0.0,0.0
0.0,0.0
0.0,0.0
0.0,0.0
0.0,4.033982973853877e-06
0.0,4.033982973853877e-06
0.0,4.033982973853877e-06
0.0,4.033982973853877e-06
0.0,4.033982973853877e-06
0.0,4.033982973853877e-06
0.0,4.033982973853877e-06
0.0,4.033982973853877e-06
0.0,1.0509808435142757e-05
0.0,1.0509808435142757e-05
1.8911554813385,1.462114431114201
12.085958480835,12.225977120421689
17.519721984863,16.53882753155052
22.726041793823,22.758280182600448
28.724433898926,28.26119874367105
35.253440856934,34.59843719607687
42.18416595459,41.097548313728424
54.833095550537,54.020289183465195
60.895317077637,59.45241146345214
67.10865020752,65.85637558048569
73.022605895996,72.61448944443684
78.696792602539,78.03837680885927
84.408905029297,83.65723292450542
90.384696960449,88.71553396708306
95.271156311035,95.03377182296605
100.25761413574,99.27684011655913
105.28651428223,104.31228683564791
120.40994262695,119.22265544074882
124.53014373779,123.57734279077538
129.41076660156,128.14740320485328
131.34313964844,133.02570055953225
135.4947052002,134.5954971912221
139.07250976562,138.7052457394019
142.71206665039,141.90639997467335
146.16722106934,145.58426680316893
149.68948364258,149.14763199861818
153.26300048828,151.65470768289097
158.85458374023,157.37820888425244
161.46752929688,160.8601220797728
163.6813659668,163.24257782700843
166.2841796875,165.5921560947081
168.83839416504,168.3610985588587
170.78900146484,170.99189773950442
172.83277893066,172.3215650782505
174.84768676758,174.2908145562305
178.02731323242,177.99636558942572
180.30844116211,171.88803817449454
182.60311889648,181.68945299201533
184.79895019531,183.0342800587471
186.71516418457,185.90768818472827
188.41044616699,187.17336459991284
193.15008544922,192.20940780910377
193.82615661621,194.11945600391613
196.92907714844,194.0908023863467
198.00602722168,198.31904423173663
204.16278076172,203.41200961643992
202.56544494629,201.94226697357752
200.9365234375,200.97036435559937
187.57429504395,187.0480622854379
185.52615356445,186.58186719046213
173.71075439453,166.67904141147682
171.16638183594,167.94099873891054
165.12933349609,165.08066018111674
131.65487670898,131.74555589536453
127.43712615967,128.2215095604757
102.57675933838,103.03514871650312
87.210342407227,87.4388472995068
81.756858825684,81.74368399907287
50.275100708008,50.4704387540465
25.506807327271,24.73336759169009
19.973077774048,19.591884715444213
14.170389175415,14.707726937777402
1.1637530326843,1.3474940576523058
0.0,0.0
0.0,0.0
0.0,0.0
0.0,0.0
0.0,0.0
0.0,0.0
0.0,0.0
0.0,0.0
0.0,0.0
0.0,0.0
0.0,0.0
0.0,0.0
0.0,0.0
0.0,0.0
0.0,0.0
0.0,0.0
0.0,0.0
0.0,0.0
0.0,0.0
0.0,0.0
0.0,0.0
0.0,0.0
0.0,0.0
0.0,0.0
0.0,0.0
0.0,0.0
0.0,0.0
0.0,0.0
0.0,0.0
0.0,0.0
0.0,0.0
0.0,0.0
0.0,0.0
0.0,0.0
0.0,0.0
0.0,0.0
0.0,0.0
0.0,0.0
0.0,0.0
0.0,0.0
0.0,0.0
0.0,0.0
0.0,0.0
0.0,0.0
0.0,0.0
0.0,0.0
0.0,0.0
0.0,0.0
0.0,0.0
0.0,0.0
0.0,0.0
0.0,4.033982973853877e-06
0.0,4.033982973853877e-06
0.0,4.033982973853877e-06
0.0,4.033982973853877e-06
0.0,4.033982973853877e-06
0.0,4.033982973853877e-06
0.0,4.033982973853877e-06
0.0,0.014029352866899665
0.0,0.1068479590761417
0.0,1.0509808435142757e-05
0.32819420099258,0.220100157409597
2.1141257286072,1.9198876313788178
21.407634735107,21.131745233309967
26.979230880737,26.697974447189512
39.800029754639,38.44185281486991
46.468441009521,44.625225687720516
52.549755096436,50.84943203865653
82.502799987793,81.99993847068613
87.919227600098,86.3282375699598
98.623825073242,97.32326240983245
104.35363769531,103.05328909315418
109.7116394043,108.79889854969797
134.38888549805,132.62201787838887
138.67530822754,137.18494197219943
147.11016845703,142.13759477434826
150.90992736816,149.24107925345925
184.52987670898,183.04920467478084
194.16741943359,193.8667583597017
196.07984924316,195.03950595530344
198.75569152832,198.11015800325956
201.1208190918,198.58079289475296
204.6625213623,202.81163770573048
207.07864379883,196.42193025878362
208.57005310059,207.7228233041651
208.47183227539,207.43828751413233
208.70797729492,206.6243143431056
207.74914550781,206.80265550466007
207.13963317871,206.87390600990477
206.01748657227,205.55231178421695
204.60076904297,205.04831177356218
198.58346557617,200.12250344951244
193.21539306641,193.61843335834945
191.10736083984,191.67002060266105
189.53492736816,190.07722914700446
182.78132629395,179.9262191118672
177.45324707031,178.00204425332032
175.45552062988,165.97753380165298
170.43467712402,167.1627291640902
167.34735107422,165.2907786520226
146.94541931152,148.56398861266962
140.40081787109,141.2532325046285
136.92906188965,137.39808526882123
128.34628295898,129.41999452209942
110.77904510498,111.38687315301793
96.093315124512,94.18896018554388
86.179191589355,86.78979996480105
80.716575622559,79.98186444341671
0.0,0.0
0.0,0.0
0.0,0.0
0.0,0.0
0.0,0.0
0.0,0.0
0.0,0.0
0.0,0.0
0.0,0.0
0.0,0.0
0.0,0.0
0.0,0.0
0.0,0.0
0.0,0.0
0.0,0.0
0.0,0.0
0.0,0.0
0.0,0.0
0.0,0.0
0.0,0.0
0.0,0.0
0.0,0.0
0.0,0.0
0.0,0.0
0.0,0.0
0.0,0.0
0.0,0.0
0.0,0.0
0.0,0.0
0.0,0.0
0.0,0.0
0.0,0.0
0.0,0.0
0.0,0.0
0.0,0.0
0.0,0.0
0.0,0.0
0.0,0.0
0.0,0.0
0.0,0.0
0.0,0.0
0.0,0.0
0.0,0.0
0.0,0.0
0.0,0.0
0.0,0.0
0.0,0.0
0.0,0.0
0.0,0.0
0.0,0.0
0.0,4.033982973853877e-06
0.0,4.033982973853877e-06
0.0,4.033982973853877e-06
0.0,4.033982973853877e-06
0.0,4.033982973853877e-06
0.0,4.033982973853877e-06
0.0,4.033982973853877e-06
0.0,4.033982973853877e-06
0.0,1.0509808435142757e-05
0.0,1.0509808435142757e-05
0.0,1.0509808435142757e-05
0.80680525302887,0.3396121434877392
9.9114551544189,9.198627413036018
15.024230003357,14.372292283042238
19.642671585083,19.721887658160487
24.810005187988,24.87287496415648
30.388692855835,30.17613969976382
36.949615478516,36.537585102881806
44.051998138428,42.752368233017684
51.088500976562,49.61614066505785
57.255813598633,55.594221119639165
69.211837768555,68.28417615631997
74.992050170898,74.51178499722019
81.137512207031,80.16556171374235
86.959106445312,85.76035815624013
91.503189086914,90.23221017708339
96.136451721191,95.97156643121457
101.8653717041,100.41386916831996
106.69343566895,105.5247999925334
112.59667205811,109.35037196320785
120.88338470459,119.4105151785379
125.54162597656,122.54256904621934
130.02459716797,127.3956175036787
142.33856201172,141.39432653635558
171.69416809082,170.4195891735139
188.08804321289,186.27462892214928
194.88520812988,192.63879596165557
195.89091491699,195.39090348567123
197.49830627441,196.27607934391486
199.72100830078,197.68329880409695
200.56146240234,200.08769733488106
207.09800720215,205.51814330391804
208.81825256348,206.74246672208213
209.82270812988,207.53751534669294
209.88006591797,207.8215000894432
209.41499328613,207.80420692704737
210.87477111816,207.52262279826053
211.68518066406,206.7865806599032
211.18853759766,207.50015655947442
211.74465942383,206.68166601023722
211.92674255371,205.9407211246238
210.99171447754,205.86872118033213
210.11450195312,204.78978257849147
210.54174804688,205.17839336607304
208.81036376953,205.39886705937366
207.28631591797,206.26604318404583
206.22241210938,206.050961568476
202.36276245117,204.12822184209517
200.41848754883,201.0699745086437
198.55035400391,199.4274883023975
196.31274414062,195.44726016516958
192.05436706543,195.74279943089525
192.61653137207,191.27969532762722
190.4303894043,191.6205683392602
187.39993286133,188.91036820392586
187.22821044922,181.79534103669434
183.22720336914,184.83591449883576
180.62899780273,175.37833203457993
177.25662231445,179.0567748536794
177.14804077148,175.66085654331866
173.84643554688,174.1635663076583
168.87672424316,172.05632930402714
168.2208404541,165.77379831819113
163.89476013184,165.17242033617632
159.24096679688,159.45478672184126
154.8092956543,151.99668997248338
149.33805847168,151.38986630402079
146.19973754883,146.56804283231227
144.29328918457,143.38565806522305
138.98553466797,141.11729310372795
135.20408630371,136.07817007894815
131.39540100098,132.31724465695282
126.49834442139,127.90734526367055
117.12814331055,121.27919253992707
112.81537628174,111.97428886140767
102.53450012207,102.61357287817364
96.721534729004,98.09877232016613
91.930023193359,92.67733179102652
88.574272155762,88.77998339273879
81.046043395996,85.46838601606004
75.520988464355,75.85211969816622
38.535381317139,38.76555372432773
25.196054458618,25.208259976339754
20.148763656616,19.455718501854353
0.0,0.0
0.0,0.0
0.0,0.0
0.0,0.0
0.0,0.0
0.0,0.0
0.0,0.0
0.0,0.0
0.0,0.0
0.0,0.0
0.0,0.0
0.0,0.0
0.0,0.0
0.0,0.0
0.0,0.0
0.0,0.0
0.0,0.0
0.0,0.0
0.0,0.0
0.0,0.0
0.0,0.0
0.0,0.0
0.0,0.0
0.0,0.0
0.0,0.0
0.0,0.0
0.0,0.0
0.0,0.0
0.0,0.0
0.0,0.0
0.0,0.0
0.0,0.0
0.0,0.0
0.0,0.0
0.0,0.0
0.0,0.0
0.0,0.0
0.0,0.0
0.0,0.0
0.0,0.0
0.0,0.0
0.0,0.0
0.0,0.0
0.0,0.0
0.0,0.0
0.0,0.0
0.0,0.0
0.0,0.0
0.0,0.0
0.0,0.0
0.0,0.0
0.0,0.0
0.0,0.0
0.0,0.0
0.0,0.0
0.0,0.0
0.0,0.0
0.0,0.0
0.0,0.0
0.0,0.0
0.0,0.0
0.0,0.0
0.0,0.0
0.0,0.0
0.0,0.0
0.0,0.0
0.0,0.0
0.0,0.0
0.0,0.0
0.0,0.0
0.0,0.0
0.0,0.0
0.0,0.0
0.0,0.0
0.0,0.0
0.0,0.0
0.0,0.0
0.0,0.0
0.0,4.033982973853877e-06
0.0,4.033982973853877e-06
0.0,4.033982973853877e-06
0.0,4.033982973853877e-06
0.0,4.033982973853877e-06
0.0,4.033982973853877e-06
0.0,4.033982973853877e-06
0.0,4.033982973853877e-06
0.0,4.033982973853877e-06
0.0,0.014029352866899665
0.0,0.014029352866899665
0.0,0.1068479590761417
0.0,0.1068479590761417
0.0,0.1068479590761417
0.76603996753693,0.5010107163143334
2.9776003360748,3.010585639595483
6.1708731651306,6.0698414908892895
9.7590894699097,9.376402753341322
24.789548873901,25.330860481000155
37.041007995605,36.098190781036806
43.709957122803,42.80776388489674
68.633460998535,67.33825543187
80.759048461914,79.89446723673356
97.206329345703,95.8870696415896
102.40785980225,101.01129406287957
108.89453125,106.49608467591796
113.39939880371,112.97301571004802
127.30787658691,126.47809252461077
140.40353393555,138.20762766434973
152.58947753906,152.01377418545314
166.32154846191,173.29165124697312
182.84948730469,181.81311570546782
191.10508728027,188.82218182236767
192.81147766113,190.9697943703019
186.12515258789,195.5055257690101
198.27998352051,186.56793985232994
198.02578735352,201.2190611606344
190.50918579102,204.3618415825293
206.44808959961,190.73849333919537
209.24069213867,205.88816721954615
209.35366821289,201.18951498057075
194.65502929688,206.8093809633042
210.78530883789,185.88394193351806
203.12060546875,202.05864660580545
212.11627197266,204.2251523888411
212.69017028809,204.71959907802835
207.1692199707,208.91452025763692
213.17190551758,206.78599234583203
205.02244567871,209.73873562889796
173.24830627441,177.6644460416947
208.72122192383,180.71214361866777
209.20378112793,203.92983577160655
212.05126953125,205.8996289892467
178.62886047363,178.67708117992407
190.37173461914,178.45787437443235
208.96487426758,189.2562499309949
184.32307434082,201.72179603701758
200.54264831543,189.2168094489486
174.58862304688,123.93799342382283
169.37789916992,175.73460726512386
148.45965576172,169.53364283380034
144.46899414062,145.0085737760158
103.04890441895,102.61173690455868
87.964385986328,91.83566619900843
96.132545471191,100.01177824420255
121.60506439209,108.76145188822692
82.024597167969,72.4574263159402
111.85931396484,99.38770870289058
84.847930908203,93.9834359380602
104.60585784912,79.40214646350675
64.269439697266,96.74439266538819
46.700233459473,43.665863413924704
16.588012695312,20.390762739670883
0.0,0.0
0.0,0.0
0.0,0.0
0.0,0.0
0.0,0.0
0.0,0.0
0.0,0.0
0.0,0.0
0.0,0.0
0.0,0.0
0.0,0.0
0.0,0.0
0.0,0.0
0.0,0.0
0.0,0.0
0.0,0.0
0.0,0.0
0.0,0.0
0.0,0.0
0.0,0.0
0.0,0.0
0.0,0.0
0.0,0.0
0.0,0.0
0.0,0.0
0.0,0.0
0.0,0.0
0.0,0.0
0.0,0.0
0.0,0.0
0.0,0.0
0.0,0.0
0.0,0.0
0.0,0.0
0.0,0.0
0.0,0.0
0.0,0.0
0.0,0.0
0.0,0.0
0.0,0.0
0.0,0.0
0.0,0.0
0.0,0.0
0.0,0.0
0.0,0.0
0.0,0.0
0.0,0.0
0.0,0.0
0.0,0.0
0.0,0.0
0.0,0.0
0.0,0.0
0.0,0.0
0.0,0.0
0.0,0.0
0.0,0.0
0.0,0.0
0.0,0.0
0.0,0.0
0.0,0.0
0.0,0.0
0.0,4.033982973853877e-06
0.0,0.014029352866899665
0.0,0.014029352866899665
0.0,1.0509808435142757e-05
78.493324279785,76.73726745143617
132.53771972656,131.7234004920761
137.03674316406,135.19685430756786
153.3621673584,152.50466986424382
193.4535369873,192.27367756720116
202.6175994873,198.67554994697474
204.67636108398,200.54521655772763
207.28628540039,203.99343030879436
208.05842590332,206.90148707804946
208.5687713623,207.47532552463298
210.20758056641,207.48033162409453
211.28648376465,207.69343047252207
212.63041687012,207.6782516751225
213.53115844727,207.4663821909291
209.54782104492,205.013690874454
209.26818847656,205.10519334013773
207.01072692871,203.8361080855603
206.55592346191,203.5441574563157
191.43148803711,191.22162228215703
189.91896057129,190.4043705115438
174.59902954102,174.67299920249087
169.20622253418,166.88000680991627
165.97917175293,162.98218827148978
163.32833862305,161.45013037954007
160.98616027832,157.61251658910817
157.55944824219,158.15931345376174
147.57302856445,147.5998365246662
143.00567626953,143.31898894130563
139.03787231445,139.35898356163557
130.75263977051,131.32290761651802
126.12353515625,127.05618101822735
111.50827026367,112.7600523763468
95.743751525879,96.26745389038257
78.960548400879,79.715389988859
72.668144226074,73.68776180248013
46.264175415039,49.33660796485964
27.734729766846,25.572793451214533
6.4058442115784,6.410600528581658
0.0,0.0
0.0,7.238156669508129e-06
0.0,0.0
0.0,0.0
0.0,0.0
0.0,0.0
0.0,0.0
0.0,0.0
0.0,0.0
0.0,0.0
0.0,0.0
0.0,0.0
0.0,0.0
0.0,0.0
0.0,0.0
0.0,0.0
0.0,0.0
0.0,0.0
0.0,0.0
0.0,0.0
0.0,0.0
0.0,0.0
0.0,0.0
0.0,0.0
0.0,0.0
0.0,0.0
0.0,0.0
0.0,0.0
0.0,0.0
0.0,0.0
0.0,0.0
0.0,0.0
0.0,0.0
0.0,0.0
0.0,0.0
0.0,0.0
0.0,0.0
0.0,0.0
0.0,0.0
0.0,0.0
0.0,0.0
0.0,0.0
0.0,0.0
0.0,0.0
0.0,0.0
0.0,0.0
0.0,0.0
0.0,0.0
0.0,0.0
0.0,0.0
0.0,0.0
0.0,0.0
0.0,0.0
0.0,0.0
0.0,0.0
0.0,0.0
0.0,0.0
0.0,0.0
0.0,0.0
0.0,0.0
0.0,0.0
0.0,0.0
0.0,0.0
0.0,0.0
0.0,0.0
0.0,0.0
0.0,0.0
0.0,0.0
0.0,0.0
0.0,0.0
0.0,0.0
0.0,0.0
0.0,0.0
0.0,0.0
0.0,0.0
0.0,0.0
0.0,0.0
0.0,0.0
0.0,0.0
0.0,0.0
0.0,0.0
0.0,0.0
0.0,0.0
0.0,4.033982973853877e-06
0.0,0.014029352866899665
0.0,4.033982973853877e-06
0.0,4.033982973853877e-06
0.0,4.033982973853877e-06
0.0,4.033982973853877e-06
0.0,4.033982973853877e-06
0.0,4.033982973853877e-06
0.0,1.0509808435142757e-05
0.0,1.0509808435142757e-05
1.1394544839859,0.25752020340741033
4.3530335426331,3.7937915465548113
7.7385258674622,7.497482379395058
11.943752288818,11.875413097476661
21.860954284668,22.007906470373833
67.536987304688,65.83837819150816
96.36563873291,95.20197703131244
101.5471496582,99.8289972063001
107.18158721924,105.16381737071916
117.95845031738,115.86988007248911
128.31056213379,125.72591160359575
133.03778076172,132.38365585545995
137.37571716309,135.9053251040075
141.65097045898,140.56955495579766
150.26084899902,148.52243912629666
161.71542358398,157.3608226316216
168.96212768555,167.57222860153124
183.29379272461,175.8541871631452
189.8461151123,188.64840539240652
191.80706787109,190.55633368780732
194.18324279785,192.56501595932465
199.68600463867,198.29483262113553
201.09855651855,200.08918805042663
202.56356811523,201.19854789583192
204.02442932129,200.5571158729124
206.21592712402,205.77857153406882
208.9822845459,207.4017670547218
209.58387756348,207.55332600580442
211.84135437012,208.0244825159354
211.96154785156,208.16273983516538
211.31443786621,206.55063194570252
210.82760620117,205.80606002445685
210.37826538086,205.29156675826903
210.18605041504,206.32776420907388
208.80519104004,205.474257553586
208.86329650879,205.38884092275117
202.75173950195,202.92775655919658
193.81614685059,193.3987043159806
181.68965148926,171.87642454485118
173.27061462402,166.571321411681
164.50325012207,163.7618632025949
156.1572265625,156.27593389565124
149.57534790039,148.6016307260576
146.14685058594,146.8074065828576
142.43334960938,143.68859464827426
122.75891113281,123.22158142144582
110.78800201416,109.183829281819
97.768455505371,100.3412538103266
93.823593139648,94.3922110246668
78.807762145996,79.6929903698858
71.89111328125,73.27706470330959
64.062637329102,66.74996780890072
33.28524017334,33.794575271028606
6.7035179138184,6.879931334757222
2.5569651126862,3.10716876244826
0.0,0.0
0.0,0.0
0.0,0.0
0.0,0.0
0.0,0.0
0.0,0.0
0.0,0.0
0.0,0.0
0.0,0.0
0.0,0.0
0.0,0.0
0.0,0.0
0.0,0.0
0.0,0.0
0.0,0.0
0.0,0.0
0.0,0.0
0.0,0.0
0.0,0.0
0.0,0.0
0.0,0.0
0.0,0.0
0.0,0.0
0.0,0.0
0.0,0.0
0.0,0.0
0.0,0.0
0.0,0.0
0.0,0.0
0.0,0.0
0.0,0.0
0.0,0.0
0.0,0.0
0.0,0.0
0.0,0.0
0.0,0.0
0.0,0.0
0.0,0.0
0.0,0.0
0.0,0.0
0.0,0.0
0.0,0.0
0.0,0.0
0.0,0.0
0.0,0.0
0.0,0.0
0.0,0.0
0.0,0.0
0.0,0.0
0.0,0.0
0.0,0.0
0.0,0.0
0.0,0.0
0.0,0.0
0.0,0.0
0.0,0.0
0.0,0.0
0.0,0.0
0.0,0.0
0.0,0.0
0.0,0.0
0.0,0.0
0.0,0.0
0.0,0.0
0.0,0.0
0.0,0.0
0.0,0.0
0.0,0.0
0.0,0.0
0.0,0.0
0.0,0.0
0.0,0.0
0.0,0.0
0.0,0.0
0.0,0.0
0.0,0.0
0.0,0.0
0.0,0.0
0.0,0.0
0.0,0.0
0.0,0.0
0.0,0.0
0.0,0.0
0.0,0.0
0.0,0.0
0.0,0.0
0.0,0.0
0.0,0.014029352866899665
0.0,4.033982973853877e-06
0.0,1.0509808435142757e-05
0.0,1.0509808435142757e-05
12.776823997498,12.781686496625618
28.579416275024,28.672412703196592
47.947849273682,47.21677589546717
61.111862182617,59.1761065464333
105.57807922363,104.31063541298954
115.85910797119,114.0811713108102
120.73944091797,119.26228372893632
125.23923492432,124.28824591642486
133.80857849121,133.3428036283109
140.39363098145,141.33526983668744
143.95523071289,143.6832747924007
151.7939453125,150.4993419277717
154.29095458984,153.94002593053378
157.3521270752,157.16558366823045
160.51934814453,159.22281964594413
166.49905395508,166.44533143823864
169.46000671387,168.58300997200743
176.6487121582,175.71454130488087
181.19085693359,171.96334681664567
187.21348571777,186.33472245173616
196.68955993652,196.2288589919276
200.96981811523,199.22350501023055
202.72366333008,200.85802460566603
203.08641052246,202.51697230042203
203.02355957031,202.65996697322336
203.20297241211,202.40890206200024
203.68344116211,203.36694292024052
202.01330566406,202.8646199842903
201.4907989502,201.56011071081855
202.05715942383,200.77631739576756
201.8450012207,201.73819051007249
201.54748535156,201.35197558092318
201.31021118164,200.60096869052987
200.89526367188,200.53054528119787
198.24334716797,199.50684187853918
196.86807250977,197.11226444902735
195.35229492188,195.05574315129476
195.07476806641,194.83257881021595
193.17291259766,194.6771425870765
191.65972900391,191.23025761749034
190.66737365723,190.74751358577961
188.99945068359,188.68669373328518
187.45106506348,185.98576219669997
180.1116027832,181.47894145164713
176.94500732422,176.76640193126602
145.31443786621,145.1324297058582
139.25100708008,137.84134685556387
122.41015625,123.99166344874796
109.33824157715,109.49740194712618
90.5380859375,89.9624685963252
79.895858764648,79.89970319489008
26.899806976318,29.413367785376938
21.480369567871,20.817597298300527
14.469146728516,16.1482932646609
0.0,0.11071036468108429
0.0,0.0
0.0,0.0
0.0,0.0
0.0,0.0
0.0,0.0
0.0,0.0
0.0,0.0
0.0,0.0
0.0,0.0
0.0,0.0
0.0,0.0
0.0,0.0
0.0,0.0
0.0,0.0
0.0,0.0
0.0,0.0
0.0,0.0
0.0,0.0
0.0,0.0
0.0,0.0
0.0,0.0
0.0,0.0
0.0,0.0
0.0,0.0
0.0,0.0
0.0,0.0
0.0,0.0
0.0,0.0
0.0,0.0
0.0,0.0
0.0,0.0
0.0,0.0
0.0,0.0
0.0,0.0
0.0,0.0
0.0,0.0
0.0,0.0
0.0,0.0
0.0,0.0
0.0,0.0
0.0,0.0
0.0,0.0
0.0,0.0
0.0,0.0
0.0,0.0
0.0,0.0
0.0,0.0
0.0,0.0
0.0,0.0
0.0,0.0
0.0,0.0
0.0,0.0
0.0,0.0
0.0,0.0
0.0,0.0
0.0,0.0
0.0,0.0
0.0,0.0
0.0,0.0
0.0,0.0
0.0,0.0
0.0,0.0
0.0,0.0
0.0,0.0
0.0,0.0
0.0,0.0
0.0,0.0
0.0,0.0
0.0,0.0
0.0,0.0
0.0,0.0
0.0,0.0
0.0,0.0
0.0,0.0
0.0,0.0
0.0,0.0
0.0,0.0
0.0,0.0
0.0,0.0
0.0,0.0
0.0,0.0
0.0,0.0
0.0,0.0
0.0,0.0
0.0,0.0
0.0,0.0
0.0,0.0
0.0,0.0
0.0,0.0
0.0,0.0
0.0,0.0
0.0,0.0
0.0,0.0
0.0,0.0
0.0,0.0
0.0,0.0
0.0,0.0
0.0,0.0
0.0,0.0
0.0,0.0
0.0,0.0
0.0,0.0
0.0,4.033982973853877e-06
0.0,4.033982973853877e-06
0.0,4.033982973853877e-06
0.0,4.033982973853877e-06
0.0,4.033982973853877e-06
0.0,4.033982973853877e-06
0.0,4.033982973853877e-06
0.0,4.033982973853877e-06
0.0,0.00031855255367974793
0.0,0.1068479590761417
0.0,0.0008710012300665497
1.6052160263062,0.23571084776074192
13.177930831909,12.939668845618803
22.892223358154,23.490439810816145
28.72526550293,28.500061729155515
41.630771636963,40.62063051554837
47.892841339111,47.364551192473996
54.502601623535,54.39644237351211
61.037086486816,59.04710995916829
84.88338470459,85.33236327362688
90.24690246582,89.03703394606649
95.498725891113,94.74862652530383
100.88124847412,99.40267058216756
106.4419708252,104.48392640450649
111.66338348389,110.30817243090347
116.50924682617,115.01706177676712
121.27965545654,119.91222153778908
126.09426879883,124.19793347539259
129.19770812988,129.8774192800422
133.20324707031,133.0127236022182
136.67877197266,136.61832621027017
140.02383422852,140.24723267368597
143.38668823242,143.78465469367362
146.39141845703,146.07124639874675
149.30712890625,149.19732706563371
158.31086730957,157.81155184906797
173.51580810547,173.16112072832922
183.40032958984,183.42989923821287
185.29692077637,181.0951742189218
188.34091186523,187.53088175190797
189.41317749023,189.38385601795628
192.63816833496,192.4722784639434
193.94024658203,192.85403169076392
194.18368530273,194.29814498876385
197.0518951416,195.6818285895329
197.77243041992,196.92846734246226
197.43228149414,198.00080922219252
196.73191833496,197.5964468476042
196.69331359863,197.2085098307081
198.15420532227,197.80482372592124
198.09692382812,198.08285177790992
197.92401123047,197.7100104650941
197.72145080566,198.02347431096587
197.04116821289,197.69620773340378
197.4118347168,196.77786553644833
196.66067504883,196.95699519355065
194.49150085449,195.03337411749152
194.11628723145,192.9923628123099
188.96510314941,188.7154389107021
185.49467468262,184.96554684055016
179.67762756348,181.2607323742369
174.06802368164,175.43600772527472
168.82469177246,169.86283762190124
163.56042480469,164.1316470112094
158.25567626953,158.4708663657391
151.5563659668,150.6338782736882
145.87301635742,145.80058739014066
143.01086425781,142.20126640154862
139.72790527344,137.09091600644044
136.2421875,135.37070352287432
125.70887756348,125.49783770636343
120.99856567383,121.78412744147234
112.85649871826,112.99571996760646
108.74898529053,109.01945142327094
103.9748840332,103.9494266023888
96.785507202148,94.42297121857001
92.065200805664,91.5965289066915
87.122016906738,86.944172306407
79.915756225586,81.67326981289267
63.745750427246,62.29139214343402
57.372180938721,59.069764809679306
50.628070831299,50.72447628614701
44.616062164307,43.184735821079215
38.446033477783,41.4456705767027
32.160522460938,31.691402436740148
27.038047790527,25.973654658762044
21.624881744385,20.888011690301255
15.941059112549,15.557500437869797
6.4659514427185,6.916964683336994
2.5320370197296,3.10332816023258
0.096508711576462,0.44469941934887913
0.0,0.10363596976624066
0.0,0.0
0.0,0.0
0.0,0.0
0.0,0.0
0.0,0.0
0.0,0.0
0.0,0.0
0.0,0.0
0.0,0.0
0.0,0.0
0.0,0.0
0.0,0.0
0.0,0.0
0.0,0.0
0.0,0.0
0.0,0.0
0.0,0.0
0.0,0.0
0.0,0.0
0.0,0.0
0.0,0.0
0.0,0.0
0.0,0.0
0.0,0.0
0.0,0.0
0.0,0.0
0.0,0.0
0.0,0.0
0.0,0.0
0.0,0.0
0.0,0.0
0.0,0.0
0.0,0.0
0.0,0.0
0.0,0.0
0.0,0.0
0.0,0.0
0.0,0.0
0.0,0.0
0.0,0.0
0.0,0.0
0.0,0.0
0.0,0.0
0.0,0.0
0.0,0.0
0.0,0.0
0.0,0.0
0.0,0.0
0.0,0.0
0.0,0.0
0.0,0.0
0.0,0.0
0.0,0.0
0.0,0.0
0.0,0.0
0.0,0.0
0.0,0.0
0.0,0.0
0.0,0.0
0.0,0.0
0.0,0.0
0.0,0.0
0.0,0.0
0.0,0.0
0.0,0.0
0.0,0.0
0.0,0.0
0.0,0.0
0.0,0.0
0.0,0.0
0.0,0.0
0.0,0.0
0.0,0.0
0.0,0.0
0.0,0.0
0.0,0.0
0.0,0.0
0.0,0.0
0.0,0.0
0.0,0.0
0.0,0.0
0.0,0.0
0.0,0.0
0.0,0.0
0.0,0.0
0.0,0.0
0.0,0.0
0.0,0.0
0.0,0.0
0.0,0.0
0.0,0.0
0.0,0.0
0.0,0.0
0.0,0.0
0.0,0.0
0.0,0.0
0.0,0.0
0.0,0.0
0.0,0.0
0.0,0.0
0.0,0.0
0.0,0.0
0.0,0.0
0.0,0.0
0.0,0.0
0.0,0.0
0.0,0.0
0.0,0.0
0.0,0.0
0.0,4.033982973853877e-06
0.0,4.033982973853877e-06
0.0,0.014029352866899665
0.0,4.033982973853877e-06
0.0,4.033982973853877e-06
0.0,1.0509808435142757e-05
0.0,1.0509808435142757e-05
0.15181821584702,0.04166261494394835
2.1055243015289,1.5625364603071907
5.9341750144958,5.166337263802661
18.541053771973,18.449687186422572
23.562217712402,23.694233927729638
29.406200408936,28.622363634812043
35.304279327393,35.2895964048021
41.21838760376,40.582789887594515
47.054210662842,46.37786289259042
52.861259460449,52.14565907671847
58.994556427002,57.1208541975106
65.333953857422,63.688060068922546
71.200119018555,70.73380369550337
76.669441223145,76.43741800839162
82.256225585938,81.90729298250226
87.047286987305,86.06818539086343
92.068542480469,90.73402813780763
97.031188964844,96.36843813082929
102.15879058838,101.67055654589146
107.0445022583,106.00879071456696
112.10932922363,111.34719005763895
117.22721099854,116.44615941522363
121.95869445801,120.54177504024065
126.26514434814,124.72222077070303
130.21350097656,130.0106289517056
133.91784667969,133.75744191587017
136.91767883301,137.16592120426952
139.56260681152,140.37124062086065
144.1328125,143.65348396445867
147.9390411377,146.81762756836426
151.041015625,151.1270930920747
154.20835876465,153.4208193865023
160.33380126953,159.41724234291777
163.13513183594,162.3515372438379
171.4860534668,171.51706749761885
174.53555297852,173.31298708144266
177.04911804199,175.68615617364796
179.22634887695,178.51352046470015
181.33860778809,180.64652188805428
183.12261962891,182.52197506378812
185.38708496094,184.08063905312537
187.58963012695,186.28520047899593
189.43215942383,188.6252707335504
191.01083374023,190.20818610959623
192.58441162109,192.11843393133688
194.09489440918,193.39103771389307
196.01097106934,194.93308947120468
197.12155151367,196.28827783714544
199.65689086914,198.71000693927567
201.20735168457,200.07486062977375
201.45994567871,200.99858510708387
202.21203613281,201.19682753287833
202.24449157715,202.00995809857804
201.81480407715,202.07066907732954
202.10084533691,201.72968003549386
202.58248901367,201.826159706459
204.05104064941,202.29638235574697
204.31091308594,204.01423232487835
204.04037475586,204.19292474360867
203.76107788086,203.95427465101693
203.2121887207,202.92742539044
203.43287658691,202.70408383957164
202.90023803711,202.40365355662075
202.67361450195,202.35696994130862
202.00421142578,202.25863043038075
201.37916564941,201.68205673458675
201.1463470459,200.61200085757744
200.47875976562,200.48718079093175
199.16372680664,200.14215276511393
198.36755371094,198.30969146619157
196.72532653809,194.88221115803938
194.42671203613,195.08319073840923
192.37744140625,193.63843647798842
190.77149963379,191.5946293490585
189.10260009766,189.74870681909925
187.0191192627,186.76971296028876
184.10040283203,183.62709706866454
183.26095581055,183.16028000750282
182.39503479004,181.6041414255206
180.59718322754,181.1936140960099
178.09483337402,179.58916308762664
175.94621276855,175.96250327084996
173.38095092773,173.8773962047847
170.357421875,171.47040771000172
167.66635131836,167.92297445583858
165.40281677246,165.66635548950995
162.53234863281,163.0546115700452
158.90580749512,160.37936436158517
156.12890625,156.18704512166607
149.42306518555,149.5240436693161
146.71806335449,146.5638730367247
143.21520996094,143.58861563280092
139.51446533203,140.1308188748699
136.18687438965,137.29466883209165
132.88275146484,133.75359876664268
129.38859558105,130.58444337334728
125.54541778564,125.7253023152574
121.42425537109,121.42453957595093
117.72869110107,117.52039062924217
113.25618743896,114.04208854921691
109.18363952637,109.95876958146475
103.88904571533,104.52705708540289
98.951240539551,100.51752152020256
94.227668762207,94.85290102157612
89.599632263184,89.80932131793904
84.580123901367,84.82314227396566
80.115264892578,79.64123131802585
73.459274291992,75.04804707612188
67.596839904785,68.34557162919621
61.679302215576,61.4724364623923
55.139587402344,55.78496896113044
50.29402923584,49.14886676654677
44.493457794189,43.06888730348912
38.37899017334,38.76613979269451
32.127113342285,32.535428252051474
26.979822158813,26.8906444429789
21.637758255005,21.0094976370954
16.017976760864,16.436818306149362
11.280291557312,11.621952563519216
6.6266961097717,7.217501018598003
2.7853901386261,3.3966116562904154
0.25905808806419,0.6060612543188623
0.0,0.008730335115245706
0.0,0.027594005286556332
0.0,0.0
0.0,0.0
0.0,0.0
0.0,0.0
0.0,0.0
0.0,0.0
0.0,0.0
0.0,0.0
0.0,0.0
0.0,0.0
0.0,0.0
0.0,0.0
0.0,0.0
0.0,0.0
0.0,0.0
0.0,0.0
0.0,0.0
0.0,0.0
0.0,0.0
0.0,0.0
0.0,0.0
0.0,0.0
0.0,0.0
0.0,0.0
0.0,0.0
0.0,0.0
0.0,0.0
0.0,0.0
0.0,0.0
0.0,0.0
0.0,0.0
0.0,0.0
0.0,0.0
0.0,0.0
0.0,0.0
0.0,0.0
0.0,0.0
0.0,0.0
0.0,0.0
0.0,0.0
0.0,0.0
0.0,0.0
0.0,0.0
0.0,0.0
0.0,0.0
0.0,0.0
0.0,0.0
0.0,0.0
0.0,0.0
0.0,0.0
0.0,0.0
0.0,0.0
0.0,0.0
0.0,0.0
0.0,0.0
0.0,0.0
0.0,0.0
0.0,0.0
0.0,0.0
0.0,0.0
0.0,0.0
0.0,0.0
0.0,0.0
0.0,0.0
0.0,0.0
0.0,0.0
0.0,0.0
0.0,0.0
0.0,0.0
0.0,0.0
0.0,0.0
0.0,0.0
0.0,0.0
0.0,0.0
0.0,0.0
0.0,0.0
0.0,0.0
0.0,0.0
0.0,0.0
0.0,0.0
0.0,0.0
0.0,0.0
0.0,0.0
0.0,0.0
0.0,0.0
0.0,0.0
0.0,0.0
0.0,0.0
0.0,0.0
0.0,0.0
0.0,0.0
0.0,0.0
0.0,0.0
0.0,0.0
0.0,0.0
0.0,0.0
0.0,0.0
0.0,0.0
0.0,0.0
0.0,0.0
0.0,0.0
0.0,0.0
0.0,0.0
0.0,0.0
0.0,0.0
0.0,0.0
0.0,0.0
0.0,0.0
0.0,0.0
0.0,0.0
0.0,0.0
0.0,0.0
0.0,0.0
0.0,0.0
0.0,0.0
0.0,0.0
0.0,0.0
0.0,0.0
0.0,0.0
0.0,0.0
0.0,0.0
0.0,0.0
0.0,0.0
0.0,0.0
0.0,0.0
0.0,0.0
0.0,0.0
0.0,0.0
0.0,0.0
0.0,0.0
0.0,0.0
0.0,0.0
0.0,0.0
0.0,0.0
0.0,4.033982973853877e-06
0.0,4.033982973853877e-06
0.0,4.033982973853877e-06
0.0,4.033982973853877e-06
0.0,4.033982973853877e-06
0.0,4.033982973853877e-06
0.0,4.033982973853877e-06
0.0,4.033982973853877e-06
0.0,4.033982973853877e-06
0.0,4.033982973853877e-06
0.0,4.033982973853877e-06
0.0,1.0509808435142757e-05
0.0,1.0509808435142757e-05
0.066685035824776,0.37694687150045236
2.0645878314972,1.4222238704831225
6.0139269828796,4.960053614241812
9.6442537307739,8.972584341071439
13.849941253662,14.339361624269431
18.454317092896,18.260482436722228
23.72154045105,23.827681461516878
29.440179824829,28.770723706661688
35.690116882324,35.29146259439797
41.800327301025,41.67784878096802
47.675331115723,46.94601694989345
53.889709472656,52.952887102320176
60.182006835938,57.96580975377253
66.72282409668,65.1343744144903
72.456260681152,71.50650029936904
77.813568115234,77.18079627212693
82.986526489258,82.86183602456671
88.007484436035,88.0581957237432
93.326988220215,92.94359908923636
98.627258300781,97.2996093346206
103.8324508667,103.15697152355597
108.96778869629,108.22256815552035
114.08094787598,112.95391359305825
118.84607696533,117.73858921327697
123.49774169922,122.49900657468122
126.30353546143,126.84446284711538
129.93919372559,130.10405784691497
134.42004394531,133.4947023054432
137.88356018066,137.44726350665093
142.63256835938,141.2830660624489
145.48236083984,145.26546199694172
148.26750183105,148.69359292044624
152.88629150391,152.23797010430948
150.60110473633,155.30779213403991
157.74066162109,153.29889825016454
162.59284973145,160.06248838105103
163.09971618652,164.55998867776503
165.54336547852,165.4796335918328
168.16094970703,167.82202786951257
170.66375732422,170.04798739718754
172.70007324219,172.16167081816397
174.65322875977,174.26606066837041
176.7889251709,175.92166334201158
178.35440063477,178.40680501533416
180.24870300293,179.57291424919833
182.2255859375,180.9147935131225
184.15042114258,183.4166978554013
185.91494750977,185.2873524848117
187.41773986816,186.8414758716073
189.26875305176,188.5750449419486
190.31214904785,190.04479115306594
191.50701904297,190.32023360827122
192.15780639648,192.35586627481527
193.4395904541,192.64970529240887
194.88980102539,193.83283982857188
195.94186401367,195.40917934274776
196.9612121582,196.24119374267607
197.29138183594,197.38848973729023
196.98139953613,197.4911040885472
197.07606506348,197.38986307038758
197.19917297363,197.49716953744087
197.68074035645,197.47588862320478
198.60673522949,197.91640409395688
199.73719787598,198.4276411330284
199.76095581055,199.91302686524395
200.08901977539,199.8888147795073
199.65699768066,199.98429870228873
199.32629394531,199.81684958529732
199.5235748291,199.1848816115014
199.25244140625,199.56214382863433
199.10980224609,199.08843359595048
198.2043762207,198.75807611448658
197.6092376709,197.70124296223813
196.31776428223,191.68476875587226
195.37944030762,195.69069185907415
194.85760498047,194.66502700236907
193.77960205078,194.18407223372787
191.37536621094,193.04388539904363
191.74374389648,190.5246821136415
191.16049194336,190.78234572232242
188.69694519043,190.155261932189
187.49339294434,187.6351155389323
186.45491027832,186.43350917757087
185.38189697266,185.19953686968503
184.36465454102,184.54219856155515
182.00932312012,183.40280364699302
179.59730529785,180.94659301107654
177.91989135742,178.15069353082524
176.26672363281,175.4377018183312
174.32527160645,174.4404793242027
172.08348083496,172.35599040779329
169.62913513184,170.2702557777463
167.923828125,167.0295470539039
166.41645812988,165.746299666457
163.84077453613,164.56611979259728
160.38813781738,161.76944434875966
158.0378112793,158.1822240300566
155.65335083008,155.27161680564404
152.65689086914,153.3864606361838
149.49661254883,149.7450812696526
146.17593383789,146.39785163477453
143.20457458496,143.2504745257003
140.1086730957,140.16268739214718
137.17308044434,137.34662267507653
133.61199951172,133.94244138607792
130.59199523926,130.00904541920042
127.01581573486,126.62977364739176
123.68640899658,123.40743110844798
121.9361114502,119.72595313054174
115.80211639404,118.01520417854022
111.03265380859,111.48608670218889
107.61280822754,107.23062584528242
101.24903869629,102.68002847582261
96.886260986328,96.35554528444597
91.752494812012,91.67122063104648
86.930793762207,87.09410672536409
82.613380432129,81.62323806721862
77.578048706055,77.68575344370065
73.598922729492,72.55607453696996
67.943214416504,67.9081961153116
60.057846069336,62.108825377161615
53.914100646973,54.20377452244713
47.696090698242,46.062357729973556
41.91088104248,41.80357018349242
37.454082489014,34.91865648711169
31.598291397095,31.893333765345695
25.213092803955,25.617267552216298
20.415977478027,19.748161925442645
15.661365509033,15.745715481139051
11.02018737793,10.897386105252057
6.6233253479004,6.743873511806855
2.6376938819885,3.2945924026698283
0.18373613059521,0.41454171512311144
0.0,0.001280079063494766
0.0,0.0
0.0,0.0
0.0,0.0
0.0,0.0
0.0,0.0
0.0,0.0
0.0,0.0
0.0,0.0
0.0,0.0
0.0,0.0
0.0,0.0
0.0,0.0
0.0,0.0
0.0,0.0
0.0,0.0
0.0,0.0
0.0,0.0
0.0,0.0
0.0,0.0
0.0,0.0
0.0,0.0
0.0,0.0
0.0,0.0
0.0,0.0
0.0,0.0
0.0,0.0
0.0,0.0
0.0,0.0
0.0,0.0
0.0,0.0
0.0,0.0
0.0,0.0
0.0,0.0
0.0,0.0
0.0,0.0
0.0,0.0
0.0,0.0
0.0,0.0
0.0,0.0
0.0,0.0
0.0,0.0
0.0,0.0
0.0,0.0
0.0,0.0
0.0,0.0
0.0,0.0
0.0,0.0
0.0,0.0
0.0,0.0
0.0,0.0
0.0,0.0
0.0,0.0
0.0,0.0
0.0,0.0
0.0,0.0
0.0,0.0
0.0,0.0
0.0,0.0
0.0,0.0
0.0,0.0
0.0,0.0
0.0,0.0
0.0,0.0
0.0,0.0
0.0,0.0
0.0,0.0
0.0,0.0
0.0,0.0
0.0,0.0
0.0,0.0
0.0,0.0
0.0,0.0
0.0,0.0
0.0,0.0
0.0,0.0
0.0,0.0
0.0,0.0
0.0,0.0
0.0,0.0
0.0,0.0
0.0,0.0
0.0,0.0
0.0,0.0
0.0,0.0
0.0,0.0
0.0,0.0
0.0,0.0
0.0,0.0
0.0,0.0
0.0,0.0
0.0,0.0
0.0,0.0
0.0,0.0
0.0,0.0
0.0,0.0
0.0,0.0
0.0,0.0
0.0,0.0
0.0,0.0
0.0,0.0
0.0,0.0
0.0,0.0
0.0,0.0
0.0,0.0
0.0,0.0
0.0,0.0
0.0,0.0
0.0,0.0
0.0,0.0
0.0,0.0
0.0,0.0
0.0,0.0
0.0,0.0
0.0,0.0
0.0,0.0
0.0,0.0
0.0,0.0
0.0,0.0
0.0,0.0
0.0,0.0
0.0,0.0
0.0,0.0
0.0,0.0
0.0,0.0
0.0,0.0
0.0,0.0
0.0,0.0
0.0,0.0
0.0,0.0
0.0,0.0
0.0,0.0
0.0,0.0
0.0,0.0
0.0,0.0
0.0,0.0
0.0,0.0
0.0,0.0
0.0,0.0
0.0,0.0
0.0,0.0
0.0,4.033982973853877e-06
0.0,4.033982973853877e-06
0.0,4.033982973853877e-06
0.0,4.033982973853877e-06
0.0,4.033982973853877e-06
0.0,4.033982973853877e-06
0.0,4.033982973853877e-06
0.0,4.033982973853877e-06
0.0,4.033982973853877e-06
0.0,4.033982973853877e-06
0.0,4.033982973853877e-06
0.0,4.033982973853877e-06
0.0,0.00031855255367974793
0.0,0.00031855255367974793
0.26487132906914,0.26311950317422517
2.5464453697205,1.8497992635726515
6.4470019340515,5.454131270790513
10.120881080627,9.40519510594558
14.423943519592,14.231794860271107
19.150636672974,18.643545173464673
24.644588470459,24.56173092843252
29.970733642578,29.738861207844725
36.243377685547,35.53358108271029
42.533515930176,41.65683576622407
48.185905456543,47.79346947920734
54.548557281494,54.378795591088966
61.317199707031,58.88766588225024
67.846908569336,66.57296257311545
73.052467346191,73.11067025017057
78.152648925781,77.9924035595126
83.693901062012,82.42077481493668
88.778244018555,88.43331073292077
94.182952880859,93.79699783172556
99.466384887695,98.73576873644751
104.42945861816,103.77769817112127
109.32528686523,108.50191789369653
114.43131256104,113.23855663531691
119.49472808838,117.14612643589113
124.27519989014,122.49607454975627
128.02395629883,127.69499188671793
132.00372314453,131.54720502279113
134.60639953613,134.86673794802743
138.52545166016,137.77255889151033
141.69134521484,141.58270951089702
145.23028564453,144.76768100881745
148.34918212891,148.47908410369928
151.3638458252,151.82110516742858
154.07958984375,153.65354588353458
157.32054138184,157.03111511509212
160.73541259766,159.03082815956859
163.60043334961,162.70859909290604
165.91690063477,165.76911688484586
168.1957244873,168.0652591841176
168.49176025391,170.30235669593003
170.2386932373,170.4229491286972
171.77780151367,171.68586686754583
173.95414733887,173.43121353264465
177.26272583008,175.39709688641605
179.99189758301,178.56401089111012
182.47508239746,181.17747492283067
184.26568603516,183.4120322447012
186.00566101074,185.38924798291455
187.63488769531,186.7796989849939
188.40209960938,188.6361460681923
189.77229309082,189.44570438168662
191.08587646484,190.73371572273442
192.18978881836,192.1443509274107
193.40841674805,187.22106098585846
194.9522857666,193.99321410414228
195.88665771484,195.41431116059752
196.138671875,196.09392805319806
197.04876708984,196.18086582614924
197.4700012207,196.81497285913494
197.48025512695,197.47173230154436
197.70799255371,197.47888511034782
198.59768676758,197.77210252208224
199.18228149414,198.27810917435067
198.64622497559,199.08038445941526
199.21589660645,198.3189733815418
198.56462097168,199.15472330864128
198.11743164062,198.15198588745022
197.53895568848,197.9058762426177
197.08435058594,197.24891053116377
196.60957336426,196.85571629932346
197.52084350586,195.95831920367397
196.14520263672,196.61148633786954
195.47686767578,195.24667884823444
195.9358215332,194.6906310221259
195.89895629883,195.08580802240465
194.78060913086,194.99086136220384
193.16598510742,194.0505690161652
192.47259521484,192.34700236231976
190.88980102539,191.927845055802
188.56315612793,189.9858486114342
187.29971313477,187.91527489343144
188.0431060791,186.2187958978615
187.50054931641,186.90612078339237
186.71356201172,186.57354069230936
185.65567016602,185.2587047179721
181.8835144043,184.8970652818844
178.99461364746,180.5582204527776
177.08120727539,177.36915973640163
174.12219238281,175.49551231567054
173.62989807129,172.2577443760733
173.44233703613,172.1301401536572
168.19854736328,171.5172125060741
166.49276733398,165.9284764728525
164.93463134766,164.71739060751256
160.83013916016,162.718793763688
157.63328552246,158.50327676082188
156.44706726074,155.0713345946882
154.29244995117,153.6019102465004
151.99822998047,152.26666384680468
148.79698181152,148.79468699502004
146.3849029541,145.65560658427927
143.11749267578,143.2759429980929
139.56367492676,139.9239273629822
136.40928649902,136.94415298011833
133.14907836914,132.67184842203432
129.43695068359,129.33938135268244
125.94036865234,124.69564592254972
122.0092010498,121.82838556603278
118.22745513916,118.2407977151813
114.56216430664,114.36176271840094
110.07633209229,109.64394468698963
104.47291564941,105.15939617486208
99.699867248535,100.53148382922234
94.987808227539,95.29344392727127
90.713775634766,90.51154628654045
86.298751831055,85.7399713936264
81.693412780762,80.33868841923564
77.821739196777,76.72872092945077
71.316459655762,72.64772771599685
66.260314941406,66.60267630099122
60.562026977539,61.01564538336466
53.832218170166,54.2185730356838
47.108489990234,44.99871707030916
42.139217376709,40.56519440492976
36.937808990479,34.900307248158754
31.329923629761,31.210100804466727
26.200311660767,25.096483065242364
21.071315765381,20.70387799988285
15.585382461548,15.869802805680843
10.805965423584,10.78903682508483
6.6083202362061,6.699900685477859
2.8498637676239,3.189617803105824
0.45808565616608,0.5561644756087293
0.0,0.016851127645296025
0.0,0.0
0.0,0.0
0.0,0.0
0.0,0.0
0.0,0.0
0.0,0.0
0.0,0.0
0.0,0.0
0.0,0.0
0.0,0.0
0.0,0.0
0.0,0.0
0.0,0.0
0.0,0.0
0.0,0.0
0.0,0.0
0.0,0.0
0.0,0.0
0.0,0.0
0.0,0.0
0.0,0.0
0.0,0.0
0.0,0.0
0.0,0.0
0.0,0.0
0.0,0.0
0.0,0.0
0.0,0.0
0.0,0.0
0.0,0.0
0.0,0.0
0.0,0.0
0.0,0.0
0.0,0.0
0.0,0.0
0.0,0.0
0.0,0.0
0.0,0.0
0.0,0.0
0.0,0.0
0.0,0.0
0.0,0.0
0.0,0.0
0.0,0.0
0.0,0.0
0.0,0.0
0.0,0.0
0.0,0.0
0.0,0.0
0.0,0.0
0.0,0.0
0.0,0.0
0.0,0.0
0.0,0.0
0.0,0.0
0.0,0.0
0.0,0.0
0.0,0.0
0.0,0.0
0.0,0.0
0.0,0.0
0.0,0.0
0.0,0.0
0.0,0.0
0.0,0.0
0.0,0.0
0.0,0.0
0.0,0.0
0.0,0.0
0.0,0.0
0.0,0.0
0.0,0.0
0.0,0.0
0.0,0.0
0.0,0.0
0.0,0.0
0.0,0.0
0.0,0.0
0.0,0.0
0.0,0.0
0.0,0.0
0.0,0.0
0.0,0.0
0.0,0.0
0.0,0.0
0.0,0.0
0.0,0.0
0.0,0.0
0.0,0.0
0.0,0.0
0.0,0.0
0.0,0.0
0.0,0.0
0.0,0.0
0.0,0.0
0.0,0.0
0.0,0.0
0.0,0.0
0.0,0.0
0.0,0.0
0.0,0.0
0.0,0.0
0.0,0.0
0.0,0.0
0.0,0.0
0.0,0.0
0.0,0.0
0.0,0.0
0.0,0.0
0.0,0.0
0.0,0.0
0.0,0.0
0.0,0.0
0.0,0.0
0.0,0.0
0.0,0.0
0.0,0.0
0.0,0.0
0.0,0.0
0.0,0.0
0.0,0.0
0.0,0.0
0.0,0.0
0.0,0.0
0.0,0.0
0.0,0.0
0.0,0.0
0.0,0.0
0.0,0.0
0.0,0.0
0.0,0.0
0.0,0.0
0.0,0.0
0.0,0.0
0.0,0.0
0.0,0.0
0.0,0.0
0.0,0.0
0.0,0.0
0.0,0.0
0.0,4.033982973853877e-06
0.0,4.033982973853877e-06
0.0,4.033982973853877e-06
0.0,4.033982973853877e-06
0.0,4.033982973853877e-06
0.0,4.033982973853877e-06
0.0,4.033982973853877e-06
0.0,4.033982973853877e-06
0.0,4.033982973853877e-06
0.0,4.033982973853877e-06
0.0,4.033982973853877e-06
0.0,4.033982973853877e-06
0.0,0.00031855255367974793
0.0,0.00031855255367974793
0.33079090714455,0.3320812540454971
2.6885380744934,2.0526067063089597
5.7016401290894,5.687528938744957
9.077094078064,8.85268599482203
13.396503448486,12.827904238181702
18.280838012695,17.972462019277415
23.735889434814,23.75254540129247
29.070978164673,29.069830977565957
35.316017150879,34.25088847702242
41.126483917236,40.51241179245172
46.661186218262,46.62764438282891
52.644870758057,52.937584211735725
59.38614654541,56.86814845250104
65.362808227539,64.06080462781145
70.45677947998,70.5653768676533
75.639907836914,75.3505334799892
80.429473876953,79.39341616799206
85.32160949707,85.26383510329897
90.140144348145,89.52981958466172
95.28377532959,94.78347642637729
100.46524047852,99.97612075267645
105.49979400635,104.92915860068415
110.28757476807,109.30011999830958
114.44301605225,114.23543519516201
118.51578521729,117.64062383349128
122.19428253174,122.23467676761341
125.69078063965,125.64351228267678
128.47052001953,128.99104932399266
131.8455657959,132.392964020053
134.92594909668,135.08203194695764
138.59786987305,138.23631781487381
141.61022949219,141.63804881132833
145.09855651855,144.6091473048774
147.66528320312,148.5748552784887
151.11441040039,150.72196978487844
154.13995361328,153.55294957673516
156.44445800781,157.16168915490536
162.15042114258,158.71510808991653
162.58311462402,164.53285042076433
164.31149291992,164.67012758231476
169.31683349609,166.3614611012362
169.79058837891,171.25040293095284
171.37901306152,171.51706749761885
173.97297668457,173.26854386784402
175.62496948242,175.4182175158097
178.11825561523,177.44002650218982
179.69422912598,179.3778028172269
181.73768615723,180.93378814306092
182.28875732422,182.62064287369105
184.26124572754,183.4166978554013
185.26893615723,185.43158226025213
186.57907104492,186.24177317005007
187.74092102051,187.20299144515903
188.98223876953,188.4119120086169
191.40631103516,189.66830940165414
192.8249206543,192.27623635637312
192.02044677734,193.5853612899482
192.25836181641,192.53242295649432
191.46865844727,192.8422423274937
192.8148651123,192.19772249415962
193.93078613281,193.2287914225186
193.53703308105,194.11276734820683
194.67517089844,193.2670214917164
195.75932312012,194.66091576468202
195.35557556152,195.56256571373387
195.0598449707,195.0536958550858
194.18098449707,194.3904172356367
195.13722229004,193.94687091088625
195.89505004883,194.40549580917605
195.63105773926,195.13832373355154
194.87559509277,194.95657724470644
193.83882141113,194.22877256235392
193.39892578125,193.0801014791695
193.78915405273,192.55187457439655
192.58734130859,192.9976909424149
192.18913269043,192.18540767761905
191.76826477051,185.63899192605874
190.89326477051,190.86782427646793
189.59767150879,190.0687551150657
188.45970153809,189.03712849346448
187.85595703125,187.88760486156704
186.62477111816,186.96746609110994
184.93344116211,185.27407763659042
183.09063720703,183.17981951656395
181.98431396484,181.67403016040498
182.04228210449,180.85146841360873
174.93467712402,180.64178733868297
166.84678649902,173.9810087083631
174.66091918945,171.45882123568973
173.0891418457,172.91198573957493
138.5161895752,153.7573751007715
163.80523681641,146.98588480514084
164.54641723633,162.33360544451693
150.72834777832,160.8904165469476
161.37413024902,148.2149988466167
157.58987426758,158.6047323733738
154.56816101074,153.9400763025019
150.27815246582,152.3518684303394
150.06172180176,147.3927099931806
145.48515319824,146.33955687514248
144.63423156738,141.20801366954424
140.11067199707,140.547267427197
135.03332519531,135.8132527183567
132.63075256348,132.6245658380831
131.68768310547,129.21103321566883
124.12138366699,127.080240513557
118.56470489502,120.61940918595701
118.15576171875,114.99585969244565
106.25255584717,112.0782651542221
97.933990478516,102.69296171893566
87.147735595703,92.15713340440291
98.054679870605,87.64352041345745
94.037292480469,92.20884058079305
88.256980895996,87.92893182388786
59.986232757568,79.26139245477516
78.11474609375,62.11939125000122
59.009609222412,62.25275825323797
33.977642059326,31.876240162480027
31.559629440308,23.98069994367083
21.137601852417,18.845363994949974
35.317928314209,29.97735641396655
31.710762023926,24.597000874364742
41.29024887085,21.88536552057072
31.306217193604,32.908863907651764
26.307981491089,23.824528225081067
7.7009305953979,20.01009986918496
19.066705703735,5.733671105215803
8.2508525848389,13.669149848699053
3.6763305664062,5.621272300624076
6.7819414138794,2.7660388156617572
5.148277759552,3.6376070226967716
1.9725979566574,2.307071898117864
0.71708977222443,0.4072130910874037
0.0,0.0065682772154775715
0.0,0.0
0.0,0.0
0.0,0.0
0.0,0.0
0.0,0.0
0.0,0.0
0.0,0.0
0.0,0.0
0.0,0.0
0.0,0.0
0.0,0.0
0.0,0.0
0.0,0.0
0.0,0.0
0.0,0.0
0.0,0.0
0.0,0.0
0.0,0.0
0.0,0.0
0.0,0.0
0.0,0.0
0.0,0.0
0.0,0.0
0.0,0.0
0.0,0.0
0.0,0.0
0.0,0.0
0.0,0.0
0.0,0.0
0.0,0.0
0.0,0.0
0.0,0.0
0.0,0.0
0.0,0.0
0.0,0.0
0.0,0.0
0.0,0.0
0.0,0.0
0.0,0.0
0.0,0.0
0.0,0.0
0.0,0.0
0.0,0.0
0.0,0.0
0.0,0.0
0.0,0.0
0.0,0.0
0.0,0.0
0.0,0.0
0.0,0.0
0.0,0.0
0.0,0.0
0.0,0.0
0.0,0.0
0.0,0.0
0.0,0.0
0.0,0.0
0.0,0.0
0.0,0.0
0.0,0.0
0.0,0.0
0.0,0.0
0.0,0.0
0.0,0.0
0.0,0.0
0.0,0.0
0.0,0.0
0.0,0.0
0.0,0.0
0.0,0.0
0.0,0.0
0.0,0.0
0.0,0.0
0.0,0.0
0.0,0.0
0.0,0.0
0.0,0.0
0.0,0.0
0.0,0.0
0.0,0.0
0.0,0.0
0.0,0.0
0.0,0.0
0.0,0.0
0.0,0.0
0.0,0.0
0.0,0.0
0.0,0.0
0.0,0.0
0.0,0.0
0.0,0.0
0.0,0.0
0.0,0.0
0.0,0.0
0.0,0.0
0.0,0.0
0.0,0.0
0.0,0.0
0.0,0.0
0.0,0.0
0.0,0.0
0.0,0.0
0.0,0.0
0.0,0.0
0.0,0.0
0.0,0.0
0.0,0.0
0.0,0.0
0.0,0.0
0.0,0.0
0.0,0.0
0.0,0.0
0.0,0.0
0.0,0.0
0.0,0.0
0.0,0.0
0.0,0.0
0.0,0.0
0.0,0.0
0.0,0.0
0.0,0.0
0.0,0.0
0.0,0.0
0.0,0.0
0.0,0.0
0.0,0.0
0.0,0.0
0.0,0.0
0.0,0.0
0.0,0.0
0.0,0.0
0.0,0.0
0.0,0.0
0.0,0.0
0.0,0.0
0.0,0.0
0.0,0.0
0.0,0.0
0.0,0.0
0.0,0.0
0.0,4.033982973853877e-06
0.0,4.033982973853877e-06
0.0,4.033982973853877e-06
0.0,4.033982973853877e-06
0.0,4.033982973853877e-06
0.0,4.033982973853877e-06
0.0,4.033982973853877e-06
0.0,4.033982973853877e-06
0.0,4.033982973853877e-06
0.0,4.033982973853877e-06
0.0,4.033982973853877e-06
0.0,4.033982973853877e-06
0.0,1.0509808435142757e-05
0.0,0.0006834697026652063
0.5376740694046,0.2308240556125453
2.6877284049988,2.1311464819235115
6.4845614433289,5.803620069861243
10.319227218628,9.46276342456919
15.132113456726,14.65897132248003
20.134155273438,19.566357072049527
25.504816055298,25.21782268938884
31.166084289551,30.530330001336313
37.205513000488,36.9573670022708
43.091255187988,42.74333756986261
48.779674530029,48.27537741639531
55.368469238281,54.71591997337657
62.061351776123,60.224031986954515
67.995040893555,67.05947749610796
73.451042175293,73.68065906611791
79.314979553223,78.16694556033183
86.217727661133,84.70451127894079
91.870544433594,89.43904075306729
97.255798339844,95.90015676194817
102.21015167236,101.3822078767332
107.86809539795,106.27923878444233
110.93186950684,111.9165880012737
116.28939819336,113.95578730430533
110.35050201416,119.53790449407852
114.14195251465,114.15505334992079
122.51049804688,118.51667459147404
136.18969726562,126.34480650872223
139.06819152832,138.52081391972425
129.24996948242,138.61902140161214
142.85247802734,132.9860622400358
150.88941955566,145.01481652240943
154.09976196289,153.13134008101034
157.00277709961,156.88925565856297
160.4635925293,158.9718854494622
163.58644104004,162.27562085693876
166.8649597168,165.86337502647513
170.1358795166,168.74469914112555
173.05387878418,171.60980371830618
175.72682189941,174.30137421785287
178.54362487793,176.54683130199265
180.54415893555,179.57597373647064
183.38204956055,181.9756521656491
185.48908996582,183.79594836010807
186.89538574219,186.2731987066926
190.40284729004,187.32623000865166
192.31457519531,190.56512121224276
193.95074462891,193.0538515907207
196.18594360352,194.81676109286232
197.3483581543,196.2960283865989
198.15078735352,197.77600453748408
198.95336914062,198.4149696720852
199.94697570801,198.80305121308407
202.72406005859,200.23367921884963
203.78147888184,202.1857310685842
203.64862060547,202.59815711961124
204.99104309082,203.08904836337425
205.89892578125,204.36118805413062
205.35049438477,205.34353495335583
206.76933288574,205.367882584691
206.80712890625,206.38848003832584
207.47393798828,206.25761818760793
209.11067199707,207.6864382442505
209.76049804688,207.7282941052487
209.80250549316,207.73385029080936
209.95945739746,207.95817901031978
210.79776000977,207.94296069084393
209.96142578125,207.7850748846596
209.27670288086,207.9141543945828
209.35832214355,207.61310138798
208.60025024414,207.43407748958606
207.92932128906,206.64598244519678
208.76765441895,205.78454301807713
208.22268676758,206.4824066611707
207.83103942871,206.49090174323337
207.01168823242,206.44062593237996
205.22503662109,205.9158848626122
204.49609375,204.747769698046
203.34698486328,204.13561402162972
202.0867767334,202.54931082274527
200.59194946289,201.47912332611313
197.51760864258,200.20479802993412
196.63330078125,196.3964345089868
195.52557373047,195.00813734902658
194.39849853516,194.37103005055002
192.22723388672,193.09356081871698
191.07824707031,191.25462068078332
189.68354797363,189.89684796779144
188.52980041504,188.85006924331955
186.72540283203,187.31872562215204
183.2784576416,183.05130773097312
181.03401184082,176.2648252421413
178.66871643066,178.87167081074824
175.89361572266,176.6247800542719
173.89653015137,173.4235927994086
173.49426269531,171.84589501017277
171.5958404541,171.2998537697965
168.78564453125,169.08701296313612
165.80252075195,166.16972271524892
162.44030761719,163.29113048165314
158.61264038086,160.1386645490909
155.76330566406,156.03908233797904
151.54067993164,153.58644594575446
148.60420227051,148.92587881571367
145.52723693848,145.81796670160952
142.27703857422,142.7483537179
139.13102722168,139.0183026527365
135.23796081543,135.81180231863786
130.94689941406,131.77327968256222
127.60707855225,127.30257219741056
124.09557342529,124.3758035631597
118.54797363281,120.05302310299139
115.6573638916,114.66139639283541
108.47845458984,111.21294018546482
103.10614776611,103.45576406395291
100.52081298828,99.24610993830797
96.015899658203,95.754512471311
91.096160888672,91.14845862059019
85.651100158691,86.65364767745938
79.820648193359,79.84589200107823
73.862571716309,74.96248328344537
67.463996887207,67.9437162752203
60.132068634033,60.47849741746871
53.628952026367,53.743457840062085
47.420707702637,45.85593987782738
40.768783569336,41.07279332413525
34.769592285156,33.942448918891586
29.208135604858,27.69780677595719
23.723672866821,23.218970734050558
18.109470367432,18.46702025913128
12.819302558899,12.651167750618004
8.402232170105,7.7246149039553424
4.17254114151,4.987095802606015
1.0445275306702,1.3019100531070287
0.0,0.003175565846231944
0.0,0.0
0.0,0.0
0.0,0.0
0.0,0.0
0.0,0.0
0.0,0.0
0.0,0.0
0.0,0.0
0.0,0.0
0.0,0.0
0.0,0.0
0.0,0.0
0.0,0.0
0.0,0.0
0.0,0.0
0.0,0.0
0.0,0.0
0.0,0.0
0.0,0.0
0.0,0.0
0.0,0.0
0.0,0.0
0.0,0.0
0.0,0.0
0.0,0.0
0.0,0.0
0.0,0.0
0.0,0.0
0.0,0.0
0.0,0.0
0.0,0.0
0.0,0.0
0.0,0.0
0.0,0.0
0.0,0.0
0.0,0.0
0.0,0.0
0.0,0.0
0.0,0.0
0.0,0.0
0.0,0.0
0.0,0.0
0.0,0.0
0.0,0.0
0.0,0.0
0.0,0.0
0.0,0.0
0.0,0.0
0.0,0.0
0.0,0.0
0.0,0.0
0.0,0.0
0.0,0.0
0.0,0.0
0.0,0.0
0.0,0.0
0.0,0.0
0.0,0.0
0.0,0.0
0.0,0.0
0.0,0.0
0.0,0.0
0.0,0.0
0.0,0.0
0.0,0.0
0.0,0.0
0.0,0.0
0.0,0.0
0.0,0.0
0.0,0.0
0.0,0.0
0.0,0.0
0.0,0.0
0.0,0.0
0.0,0.0
0.0,0.0
0.0,0.0
0.0,0.0
0.0,0.0
0.0,0.0
0.0,0.0
0.0,0.0
0.0,0.0
0.0,0.0
0.0,0.0
0.0,0.0
0.0,0.0
0.0,0.0
0.0,0.0
0.0,0.0
0.0,0.0
0.0,0.0
0.0,0.0
0.0,0.0
0.0,0.0
0.0,0.0
0.0,0.0
0.0,0.0
0.0,0.0
0.0,0.0
0.0,0.0
0.0,0.0
0.0,0.0
0.0,0.0
0.0,0.0
0.0,0.0
0.0,0.0
0.0,0.0
0.0,0.0
0.0,0.0
0.0,0.0
0.0,0.0
0.0,0.0
0.0,0.0
0.0,0.0
0.0,0.0
0.0,0.0
0.0,0.0
0.0,0.0
0.0,0.0
0.0,0.0
0.0,0.0
0.0,0.0
0.0,0.0
0.0,0.0
0.0,0.0
0.0,0.0
0.0,0.0
0.0,0.0
0.0,0.0
0.0,0.0
0.0,0.0
0.0,0.0
0.0,0.0
0.0,0.0
0.0,0.0
0.0,0.0
0.0,0.0
0.0,0.0
0.0,0.0
0.0,4.033982973853877e-06
0.0,4.033982973853877e-06
0.0,4.033982973853877e-06
0.0,4.033982973853877e-06
0.0,4.033982973853877e-06
0.0,4.033982973853877e-06
0.0,4.033982973853877e-06
0.0,4.033982973853877e-06
0.0,4.033982973853877e-06
0.0,4.033982973853877e-06
0.0,4.033982973853877e-06
0.0,4.033982973853877e-06
0.0,1.0509808435142757e-05
0.0025036334991455,0.0005597234180755019
1.1497251987457,0.6712825023868751
5.3308410644531,3.278076227643598
8.7976713180542,8.50392593304001
12.27511882782,12.741938123654055
14.07465839386,16.4822885358136
16.212785720825,17.988302032097135
18.202648162842,19.83036336408111
32.274940490723,24.234764256354058
29.14248085022,35.7372065254923
41.38920211792,34.532065612631854
45.160041809082,45.00037424021421
57.283103942871,50.78753436854102
64.263931274414,61.438072764563
69.340217590332,64.3397896183293
78.493370056152,73.9834331460352
83.780532836914,84.22411121165196
88.006790161133,87.50874977255064
92.839309692383,92.76005802833487
97.933647155762,96.74987766192919
103.30262756348,101.95226322094344
108.7911529541,107.50450270310265
113.16835784912,113.07411586936469
118.01538848877,117.40960091600478
122.86034393311,121.91952742628115
127.22757720947,126.16743826423141
131.90893554688,130.8009143244211
135.89666748047,135.208401267062
140.04959106445,138.65138207492083
143.85098266602,143.4058554779419
147.40101623535,146.33553044952333
151.06159973145,150.2106994228621
154.67504882812,153.479902294925
158.11000061035,157.32970569550045
161.431640625,160.1471485651456
164.72589111328,163.1780984347688
168.09759521484,166.5331284105374
171.50619506836,170.1179533632713
174.19485473633,173.25645362977156
177.07820129395,175.33480889494822
179.96366882324,176.65227564075076
182.580078125,181.25536848326388
184.52828979492,183.51955610913024
185.99879455566,185.71063263866986
188.00242614746,186.8220106974872
190.15142822266,188.67450240755107
192.1760559082,190.6951010725007
193.89236450195,192.25998611503468
196.27865600586,194.82537031961988
197.94758605957,196.35108316085294
199.24890136719,198.23005674764593
200.18124389648,199.45675269151613
201.12362670898,200.2095908984786
202.54043579102,201.14826150829455
202.04888916016,202.33388322858204
203.01766967773,201.95975719275998
203.85551452637,202.42433281885556
204.4518737793,203.27597928922486
205.29638671875,204.63685651822672
206.72978210449,205.2054000664519
206.29040527344,206.42358268160433
206.85598754883,206.1266933390611
206.16473388672,205.8214928985616
204.89576721191,205.53591018380112
207.64828491211,204.6494067899552
207.45413208008,207.77516991715618
206.31353759766,207.81068820242922
206.26483154297,205.95134003408796
205.91825866699,205.72544078502955
205.46553039551,205.2535807045964
206.28042602539,202.9272788213606
206.01892089844,205.4344444490292
206.90272521973,204.97966613466264
205.64920043945,205.49647435565174
203.81683349609,196.83434731392745
202.61059570312,203.00739759545112
200.92098999023,202.19799828389372
201.69212341309,200.7618747501852
201.37321472168,201.31852986285577
200.4129486084,200.60164866998738
198.80776977539,200.17351675992467
196.26698303223,198.01155656502044
196.10372924805,195.4396695690335
195.57675170898,195.4800660888485
194.23834228516,194.93867542892102
193.75547790527,193.28309942691243
192.90809631348,192.83240071472548
191.99444580078,192.155655682065
189.49421691895,190.71478260628186
186.96755981445,188.60528976183897
183.88314819336,184.0065145127979
181.29434204102,182.1420515906788
179.775390625,179.17493804582838
177.84484863281,179.14511227697614
175.22149658203,176.1471501856713
171.8627166748,173.43246613640198
167.03681945801,169.48569480857302
164.72431945801,163.90215609215574
162.38279724121,161.91975334007043
160.9580078125,160.23584903081957
156.8140411377,158.59367589335864
153.03167724609,153.7460557365162
149.23150634766,150.30422008699904
145.7682800293,146.6841686206164
142.6392364502,142.90348171083386
138.87940979004,139.77380054213498
135.7802734375,136.29750664567888
133.00001525879,132.41561468983815
129.75103759766,129.62463722789178
125.26763916016,125.45817110991784
121.04203033447,121.32742814142883
118.4741897583,117.41601801254893
113.86318206787,114.33227704138486
108.84952545166,109.65529797884699
103.87164306641,103.93358491808034
99.31421661377,99.8654603008125
93.006553649902,94.92616776816685
89.196411132812,88.45008458020764
83.71760559082,84.53416522835693
77.886085510254,78.61178060995982
72.265609741211,72.63258072751712
66.210861206055,67.02231596866741
59.139293670654,59.723373103902524
51.30281829834,52.44156389679263
40.216423034668,44.50348009494568
33.443717956543,29.731642922745817
29.2819480896,27.48527928161352
27.688581466675,24.95979208505318
23.508285522461,22.69984637897069
18.011566162109,18.43163739954692
12.745939254761,12.487345670830598
8.3370180130005,8.038661100609488
4.1944680213928,4.69460569139071
1.1574764251709,1.34668421293563
0.0,0.003267265340549729
0.0,0.0
0.0,0.0
0.0,0.0
0.0,0.0
0.0,0.0
0.0,0.0
0.0,0.0
0.0,0.0
0.0,0.0
0.0,0.0
0.0,0.0
0.0,0.0
0.0,0.0
0.0,0.0
0.0,0.0
0.0,0.0
0.0,0.0
0.0,0.0
0.0,0.0
0.0,0.0
0.0,0.0
0.0,0.0
0.0,0.0
0.0,0.0
0.0,0.0
0.0,0.0
0.0,0.0
0.0,0.0
0.0,0.0
0.0,0.0
0.0,0.0
0.0,0.0
0.0,0.0
0.0,0.0
0.0,0.0
0.0,0.0
0.0,0.0
0.0,0.0
0.0,0.0
0.0,0.0
0.0,0.0
0.0,0.0
0.0,0.0
0.0,0.0
0.0,0.0
0.0,0.0
0.0,0.0
0.0,0.0
0.0,0.0
0.0,0.0
0.0,0.0
0.0,0.0
0.0,0.0
0.0,0.0
0.0,0.0
0.0,0.0
0.0,0.0
0.0,0.0
0.0,0.0
0.0,0.0
0.0,0.0
0.0,0.0
0.0,0.0
0.0,0.0
0.0,0.0
0.0,0.0
0.0,0.0
0.0,0.0
0.0,0.0
0.0,0.0
0.0,0.0
0.0,0.0
0.0,0.0
0.0,0.0
0.0,0.0
0.0,0.0
0.0,0.0
0.0,0.0
0.0,0.0
0.0,0.0
0.0,0.0
0.0,0.0
0.0,0.0
0.0,0.0
0.0,0.0
0.0,0.0
0.0,0.0
0.0,0.0
0.0,0.0
0.0,0.0
0.0,0.0
0.0,0.0
0.0,0.0
0.0,0.0
0.0,0.0
0.0,0.0
0.0,0.0
0.0,0.0
0.0,0.0
0.0,0.0
0.0,0.0
0.0,0.0
0.0,0.0
0.0,0.0
0.0,0.0
0.0,0.0
0.0,0.0
0.0,0.0
0.0,0.0
0.0,0.0
0.0,0.0
0.0,0.0
0.0,0.0
0.0,0.0
0.0,0.0
0.0,0.0
0.0,0.0
0.0,0.0
0.0,0.0
0.0,0.0
0.0,0.0
0.0,0.0
0.0,0.0
0.0,0.0
0.0,0.0
0.0,0.0
0.0,0.0
0.0,0.0
0.0,0.0
0.0,0.0
0.0,0.0
0.0,0.0
0.0,0.0
0.0,0.0
0.0,0.0
0.0,0.0
0.0,0.0
0.0,0.0
0.0,0.0
0.0,0.0
0.0,4.033982973853877e-06
0.0,4.033982973853877e-06
0.0,4.033982973853877e-06
0.0,4.033982973853877e-06
0.0,4.033982973853877e-06
0.0,4.033982973853877e-06
0.0,4.033982973853877e-06
0.0,4.033982973853877e-06
0.0,4.033982973853877e-06
0.0,4.033982973853877e-06
0.0,4.033982973853877e-06
0.0,4.033982973853877e-06
0.0,1.0509808435142757e-05
0.13023075461388,0.009113530863153007
1.6850382089615,1.2261032290965814
5.7441954612732,3.8401992633394175
9.263279914856,8.900943197747424
13.238584518433,13.412547300910395
18.06262588501,17.80093000827596
23.129169464111,23.39534478565971
28.799734115601,28.3152354422041
34.706047058105,34.67920517106133
40.681575775146,40.22814136061978
47.058040618896,46.07384966135057
53.298820495605,52.32517569204614
59.96150970459,57.66581143151722
66.371551513672,64.45150996083164
72.327445983887,71.42117760470204
78.055923461914,76.83434081362061
83.467514038086,82.94704723225307
88.765090942383,88.30769890604725
94.059494018555,93.90468478555101
99.432258605957,98.5075566413125
104.49070739746,103.98408247623694
109.16790771484,108.72426030707753
114.20922851562,113.04569701412488
119.36304473877,117.88341849474642
123.98434448242,122.95840989581554
128.21044921875,127.50333718529964
132.42399597168,132.0846243754446
136.44067382812,135.65981275409695
140.32569885254,139.83028959710538
144.09480285645,143.6359533158925
147.74244689941,146.71405230141028
150.99154663086,150.83044872462509
154.84086608887,153.47306830811831
158.03834533691,157.49771346655604
161.29690551758,160.2438018131571
164.26379394531,163.17037172338078
167.17828369141,166.27895538960408
170.22898864746,168.94068207815383
172.83790588379,171.6247081242693
175.94374084473,174.29130505180245
178.62812805176,177.05009746742732
181.11569213867,179.91945696434698
183.5684967041,182.3944084188097
186.01409912109,184.54854955442948
188.71481323242,186.83424509960915
191.15460205078,188.96923834526734
192.88349914551,192.17357415063987
193.88233947754,193.78143064065225
195.16316223145,194.82002198731104
197.24308776855,195.6241284931915
198.40104675293,197.66360982514925
199.8628692627,198.52884511037357
201.86077880859,200.13621202120984
203.67277526855,201.86131104868548
205.23394775391,202.7565976603028
206.19847106934,204.5807724634237
207.34655761719,205.51260137507117
206.90614318848,207.44444852868978
207.28846740723,206.50673212449888
208.97943115234,207.6917355417262
208.51629638672,207.90136494669753
209.81809997559,207.9624325646478
209.47903442383,208.08813877708457
209.3251953125,208.20918502998973
209.12124633789,208.2320595900374
209.87411499023,208.0815222479226
209.47059631348,208.1665620414835
209.16799926758,207.74920141852596
210.33805847168,207.41353524032672
210.73400878906,207.50744949518685
210.95297241211,206.82468122413422
209.74208068848,206.149866850448
208.94830322266,206.64073182568364
209.03314208984,206.60668274390974
209.31419372559,206.38637375941005
209.05113220215,206.04652215543643
207.74928283691,205.45363268748275
205.24517822266,206.35911371789248
204.0798034668,205.1824993772614
204.08195495605,204.26733199920534
203.26832580566,203.7728451522778
202.1431427002,202.38933150071554
200.92718505859,201.47998298552605
199.48565673828,200.42330545160053
196.90292358398,199.20072283701037
196.24147033691,195.42387125933556
194.46188354492,194.8241827639701
190.89959716797,193.04192984953838
190.98167419434,189.45815703801782
188.92492675781,190.14788060347877
185.78291320801,187.09874277020032
182.69123840332,183.2555843652304
180.45166015625,175.72375857387766
179.70011901855,177.38895522761487
176.92926025391,177.87729440225144
175.32130432129,174.54487183300245
172.236328125,173.27920171485647
168.91323852539,169.47375995976967
165.34884643555,165.75156027611243
161.84999084473,162.40879030799823
159.70907592773,159.59956590938322
156.97666931152,156.7032803908286
153.39584350586,154.12781088778576
149.96694946289,150.27153835563055
146.61851501465,147.39013751870831
143.11102294922,143.98006868990396
141.42262268066,140.03605253963104
137.74798583984,137.68305400377628
134.24951171875,133.90387232151716
130.93209838867,130.50337535936416
126.15716552734,127.15093388251674
120.66712188721,122.76165231892243
116.12789916992,115.4547778574014
111.08788299561,112.05910522509954
105.65653991699,107.00527902512852
101.07947540283,101.48301449099313
96.460670471191,96.47330652076265
91.223327636719,91.79167491398313
85.394088745117,86.77217573356697
79.458961486816,79.86149699101891
73.921569824219,74.55275625118783
67.62476348877,67.93983552804264
60.47200012207,60.646977596219784
53.991291046143,54.50997140316849
47.939987182617,45.936084418092086
41.213119506836,41.828350146058426
34.661056518555,34.06957733536283
29.207870483398,27.687091305654864
23.892364501953,23.39145443969864
18.306655883789,18.67993640272084
13.088665962219,13.084189218611728
8.7751550674438,8.321795917655749
4.707263469696,5.010798372991293
1.4119478464127,1.441780839721976
0.0,0.005090721425124506
0.0,0.0
0.0,0.0
0.0,0.0
0.0,0.0
0.0,0.0
0.0,0.0
0.0,0.0
0.0,0.0
0.0,0.0
0.0,0.0
0.0,0.0
0.0,0.0
0.0,0.0
0.0,0.0
0.0,0.0
0.0,0.0
0.0,0.0
0.0,0.0
0.0,0.0
0.0,0.0
0.0,0.0
0.0,0.0
0.0,0.0
0.0,0.0
0.0,0.0
0.0,0.0
0.0,0.0
0.0,0.0
0.0,0.0
0.0,0.0
0.0,0.0
0.0,0.0
0.0,0.0
0.0,0.0
0.0,0.0
0.0,0.0
0.0,0.0
0.0,0.0
0.0,0.0
0.0,0.0
0.0,0.0
0.0,0.0
0.0,0.0
0.0,0.0
0.0,0.0
0.0,0.0
0.0,0.0
0.0,0.0
0.0,0.0
0.0,0.0
0.0,0.0
0.0,0.0
0.0,0.0
0.0,0.0
0.0,0.0
0.0,0.0
0.0,0.0
0.0,0.0
0.0,0.0
0.0,0.0
0.0,0.0
0.0,0.0
0.0,0.0
0.0,0.0
0.0,0.0
0.0,0.0
0.0,0.0
0.0,0.0
0.0,0.0
0.0,0.0
0.0,0.0
0.0,0.0
0.0,0.0
0.0,0.0
0.0,0.0
0.0,0.0
0.0,0.0
0.0,0.0
0.0,0.0
0.0,0.0
0.0,0.0
0.0,0.0
0.0,0.0
0.0,0.0
0.0,0.0
0.0,0.0
0.0,0.0
0.0,0.0
0.0,0.0
0.0,0.0
0.0,0.0
0.0,0.0
0.0,0.0
0.0,0.0
0.0,0.0
0.0,0.0
0.0,0.0
0.0,0.0
0.0,0.0
0.0,0.0
0.0,0.0
0.0,0.0
0.0,0.0
0.0,0.0
0.0,0.0
0.0,0.0
0.0,0.0
0.0,0.0
0.0,0.0
0.0,0.0
0.0,0.0
0.0,0.0
0.0,0.0
0.0,0.0
0.0,0.0
0.0,0.0
0.0,0.0
0.0,0.0
0.0,0.0
0.0,0.0
0.0,0.0
0.0,0.0
0.0,0.0
0.0,0.0
0.0,0.0
0.0,0.0
0.0,0.0
0.0,0.0
0.0,0.0
0.0,0.0
0.0,0.0
0.0,0.0
0.0,0.0
0.0,0.0
0.0,0.0
0.0,0.0
0.0,0.0
0.0,0.0
0.0,0.0
0.0,0.0
0.0,4.033982973853877e-06
0.0,4.033982973853877e-06
0.0,4.033982973853877e-06
0.0,4.033982973853877e-06
0.0,4.033982973853877e-06
0.0,4.033982973853877e-06
0.0,4.033982973853877e-06
0.0,4.033982973853877e-06
0.0,4.033982973853877e-06
0.0,4.033982973853877e-06
0.0,4.033982973853877e-06
0.0,4.033982973853877e-06
0.0,0.0008728979886502741
0.65887808799744,0.19814309757732138
2.772120475769,2.119947823212599
6.3755750656128,4.929667691142627
9.817798614502,9.377465604921055
13.752938270569,14.219138165518613
18.836139678955,18.612567886036658
23.678218841553,24.249003388957767
29.052722930908,29.07539495187014
35.110496520996,34.99407005697875
41.836437225342,41.00063765832109
47.881660461426,47.88396955110857
53.759857177734,54.143108209575615
60.581527709961,57.98941526513167
68.070297241211,65.71226075643382
74.554092407227,72.9520846669813
80.530715942383,79.10639186136943
86.444114685059,85.18781604362285
92.054496765137,89.8053913783984
97.758277893066,95.98005656935996
103.43212890625,101.70271014871022
108.83008575439,107.74767548496649
114.27810668945,112.95066111235641
119.51509094238,117.53685590673332
125.33442687988,123.0008995056177
130.30160522461,128.00256226661213
135.32586669922,134.11300884842646
139.87130737305,138.17334748258287
144.28771972656,143.58144264869495
148.39424133301,145.98746505896955
152.31130981445,152.46105434361107
156.24812316895,154.94787475332902
159.89707946777,158.54430854272493
163.80743408203,161.96850389765206
167.48568725586,166.11269422709796
171.38496398926,169.36609953831822
174.38621520996,173.3100210725088
177.34924316406,174.7308163265362
180.95498657227,176.57793203502618
184.17546081543,182.26128238260415
187.66079711914,184.9315570119229
190.9899597168,188.7873396265377
193.17016601562,192.07751200512115
195.45036315918,193.7152223059539
197.57843017578,195.43456500683476
199.51647949219,196.97498175444204
202.03495788574,198.1552897308723
204.12435913086,200.50387393735966
206.27145385742,202.41315965644213
208.25979614258,204.94663871864415
209.91815185547,206.26047009138387
211.72598266602,206.34396165138546
212.98469543457,207.8264075597808
214.45092773438,210.04670994276623
216.07606506348,209.26077358552445
217.55198669434,207.67432867024007
218.94917297363,206.42661676748452
219.35687255859,205.14369106439753
220.19271850586,205.04626066433084
221.84484863281,205.06015652691067
222.33197021484,205.3197261673786
222.16661071777,205.24875309450482
223.52606201172,205.33955607528102
223.30776977539,205.32776949911596
222.75856018066,205.18666986773485
223.84739685059,205.17225826529074
224.56971740723,205.11692645444543
224.52955627441,205.10859114328235
224.36315917969,205.10561648050162
223.90765380859,205.10561648050162
223.14897155762,205.10683778661652
222.83700561523,205.10683778661652
222.40808105469,204.59391615093222
220.95997619629,204.60603099196953
220.67723083496,204.61225989669367
219.4189453125,204.60014505565633
219.61154174805,204.64011029867794
219.35229492188,204.60014505565633
217.80097961426,204.58631429891884
216.85891723633,204.54719322282415
216.1710357666,204.54719322282415
214.83067321777,204.5379724256033
213.36611938477,202.07530409455418
211.8010559082,207.0350737103596
210.83335876465,204.93350463283915
208.15185546875,204.56900206194172
199.39784240723,200.18658263709554
192.27760314941,190.8058982009983
183.84414672852,182.7040595128472
167.29985046387,138.6820608537188
159.87446594238,152.60620182321108
156.09053039551,146.34568708389284
111.70787811279,114.09299846114348
52.785179138184,55.18399226187272
40.565849304199,48.23776384095813
2.0076396465302,2.9029702257067993
0.0,0.10136869563813723
0.0,0.0
0.0,0.0
0.0,0.0
0.0,0.0
0.0,0.0
0.0,0.0
0.0,0.0
0.0,0.0
0.0,0.0
0.0,0.0
0.0,0.0
0.0,0.0
0.0,0.0
0.0,0.0
0.0,0.0
0.0,0.0
0.0,0.0
0.0,0.0
0.0,0.0
0.0,0.0
0.0,0.0
0.0,0.0
0.0,0.0
0.0,0.0
0.0,0.0
0.0,0.0
0.0,0.0
0.0,0.0
0.0,0.0
0.0,0.0
0.0,0.0
0.0,0.0
0.0,0.0
0.0,0.0
0.0,0.0
0.0,0.0
0.0,0.0
0.0,0.0
0.0,0.0
0.0,0.0
0.0,0.0
0.0,0.0
0.0,0.0
0.0,0.0
0.0,0.0
0.0,0.014029352866899665
0.0,0.014029352866899665
1.4230152368546,1.2283159965200867
4.8425846099854,5.406323080129004
7.3347420692444,8.314192333076479
15.565602302551,11.409132282931358
35.915725708008,32.31407054008152
82.701133728027,81.91259293763515
100.25469970703,96.1089405574682
111.68549346924,109.68867109479169
116.91980743408,113.1446988421578
150.43118286133,142.98509670348486
182.72703552246,173.98793622826526
184.9541015625,183.6445481383219
186.98336791992,186.08663171944184
189.17347717285,187.2462495298208
190.90563964844,189.73702361322657
194.67346191406,191.9344667931021
197.62800598145,193.12359613923377
198.97750854492,190.59978153366376
200.72554016113,192.92299681321703
203.95071411133,202.64832954568575
207.86849975586,205.12293302240812
209.16229248047,205.06527962361224
214.24917602539,207.5365342354836
215.61999511719,208.38224757078632
215.07469177246,199.3419320572802
214.56675720215,207.15903158745905
212.02593994141,207.13541469001424
211.42797851562,205.20863355429614
211.04833984375,202.91119030403723
208.94830322266,202.77011034775842
207.93499755859,205.48000534911964
187.12590026855,183.6239756758446
162.33248901367,162.32907415260908
153.18804931641,151.68155719175604
146.37496948242,147.14672424009336
122.27533721924,122.22461389760106
112.4111328125,113.58048813972802
107.36316680908,108.9995906099085
99.697135925293,97.39603356269038
78.460983276367,79.28407098181955
66.465911865234,67.42333881242467
59.473964691162,60.29528346594862
47.456985473633,50.137155802710275
41.067947387695,46.694452341754136
28.90699005127,31.814483543266316
13.230812072754,12.955729071049214
5.0993733406067,5.240811314870079
2.0313577651978,1.839177387998423
0.0,0.0016995920706764994
0.0,7.238156669508129e-06
0.0,7.238156669508129e-06
0.0,0.0
0.0,0.0
0.0,0.0
0.0,0.0
0.0,0.0
0.0,0.0
0.0,0.0
0.0,0.0
0.0,0.0
0.0,0.0
0.0,0.0
0.0,0.0
0.0,0.0
0.0,0.0
0.0,0.0
0.0,0.0
0.0,0.0
0.0,0.0
0.0,0.0
0.0,0.0
0.0,0.0
0.0,0.0
0.0,0.0
7.663950920105,5.883401048677926
58.142406463623,55.666194564449356
100.75869750977,99.19326248001519
115.49602508545,112.18954676114213
120.9310836792,117.07028735604027
131.16758728027,128.63231683191802
143.95059204102,143.36586480095167
147.90449523926,143.2041226957243
151.96429443359,145.83898949270497
155.92134094238,150.81609184464523
159.7345123291,155.87701539314614
163.28723144531,158.02309197210718
169.96224975586,168.6137946405898
173.30848693848,171.6022697331349
176.39340209961,174.73419342750293
179.38606262207,175.7076226846458
181.99145507812,180.4844890918519
184.87922668457,183.31312052992496
188.10696411133,185.97689213350174
190.21984863281,189.06622965808796
209.96426391602,207.35344269315618
217.86749267578,206.61872264817313
210.14778137207,202.6808043953994
210.12846374512,205.19029706209759
194.1676940918,193.58961545440573
183.53985595703,176.18344828845255
181.65588378906,164.43610793371116
84.637466430664,86.30516252219417
29.737131118774,33.18895093419473
13.659907341003,16.420716556631007
0.0,0.0
0.0,0.0
0.0,0.0
0.0,0.0
0.0,0.0
0.0,0.0
0.0,0.0
0.0,0.0
0.0,0.0
0.0,0.0
0.0,0.0
0.0,0.0
0.0,0.0
0.0,0.0
0.0,0.0
0.0,0.0
0.0,0.0
0.0,0.0
0.0,0.0
0.0,0.0
0.0,0.0
0.0,0.0
0.0,0.0
0.0,0.0
0.0,0.0
0.0,0.0
12.496829986572,12.248800861621403
27.569208145142,27.46790378269311
47.05570602417,45.17953142579357
66.362289428711,63.99214305347823
116.23240661621,113.69164239425378
130.24287414551,129.2782026345872
144.71536254883,140.19279175992398
156.92831420898,153.6719726377789
159.49949645996,158.9392618743412
183.12010192871,177.95995574653503
203.48118591309,198.95511834287694
204.59878540039,200.01540639620538
205.8757019043,196.1158441726556
207.48999023438,205.44100939861084
209.04914855957,204.847557688943
211.85726928711,205.07814579043037
214.29983520508,205.04620151840072
214.62725830078,202.80034805075158
216.04455566406,205.1408442983215
212.84655761719,206.9692628447946
211.88160705566,205.17725684266986
211.42469787598,205.35408361055698
210.21824645996,204.95977602497484
208.20306396484,205.33956395812376
193.73240661621,194.02970343070834
189.92169189453,190.68463649764843
145.6976776123,143.31045680037602
133.60263061523,135.77529104059212
119.55991363525,120.7816209014735
109.36837005615,109.97727669098317
105.50287628174,104.69688611817432
99.60954284668,101.21774053066017
88.649299621582,89.97155310210262
60.133811950684,61.69253237629272
41.487491607666,40.29174003018157
23.565057754517,25.0851530124311
9.2497520446777,11.293136670036626
0.0,0.0
0.0,0.0
0.0,0.0
0.0,0.0
0.0,0.0
0.0,0.0
0.0,0.0
0.0,0.0
0.0,0.0
0.0,0.0
0.0,0.0
0.0,0.0
0.0,0.0
0.0,0.0
0.0,0.0
0.0,0.0
0.0,0.0
0.0,0.0
0.0,0.0
0.0,0.0
0.0,0.0
0.0,0.0
0.0,0.0
0.0,0.0
0.0,0.0
0.0,0.01287498463950087
0.0,4.033982973853877e-06
0.0,4.033982973853877e-06
9.1715183258057,7.827993698708577
22.901042938232,22.16474165680902
41.492744445801,40.45718254239411
53.683540344238,52.88263946603401
60.178863525391,58.12199938353734
110.85662078857,109.10140958105195
125.31607818604,122.98667297728832
138.47315979004,136.43683564093706
147.04150390625,144.91994740079403
149.32640075684,149.62917952715495
152.80171203613,152.36629760702422
174.28993225098,172.31078556594176
208.96839904785,207.006038702984
199.82713317871,200.84920764440412
198.60963439941,199.1453455478762
197.68766784668,197.67178125403024
153.53419494629,154.18674535055663
146.01823425293,146.84945986790314
135.96922302246,137.20044862766903
122.6227722168,123.92742599541846
108.01208496094,109.11152566235137
98.406143188477,97.61388700071963
93.064071655273,91.87643555334503
76.625793457031,78.53350861488877
57.229793548584,60.66893515305949
47.083171844482,49.10701717986243
41.121536254883,46.247622353840924
28.796312332153,31.665782287525
13.359964370728,12.805503136598134
0.0,0.0009854888099664655
0.0,0.0
0.0,0.0
0.0,0.0
0.0,0.0
0.0,7.238156669508129e-06
0.0,0.0
0.0,0.0
0.0,0.0
0.0,0.0
0.0,0.0
0.0,0.0
0.0,0.0
0.0,0.0
0.0,0.0
0.0,0.0
0.0,0.0
0.0,0.0
0.0,0.0
0.0,0.0
0.0,0.0
0.0,0.0
0.0,0.0
0.0,0.0
0.0,0.0
0.0,0.0
0.0,0.0
0.0,0.0
0.0,0.0
0.0,0.0
0.0,0.0
0.0,0.0
0.0,0.01287498463950087
0.0,0.01287498463950087
2.3029425144196,1.8610652460686192
45.374675750732,44.75721636610495
51.05785369873,50.86706049903699
87.776954650879,86.2763841759521
98.210899353027,97.04581183524563
103.20628356934,102.11759267679243
108.00105285645,107.00282640563404
117.65608978271,116.41598998372034
131.2666015625,129.39532004104314
139.74839782715,136.27179535554802
143.58554077148,143.2880512596931
170.80480957031,167.25116183445598
177.89897155762,177.46748201834365
183.13275146484,180.32382892583453
187.97592163086,185.83046025661415
189.04190063477,185.1165251044801
192.22756958008,188.76733297482082
192.94212341309,193.49820806776498
194.89859008789,193.75930163443581
200.35940551758,198.66360261576858
